ID,Name,Gene Name,GenBank Protein ID,GenBank Gene ID,UniProt ID,Uniprot Title,PDB ID,GeneCard ID,GenAtlas ID,HGNC ID,Species,Drug IDs
5,"Nitric oxide synthase, inducible",NOS2,292242.0,L09210,P35228,NOS2_HUMAN,1NSI; 2LL6; 2NSI; 3E7G; 3EJ8; 3HR4; 4CX7; 4NOS; 5TP6; 5XN3; 6JWM; 6JWN; 6KEY,NOS2,NOS2A,HGNC:7873,Humans,DB00125; DB00155; DB00244; DB01017; DB01110; DB01234; DB01381; DB01686; DB01835; DB01997; DB02044; DB02207; DB02234; DB02335; DB02462; DB02644; DB03100; DB03144; DB03305; DB03366; DB03449; DB03910; DB03953; DB04400; DB04534; DB05214; DB05252; DB05383; DB05631; DB06879; DB06916; DB07002; DB07003; DB07007; DB07008; DB07011; DB07029; DB07306; DB07318; DB07388; DB07389; DB07405; DB08214; DB08750; DB08814; DB09237; DB11327; DB11672; DB12237; DB12648; DB12651; DB14649; DB18267; DB20033
9,Alcohol dehydrogenase class-3,ADH5,178134.0,M30471,P11766,ADHX_HUMAN,1M6H; 1M6W; 1MA0; 1MC5; 1MP0; 1TEH; 2FZE; 2FZW; 3QJ5; 8GV3,ADH5,ADH5,HGNC:253,Humans,DB00157; DB03017; DB03704; DB04153
10,"Aminomethyltransferase, mitochondrial",AMT,391721.0,D13811,P48728,GCST_HUMAN,1WSR; 1WSV,AMT,AMT,HGNC:473,Humans,DB00116; DB00157; DB04789
11,"Isocitrate dehydrogenase [NAD] subunit alpha, mitochondrial",IDH3A,706839.0,U07681,P50213,IDH3A_HUMAN,5GRE; 5GRF; 5GRH; 5GRI; 5GRL; 5YVT; 6KDE; 6KDF; 6KDY; 6KE3; 6L57; 6L59; 7CE3; 8GRB; 8GRD; 8GRG; 8GRH; 8GRU; 8GS5,IDH3A,IDH3A,HGNC:5384,Humans,DB00157; DB06757; DB09092; DB09130; DB13874; DB17097
14,Tyrosine-protein kinase ABL1,ABL1,28237.0,X16416,P00519,ABL1_HUMAN,1AB2; 1AWO; 1BBZ; 1JU5; 1OPL; 1ZZP; 2ABL; 2E2B; 2F4J; 2FO0; 2G1T; 2G2F; 2G2H; 2G2I; 2GQG; 2HIW; 2HYY; 2HZ0; 2HZ4; 2HZI; 2O88; 2V7A; 3CS9; 3EG0; 3EG1; 3EG2; 3EG3; 3EGU; 3K2M; 3PYY; 3QRI; 3QRJ; 3QRK; 3T04; 3UE4; 3UYO; 4J9B; 4J9C; 4J9D; 4J9E; 4J9F; 4J9G; 4J9H; 4J9I; 4JJB; 4JJC; 4JJD; 4TWP; 4WA9; 4XEY; 4YC8; 4ZOG; 5DC0; 5DC4; 5DC9; 5HU9; 5MO4; 5NP2; 5OAZ; 6AMV; 6AMW; 6BL8; 6NPE; 6NPU; 6NPV; 6XR6; 6XR7; 6XRG; 7CC2; 7DT2; 7N9G; 7PVQ; 7PVR; 7PVS; 7PVV; 7PW2; 7W7X; 7W7Y; 8H7F; 8H7H; 8I7S; 8I7T; 8I7Z; 8SSN,ABL1,ABL1,HGNC:76,Humans,DB00171; DB00619; DB01254; DB03878; DB04868; DB05184; DB06616; DB06626; DB07831; DB08043; DB08052; DB08231; DB08339; DB08350; DB08583; DB08896; DB08901; DB11805; DB11904; DB12010; DB12267; DB12323; DB12597; DB13005; DB14989
17,Prostaglandin G/H synthase 1,PTGS1,387018.0,M31822,P23219,PGH1_HUMAN,6Y3C,PTGS1,PTGS1,HGNC:9604,Humans,DB00154; DB00159; DB00233; DB00244; DB00316; DB00328; DB00350; DB00461; DB00465; DB00469; DB00500; DB00554; DB00573; DB00586; DB00605; DB00711; DB00712; DB00749; DB00784; DB00788; DB00795; DB00812; DB00814; DB00821; DB00861; DB00870; DB00936; DB00939; DB00945; DB00963; DB00991; DB01009; DB01014; DB01050; DB01283; DB01397; DB01399; DB01401; DB01419; DB01435; DB01600; DB01837; DB01892; DB02047; DB02110; DB02198; DB02266; DB02379; DB02709; DB02773; DB03667; DB03752; DB03753; DB03756; DB03783; DB04552; DB04557; DB04817; DB04828; DB05409; DB06682; DB06725; DB06736; DB06802; DB07477; DB07981; DB07983; DB07984; DB08814; DB08951; DB08981; DB09061; DB09084; DB09212; DB09213; DB09214; DB09215; DB09216; DB09285; DB09288; DB09295; DB11071; DB11079; DB11085; DB11201; DB11323; DB11672; DB12039; DB12150; DB12354; DB12445; DB13308; DB13346; DB13501; DB13783; DB14009; DB14011; DB14086; DB16088; DB16159; DB16877; DB16950; DB18267; DB19283; DB19479; DB20457; DB20690; DB21002; DB21176
27,"NADH dehydrogenase [ubiquinone] flavoprotein 3, mitochondrial",NDUFV3,6002197.0,X99726,P56181,NDUV3_HUMAN,5XTB; 5XTD; 5XTH; 5XTI,NDUFV3,NDUFV3,HGNC:7719,Humans,DB00157; DB09270
28,"Phenylalanine--tRNA ligase, mitochondrial",FARS2,3983103.0,AF097441,O95363,SYFM_HUMAN,3CMQ; 3HFV; 3TEG; 3TUP; 5MGH; 5MGU; 5MGV; 5MGW; 8P8X,FARS2,FARS2,HGNC:21062,Humans,DB00120
32,Dehydrogenase/reductase SDR family member 4,DHRS4,4105190.0,AF044127,Q9BTZ2,DHRS4_HUMAN,3O4R,DHRS4,DHRS4,HGNC:16985,Humans,DB00162
36,RAF proto-oncogene serine/threonine-protein kinase,RAF1,35842.0,X03484,P04049,RAF1_HUMAN,1C1Y; 1FAQ; 1FAR; 1GUA; 1RFA; 3CU8; 3IQJ; 3IQU; 3IQV; 3KUC; 3KUD; 3NKX; 3O8I; 3OMV; 4FJ3; 4G0N; 4G3X; 4IEA; 4IHL; 6NTC; 6NTD; 6PTS; 6PTW; 6VJJ; 6XGU; 6XGV; 6XHA; 6XHB; 6XI7; 7JHP; 7Z37; 7Z38; 8A68; 8A6F; 8A6H; 8ATR; 8ATS; 8AV0; 8CHF; 8CPD; 8EPW; 8GAE; 8GFT; 8JOF; 8JOG; 8S42; 8T74; 8T75; 8U1L; 9AXA; 9AXC; 9AY7; 9AYA,RAF1,RAF1,HGNC:9829,Humans,DB00398; DB04367; DB04973; DB05190; DB05268; DB08862; DB08896; DB08912; DB11718; DB12010; DB12094; DB15254; DB15266; DB17568; DB18865
37,"NADH dehydrogenase [ubiquinone] iron-sulfur protein 8, mitochondrial",NDUFS8,1935056.0,U65579,O00217,NDUS8_HUMAN,5XTB; 5XTD; 5XTH; 5XTI,NDUFS8,NDUFS8,HGNC:7715,Humans,DB00157
38,Phenylalanine--tRNA ligase alpha subunit,FARSA,2102679.0,U07424,Q9Y285,SYFA_HUMAN,3L4G,FARSA,FARSLA,HGNC:3592,Humans,DB00120
42,Pyridoxal kinase,PDXK,1946349.0,U89606,O00764,PDXK_HUMAN,2AJP; 2F7K; 2YXT; 2YXU; 3FHX; 3FHY; 3KEU; 4EN4; 4EOH; 8WR2,PDXK,PDXK,HGNC:8819,Humans,DB00147; DB00165; DB03909; DB04770; DB04776
44,"Sterol-4-alpha-carboxylate 3-dehydrogenase, decarboxylating",NSDHL,4457237.0,U47105,Q15738,NSDHL_HUMAN,6JKG; 6JKH,NSDHL,NSDHL,HGNC:13398,Humans,DB00157
46,Pyruvate kinase PKLR,PKLR,3327365.0,AB015983,P30613,KPYR_HUMAN,2VGB; 2VGF; 2VGG; 2VGI; 4IMA; 4IP7; 5SC8; 5SC9; 5SCA; 5SCB; 5SCC; 5SCD; 5SCE; 5SCF; 5SCG; 5SCH; 5SCI; 5SCJ; 5SCK; 5SCL; 5SDT; 6NN4; 6NN5; 6NN7; 6NN8; 7FRV; 7FRW; 7FRX; 7FRY; 7FRZ; 7FS0; 7FS1; 7FS2; 7FS3; 7FS4; 7FS5; 7FS6; 7FS7; 7FS8; 7FS9; 7FSA; 7FSB; 7FSC; 7FSD; 7QDN; 7QZU; 8TBS; 8TBT; 8TBU; 8XFD,PKLR,PKLR,HGNC:9020,Humans,DB00119; DB02726; DB04551; DB12835; DB16236
63,"Serine--tRNA ligase, cytoplasmic",SARS1,1050527.0,X91257,P49591,SYSC_HUMAN,3VBB; 4L87; 4RQE; 4RQF; 8P7B; 8P7C; 8P7D,SARS1,SARS,HGNC:10537,Humans,DB00133
65,"Dihydrolipoyllysine-residue acetyltransferase component of pyruvate dehydrogenase complex, mitochondrial",DLAT,35360.0,Y00978,P10515,ODP2_HUMAN,1FYC; 1Y8N; 1Y8O; 1Y8P; 2DNE; 2PNR; 2Q8I; 3B8K; 3CRK; 3CRL; 6CT0; 6H55; 8PIU,DLAT,DLAT,HGNC:2896,Humans,DB00157; DB03758; DB03760
67,Nitric oxide synthase 1,NOS1,642526.0,U17327,P29475,NOS1_HUMAN,4D1N; 4UCH; 4UH5; 4UH6; 4V3U; 5ADF; 5ADG; 5ADI; 5FVU; 5FVV; 5FVW; 5FVX; 5UO1; 5UO2; 5UO3; 5UO4; 5UO5; 5UO6; 5UO7; 5VUV; 5VUW; 5VUX; 5VUY; 5VUZ; 5VV0; 5VV1; 5VV2; 5VV3; 5VV4; 5VV5; 6AUY; 6AUZ; 6AV0; 6AV1; 6AV2; 6AV3; 6AV4; 6AV5; 6CIC; 6CID; 6NG1; 6NG2; 6NG4; 6NG5; 6NG6; 6NG7; 6NG8; 6NGA; 6NGB; 6NGC; 6NGD; 6NGE; 6NGF; 6NGH; 6NGI; 6NHB; 6NHC; 6PNA; 6PNB; 6PNC; 6PND; 6PNE; 6PNF; 6PNG; 6PNH; 6PO5; 6PO7; 6PO8; 6PO9; 6POA; 6POB; 6POC; 6POT; 7TS1; 7TS2; 7TS3; 7TS4; 7TS5; 7TS6; 7TS7; 7TS8; 7UAM; 7US7; 7US8; 8BI8; 8BI9; 8FGF; 8FGG; 8FGH; 8FGI; 8FGJ; 8FGK; 8FGL; 8FGM; 8UFP; 8UFQ,NOS1,NOS1,HGNC:7872,Humans,DB00155; DB00843; DB01221; DB01821; DB01942; DB01997; DB02027; DB02044; DB02077; DB02143; DB02207; DB02335; DB02644; DB02727; DB02991; DB03144; DB03147; DB03247; DB03305; DB03449; DB03461; DB03707; DB03710; DB03892; DB03953; DB04223; DB04497; DB06096; DB07002; DB07405; DB08018; DB08019; DB09241; DB14511; DB18267
68,L-lactate dehydrogenase B chain,LDHB,1200083.0,X13794,P07195,LDHB_HUMAN,1I0Z; 1T2F; 7DBJ; 7DBK; 8QDE,LDHB,LDHB,HGNC:6541,Humans,DB00157; DB02401; DB03940; DB09118; DB11638
69,"Acetyl-CoA acetyltransferase, mitochondrial",ACAT1,219918.0,D90228,P24752,THIL_HUMAN,2F2S; 2IB7; 2IB8; 2IB9; 2IBU; 2IBW; 2IBY,ACAT1,ACAT1,HGNC:93,Humans,DB00795; DB04812; DB09061; DB14009; DB14011
73,"Alpha-aminoadipic semialdehyde synthase, mitochondrial",AASS,7264724.0,AF229180,Q9UDR5,AASS_HUMAN,5L76; 5L78; 5O1N; 5O1O; 5O1P; 8DDA; 8E8T; 8E8U; 8E8V,AASS,AASS,HGNC:17366,Humans,DB00142; DB00157; DB02338; DB04207
77,Hypoxanthine-guanine phosphoribosyltransferase,HPRT1,306885.0,M31642,P00492,HPRT_HUMAN,1BZY; 1D6N; 1HMP; 1Z7G; 2VFA; 3GEP; 3GGC; 3GGJ; 4IJQ; 4KN6; 4RAB; 4RAC; 4RAD; 4RAN; 4RAO; 4RAQ; 5BRN; 5BSK; 5HIA; 5W8V; 6BNJ; 7SAN; 8TPY,HPRT1,HPRT1,HGNC:5157,Humans,DB01033; DB01632; DB02309; DB03153; DB04356
81,"NADH dehydrogenase [ubiquinone] 1 alpha subcomplex subunit 10, mitochondrial",NDUFA10,4191348.0,AF087661,O95299,NDUAA_HUMAN,5XTC; 5XTD; 5XTH; 5XTI,NDUFA10,NDUFA10,HGNC:7684,Humans,DB00157
82,Creatine kinase B-type,CKB,180572.0,M16451,P12277,KCRB_HUMAN,3B6R; 3DRB; 3DRE; 6V9H; 7BF1; 7TUN,CKB,CKB,HGNC:1991,Humans,DB00148; DB13191
88,Pyruvate kinase PKM,PKM,189998.0,M23725,P14618,KPYM_HUMAN,1T5A; 1ZJH; 3BJF; 3BJT; 3G2G; 3GQY; 3GR4; 3H6O; 3ME3; 3SRD; 3SRF; 3SRH; 3U2Z; 4B2D; 4FXF; 4FXJ; 4G1N; 4JPG; 4QG6; 4QG8; 4QG9; 4QGC; 4RPP; 4WJ8; 4YJ5; 5X0I; 5X1V; 5X1W; 6B6U; 6GG3; 6GG4; 6GG5; 6GG6; 6JFB; 6NU1; 6NU5; 6NUB; 6TTF; 6TTH; 6TTI; 6TTQ; 6V74; 6V75; 6V76; 6WP3; 6WP4; 6WP5; 6WP6; 7L21; 8G2E; 8HGF; 8HMQ; 8HMR; 8HMS; 8HMU; 8X4R,PKM,PKM2,HGNC:9021,Humans,DB00119; DB01733; DB02726; DB07628; DB07692; DB07697; DB08951; DB09130; DB11263; DB11638; DB12088
89,NADH dehydrogenase [ubiquinone] iron-sulfur protein 5,NDUFS5,2911482.0,AF047434,O43920,NDUS5_HUMAN,5XTC; 5XTD; 5XTH; 5XTI,NDUFS5,NDUFS5,HGNC:7712,Humans,DB00157
93,"NADH dehydrogenase [ubiquinone] iron-sulfur protein 6, mitochondrial",NDUFS6,3348137.0,AF044959,O75380,NDUS6_HUMAN,5XTB; 5XTD; 5XTH; 5XTI,NDUFS6,NDUFS6,HGNC:7713,Humans,DB00157
98,"Pyruvate dehydrogenase E1 component subunit beta, mitochondrial",PDHB,189760.0,M34479,P11177,ODPB_HUMAN,1NI4; 2OZL; 3EXE; 3EXF; 3EXG; 3EXH; 3EXI; 6CER; 6CFO,PDHB,PDHB,HGNC:8808,Humans,DB00119; DB00157
104,Ketimine reductase mu-crystallin,CRYM,1066343.0,L02950,Q14894,CRYM_HUMAN,2I99,CRYM,CRYM,HGNC:2418,Humans,DB05235
105,Sterol O-acyltransferase 1,SOAT1,4878022.0,L21934,P35610,SOAT1_HUMAN,6L47; 6L48; 6P2J; 6P2P; 6VUM,SOAT1,SOAT1,HGNC:11177,Humans,DB00973; DB01094; DB16254
111,Diamine acetyltransferase 1,SAT1,338392.0,M77693,P21673,SAT1_HUMAN,2B3U; 2B3V; 2B4B; 2B4D; 2B58; 2B5G; 2F5I; 2FXF; 2G3T; 2JEV,SAT1,SAT1,HGNC:10540,Humans,DB04633
115,Adenine phosphoribosyltransferase,APRT,28819.0,Y00486,P07741,APT_HUMAN,1ORE; 1ZN7; 1ZN8; 1ZN9; 4X44; 4X45; 6FCH; 6FCI; 6FCL; 6FD4; 6FD5; 6FD6; 6HGP; 6HGQ; 6HGR; 6HGS,APRT,APRT,HGNC:626,Humans,DB00173; DB01632; DB03506; DB04272
117,Prostacyclin synthase,PTGIS,10944956.0,D38145,Q16647,PTGIS_HUMAN,2IAG; 3B6H,PTGIS,PTGIS,HGNC:9603,Humans,DB00812; DB01240; DB08675
126,Aldo-keto reductase family 1 member C1,AKR1C1,181549.0,M86609,Q04828,AK1C1_HUMAN,1MRQ; 3C3U; 3GUG; 3NTY; 4YVP; 6A7A; 6IJX; 8JP2,AKR1C1,AKR1C1,HGNC:384,Humans,DB00157; DB00936; DB00945; DB03461; DB03467; DB04674; DB07768; DB07931
128,"3-hydroxyisobutyrate dehydrogenase, mitochondrial",HIBADH,,AC007130,P31937,3HIDH_HUMAN,2GF2; 2I9P,HIBADH,HIBADH,HGNC:4907,Humans,DB00157
133,"Aldehyde dehydrogenase, mitochondrial",ALDH2,28606.0,X05409,P05091,ALDH2_HUMAN,1CW3; 1NZW; 1NZX; 1NZZ; 1O00; 1O01; 1O02; 1O04; 1O05; 1ZUM; 2ONM; 2ONN; 2ONO; 2ONP; 2VLE; 3INJ; 3INL; 3N80; 3N81; 3N82; 3N83; 3SZ9; 4FQF; 4FR8; 4KWF; 4KWG; 5L13; 8DR9; 8SHS,ALDH2,ALDH2,HGNC:404,Humans,DB00157; DB00536; DB00822; DB02115; DB04202; DB04381; DB09116; DB14128
135,Alpha-aminoadipic semialdehyde dehydrogenase,ALDH7A1,797410.0,S74728,P49419,AL7A1_HUMAN,2J6L; 4X0T; 4X0U; 4ZUK; 4ZUL; 4ZVW; 4ZVX; 4ZVY; 6O4B; 6O4C; 6O4D; 6O4E; 6O4F; 6O4G; 6O4H; 6O4I; 6O4K; 6O4L; 6U2X; 6V0Z,ALDH7A1,ALDH7A1,HGNC:877,Humans,DB00157; DB11638
137,"NADH dehydrogenase [ubiquinone] flavoprotein 2, mitochondrial",NDUFV2,188852.0,M22538,P19404,NDUV2_HUMAN,5XTB; 5XTD; 5XTH; 5XTI,NDUFV2,NDUFV2,HGNC:7717,Humans,DB00157
139,Mitochondrial inner membrane m-AAA protease component AFG3L2,AFG3L2,5457357.0,Y18314,Q9Y4W6,AFG32_HUMAN,2LNA; 6NYY,AFG3L2,AFG3L2,HGNC:315,Humans,DB00171
147,Receptor-type tyrosine-protein kinase FLT3,FLT3,409573.0,U02687,P36888,FLT3_HUMAN,1RJB; 3QS7; 3QS9; 4RT7; 4XUF; 5X02; 6IL3; 6JQR; 7QDP; 7ZV9; 8XB1,FLT3,FLT3,HGNC:3765,Humans,DB00398; DB00495; DB01268; DB05014; DB05465; DB06080; DB06469; DB06595; DB08875; DB08901; DB09079; DB11665; DB11697; DB11741; DB11763; DB11800; DB12010; DB12141; DB12267; DB12500; DB12669; DB12742; DB12746; DB12874; DB12978; DB15822; DB16050; DB16849; DB17140; DB17159; DB17383
149,L-lactate dehydrogenase C chain,LDHC,307120.0,J02938,P07864,LDHC_HUMAN,7EPM,LDHC,LDHC,HGNC:6544,Humans,DB00157
152,"Succinate-semialdehyde dehydrogenase, mitochondrial",ALDH5A1,3766467.0,Y11192,P51649,SSDH_HUMAN,2W8N; 2W8O; 2W8P; 2W8Q; 2W8R,ALDH5A1,ALDH5A1,HGNC:408,Humans,DB00139; DB00157; DB00313; DB00534
157,Thiamine pyrophosphokinase 1,TPK1,12248915.0,AB028138,Q9H3S4,TPK1_HUMAN,3S4Y; 9HJC,TPK1,TPK1,HGNC:17358,Humans,DB00152; DB04768
160,NADH-cytochrome b5 reductase 3,CYB5R3,553600.0,M28713,P00387,NB5R3_HUMAN,1UMK; 7THG; 7TNV; 7TSW; 7W3O,CYB5R3,CYB5R3,HGNC:2873,Humans,DB00157; DB03147; DB09130
161,D-3-phosphoglycerate dehydrogenase,PHGDH,2674062.0,AF006043,O43175,SERA_HUMAN,2G76; 5N53; 5N6C; 5NZO; 5NZP; 5NZQ; 5OFM; 5OFV; 5OFW; 6CWA; 6PLF; 6PLG; 6RIH; 6RJ2; 6RJ3; 6RJ5; 6RJ6; 7CVP; 7DKM; 7EWH; 7VA1,PHGDH,PHGDH,HGNC:8923,Humans,DB00157
162,2-oxoglutarate dehydrogenase complex component E1,OGDH,531241.0,D10523,Q02218,ODO1_HUMAN,3ERY; 7WGR; 8I0K,OGDH,OGDH,HGNC:8124,Humans,DB00157; DB00313; DB09092; DB12109
167,DNA ligase 3,LIG3,860963.0,X84740,P49916,DNLI3_HUMAN,1IMO; 1IN1; 1UW0; 3L2P; 3PC7; 3PC8; 3QVG; 6WH1,LIG3,LIG3,HGNC:6600,Humans,DB00290
169,Cytochrome c oxidase subunit NDUFA4,NDUFA4,1946692.0,U94586,O00483,NDUA4_HUMAN,5Z62,NDUFA4,NDUFA4,HGNC:7687,Humans,DB00157
171,"Creatine kinase U-type, mitochondrial",CKMT1A,180590.0,J04469,P12532,KCRU_HUMAN,1QK1; 9B04; 9B05; 9B0T; 9B0U; 9B14; 9B16,CKMT1B,CKMT1A,HGNC:1995,Humans,DB00148; DB13191
173,NADH dehydrogenase [ubiquinone] 1 subunit C2,NDUFC2,4191346.0,AF087659,O95298,NDUC2_HUMAN,5XTC; 5XTD; 5XTH; 5XTI,NDUFC2,NDUFC2,HGNC:7706,Humans,DB00157; DB01136
176,"Succinate dehydrogenase [ubiquinone] flavoprotein subunit, mitochondrial",SDHA,506338.0,D30648,P31040,SDHA_HUMAN,6VAX; 8DYD; 8DYE; 8GS8,SDHA,SDHA,HGNC:10680,Humans,DB04141; DB04657; DB04795; DB08689; DB09270
180,"Glutamate dehydrogenase 1, mitochondrial",GLUD1,31707.0,X07674,P00367,DHE3_HUMAN,1L1F; 1NR1; 6DQG; 7UZM; 8KGY; 8SK8; 8W4J,GLUD1,GLUD1,HGNC:4335,Humans,DB00142; DB00157; DB00756; DB04137; DB11081
181,Pyridoxine-5'-phosphate oxidase,PNPO,21728336.0,AF468030,Q9NVS9,PNPO_HUMAN,1NRG; 3HY8; 6H00; 8QYT; 8QYW; 8ROS,PNPO,PNPO,HGNC:30260,Humans,DB00114; DB03247; DB03345
185,Glutathione synthetase,GSS,886284.0,L42531,P48637,GSHB_HUMAN,2HGS; 8FBZ,GSS,GSS,HGNC:4624,Humans,DB00143; DB00145; DB00151; DB03408; DB04395; DB06151; DB09130
188,Bifunctional glutamate/proline--tRNA ligase,EPRS1,31958.0,X54326,P07814,SYEP_HUMAN,1FYJ; 4HVC; 4K86; 4K87; 4K88; 5A1N; 5A34; 5A5H; 5BMU; 5V58; 5VAD; 5Y6L; 6IY6; 7BBU; 7F98; 7F99; 7F9A; 7F9B; 7F9C; 7F9D; 7OSY; 7OSZ; 7OT0; 7OT1; 7OT2; 7OT3; 7X09; 7X1O; 7Y1H; 7Y1W; 7Y28; 7Y3S,EPRS1,EPRS,HGNC:3418,Humans,DB00142; DB00172; DB02510; DB02684; DB03376; DB04866
191,"NADH dehydrogenase [ubiquinone] iron-sulfur protein 3, mitochondrial",NDUFS3,3337441.0,AF067139,O75489,NDUS3_HUMAN,5XTB; 5XTD; 5XTH; 5XTI,NDUFS3,NDUFS3,HGNC:7710,Humans,DB00157
194,17-beta-hydroxysteroid dehydrogenase type 1,HSD17B1,23365.0,X13440,P14061,DHB1_HUMAN,1A27; 1BHS; 1DHT; 1EQU; 1FDS; 1FDT; 1FDU; 1FDV; 1FDW; 1I5R; 1IOL; 1JTV; 1QYV; 1QYW; 1QYX; 3DEY; 3DHE; 3HB4; 3HB5; 3KLM; 3KLP; 3KM0; 6CGC; 6CGE; 6DTP; 6MNC; 6MNE; 7X3Z,HSD17B1,HSD17B1,HGNC:5210,Humans,DB00157; DB01536; DB01561; DB01852; DB02187; DB02323; DB02901; DB03461; DB03467; DB04497; DB07352; DB13951; DB14128
196,NADH-ubiquinone oxidoreductase chain 3,MT-ND3,506832.0,J01415,P03897,NU3M_HUMAN,5XTC; 5XTD,MT-ND3,MT-ND3,HGNC:7458,Humans,DB00157; DB04464
198,Lysine--tRNA ligase,KARS1,505108.0,D31890,Q15046,SYK_HUMAN,3BJU; 4DPG; 4YCU; 4YCW; 6CHD; 6ILD; 6ILH; 7EA9; 8HYR; 8XP4; 9DOW; 9DPA; 9DPB; 9DPL,KARS1,KARS,HGNC:6215,Humans,DB00123
199,DNA ligase 1,LIG1,187143.0,M36067,P18858,DNLI1_HUMAN,1X9N; 5YY9; 6P09; 6P0A; 6P0B; 6P0C; 6P0D; 6P0E; 6Q1V; 7KR3; 7KR4; 7L34; 7L35; 7QNZ; 7QO1; 7SUM; 7SX5; 7SXE; 8B8T; 8VDN; 8VDS; 8VDT; 8VZL; 8VZM; 9BS3; 9BS4,LIG1,LIG1,HGNC:6598,Humans,DB00290; DB01280
208,"Glycerol-3-phosphate dehydrogenase [NAD(+)], cytoplasmic",GPD1,508487.0,L34041,P21695,GPDA_HUMAN,1WPQ; 1X0V; 1X0X; 6E8Y; 6E8Z; 6E90; 6PYP,GPD1,GPD1,HGNC:4455,Humans,DB00157; DB00331
213,NADH dehydrogenase [ubiquinone] 1 alpha subcomplex subunit 6,NDUFA6,2909856.0,AF047182,P56556,NDUA6_HUMAN,5XTB; 5XTD; 5XTH; 5XTI,NDUFA6,NDUFA6,HGNC:7690,Humans,DB00157
214,Histo-blood group ABO system transferase,ABO,340078.0,J05175,P16442,BGAT_HUMAN,1LZ0; 1LZ7; 1LZI; 1LZJ; 1R7T; 1R7U; 1R7V; 1R7X; 1R7Y; 1R80; 1R81; 1R82; 1WSZ; 1WT0; 1WT1; 1WT2; 1WT3; 1XZ6; 1ZHJ; 1ZI1; 1ZI3; 1ZI4; 1ZI5; 1ZIZ; 1ZJ0; 1ZJ1; 1ZJ2; 1ZJ3; 1ZJO; 1ZJP; 2A8U; 2A8W; 2I7B; 2O1F; 2O1G; 2O1H; 2PGV; 2PGY; 2RIT; 2RIX; 2RIY; 2RIZ; 2RJ0; 2RJ1; 2RJ4; 2RJ5; 2RJ6; 2RJ7; 2RJ8; 2RJ9; 2Y7A; 3I0C; 3I0D; 3I0E; 3I0F; 3I0G; 3I0H; 3I0I; 3I0J; 3I0K; 3I0L; 3IOH; 3IOI; 3IOJ; 3SX3; 3SX5; 3SX7; 3SX8; 3SXA; 3SXB; 3SXC; 3SXD; 3SXE; 3SXG; 3U0X; 3U0Y; 3V0L; 3V0M; 3V0N; 3V0O; 3V0P; 3V0Q; 3ZGF; 3ZGG; 4C2S; 4FQW; 4FRA; 4FRB; 4FRD; 4FRE; 4FRH; 4FRL; 4FRM; 4FRO; 4FRP; 4FRQ; 4GBP; 4KC1; 4KC2; 4KC4; 4KXO; 4Y62; 4Y63; 4Y64; 5BXC; 5C1G; 5C1H; 5C1L; 5C36; 5C38; 5C3A; 5C3B; 5C3D; 5C47; 5C48; 5C49; 5C4B; 5C4C; 5C4D; 5C4E; 5C4F; 5C8R; 5CMF; 5CMG; 5CMH; 5CMI; 5CMJ; 5CQL; 5CQM; 5CQN; 5CQO; 5CQP; 5M79; 5M7A; 5M7B; 5M7C; 5M7D; 5TJK; 5TJL; 5TJN; 5TJO; 6BJI; 6BJJ; 6BJK; 6BJL; 6BJM; 6GWY; 6GWZ; 6GX0; 6GX1; 6GX2,ABO,ABO,HGNC:79,Humans,DB02196; DB03435; DB03501; DB03772; DB04141; DB04678; DB04679; DB04680; DB04681; DB07341; DB07357; DB07378; DB07633
219,Asparagine synthetase [glutamine-hydrolyzing],ASNS,179100.0,M27396,P08243,ASNS_HUMAN,6GQ3; 8SUE; 9B6C,ASNS,ASNS,HGNC:753,Humans,DB00128; DB00142; DB00171; DB00174
220,Ribosyldihydronicotinamide dehydrogenase [quinone],NQO2,190818.0,J02888,P16083,NQO2_HUMAN,1QR2; 1SG0; 1XI2; 1ZX1; 2BZS; 2QMY; 2QMZ; 2QR2; 2QWX; 2QX4; 2QX6; 2QX8; 2QX9; 3FW1; 3G5M; 3GAM; 3NFR; 3NHF; 3NHJ; 3NHK; 3NHL; 3NHP; 3NHR; 3NHS; 3NHU; 3NHW; 3NHY; 3O2N; 3O73; 3OVM; 3OWH; 3OWX; 3OX1; 3OX2; 3OX3; 3TE7; 3TEM; 3TZB; 3UXE; 3UXH; 4FGJ; 4FGK; 4FGL; 4GQI; 4GR9; 4QOD; 4QOE; 4QOF; 4QOG; 4QOH; 4QOI; 4QOJ; 4U7F; 4U7G; 4U7H; 4XDG; 4XDH; 4ZVK; 4ZVL; 4ZVM; 4ZVN; 5BUC; 5LBT; 5LBU; 5LBW; 5LBY; 5LBZ; 7O4D,NQO2,NQO2,HGNC:7856,Humans,DB00157; DB00170; DB01065; DB01087; DB02709; DB03147; DB03541; DB04216; DB04253; DB07339; DB08190; DB08228; DB08744; DB18950
224,NADH dehydrogenase [ubiquinone] 1 alpha subcomplex subunit 1,NDUFA1,2274974.0,X81900,O15239,NDUA1_HUMAN,5XTC; 5XTD; 5XTH; 5XTI,NDUFA1,NDUFA1,HGNC:7683,Humans,DB00157
225,"Pyrroline-5-carboxylate reductase 1, mitochondrial",PYCR1,189498.0,M77836,P32322,P5CR1_HUMAN,2GER; 2GR9; 2GRA; 2IZZ; 5UAT; 5UAU; 5UAV; 5UAW; 5UAX; 6XOZ; 6XP0; 6XP1; 6XP2; 6XP3; 8DKG; 8TCU; 8TCV; 8TCW; 8TCX; 8TCY; 8TCZ; 8TD0; 8TD1; 8TD2; 8TD3; 8TD4; 8TD5; 8TD6; 8TD7; 8TD8; 8TD9; 8TDB; 8TDC; 8TDD; 8VRE,PYCR1,PYCR1,HGNC:9721,Humans,DB00157; DB00172
227,Alcohol dehydrogenase 1A,ADH1A,178092.0,M12271,P07327,ADH1A_HUMAN,1HSO; 1U3T,ADH1A,ADH1A,HGNC:249,Humans,DB00157; DB01213; DB02721; DB04065
228,"Tryptophan--tRNA ligase, cytoplasmic",WARS1,184657.0,M77804,P23381,SYWC_HUMAN,1O5T; 1R6T; 1R6U; 1ULH; 2AKE; 2AZX; 2DR2; 2QUH; 2QUI; 2QUJ; 2QUK; 5UJI; 5UJJ,WARS1,WARS,HGNC:12729,Humans,DB00150; DB01831; DB04537
230,"Tyrosine--tRNA ligase, cytoplasmic",YARS1,1184699.0,U40714,P54577,SYYC_HUMAN,1N3L; 1NTG; 1Q11; 4Q93; 4QBT; 5THH; 5THL; 7ROU,YARS1,YARS,HGNC:12840,Humans,DB00135; DB01766; DB02709; DB03978; DB07205; DB08371; DB08617
231,"Methylmalonate-semialdehyde/malonate-semialdehyde dehydrogenase [acylating], mitochondrial",ALDH6A1,7160985.0,AJ249994,Q02252,MMSA_HUMAN,8XXQ; 9IZU; 9IZV; 9IZW; 9IZX,ALDH6A1,ALDH6A1,HGNC:7179,Humans,DB00157
234,"Threonine--tRNA ligase 1, cytoplasmic",TARS1,1464742.0,M63180,P26639,SYTC_HUMAN,1WWT; 4HWT; 4P3N; 4TTV; 5XLN,TARS1,TARS,HGNC:11572,Humans,DB00156
243,"NADH dehydrogenase [ubiquinone] 1 beta subcomplex subunit 5, mitochondrial",NDUFB5,2909854.0,AF047181,O43674,NDUB5_HUMAN,5XTC; 5XTD; 5XTH; 5XTI,NDUFB5,NDUFB5,HGNC:7700,Humans,DB00157
244,"Delta-1-pyrroline-5-carboxylate dehydrogenase, mitochondrial",ALDH4A1,1353250.0,U24267,P30038,AL4A1_HUMAN,3V9G; 3V9H; 3V9I; 4OE5; 8RKQ; 8RKR,ALDH4A1,ALDH4A1,HGNC:406,Humans,DB00157
245,NADH dehydrogenase [ubiquinone] 1 beta subcomplex subunit 10,NDUFB10,4164442.0,AF044954,O96000,NDUBA_HUMAN,5XTC; 5XTD; 5XTH; 5XTI,NDUFB10,NDUFB10,HGNC:7696,Humans,DB00157
254,5'-AMP-activated protein kinase subunit beta-1,PRKAB1,2916800.0,AJ224515,Q9Y478,AAKB1_HUMAN,4CFE; 4CFF; 4ZHX; 5EZV; 5ISO; 6B1U; 6C9F; 6C9G; 6C9H; 6C9J; 7MYJ; 8BIK,PRKAB1,PRKAB1,HGNC:9378,Humans,DB00131; DB00331; DB00914; DB04462; DB04944; DB08039; DB08597; DB12509
259,"Beta-1,4-galactosyltransferase 1",B4GALT1,29424.0,X14085,P15291,B4GT1_HUMAN,2AE7; 2AEC; 2AES; 2AGD; 2AH9; 2FY7; 2FYA; 2FYB; 3EE5; 4EE3; 4EE4; 4EE5; 4EEA; 4EEG; 4EEM; 4EEO; 4L41; 6FWT; 6FWU,B4GALT1,B4GALT1,HGNC:924,Humans,DB00141; DB02696; DB03013; DB03501; DB03685; DB03814
262,Prostaglandin G/H synthase 2,PTGS2,291988.0,L15326,P35354,PGH2_HUMAN,5F19; 5F1A; 5IKQ; 5IKR; 5IKT; 5IKV; 5KIR,PTGS2,PTGS2,HGNC:9605,Humans,DB00132; DB00154; DB00159; DB00166; DB00233; DB00244; DB00316; DB00328; DB00461; DB00465; DB00469; DB00480; DB00482; DB00500; DB00533; DB00554; DB00573; DB00580; DB00586; DB00605; DB00712; DB00749; DB00784; DB00788; DB00795; DB00812; DB00814; DB00821; DB00861; DB00870; DB00936; DB00939; DB00945; DB00963; DB00991; DB01009; DB01014; DB01050; DB01283; DB01397; DB01399; DB01401; DB01404; DB01419; DB01435; DB01600; DB01628; DB02266; DB02709; DB03477; DB03756; DB03866; DB04552; DB04725; DB04743; DB04828; DB05095; DB05409; DB06682; DB06725; DB06736; DB06802; DB07477; DB08439; DB08910; DB08951; DB08981; DB09061; DB09084; DB09212; DB09213; DB09214; DB09215; DB09216; DB09217; DB09285; DB09288; DB09295; DB11071; DB11079; DB11201; DB11323; DB11327; DB11672; DB11752; DB12009; DB12150; DB12354; DB12378; DB12399; DB12445; DB13167; DB13308; DB13346; DB13501; DB13783; DB13961; DB14009; DB14011; DB14059; DB14060; DB16088; DB16159; DB16877; DB16950; DB18267; DB19283; DB19479; DB20173; DB20457; DB20632; DB20690; DB20715; DB20743; DB21002; DB21176; DB21699
263,Nitric oxide synthase 3,NOS3,189212.0,M93718,P29474,NOS3_HUMAN,1M9J; 1M9K; 1M9M; 1M9Q; 1M9R; 1NIW; 2LL7; 2MG5; 2N8J; 3EAH; 3NOS; 4D1O; 4D1P; 5UO8; 5UO9; 5UOA; 5UOB; 5UOC; 5VVB; 5VVC; 5VVD; 5XOF; 6AV6; 6AV7; 6CIE; 6CIF; 6NH1; 6NH2; 6NH3; 6NH4; 6NH5; 6NH6; 6NH7; 6NH8; 6NHF; 6POU; 6POV; 6POW; 6POX; 6POY; 6POZ; 6PP0; 6PP1; 6PP2; 6PP3; 6PP4; 7M56; 7TSG; 7TSH; 7TSI; 7TSK; 7TSL; 7TSM; 7TSN; 7TSO; 7TSP; 7UAO; 8FGN; 8FGO; 8FGP; 8FGQ; 8FGR; 8FGS; 8FGT; 8FGU; 8UFR; 8UFS; 8UFT; 8UFU,NOS3,NOS3,HGNC:7876,Humans,DB00125; DB00155; DB00360; DB00435; DB01110; DB01686; DB01821; DB01833; DB01997; DB02027; DB02044; DB02048; DB02077; DB02141; DB02207; DB02234; DB02325; DB02335; DB02589; DB02911; DB02979; DB02994; DB03065; DB03100; DB03144; DB03305; DB03332; DB03707; DB03910; DB03918; DB03953; DB03963; DB03974; DB04018; DB04223; DB04534; DB04559; DB05252; DB07001; DB07244; DB07388; DB08018; DB08019; DB08604; DB09237; DB11815; DB12750; DB14511; DB18267
268,"Bifunctional methylenetetrahydrofolate dehydrogenase/cyclohydrolase, mitochondrial",MTHFD2,35071.0,X16396,P13995,MTDC_HUMAN,5TC4; 6JIB; 6JID; 6KG2; 6S4A; 6S4E; 6S4F; 7EHJ; 7EHM; 7EHN; 7EHV; 9IS9; 9ISC; 9IT3; 9IT6; 9ITA,MTHFD2,MTHFD2,HGNC:7434,Humans,DB00116; DB00157
272,NADH-ubiquinone oxidoreductase chain 4L,MT-ND4L,337197.0,J01415,P03901,NU4LM_HUMAN,5XTC; 5XTD,MT-ND4L,MT-ND4L,HGNC:7460,Humans,DB00157
284,NADH dehydrogenase [ubiquinone] 1 beta subcomplex subunit 3,NDUFB3,2909858.0,AF047183,O43676,NDUB3_HUMAN,5XTC; 5XTD; 5XTH; 5XTI,NDUFB3,NDUFB3,HGNC:7698,Humans,DB00157
287,4-trimethylaminobutyraldehyde dehydrogenase,ALDH9A1,1049219.0,U34252,P49189,AL9A1_HUMAN,6QAK; 6QAO; 6QAP; 6VR6; 6VWF,ALDH9A1,ALDH9A1,HGNC:412,Humans,DB00157
292,"Serine hydroxymethyltransferase, mitochondrial",SHMT2,746436.0,U23143,P34897,GLYM_HUMAN,4PVF; 5V7I; 5X3V; 6DK3; 6H3C; 6M5O; 6QVG; 6QVL; 6R8F; 7BYI; 8AQL; 8FJT; 8FJU; 8GKS; 8GKT; 8GKU; 8GKW; 8GKY; 8GKZ; 8QI7; 8SSJ; 8T4O; 8T4P; 8TLC; 9BOX,SHMT2,SHMT2,HGNC:10852,Humans,DB00114; DB00116; DB00145; DB11638
294,"Alanine--tRNA ligase, cytoplasmic",AARS1,1015321.0,D32050,P49588,SYAC_HUMAN,4XEM; 4XEO; 5KNN; 5T5S; 5T76; 5V59,AARS1,AARS,HGNC:20,Humans,DB00160
295,NADH dehydrogenase [ubiquinone] 1 beta subcomplex subunit 4,NDUFB4,4164446.0,AF044957,O95168,NDUB4_HUMAN,5XTC; 5XTD; 5XTH; 5XTI,NDUFB4,NDUFB4,HGNC:7699,Humans,DB00157
299,Sorbitol dehydrogenase,SORD,520450.0,U07361,Q00796,DHSO_HUMAN,1PL6; 1PL7; 1PL8,SORD,SORD,HGNC:11184,Humans,DB00157; DB04478
304,S-adenosylmethionine synthase isoform type-2,MAT2A,36327.0,X68836,P31153,METK2_HUMAN,2P02; 4KTT; 4KTV; 4NDN; 5A19; 5A1G; 5A1I; 5UGH; 6FAJ; 6FBN; 6FBO; 6FBP; 6FCB; 6FCD; 6FWB; 6G6R; 6P9V; 6WKB; 7BHR; 7BHS; 7BHT; 7BHU; 7BHV; 7BHW; 7BHX; 7KCC; 7KCE; 7KCF; 7KDA; 7KDB; 7L1A; 7LNH; 7RW5; 7RW7; 7RWG; 7RWH; 7RXV; 7RXW; 7RXX; 8AXZ; 8OOG; 8P1T; 8P1V; 8P1W; 8P4H; 8QDY; 8QDZ; 8QE0; 8QE1; 8QE2; 8QE3; 8XAM; 8XAR; 8XB0; 8XJ2,MAT2A,MAT2A,HGNC:6904,Humans,DB00118
305,"NADH dehydrogenase [ubiquinone] 1 alpha subcomplex subunit 9, mitochondrial",NDUFA9,5326823.0,AF050641,Q16795,NDUA9_HUMAN,5XTB; 5XTD; 5XTH; 5XTI,NDUFA9,NDUFA9,HGNC:7693,Humans,DB00157; DB03147
307,"NADH dehydrogenase [ubiquinone] iron-sulfur protein 7, mitochondrial",NDUFS7,3342734.0,AC005329,O75251,NDUS7_HUMAN,5XTB; 5XTD; 5XTH; 5XTI,NDUFS7,NDUFS7,HGNC:7714,Humans,DB00157
310,Apoptotic protease-activating factor 1,APAF1,2330015.0,AF013263,O14727,APAF_HUMAN,1C15; 1CWW; 1CY5; 1Z6T; 2P1H; 2YGS; 3J2T; 3JBT; 3YGS; 4RHW; 5JUY; 5WVC; 5WVE; 8XQK,APAF1,APAF1,HGNC:576,Humans,DB00171
313,"NADH dehydrogenase [ubiquinone] 1 subunit C1, mitochondrial",NDUFC1,2909860.0,AF047184,O43677,NDUC1_HUMAN,5XTC; 5XTD; 5XTH; 5XTI,NDUFC1,NDUFC1,HGNC:7705,Humans,DB00157
316,Alanine--glyoxylate aminotransferase,AGXT,36582.0,X56092,P21549,AGT1_HUMAN,1H0C; 1J04; 2YOB; 3R9A; 4CBR; 4CBS; 4I8A; 4KXK; 4KYO; 5F9S; 5HHY; 5LUC; 5OFY; 5OG0; 6RV0; 6RV1; 7NS7,AGXT,AGXT,HGNC:341,Humans,DB00114; DB00133; DB00145; DB00160; DB02079; DB04083; DB08060
317,3-hydroxyacyl-CoA dehydrogenase type-2,HSD17B10,2558754.0,U96132,Q99714,HCD2_HUMAN,1SO8; 1U7T; 2O23; 7ONU; 8CBK; 8CBL; 8CBM; 8CBO; 8RR1; 8RR3; 8RR4; 9EY0; 9EY1; 9EY2; 9GCH,HSD17B10,HSD17B10,HGNC:4800,Humans,DB00157; DB02820; DB09568
321,GMP synthase [glutamine-hydrolyzing],GMPS,595410.0,U10860,P49915,GUAA_HUMAN,2VPI; 2VXO,GMPS,GMPS,HGNC:4378,Humans,DB00142
323,Cystathionine beta-synthase,CBS,388716.0,L19501,P35520,CBS_HUMAN,1JBQ; 1M54; 4COO; 4L0D; 4L27; 4L28; 4L3V; 4PCU; 4UUU; 5MMS; 7QGT; 8S5H; 8S5I; 8S5J; 8S5K; 8S5L; 8S5M; 8STW,CBS,CBS,HGNC:1550,Humans,DB00114; DB00118; DB00133; DB00151; DB02079; DB18267
324,Thymidylate synthase,TYMS,37479.0,X02308,P04818,TYSY_HUMAN,1HVY; 1HW3; 1HW4; 1HZW; 1I00; 1JU6; 1JUJ; 1YPV; 2ONB; 2RD8; 2RDA; 3EAW; 3EBU; 3ED7; 3EDW; 3EF9; 3EGY; 3EHI; 3EJL; 3GG5; 3GH0; 3GH2; 3H9K; 3HB8; 3N5E; 3N5G; 3OB7; 4E28; 4FGT; 4G2O; 4G6W; 4GD7; 4GYH; 4H1I; 4JEF; 4KPW; 4O1U; 4O1X; 4UP1; 5HS3; 5WRN; 5X4W; 5X4X; 5X4Y; 5X5A; 5X5D; 5X5Q; 5X66; 5X67; 5X69; 6OJU; 6OJV; 6PF3; 6PF4; 6PF5; 6PF6; 6QXG; 6QXH; 6QYQ; 6R2E; 6ZXO,TYMS,TYMS,HGNC:12441,Humans,DB00293; DB00322; DB00432; DB00441; DB00544; DB00563; DB00642; DB01101; DB01643; DB03541; DB03800; DB04530; DB05116; DB05308; DB05457; DB06813; DB07577; DB08478; DB08479; DB08734; DB09256; DB09327; DB14859
325,Ribonucleoside-diphosphate reductase large subunit,RRM1,36065.0,X59543,P23921,RIR1_HUMAN,2WGH; 3HNC; 3HND; 3HNE; 3HNF; 4X3V; 5D1Y; 5TUS; 6AUI; 6L3R; 6L7L; 6LKM,RRM1,RRM1,HGNC:10451,Humans,DB00242; DB00441; DB00631; DB01005; DB01073; DB01280; DB05003; DB05420; DB06433; DB12948
329,11-beta-hydroxysteroid dehydrogenase 1,HSD11B1,179475.0,M76665,P28845,DHI1_HUMAN,1XU7; 1XU9; 2BEL; 2ILT; 2IRW; 2RBE; 3BYZ; 3BZU; 3CH6; 3CZR; 3D3E; 3D4N; 3D5Q; 3EY4; 3FCO; 3FRJ; 3H6K; 3HFG; 3OQ1; 3PDJ; 3QQP; 3TFQ; 4BB5; 4BB6; 4C7J; 4C7K; 4HFR; 4HX5; 4IJU; 4IJV; 4IJW; 4K1L; 4P38; 4YYZ; 5PGU; 5PGV; 5PGW; 5PGX; 5PGY; 5QII,HSD11B1,HSD11B1,HGNC:5208,Humans,DB00157; DB02329; DB03461; DB03814; DB04497; DB04652; DB05064; DB06992; DB07017; DB07049; DB07056; DB07310; DB07316; DB07619; DB07624; DB07866; DB08277; DB08280; DB08771; DB13751; DB14875; DB15588
330,Dihydrofolate reductase,DHFR,182724.0,J00140,P00374,DYR_HUMAN,1BOZ; 1DHF; 1DLR; 1DLS; 1DRF; 1HFP; 1HFQ; 1HFR; 1KMS; 1KMV; 1MVS; 1MVT; 1OHJ; 1OHK; 1PD8; 1PD9; 1PDB; 1S3U; 1S3V; 1S3W; 1U71; 1U72; 1YHO; 2C2S; 2C2T; 2DHF; 2W3A; 2W3B; 2W3M; 3EIG; 3F8Y; 3F8Z; 3F91; 3FS6; 3GHC; 3GHV; 3GHW; 3GI2; 3GYF; 3L3R; 3N0H; 3NTZ; 3NU0; 3NXO; 3NXR; 3NXT; 3NXV; 3NXX; 3NXY; 3NZD; 3OAF; 3S3V; 3S7A; 4DDR; 4G95; 4KAK; 4KBN; 4KD7; 4KEB; 4KFJ; 4M6J; 4M6K; 4M6L; 4QHV; 4QJC; 5HPB; 5HQY; 5HQZ; 5HSR; 5HSU; 5HT4; 5HT5; 5HUI; 5HVB; 5HVE; 5SD6; 5SD7; 5SD8; 5SD9; 5SDA; 5SDB; 6A7C; 6A7E; 6DAV; 6DE4; 6VCJ; 7ESE; 7XI7; 8WGN,DHFR,DHFR,HGNC:2861,Humans,DB00157; DB00205; DB00233; DB00440; DB00563; DB00642; DB00650; DB01157; DB02104; DB02427; DB02559; DB02583; DB02919; DB03060; DB03125; DB03351; DB03461; DB03695; DB03886; DB03987; DB06358; DB06813; DB07140; DB07141; DB07142; DB07144; DB08234; DB08406; DB08448; DB08642; DB19052
331,"Serine hydroxymethyltransferase, cytosolic",SHMT1,307422.0,L11931,P34896,GLYC_HUMAN,1BJ4; 6FL5; 6M5W; 7RJL; 7RJP; 8A11; 8R7H,SHMT1,SHMT1,HGNC:10850,Humans,DB00114; DB00116; DB00145; DB01055; DB02067; DB02800; DB02824
335,Cytochrome c oxidase subunit 1,MT-CO1,13006.0,V00662,P00395,COX1_HUMAN,5Z62,MT-CO1,MT-CO1,HGNC:7419,Humans,DB02659; DB04464; DB09140
338,NADH dehydrogenase [ubiquinone] 1 beta subcomplex subunit 1,NDUFB1,5326820.0,AF050638,O75438,NDUB1_HUMAN,5XTC; 5XTD; 5XTH; 5XTI,NDUFB1,NDUFB1,HGNC:7695,Humans,DB00157
341,Beta-adrenergic receptor kinase 1,GRK2,288308.0,X61157,P25098,ARBK1_HUMAN,1BAK; 3CIK; 3KRW; 3KRX; 3V5W; 4MK0; 4PNK; 5HE1; 5UKK; 5UKL; 5UUU; 5UVC; 5WG3; 5WG4; 5WG5; 6C2Y; 6U7C; 7K7L; 7K7Z; 7PWD,GRK2,ADRBK1,HGNC:289,Humans,DB00171
347,"Glycine amidinotransferase, mitochondrial",GATM,545385.0,S68805,P50440,GATM_HUMAN,1JDW; 1JDX; 2JDW; 2JDX; 3JDW; 4JDW; 5JDW; 6JDW; 7JDW; 8JDW; 9JDW,GATM,GATM,HGNC:4175,Humans,DB00129; DB00145; DB02068; DB02530; DB04185; DB04454
348,NADH-ubiquinone oxidoreductase chain 6,MT-ND6,2052367.0,J01415,P03923,NU6M_HUMAN,5XTC; 5XTD,MT-ND6,MT-ND6,HGNC:7462,Humans,DB00157
351,Diamine oxidase [copper-containing],AOC1,177960.0,M55602,P19801,AOC1_HUMAN,3HI7; 3HIG; 3HII; 3K5T; 3MPH,AOC1,ABP1,HGNC:80,Humans,DB00594; DB01373; DB03608; DB05383
355,"Succinate--CoA ligase [GDP-forming] subunit beta, mitochondrial",SUCLG2,133777003.0,BC007716,Q96I99,SUCB2_HUMAN,6WCV; 7MSR; 7MSS; 7MST; 8Z02; 8Z03,SUCLG2,SUCLG2,HGNC:11450,Humans,DB12695
359,ALK tyrosine kinase receptor,ALK,2454168.0,U62540,Q9UM73,ALK_HUMAN,2KUP; 2KUQ; 2XB7; 2XBA; 2XP2; 2YFX; 2YHV; 2YJR; 2YJS; 2YS5; 2YT2; 3AOX; 3L9P; 3LCS; 3LCT; 4ANL; 4ANQ; 4ANS; 4CCB; 4CCU; 4CD0; 4CLI; 4CLJ; 4CMO; 4CMT; 4CMU; 4CNH; 4CTB; 4CTC; 4DCE; 4FNW; 4FNX; 4FNY; 4FNZ; 4FOB; 4FOC; 4FOD; 4JOA; 4MKC; 4TT7; 4Z55; 5A9U; 5AA8; 5AA9; 5AAA; 5AAB; 5AAC; 5FTO; 5FTQ; 5IMX; 5IUG; 5IUH; 5IUI; 5KZ0; 5VZ5; 6AT9; 6CDT; 6E0R; 6EBW; 6EDL; 6MX8; 7BTT; 7JY4; 7JYR; 7JYS; 7JYT; 7LRZ; 7LS0; 7MZW; 7MZY; 7N00; 7NWZ; 7NX3; 7NX4; 7R7K; 7R7R; 8ARJ; 9G5I; 9GBE,ALK,ALK,HGNC:427,Humans,DB00171; DB08865; DB09063; DB11363; DB11986; DB12010; DB12130; DB12141; DB12267; DB12729; DB13104; DB14860
360,All-trans-retinol dehydrogenase [NAD(+)] ADH4,ADH4,178121.0,M15943,P08319,ADH4_HUMAN,3COS,ADH4,ADH4,HGNC:252,Humans,DB00157; DB03559
363,"Tyrosine--tRNA ligase, mitochondrial",YARS2,4680649.0,AF132939,Q9Y2Z4,SYYM_HUMAN,2PID; 3ZXI,YARS2,YARS2,HGNC:24249,Humans,DB00135
367,NADH dehydrogenase [ubiquinone] 1 alpha subcomplex subunit 8,NDUFA8,5326825.0,AF044953,P51970,NDUA8_HUMAN,5XTC; 5XTD; 5XTH; 5XTI,NDUFA8,NDUFA8,HGNC:7692,Humans,DB00157
370,Riboflavin kinase,RFK,7023634.0,AK002011,Q969G6,RIFK_HUMAN,1NB0; 1NB9; 1P4M; 1Q9S,RFK,RFK,HGNC:30324,Humans,DB00140; DB03247
372,Glycine N-methyltransferase,GNMT,8671584.0,AF101477,Q14749,GNMT_HUMAN,1R74; 2AZT,GNMT,GNMT,HGNC:4415,Humans,DB00118; DB00145; DB01752
376,NADH dehydrogenase [ubiquinone] 1 beta subcomplex subunit 6,NDUFB6,3800740.0,AF035840,O95139,NDUB6_HUMAN,5XTC; 5XTD; 5XTH; 5XTI,NDUFB6,NDUFB6,HGNC:7701,Humans,DB00157
377,"Hydroxyacyl-coenzyme A dehydrogenase, mitochondrial",HADH,1483511.0,X96752,Q16836,HCDH_HUMAN,1F0Y; 1F12; 1F14; 1F17; 1IL0; 1LSJ; 1LSO; 1M75; 1M76; 2HDH; 3HAD; 3RQS,HADH,HADH,HGNC:4799,Humans,DB00157; DB03059; DB03612; DB09568
382,"Dihydroorotate dehydrogenase (quinone), mitochondrial",DHODH,555594.0,M94065,Q02127,PYRD_HUMAN,1D3G; 1D3H; 2B0M; 2BXV; 2FPT; 2FPV; 2FPY; 2FQI; 2PRH; 2PRL; 2PRM; 2WV8; 3F1Q; 3FJ6; 3FJL; 3G0U; 3G0X; 3KVJ; 3KVK; 3KVL; 3KVM; 3U2O; 3W7R; 3ZWS; 3ZWT; 4IGH; 4JGD; 4JS3; 4JTS; 4JTT; 4JTU; 4LS0; 4LS1; 4LS2; 4OQV; 4RK8; 4RKA; 4RLI; 4RR4; 4YLW; 4ZL1; 4ZMG; 5H2Z; 5H73; 5HIN; 5HQE; 5K9C; 5K9D; 5MUT; 5MVC; 5MVD; 5TCE; 5ZF4; 5ZF7; 5ZF8; 5ZF9; 5ZFA; 5ZFB; 6CJF; 6CJG; 6ET4; 6FMD; 6GK0; 6IDJ; 6J3B; 6J3C; 6JMD; 6JME; 6LP6; 6LP7; 6LP8; 6LZL; 6M2B; 6OC0; 6OC1; 6QU7; 6SYP; 6VND; 7K2U; 7Z6C; 8DHF; 8DHG; 8DHH; 8K4F; 8RAK; 8VHL; 8VHM; 8YHR; 9BKM; 9BKN; 9BKO; 9DHG; 9DHH; 9DHI; 9DHJ; 9I2Y,DHODH,DHODH,HGNC:2867,Humans,DB01097; DB01117; DB02262; DB02613; DB03247; DB03480; DB03523; DB03604; DB04147; DB04281; DB04583; DB05125; DB06481; DB07443; DB07559; DB07561; DB07646; DB07975; DB07976; DB07977; DB07978; DB08006; DB08008; DB08169; DB08172; DB08249; DB08880; DB15446; DB21498
383,"Aspartate aminotransferase, mitochondrial",GOT2,179104.0,M22632,P00505,AATM_HUMAN,5AX8; 8SKR,GOT2,GOT2,HGNC:4433,Humans,DB00114; DB00128; DB00142; DB00151; DB02783
397,"Isovaleryl-CoA dehydrogenase, mitochondrial",IVD,306897.0,M34192,P26440,IVD_HUMAN,1IVH; 8SGR,IVD,IVD,HGNC:6186,Humans,DB03147; DB04036
400,All-trans-retinol dehydrogenase [NAD(+)] ADH1B,ADH1B,178098.0,M24317,P00325,ADH1B_HUMAN,1DEH; 1HDX; 1HDY; 1HDZ; 1HSZ; 1HTB; 1U3U; 1U3V; 3HUD,ADH1B,ADH1B,HGNC:250,Humans,DB00157; DB01213; DB02481; DB02721; DB03461; DB03703; DB04105; DB09462
401,NADH dehydrogenase [ubiquinone] 1 alpha subcomplex subunit 7,NDUFA7,4164452.0,AF050637,O95182,NDUA7_HUMAN,5XTB; 5XTD; 5XTH; 5XTI,NDUFA7,NDUFA7,HGNC:7691,Humans,DB00157
406,"Carnitine O-palmitoyltransferase 1, liver isoform",CPT1A,755646.0,L39211,P50416,CPT1A_HUMAN,2LE3,CPT1A,CPT1A,HGNC:2328,Humans,DB00583; DB01016; DB01074
407,S-adenosylmethionine synthase isoform type-1,MAT1A,220066.0,D49357,Q00266,METK1_HUMAN,2OBV; 6SW5; 6SW6; 8SWA,MAT1A,MAT1A,HGNC:6903,Humans,DB00118; DB03191; DB03611
410,"Creatine kinase S-type, mitochondrial",CKMT2,338237.0,J05401,P17540,KCRS_HUMAN,4Z9M,CKMT2,CKMT2,HGNC:1996,Humans,DB00148; DB13191
424,"Ornithine aminotransferase, mitochondrial",OAT,189329.0,M12267,P04181,OAT_HUMAN,1GBN; 1OAT; 2BYJ; 2BYL; 2CAN; 2OAT; 5VWO; 6HX7; 6OIA; 6V8C; 6V8D; 7JX9; 7LK0; 7LK1; 7LNM; 7LOM; 7LON; 7T9Z; 7TA0; 7TA1; 7TED; 7TEV; 7TFP; 8EZ1; 8V9M,OAT,OAT,HGNC:8091,Humans,DB00114; DB00129; DB02054; DB02821
425,L-lactate dehydrogenase A chain,LDHA,34313.0,X02152,P00338,LDHA_HUMAN,1I10; 4AJP; 4JNK; 4L4R; 4L4S; 4M49; 4OJN; 4OKN; 4QO7; 4QO8; 4QSM; 4QT0; 4R68; 4R69; 4RLS; 4ZVV; 5IXS; 5IXY; 5W8H; 5W8I; 5W8J; 5W8K; 5W8L; 5ZJD; 5ZJE; 5ZJF; 6BAD; 6BAG; 6BAX; 6BAZ; 6BB0; 6BB1; 6BB2; 6BB3; 6MV8; 6MVA; 6Q0D; 6Q13; 6SBU; 6SBV; 6ZZR; 7M2N; 8FW6; 9BK2; 9BK3,LDHA,LDHA,HGNC:6535,Humans,DB00157; DB02483; DB02701; DB03940; DB09118; DB09130; DB11638; DB17635
427,"NADH dehydrogenase [ubiquinone] 1 beta subcomplex subunit 2, mitochondrial",NDUFB2,4164454.0,AF050639,O95178,NDUB2_HUMAN,5XTC; 5XTD; 5XTH; 5XTI,NDUFB2,NDUFB2,HGNC:7697,Humans,DB00157
428,RAC-alpha serine/threonine-protein kinase,AKT1,190828.0,M63167,P31749,AKT1_HUMAN,1H10; 1UNP; 1UNQ; 1UNR; 2UVM; 2UZR; 2UZS; 3CQU; 3CQW; 3MV5; 3MVH; 3O96; 3OCB; 3OW4; 3QKK; 3QKL; 3QKM; 4EJN; 4EKK; 4EKL; 4GV1; 5KCV; 6BUU; 6CCY; 6HHF; 6HHG; 6HHH; 6HHI; 6HHJ; 6NPZ; 6S9W; 6S9X; 7APJ; 7MYX; 7NH4; 7NH5; 8JOW; 8UVY; 8UW2; 8UW7; 8UW9; 8ZPU,AKT1,AKT1,HGNC:391,Humans,DB00171; DB01169; DB01645; DB01863; DB02709; DB03777; DB04462; DB05424; DB05971; DB06486; DB06641; DB07584; DB07585; DB08073; DB08568; DB11648; DB11743; DB12218; DB12429; DB12795; DB14982; DB15399; DB15431
434,Serine/threonine-protein kinase A-Raf,ARAF,1340152.0,X04790,P10398,ARAF_HUMAN,1WXM; 2MSE; 9AXM,ARAF,ARAF,HGNC:646,Humans,DB00171; DB15254; DB15266
435,Tyrosine-protein kinase ABL2,ABL2,178993.0,M35296,P42684,ABL2_HUMAN,2ECD; 2KK1; 2XYN; 3GVU; 3HMI; 3ULR; 4EIH; 5NP3; 5NP5,ABL2,ABL2,HGNC:77,Humans,DB00171; DB01254; DB05184; DB07664; DB12010
438,Aldo-keto reductase family 1 member C4,AKR1C4,4261710.0,S68287,P17516,AK1C4_HUMAN,2FVL,AKR1C4,AKR1C4,HGNC:387,Humans,DB00157
441,Serine palmitoyltransferase 1,SPTLC1,2564247.0,Y08685,O15269,SPTC1_HUMAN,6M4N; 6M4O; 7CQI; 7CQK; 7K0I; 7K0J; 7K0K; 7K0L; 7K0M; 7K0N; 7K0O; 7K0P; 7K0Q; 7YIU; 7YIY; 7YJ1; 7YJ2,SPTLC1,SPTLC1,HGNC:11277,Humans,DB00114; DB00133
450,Leucine carboxyl methyltransferase 1,LCMT1,6580758.0,AF037601,Q9UIC8,LCMT1_HUMAN,3IEI; 3O7W; 3P71,LCMT1,LCMT1,HGNC:17557,Humans,DB00149
457,Ectonucleotide pyrophosphatase/phosphodiesterase family member 1,ENPP1,189650.0,M57736,P22413,ENPP1_HUMAN,2YS0; 6WET; 6WEU; 6WEV; 6WEW; 6WFJ; 8GHR,ENPP1,ENPP1,HGNC:3356,Humans,DB06408; DB11077
465,Alcohol dehydrogenase 1C,ADH1C,28404.0,X04299,P00326,ADH1G_HUMAN,1HT0; 1U3W,ADH1C,ADH1C,HGNC:251,Humans,DB00157; DB01213; DB01711; DB02131; DB02249; DB02659; DB02721; DB02757; DB02822; DB02871; DB03020; DB03061; DB03226; DB03559; DB04071; DB04113; DB04312; DB04448
473,NADH dehydrogenase [ubiquinone] 1 alpha subcomplex subunit 5,NDUFA5,1373173.0,U53468,Q16718,NDUA5_HUMAN,5XTB; 5XTD; 5XTH; 5XTI,NDUFA5,NDUFA5,HGNC:7688,Humans,DB00157
479,"Aldehyde dehydrogenase X, mitochondrial",ALDH1B1,1263008.0,M63967,P30837,AL1B1_HUMAN,7MJC; 7MJD; 7RAD,ALDH1B1,ALDH1B1,HGNC:407,Humans,DB00157; DB09116
484,"ATP synthase F(1) complex subunit delta, mitochondrial",ATP5F1D,12586.0,X63422,P30049,ATPD_HUMAN,8H9F; 8H9J; 8H9M; 8H9Q; 8H9S; 8H9T; 8H9U; 8H9V; 8KHF; 8KI3,ATP5F1D,ATP5D,HGNC:837,Humans,DB00753; DB01189
485,"NADH dehydrogenase [ubiquinone] flavoprotein 1, mitochondrial",NDUFV1,3184148.0,Y17379,P49821,NDUV1_HUMAN,5XTB; 5XTD; 5XTH; 5XTI,NDUFV1,NDUFV1,HGNC:7716,Humans,DB00157
493,"NADH-ubiquinone oxidoreductase 75 kDa subunit, mitochondrial",NDUFS1,38079.0,X61100,P28331,NDUS1_HUMAN,5XTB; 5XTD; 5XTH; 5XTI,NDUFS1,NDUFS1,HGNC:7707,Humans,DB00157
496,Carnitine O-acetyltransferase,CRAT,927415.0,X78706,P43155,CACP_HUMAN,1NM8; 1S5O,CRAT,CRAT,HGNC:2342,Humans,DB00583; DB01992; DB02648; DB20358
500,"NADH dehydrogenase [ubiquinone] iron-sulfur protein 4, mitochondrial",NDUFS4,2655053.0,AF020351,O43181,NDUS4_HUMAN,5XTB; 5XTD; 5XTH; 5XTI,NDUFS4,NDUFS4,HGNC:7711,Humans,DB00157
503,NADH-ubiquinone oxidoreductase chain 1,MT-ND1,13004.0,V00662,P03886,NU1M_HUMAN,5XTC; 5XTD,MT-ND1,MT-ND1,HGNC:7455,Humans,DB00157; DB01028; DB01159; DB01189; DB01236; DB04464; DB12695
511,Receptor tyrosine-protein kinase erbB-2,ERBB2,553282.0,M11767,P04626,ERBB2_HUMAN,1MFG; 1MFL; 1MW4; 1N8Z; 1QR1; 1S78; 2A91; 2JWA; 2KS1; 2L4K; 2N2A; 3BE1; 3H3B; 3MZW; 3N85; 3PP0; 3RCD; 3WLW; 3WSQ; 4GFU; 4HRL; 4HRM; 4HRN; 4NND; 5K33; 5KWG; 5MY6; 5O4G; 5OB4; 5TQS; 6ATT; 6BGT; 6J71; 6LBX; 6OGE; 7JXH; 7MN5; 7MN6; 7MN8; 7PCD; 7QVK; 8FFJ; 8HGO; 8HGP; 8JYQ; 8JYR; 8PWH; 8Q6J; 8U4K; 8U4L; 8U8X; 8VB5; 8VQD; 8VQE; 9L1S,ERBB2,ERBB2,HGNC:3430,Humans,DB00072; DB00179; DB01259; DB04862; DB04988; DB05424; DB05773; DB05944; DB06021; DB06226; DB06366; DB07662; DB08916; DB11652; DB11665; DB11699; DB11828; DB11963; DB11973; DB12010; DB12114; DB12174; DB12183; DB12267; DB12302; DB12318; DB12682; DB14944; DB14967; DB15035; DB15471; DB15559; DB18762; DB21508; DB21667
512,NADH dehydrogenase [ubiquinone] 1 beta subcomplex subunit 7,NDUFB7,180233.0,M33374,P17568,NDUB7_HUMAN,5XTC; 5XTD; 5XTH; 5XTI,NDUFB7,NDUFB7,HGNC:7702,Humans,DB00157
513,Retinal dehydrogenase 2,ALDH1A2,3970842.0,AB015226,O94788,AL1A2_HUMAN,4X2Q; 6ALJ; 6B5G; 6B5H; 6B5I,ALDH1A2,ALDH1A2,HGNC:15472,Humans,DB00157; DB00162; DB00755
517,"Branched-chain-amino-acid aminotransferase, cytosolic",BCAT1,1036780.0,U21551,P54687,BCAT1_HUMAN,2ABJ; 2COG; 2COI; 2COJ; 7NTR; 7NWA; 7NWB; 7NWC; 7NWE; 7NWM; 7NXN; 7NXO; 7NY2; 7NY9; 7NYA,BCAT1,BCAT1,HGNC:976,Humans,DB00114; DB00142; DB00149; DB00161; DB00167; DB07544
519,Choline O-acetyltransferase,CHAT,301096.0,S56138,P28329,CLAT_HUMAN,2FY2; 2FY3; 2FY4; 2FY5; 7AMD,CHAT,CHAT,HGNC:1912,Humans,DB00184
522,All-trans-retinol dehydrogenase [NAD(+)] ADH7,ADH7,516618.0,L33179,P40394,ADH7_HUMAN,1AGN; 1D1S; 1D1T,ADH7,ADH7,HGNC:256,Humans,DB00157; DB00898
525,NADH dehydrogenase [ubiquinone] 1 alpha subcomplex subunit 13,NDUFA13,11055599.0,AF286697,Q9P0J0,NDUAD_HUMAN,5XTB; 5XTC; 5XTD; 5XTH; 5XTI,NDUFA13,NDUFA13,HGNC:17194,Humans,DB00157; DB18773
529,"Aspartate aminotransferase, cytoplasmic",GOT1,179067.0,M37400,P17174,AATC_HUMAN,3II0; 3WZF; 6DNA; 6DNB; 6DND; 6LIG,GOT1,GOT1,HGNC:4432,Humans,DB00114; DB00128; DB00142; DB00151; DB00210; DB04299; DB09130
540,Dihydropteridine reductase,QDPR,30819.0,X04882,P09417,DHPR_HUMAN,1HDR,QDPR,QDPR,HGNC:9752,Humans,DB00157; DB03814
541,NADH dehydrogenase [ubiquinone] 1 alpha subcomplex subunit 11,NDUFA11,28170654.0,AJ539081,Q86Y39,NDUAB_HUMAN,5XTC; 5XTD; 5XTH; 5XTI,NDUFA11,NDUFA11,HGNC:20371,Humans,DB00157
542,Glyceraldehyde-3-phosphate dehydrogenase,GAPDH,31645.0,X01677,P04406,G3P_HUMAN,1U8F; 1ZNQ; 3GPD; 4WNC; 4WNI; 6ADE; 6IQ6; 6M61; 6YND; 6YNE; 6YNF; 6YNH; 8DNS; 8G12; 8G13; 8G14; 8G15; 8G16; 8G17; 8P5F,GAPDH,GAPDH,HGNC:4141,Humans,DB00157; DB02059; DB03893; DB07347; DB09092; DB09130; DB11638; DB12879
550,NADH dehydrogenase [ubiquinone] 1 alpha subcomplex subunit 2,NDUFA2,2909862.0,AF047185,O43678,NDUA2_HUMAN,1S3A; 5XTB; 5XTD; 5XTH; 5XTI,NDUFA2,NDUFA2,HGNC:7685,Humans,DB00157
551,NADH-ubiquinone oxidoreductase chain 4,MT-ND4,,J01415,P03905,NU4M_HUMAN,5XTC; 5XTD; 5XTH; 5XTI,MT-ND4,MT-ND4,HGNC:7459,Humans,DB00157
552,15-hydroxyprostaglandin dehydrogenase [NAD(+)],HPGD,1203984.0,L76465,P15428,PGDH_HUMAN,2GDZ; 8CVN; 8CWL; 8FD8,HPGD,HPGD,HGNC:5154,Humans,DB00157
554,Aldehyde dehydrogenase 1A1,ALDH1A1,178372.0,M31994,P00352,AL1A1_HUMAN,4WB9; 4WJ9; 4WP7; 4WPN; 4X4L; 5AC2; 5L2M; 5L2N; 5L2O; 5TEI; 6DUM; 7JWS; 7JWT; 7JWU; 7JWV; 7JWW; 7UM9; 8D46; 8DNO; 8ENE; 8PVH; 8T0N; 8T0T; 8WFQ,ALDH1A1,ALDH1A1,HGNC:402,Humans,DB00157; DB00162; DB00755; DB04447; DB09116
559,"Isocitrate dehydrogenase [NAD] subunit beta, mitochondrial",IDH3B,2737886.0,U49283,O43837,IDH3B_HUMAN,6KDE; 6KDF; 6KDY; 6KE3; 7CE3; 8GRB; 8GRD; 8GRU; 8GS5,IDH3B,IDH3B,HGNC:5385,Humans,DB00157; DB13874; DB17097
561,Phenylalanine--tRNA ligase beta subunit,FARSB,7768938.0,D84430,Q9NSD9,SYFB_HUMAN,3L4G,FARSB,FARSLB,HGNC:17800,Humans,DB00120
566,Spermine oxidase,SMOX,14860862.0,AY033889,Q9NWM0,SMOX_HUMAN,7OXL; 7OY0,SMOX,SMOX,HGNC:15862,Humans,DB00127; DB04188
567,Guanidinoacetate N-methyltransferase,GAMT,1212946.0,Z49878,Q14353,GAMT_HUMAN,3ORH,GAMT,GAMT,HGNC:4136,Humans,DB00148; DB00536; DB01752; DB02751; DB13191
571,"Pyruvate dehydrogenase E1 component subunit alpha, somatic form, mitochondrial",PDHA1,387009.0,M27257,P08559,ODPA_HUMAN,1NI4; 2OZL; 3EXE; 3EXF; 3EXG; 3EXH; 3EXI; 6CER; 6CFO,PDHA1,PDHA1,HGNC:8806,Humans,DB00157
573,"Short/branched chain specific acyl-CoA dehydrogenase, mitochondrial",ACADSB,531391.0,U12778,P45954,ACDSB_HUMAN,2JIF,ACADSB,ACADSB,HGNC:91,Humans,DB00167; DB00313
574,3-hydroxy-3-methylglutaryl-coenzyme A reductase,HMGCR,306865.0,M11058,P04035,HMDH_HUMAN,1DQ8; 1DQ9; 1DQA; 1HW8; 1HW9; 1HWI; 1HWJ; 1HWK; 1HWL; 2Q1L; 2Q6B; 2Q6C; 2R4F; 3BGL; 3CCT; 3CCW; 3CCZ; 3CD0; 3CD5; 3CD7; 3CDA; 3CDB; 8PKN; 8S6B,HMGCR,HMGCR,HGNC:5006,Humans,DB00157; DB00175; DB00227; DB00439; DB00641; DB00945; DB01076; DB01095; DB01098; DB01992; DB03169; DB03461; DB03518; DB04377; DB04447; DB04466; DB04497; DB05317; DB06693; DB08860; DB08880; DB09061; DB11629; DB12647; DB14009; DB14011; DB14128; DB21374
578,(3R)-3-hydroxyacyl-CoA dehydrogenase,HSD17B8,30583317.0,BT007239,Q92506,DHB8_HUMAN,2PD6; 4CQL; 4CQM,HSD17B8,HSD17B8,HGNC:3554,Humans,DB00157; DB03461
580,NADH-ubiquinone oxidoreductase chain 5,MT-ND5,2052366.0,J01415,P03915,NU5M_HUMAN,5XTC; 5XTD; 5XTH; 5XTI,MT-ND5,MT-ND5,HGNC:7461,Humans,DB00157
583,Retinaldehyde dehydrogenase 3,ALDH1A3,544482.0,U07919,P47895,AL1A3_HUMAN,5FHZ; 6S6W; 6TE5; 6TGW; 6TRY; 7A6Q; 7QK7; 7QK8; 7QK9,ALDH1A3,ALDH1A3,HGNC:409,Humans,DB00157; DB00162
585,3-oxo-5-alpha-steroid 4-dehydrogenase 2,SRD5A2,338469.0,M74047,P31213,S5A2_HUMAN,7BW1,SRD5A2,SRD5A2,HGNC:11285,Humans,DB00548; DB01126; DB01216; DB09369; DB19810; DB20464; DB20922
589,"Malate dehydrogenase, cytoplasmic",MDH1,1255604.0,D55654,P40925,MDHC_HUMAN,7RM9; 7RRL,MDH1,MDH1,HGNC:6970,Humans,DB00157; DB03461; DB11638
592,Aldo-keto reductase family 1 member C3,AKR1C3,4261711.0,S68288,P42330,AK1C3_HUMAN,1RY0; 1RY8; 1S1P; 1S1R; 1S2A; 1S2C; 1XF0; 1ZQ5; 2F38; 2FGB; 3R43; 3R58; 3R6I; 3R7M; 3R8G; 3R8H; 3R94; 3UFY; 3UG8; 3UGR; 3UWE; 4DBS; 4DBU; 4DBW; 4DZ5; 4FA3; 4FAL; 4FAM; 4H7C; 4HMN; 4WDT; 4WDU; 4WDW; 4WDX; 4WRH; 4XVD; 4XVE; 4YVV; 4YVX; 4ZFC; 5HNT; 5HNU; 6A7B; 6F2U; 6F78; 6GXK; 7C7F; 7C7G; 7C7H; 7WQM; 7WQR; 7WQS; 7X3L; 7X3M; 7X3O; 8BBS; 8I0C; 8JP1; 8RB6; 9FFD,AKR1C3,AKR1C3,HGNC:386,Humans,DB00157; DB00328; DB01536; DB01698; DB02056; DB02266; DB03461; DB04497; DB07700; DB09074; DB14511
595,Flavin reductase (NADPH),BLVRB,1384068.0,D26308,P30043,BLVRB_HUMAN,1HDO; 1HE2; 1HE3; 1HE4; 1HE5; 5OOG; 5OOH; 6OPL; 7ER6; 7ER7; 7ER8; 7ER9; 7ERA; 7ERB; 7ERC; 7ERD; 7ERE; 8ELL; 8ELM; 8K4K,BLVRB,BLVRB,HGNC:1063,Humans,DB00140; DB00157; DB02073; DB03247; DB03461; DB04345; DB04363
596,NADH dehydrogenase [ubiquinone] 1 beta subcomplex subunit 9,NDUFB9,5326828.0,AF044956,Q9Y6M9,NDUB9_HUMAN,5XTC; 5XTD; 5XTH; 5XTI,NDUFB9,NDUFB9,HGNC:7704,Humans,DB00157
600,Aldehyde dehydrogenase family 3 member A2,ALDH3A2,1082036.0,L47162,P51648,AL3A2_HUMAN,4QGK,ALDH3A2,ALDH3A2,HGNC:403,Humans,DB00157; DB00822; DB14174
603,Phosphoserine aminotransferase,PSAT1,5326802.0,AF113132,Q9Y617,SERC_HUMAN,3E77; 8A5V; 8A5W,PSAT1,PSAT1,HGNC:19129,Humans,DB00114; DB00142
605,"Isobutyryl-CoA dehydrogenase, mitochondrial",ACAD8,6465955.0,AF126245,Q9UKU7,ACAD8_HUMAN,1RX0,ACAD8,ACAD8,HGNC:87,Humans,DB01675; DB03147
607,"Asparagine--tRNA ligase, cytoplasmic",NARS1,2764505.0,AJ000334,O43776,SYNC_HUMAN,4ZYA; 5XIX; 8H53; 8TC7; 8TC8; 8TC9,NARS1,NARS,HGNC:7643,Humans,DB00174
617,"C-1-tetrahydrofolate synthase, cytoplasmic",MTHFD1,307178.0,J04031,P11586,C1TC_HUMAN,1A4I; 1DIA; 1DIB; 1DIG; 6ECP; 6ECQ; 6ECR; 9ISE; 9ISL; 9ISR; 9ITD; 9IUO,MTHFD1,MTHFD1,HGNC:7432,Humans,DB00116; DB00157; DB02358; DB03461; DB04322
618,"Glycine dehydrogenase (decarboxylating), mitochondrial",GLDC,190287.0,M63635,P23378,GCSP_HUMAN,6I33; 6I34; 6I35,GLDC,GLDC,HGNC:4313,Humans,DB00114
622,Aldo-keto reductase family 1 member C2,AKR1C2,531160.0,U05598,P52895,AK1C2_HUMAN,1IHI; 1J96; 1XJB; 2HDJ; 2IPJ; 4JQ1; 4JQ2; 4JQ3; 4JQ4; 4JQA; 4JTQ; 4JTR; 4L1W; 4L1X; 4XO6; 4XO7,AKR1C2,AKR1C2,HGNC:385,Humans,DB00157; DB01586; DB03461; DB06777; DB07768
623,Tyrosine-protein phosphatase non-receptor type 1,PTPN1,190742.0,M31724,P18031,PTN1_HUMAN,1A5Y; 1AAX; 1BZC; 1BZH; 1BZJ; 1C83; 1C84; 1C85; 1C86; 1C87; 1C88; 1ECV; 1EEN; 1EEO; 1G1F; 1G1G; 1G1H; 1G7F; 1G7G; 1GFY; 1I57; 1JF7; 1KAK; 1KAV; 1L8G; 1LQF; 1NL9; 1NNY; 1NO6; 1NWE; 1NWL; 1NZ7; 1OEM; 1OEO; 1OES; 1OET; 1OEU; 1OEV; 1ONY; 1ONZ; 1PA1; 1PH0; 1PTT; 1PTU; 1PTV; 1PTY; 1PXH; 1PYN; 1Q1M; 1Q6J; 1Q6M; 1Q6N; 1Q6P; 1Q6S; 1Q6T; 1QXK; 1SUG; 1T48; 1T49; 1T4J; 1WAX; 1XBO; 2AZR; 2B07; 2B4S; 2BGD; 2BGE; 2CM2; 2CM3; 2CM7; 2CM8; 2CMA; 2CMB; 2CMC; 2CNE; 2CNF; 2CNG; 2CNH; 2CNI; 2F6F; 2F6T; 2F6V; 2F6W; 2F6Y; 2F6Z; 2F70; 2F71; 2FJM; 2FJN; 2H4G; 2H4K; 2HB1; 2HNP; 2HNQ; 2NT7; 2NTA; 2QBP; 2QBQ; 2QBR; 2QBS; 2VEU; 2VEV; 2VEW; 2VEX; 2VEY; 2ZMM; 2ZN7; 3A5J; 3A5K; 3CWE; 3D9C; 3EAX; 3EB1; 3EU0; 3I7Z; 3I80; 3QKP; 3QKQ; 3SME; 3ZMP; 3ZMQ; 3ZV2; 4BJO; 4I8N; 4QAH; 4QAP; 4QBE; 4QBW; 4Y14; 4ZRT; 5K9V; 5K9W; 5KA0; 5KA1; 5KA2; 5KA3; 5KA4; 5KA7; 5KA8; 5KA9; 5KAA; 5KAB; 5KAC; 5KAD; 5QDE; 5QDF; 5QDG; 5QDH; 5QDI; 5QDJ; 5QDK; 5QDL; 5QDM; 5QDN; 5QDO; 5QDP; 5QDQ; 5QDR; 5QDS; 5QDT; 5QDU; 5QDV; 5QDW; 5QDX; 5QDY; 5QDZ; 5QE0; 5QE1; 5QE2; 5QE3; 5QE4; 5QE5; 5QE6; 5QE7; 5QE8; 5QE9; 5QEA; 5QEB; 5QEC; 5QED; 5QEE; 5QEF; 5QEG; 5QEH; 5QEI; 5QEJ; 5QEK; 5QEL; 5QEM; 5QEN; 5QEO; 5QEP; 5QEQ; 5QER; 5QES; 5QET; 5QEU; 5QEV; 5QEW; 5QEX; 5QEY; 5QEZ; 5QF0; 5QF1; 5QF2; 5QF3; 5QF4; 5QF5; 5QF6; 5QF7; 5QF8; 5QF9; 5QFA; 5QFB; 5QFC; 5QFD; 5QFE; 5QFF; 5QFG; 5QFH; 5QFI; 5QFJ; 5QFK; 5QFL; 5QFM; 5QFN; 5QFO; 5QFP; 5QFQ; 5QFR; 5QFS; 5QFT; 5QFU; 5QFV; 5QFW; 5QFX; 5QFY; 5QFZ; 5QG0; 5QG1; 5QG2; 5QG3; 5QG4; 5QG5; 5QG6; 5QG7; 5QG8; 5QG9; 5QGA; 5QGB; 5QGC; 5QGD; 5QGE; 5QGF; 5T19; 6B8E; 6B8T; 6B8X; 6B8Z; 6B90; 6B95; 6BAI; 6CWU; 6CWV; 6NTP; 6OL4; 6OLQ; 6OLV; 6OMY; 6PFW; 6PG0; 6PGT; 6PHA; 6PHS; 6PM8; 6W30; 6XE8; 6XEA; 6XED; 6XEE; 6XEF; 6XEG; 7FQM; 7FQN; 7FQO; 7FQP; 7FQQ; 7FQR; 7FQS; 7FQT; 7FQU; 7FQV; 7FQW; 7FQX; 7FQY; 7FQZ; 7FRE; 7FRF; 7FRG; 7FRH; 7FRI; 7FRJ; 7FRK; 7FRL; 7FRM; 7FRN; 7FRO; 7FRP; 7FRQ; 7FRR; 7FRS; 7FRT; 7FRU; 7GS7; 7GS8; 7GS9; 7GSA; 7GSB; 7GSC; 7GSD; 7GSE; 7GSF; 7GSG; 7GSH; 7GSI; 7GSJ; 7GSK; 7GSL; 7GSM; 7GSN; 7GSO; 7GSQ; 7GSR; 7GST; 7GSU; 7GSV; 7GSW; 7GSX; 7GSY; 7GSZ; 7GT0; 7GT1; 7GT2; 7GT3; 7GT4; 7GT5; 7GT6; 7GT7; 7GT8; 7GT9; 7GTA; 7GTB; 7GTC; 7GTD; 7GTE; 7GTF; 7GTG; 7GTH; 7GTI; 7GTJ; 7GTK; 7GTL; 7GTM; 7GTN; 7GTO; 7GTP; 7GTQ; 7GTR; 7GTS; 7GTT; 7GTU; 7GTV; 7GTW; 7GTX; 7GTY; 7GTZ; 7GU0; 7GU1; 7GU2; 7GU3; 7GU4; 7GU5; 7GU6; 7GU7; 7GU8; 7GU9; 7GUA; 7GUB; 7GUC; 7KEN; 7KEY; 7KLX; 7L0C; 7L0H; 7LFO; 7MKZ; 7MM1; 7MN7; 7MN9; 7MNA; 7MNB; 7MNC; 7MND; 7MNE; 7MNF; 7MOU; 7MOV; 7MOW; 7RIN; 7S4F; 8DU7; 8EXI; 8EXJ; 8EXK; 8EXM; 8EXN; 8EYA; 8EYB; 8EYC; 8F88; 8G65; 8G67; 8G68; 8G69; 8G6A; 8SKL; 8U1E; 8XOY; 9C66; 9CYO; 9CYP; 9CYQ; 9CYR,PTPN1,PTPN1,HGNC:9642,Humans,DB01734; DB01820; DB01915; DB02014; DB02072; DB02259; DB02420; DB02436; DB02615; DB02620; DB02622; DB02651; DB02662; DB02784; DB02827; DB02977; DB03102; DB03154; DB03311; DB03483; DB03557; DB03661; DB03670; DB03714; DB03982; DB04001; DB04088; DB04142; DB04204; DB04285; DB04525; DB04800; DB05506; DB06333; DB06521; DB06829; DB06887; DB07130; DB07134; DB07197; DB07263; DB07289; DB07295; DB07298; DB07480; DB07651; DB07719; DB07730; DB08001; DB08003; DB08147; DB08371; DB08397; DB08549; DB08591; DB08593; DB08783; DB09158; DB11091; DB13089; DB14511; DB15588; DB19281
634,Serine/threonine-protein kinase B-raf,BRAF,41387220.0,M95712,P15056,BRAF_HUMAN,1UWH; 1UWJ; 2FB8; 2L05; 3C4C; 3D4Q; 3IDP; 3II5; 3NY5; 3OG7; 3PPJ; 3PPK; 3PRF; 3PRI; 3PSB; 3PSD; 3Q4C; 3Q96; 3SKC; 3TV4; 3TV6; 4CQE; 4DBN; 4E26; 4E4X; 4EHE; 4EHG; 4FC0; 4FK3; 4G9C; 4G9R; 4H58; 4JVG; 4KSP; 4KSQ; 4MBJ; 4MNE; 4MNF; 4PP7; 4R5Y; 4RZV; 4RZW; 4WO5; 4XV1; 4XV2; 4XV3; 4XV9; 4YHT; 5C9C; 5CSW; 5CSX; 5CT7; 5FD2; 5HI2; 5HID; 5HIE; 5ITA; 5J17; 5J18; 5J2R; 5JRQ; 5JSM; 5JT2; 5VAL; 5VAM; 5VR3; 5VYK; 6B8U; 6CAD; 6N0P; 6N0Q; 6NSQ; 6NYB; 6P3D; 6P7G; 6PP9; 6Q0J; 6Q0K; 6Q0T; 6U2G; 6U2H; 6UAN; 6UUO; 6V2U; 6V2W; 6V34; 6XAG; 6XFP; 6XLO; 7K0V; 7M0T; 7M0U; 7M0V; 7M0W; 7M0X; 7M0Y; 7M0Z; 7MFD; 7MFE; 7MFF; 7P3V; 7SHV; 7ZR0; 7ZR5; 7ZR6; 8C7X; 8C7Y; 8DGS; 8DGT; 8F7O; 8F7P; 8QQG; 9AXX; 9AXY; 9BFB; 9F35,BRAF,BRAF,HGNC:1097,Humans,DB00398; DB05190; DB05984; DB06999; DB07000; DB08553; DB08881; DB08896; DB08912; DB11718; DB12010; DB12854; DB14773; DB14840; DB15068; DB15254; DB15266; DB16038; DB17082
637,UMP-CMP kinase,CMPK1,6578133.0,AF070416,P30085,KCY_HUMAN,1TEV; 7E9V,CMPK1,CMPK,HGNC:18170,Humans,DB00441; DB03403; DB03435; DB03664; DB04444
645,UDP-glucose 6-dehydrogenase,UGDH,3127127.0,AF061016,O60701,UGDH_HUMAN,2Q3E; 2QG4; 3ITK; 3KHU; 3PRJ; 3PTZ; 3TDK; 3TF5; 4EDF; 4RJT; 5TJH; 5VR8; 5W4X; 6C4J; 6C4K; 6C58; 6C5A; 6C5Z; 9DGZ,UGDH,UGDH,HGNC:12525,Humans,DB00157; DB09130
648,"Glutathione reductase, mitochondrial",GSR,31825.0,X15722,P00390,GSHR_HUMAN,1ALG; 1BWC; 1DNC; 1GRA; 1GRB; 1GRE; 1GRF; 1GRG; 1GRH; 1GRT; 1GSN; 1K4Q; 1XAN; 2AAQ; 2GH5; 2GRT; 3DJG; 3DJJ; 3DK4; 3DK8; 3DK9; 3GRS; 3GRT; 3SQP; 4GR1; 4GRT; 5GRT,GSR,GSR,HGNC:4623,Humans,DB00143; DB00157; DB00262; DB01644; DB02153; DB02553; DB02895; DB03147; DB03310; DB03867; DB07393; DB07714; DB09061; DB09130; DB14009; DB14011; DB14128
655,NADH-ubiquinone oxidoreductase chain 2,MT-ND2,2052363.0,J01415,P03891,NU2M_HUMAN,5XTC; 5XTD; 5XTH; 5XTI,MT-ND2,MT-ND2,HGNC:7456,Humans,DB00157
660,Serine palmitoyltransferase 2,SPTLC2,2564249.0,Y08686,O15270,SPTC2_HUMAN,6M4N; 6M4O; 7CQI; 7CQK; 7K0I; 7K0J; 7K0K; 7K0L; 7K0M; 7K0N; 7K0O; 7K0P; 7K0Q; 7YIU; 7YIY; 7YJ1; 7YJ2,SPTLC2,SPTLC2,HGNC:11278,Humans,DB00114; DB00133
662,GDP-L-fucose synthase,GFUS,1381179.0,U58766,Q13630,FCL_HUMAN,4B8W; 4B8Z; 4BKP; 4BL5; 4E5Y,GFUS,TSTA3,HGNC:12390,Humans,DB00157
671,Argininosuccinate synthase,ASS1,28872.0,X01630,P00966,ASSY_HUMAN,2NZ2,ASS1,ASS1,HGNC:758,Humans,DB00125; DB00128; DB00155; DB00171
676,"NADH dehydrogenase [ubiquinone] 1 beta subcomplex subunit 8, mitochondrial",NDUFB8,4164448.0,AF044958,O95169,NDUB8_HUMAN,5XTC; 5XTD; 5XTH; 5XTI,NDUFB8,NDUFB8,HGNC:7703,Humans,DB00157
677,5'-AMP-activated protein kinase catalytic subunit alpha-1,PRKAA1,4115829.0,AB022017,Q13131,AAPK1_HUMAN,4RED; 4RER; 4REW; 5EZV; 6C9F; 6C9G; 6C9H; 6C9J; 7JHG; 7JHH; 7JIJ; 7M74,PRKAA1,PRKAA1,HGNC:9376,Humans,DB00131; DB00171; DB00914; DB04462; DB04944; DB08039; DB08597; DB12010; DB12509
684,NADH dehydrogenase [ubiquinone] 1 alpha subcomplex subunit 3,NDUFA3,4164444.0,AF044955,O95167,NDUA3_HUMAN,5XTC; 5XTD; 5XTH; 5XTI,NDUFA3,NDUFA3,HGNC:7686,Humans,DB00157
692,Tyrosine aminotransferase,TAT,36713.0,X52520,P17735,ATTY_HUMAN,3DYD,TAT,TAT,HGNC:11573,Humans,DB00114; DB00120; DB00135; DB00142
713,Vitamin K epoxide reductase complex subunit 1,VKORC1,40217983.0,AY423044,Q9BQB6,VKOR1_HUMAN,6WV3; 6WV4; 6WV5; 6WV6; 6WV7; 6WVH,VKORC1,VKORC1,HGNC:23663,Humans,DB00170; DB00266; DB00498; DB00682; DB00946; DB01418; DB12823
714,Creatine kinase M-type,CKM,180576.0,M14780,P06732,KCRM_HUMAN,1I0E; 7BF2,CKM,CKM,HGNC:1994,Humans,DB00148; DB02490; DB04027; DB13191
717,Urokinase plasminogen activator surface receptor,PLAUR,37605.0,X51675,Q03405,UPAR_HUMAN,1YWH; 2FD6; 2I9B; 3BT1; 3BT2; 3U73; 3U74; 4K24; 4QTI; 7E17; 7V63,PLAUR,PLAUR,HGNC:9053,Humans,DB00013; DB05476; DB06245; DB08877
718,"Aldehyde dehydrogenase, dimeric NADP-preferring",ALDH3A1,178402.0,M74542,P30838,AL3A1_HUMAN,3SZA; 3SZB; 4H80; 4L1O; 4L2O; 8BB8,ALDH3A1,ALDH3A1,HGNC:405,Humans,DB00157
720,"Glyceraldehyde-3-phosphate dehydrogenase, testis-specific",GAPDHS,3046742.0,AJ005371,O14556,G3PT_HUMAN,3H9E; 3PFW; 5C7L; 5C7O,GAPDHS,GAPDHS,HGNC:24864,Humans,DB00157; DB01593; DB02205; DB03331; DB04477; DB11638; DB14487; DB14533; DB14548
721,"Branched-chain-amino-acid aminotransferase, mitochondrial",BCAT2,2342862.0,U68418,O15382,BCAT2_HUMAN,1EKF; 1EKP; 1EKV; 1KT8; 1KTA; 2A1H; 2HDK; 2HG8; 2HGW; 2HGX; 2HHF; 5BWR; 5BWT; 5BWU; 5BWV; 5BWW; 5BWX; 5CR5; 5HNE; 5I5S; 5I5T; 5I5U; 5I5V; 5I5W; 5I5X; 5I5Y; 5I60; 5MPR; 6PRX,BCAT2,BCAT2,HGNC:977,Humans,DB00114; DB00142; DB00149; DB00167; DB02142; DB02635; DB04074
722,Inosine-5'-monophosphate dehydrogenase 2,IMPDH2,307066.0,J04208,P12268,IMDH2_HUMAN,1B3O; 1NF7; 1NFB; 6I0M; 6I0O; 6U8E; 6U8N; 6U8R; 6U8S; 6U9O; 6UA2; 6UA4; 6UA5; 6UAJ; 6UC2; 6UDO; 6UDP; 6UDQ; 8FOZ; 8FUZ; 8G8F; 8G9B; 9DMU,IMPDH2,IMPDH2,HGNC:6053,Humans,DB00157; DB00688; DB00811; DB01024; DB03070; DB03948; DB04566; DB06103; DB14128
725,"Aspartate--tRNA ligase, cytoplasmic",DARS1,179102.0,J05032,P14868,SYDC_HUMAN,4J15; 5Y6L; 6IY6,DARS1,DARS,HGNC:2678,Humans,DB00128
727,"Kynurenine/alpha-aminoadipate aminotransferase, mitochondrial",AADAT,6165634.0,AF097994,Q8N5Z0,AADAT_HUMAN,2QLR; 2R2N; 2VGZ; 2XH1; 3DC1; 3UE8; 4GDY; 4GE4; 4GE7; 4GE9; 4GEB; 5EFS; 5EUN; 5TF5; 6D0A; 6T8P; 6T8Q,AADAT,AADAT,HGNC:17929,Humans,DB00114; DB00142
728,Pyrroline-5-carboxylate reductase 2,PYCR2,33150582.0,AF087859,Q96C36,P5CR2_HUMAN,6LHM,PYCR2,PYCR2,HGNC:30262,Humans,DB00157; DB00172
729,"NADH dehydrogenase [ubiquinone] iron-sulfur protein 2, mitochondrial",NDUFS2,3540239.0,AF013160,O75306,NDUS2_HUMAN,5XTB; 5XTC; 5XTD; 5XTH; 5XTI,NDUFS2,NDUFS2,HGNC:7708,Humans,DB00157
734,Methionine synthase,MTR,1923221.0,U71285,Q99707,METH_HUMAN,2O2K; 4CCZ,MTR,MTR,HGNC:7468,Humans,DB00115; DB00116; DB00134; DB00200; DB03614; DB11590
737,"Dihydrolipoyl dehydrogenase, mitochondrial",DLD,307137.0,J03490,P09622,DLDH_HUMAN,1ZMC; 1ZMD; 1ZY8; 2F5Z; 3RNM; 5J5Z; 5NHG; 6HG8; 6I4P; 6I4Q; 6I4R; 6I4S; 6I4T; 6I4U; 6I4Z; 7PSC; 7ZYT,DLD,DLD,HGNC:2898,Humans,DB00157; DB03147
740,"Histidine--tRNA ligase, cytoplasmic",HARS1,32460.0,Z11518,P12081,HARS1_HUMAN,1X59; 2LW7; 4G84; 4G85; 4PHC; 4X5O; 5W6M; 6O76; 8YOR; 8YP1,HARS1,HARS,HGNC:4816,Humans,DB00117
741,Biliverdin reductase A,BLVRA,1246749.0,X93086,P53004,BIEA_HUMAN,2H63,BLVRA,BLVRA,HGNC:1062,Humans,DB00157; DB01586; DB14128
746,"Acetyl-coenzyme A synthetase 2-like, mitochondrial",ACSS1,56203090.0,AL035661,Q9NUB1,ACS2L_HUMAN,3GLR; 3GLT; 3GLU; 4BVE; 4BVF; 4BVG; 4C78; 5Y4H; 5YTK,ACSS1,ACSS1,HGNC:16091,Humans,DB00171
747,Aldo-keto reductase family 1 member B1,AKR1B1,178487.0,J04795,P15121,ALDR_HUMAN,1ABN; 1ADS; 1AZ1; 1AZ2; 1EF3; 1EL3; 1IEI; 1MAR; 1PWL; 1PWM; 1T40; 1T41; 1US0; 1X96; 1X97; 1X98; 1XGD; 1Z3N; 1Z89; 1Z8A; 2ACQ; 2ACR; 2ACS; 2ACU; 2AGT; 2DUX; 2DUZ; 2DV0; 2F2K; 2FZ8; 2FZ9; 2FZB; 2FZD; 2HV5; 2HVN; 2HVO; 2I16; 2I17; 2IKG; 2IKH; 2IKI; 2IKJ; 2INE; 2INZ; 2IPW; 2IQ0; 2IQD; 2IS7; 2ISF; 2J8T; 2NVC; 2NVD; 2PD5; 2PD9; 2PDB; 2PDC; 2PDF; 2PDG; 2PDH; 2PDI; 2PDJ; 2PDK; 2PDL; 2PDM; 2PDN; 2PDP; 2PDQ; 2PDU; 2PDW; 2PDX; 2PDY; 2PEV; 2PF8; 2PFH; 2PZN; 2QXW; 2R24; 3BCJ; 3DN5; 3G5E; 3GHR; 3GHS; 3GHT; 3GHU; 3LBO; 3LD5; 3LEN; 3LEP; 3LQG; 3LQL; 3LZ3; 3LZ5; 3M0I; 3M4H; 3M64; 3MB9; 3MC5; 3ONB; 3ONC; 3P2V; 3Q65; 3Q67; 3RX2; 3RX3; 3RX4; 3S3G; 3T42; 3U2C; 3V35; 3V36; 4GCA; 4GQ0; 4IGS; 4JIR; 4LAU; 4LAZ; 4LB3; 4LB4; 4LBR; 4LBS; 4NKC; 4PR4; 4PRR; 4PRT; 4PUU; 4PUW; 4Q7B; 4QBX; 4QR6; 4QX4; 4QXI; 4RPQ; 4XZH; 4XZI; 4YS1; 4YU1; 5HA7; 5OU0; 5OUJ; 5OUK; 6F7R; 6F81; 6F82; 6F84; 6F8O; 6SYW; 6T27; 6T3P; 6T5G; 6T7Q; 6TD8; 6TUC; 6TUF; 6TXP; 6XUM; 6Y03; 6Y1P; 8A4N; 8AE9; 8AQG; 8AQP; 8AUU; 8B34; 8B3N; 8B3R; 8B66; 8BJL; 8CNF; 8CNP; 8FH5; 8FH6; 8FH7; 8FH8; 8FH9; 8OZ2; 8P2R,AKR1B1,AKR1B1,HGNC:381,Humans,DB00143; DB00157; DB00605; DB01689; DB01852; DB02007; DB02020; DB02021; DB02101; DB02132; DB02383; DB02518; DB02712; DB02834; DB02994; DB03461; DB04272; DB04497; DB05327; DB05383; DB05533; DB06246; DB07028; DB07030; DB07063; DB07093; DB07139; DB07187; DB07352; DB07450; DB07498; DB07999; DB08000; DB08084; DB08098; DB08449; DB08772; DB12665; DB13182; DB15293; DB15581; DB16707; DB19544; DB19717
754,NADH dehydrogenase [ubiquinone] 1 alpha subcomplex subunit 12,NDUFA12,9651637.0,AF217092,Q9UI09,NDUAC_HUMAN,5XTB; 5XTD; 5XTH; 5XTI,NDUFA12,NDUFA12,HGNC:23987,Humans,DB00157
755,"Glutamate dehydrogenase 2, mitochondrial",GLUD2,31815.0,X66310,P49448,DHE4_HUMAN,6G2U,GLUD2,GLUD2,HGNC:4336,Humans,DB00142; DB00157
761,Inosine-5'-monophosphate dehydrogenase 1,IMPDH1,307067.0,J05272,P20839,IMDH1_HUMAN,1JCN; 7RER; 7RES; 7RFE; 7RFF; 7RFG; 7RFH; 7RFI; 7RGD; 7RGI; 7RGL; 7RGM; 7RGQ; 8U7M; 8U7Q; 8U7V; 8U8O; 8U8Y,IMPDH1,IMPDH1,HGNC:6052,Humans,DB00143; DB00157; DB00688; DB00811; DB01024; DB01033; DB02109; DB03783; DB03948; DB04566; DB04862; DB06103; DB06408; DB12617; DB13243
762,"Short-chain specific acyl-CoA dehydrogenase, mitochondrial",ACADS,337928.0,M26393,P16219,ACADS_HUMAN,2VIG; 7Y0A; 7Y0B; 8SGS,ACADS,ACADS,HGNC:90,Humans,DB00157; DB03059; DB03147
763,Methionine synthase reductase,MTRR,6572540.0,AF121213,Q9UBK8,MTRR_HUMAN,2QTL; 2QTZ,MTRR,MTRR,HGNC:7473,Humans,DB00115; DB00134
766,"N(G),N(G)-dimethylarginine dimethylaminohydrolase 1",DDAH1,4160666.0,AB001915,O94760,DDAH1_HUMAN,2JAI; 2JAJ; 3I2E; 3I4A; 3P8E; 3P8P; 6DGE; 6SZP; 6SZQ; 7ULU; 7ULV; 7ULX; 7USZ; 7UT0,DDAH1,DDAH1,HGNC:2715,Humans,DB00155; DB00213; DB00736; DB05351
769,"Leucine--tRNA ligase, cytoplasmic",LARS1,7804450.0,D84223,Q9P2J5,SYLC_HUMAN,2WFD; 6KID; 6KIE; 6KQY; 6KR7; 6LPF; 6LR6,LARS1,LARS,HGNC:6512,Humans,DB00149
771,"Isocitrate dehydrogenase [NAD] subunit gamma, mitochondrial",IDH3G,1167849.0,Z68907,P51553,IDH3G_HUMAN,5GRE; 5GRF; 5GRH; 5GRI; 5GRL; 5YVT; 6L57; 6L59; 7CE3; 8GRG; 8GRH; 8GS5,IDH3G,IDH3G,HGNC:5386,Humans,DB00157; DB06757; DB13874; DB17097
772,Activated CDC42 kinase 1,TNK2,8850245.0,L13738,Q07912,ACK1_HUMAN,1CF4; 1U46; 1U4D; 1U54; 3EQP; 3EQR; 4EWH; 4HZR; 4HZS; 4ID7; 5ZXB; 6VQM; 7KP6; 8FE9; 8FZ3; 8HMT; 8Q5P; 8THA,TNK2,TNK2,HGNC:19297,Humans,DB00171; DB04367; DB11986; DB12010; DB12130; DB18236
776,Farnesyl pyrophosphate synthase,FDPS,182399.0,J05262,P14324,FPPS_HUMAN,1YQ7; 1YV5; 1ZW5; 2F7M; 2F89; 2F8C; 2F8Z; 2F92; 2F94; 2F9K; 2OPM; 2OPN; 2QIS; 2RAH; 2VF6; 3B7L; 3CP6; 3N1V; 3N1W; 3N3L; 3N45; 3N46; 3N49; 3N5H; 3N5J; 3N6K; 3RYE; 3S4J; 4DEM; 4GA3; 4H5C; 4H5D; 4H5E; 4JVJ; 4KFA; 4KPD; 4KPJ; 4KQ5; 4KQS; 4KQU; 4L2X; 4LFV; 4LPG; 4LPH; 4N1Z; 4N9U; 4NFI; 4NFJ; 4NFK; 4NG6; 4NKE; 4NKF; 4NUA; 4OGU; 4P0V; 4P0W; 4P0X; 4PVX; 4PVY; 4Q23; 4QPF; 4QXS; 4RXA; 4XQR; 4XQS; 4XQT; 5CG5; 5CG6; 5DGM; 5DGN; 5DGS; 5DIQ; 5DJP; 5DJR; 5DJV; 5JA0; 5JUZ; 5JV0; 5JV1; 5JV2; 5KSX; 5YGI; 6N7Y; 6N7Z; 6N82; 6N83; 6OAG; 6OAH,FDPS,FDPS,HGNC:3631,Humans,DB00282; DB00399; DB00630; DB00710; DB00884; DB01785; DB02508; DB02552; DB04160; DB04714; DB04960; DB06255; DB06548; DB06830; DB07404; DB07409; DB07410; DB07426; DB07780; DB07841; DB07873; DB08180; DB11620; DB20475
780,"Malate dehydrogenase, mitochondrial",MDH2,2906146.0,AF047470,P40926,MDHM_HUMAN,2DFD; 4WLE; 4WLF; 4WLN; 4WLO; 4WLU; 4WLV,MDH2,MDH2,HGNC:6971,Humans,DB00157; DB04272; DB09092
783,Nicotinamide N-methyltransferase,NNMT,494989.0,U08021,P40261,NNMT_HUMAN,2IIP; 3ROD; 5YJF; 6CHH; 6ORR; 6PVE; 6PVS; 7BKG; 7BLE; 7EGU; 7EHZ; 7EI2; 7ET7; 7EU5; 7NBJ; 7NBM; 7NBQ; 7RKK; 7RKL; 7SOK; 7WMC; 7WMT; 9ATV,NNMT,NNMT,HGNC:7861,Humans,DB00627
807,Glutathione S-transferase Mu 1,GSTM1,31924.0,X08020,P09488,GSTM1_HUMAN,1GTU; 1XW6; 1XWK; 1YJ6; 2F3M; 7BEU; 8VOU,GSTM1,GSTM1,HGNC:4632,Humans,DB00143; DB00608; DB01834; DB02165; DB02458; DB03314; DB04187
808,Glutathione S-transferase kappa 1,GSTK1,41351794.0,AY520571,Q9Y2Q3,GSTK1_HUMAN,1YZX; 3RPN; 3RPP,GSTK1,GSTK1,HGNC:16906,Humans,DB00143; DB04700
809,Glutathione S-transferase A3,GSTA3,951352.0,L13275,Q16772,GSTA3_HUMAN,1TDI; 2VCV,GSTA3,GSTA3,HGNC:4628,Humans,DB00143; DB04521
810,Glutathione S-transferase Mu 3,GSTM3,306820.0,J05459,P21266,GSTM3_HUMAN,3GTU,GSTM3,GSTM3,HGNC:4635,Humans,DB00143
811,Glutathione S-transferase A4,GSTA4,2597924.0,Y13047,O15217,GSTA4_HUMAN,1GUL; 1GUM; 3IK7,GSTA4,GSTA4,HGNC:4629,Humans,DB00143
812,Glutathione S-transferase Mu 4,GSTM4,306819.0,M96234,Q03013,GSTM4_HUMAN,4GTU,GSTM4,GSTM4,HGNC:4636,Humans,DB00143; DB03003; DB03032; DB03597; DB03706; DB04132
814,Glutathione S-transferase P,GSTP1,31946.0,M24485,P09211,GSTP1_HUMAN,10GS; 11GS; 12GS; 13GS; 14GS; 16GS; 17GS; 18GS; 19GS; 1AQV; 1AQW; 1AQX; 1EOG; 1EOH; 1GSS; 1KBN; 1LBK; 1MD3; 1MD4; 1PGT; 1PX6; 1PX7; 1ZGN; 20GS; 22GS; 2A2R; 2A2S; 2GSS; 2J9H; 2PGT; 3CSH; 3CSI; 3CSJ; 3DD3; 3DGQ; 3GSS; 3GUS; 3HJM; 3HJO; 3HKR; 3IE3; 3KM6; 3KMN; 3KMO; 3N9J; 3PGT; 4GSS; 4PGT; 5DAK; 5DAL; 5DCG; 5DDL; 5DJL; 5DJM; 5GSS; 5J41; 5JCW; 5L6X; 5X79; 6AP9; 6GSS; 6LLX; 6Y1E; 7BIA; 7GSS; 7XBA; 8GSS; 9GSS,GSTP1,GSTP1,HGNC:4638,Humans,DB00143; DB00197; DB00363; DB00903; DB01242; DB01834; DB01915; DB02633; DB03003; DB03619; DB03686; DB03814; DB04132; DB04972; DB05460; DB06246; DB07849; DB08370; DB11672; DB11831; DB13014; DB14635
815,Glutathione S-transferase omega-1,GSTO1,2393722.0,U90313,P78417,GSTO1_HUMAN,1EEM; 3LFL; 3VLN; 4IS0; 4YQM; 4YQU; 4YQV; 5UEH; 5V3Q; 5YVN; 5YVO; 6MHB; 6MHC; 6MHD; 6PNM; 6PNN; 6PNO,GSTO1,GSTO1,HGNC:13312,Humans,DB00143
816,Glutathione peroxidase 1,GPX1,577777.0,Y00433,P07203,GPX1_HUMAN,2F8A,GPX1,GPX1,HGNC:4553,Humans,DB00143; DB09061; DB14009; DB14011
817,Glutathione peroxidase 2,GPX2,4902773.0,X53463,P18283,GPX2_HUMAN,2HE3,GPX2,GPX2,HGNC:4554,Humans,DB00143
818,Glutathione S-transferase theta-1,GSTT1,510905.0,X79389,P30711,GSTT1_HUMAN,2C3N; 2C3Q; 2C3T,GSTT1,GSTT1,HGNC:4641,Humans,DB00143
820,Epididymal secretory glutathione peroxidase,GPX5,3288455.0,AJ005277,O75715,GPX5_HUMAN,2I3Y,GPX5,GPX5,HGNC:4557,Humans,DB00143
821,Glutathione peroxidase 3,GPX3,2160390.0,D00632,P22352,GPX3_HUMAN,2R37,GPX3,GPX3,HGNC:4555,Humans,DB00143
823,Delta-1-pyrroline-5-carboxylate synthase,ALDH18A1,1304314.0,X94453,P54886,P5CS_HUMAN,2H5G,ALDH18A1,ALDH18A1,HGNC:9722,Humans,DB00142
838,Proto-oncogene tyrosine-protein kinase Src,SRC,10635153.0,AL133293,P12931,SRC_HUMAN,1A07; 1A08; 1A09; 1A1A; 1A1B; 1A1C; 1A1E; 1FMK; 1HCS; 1HCT; 1KSW; 1O41; 1O42; 1O43; 1O44; 1O45; 1O46; 1O47; 1O48; 1O49; 1O4A; 1O4B; 1O4C; 1O4D; 1O4E; 1O4F; 1O4G; 1O4H; 1O4I; 1O4J; 1O4K; 1O4L; 1O4M; 1O4N; 1O4O; 1O4P; 1O4Q; 1O4R; 1SHD; 1Y57; 1YI6; 1YOJ; 1YOL; 1YOM; 2BDF; 2BDJ; 2H8H; 2SRC; 3VRO; 3ZMP; 3ZMQ; 4F59; 4F5A; 4F5B; 4HXJ; 4K11; 4MXO; 4MXX; 4MXY; 4MXZ; 6ATE; 6C4S; 6E6E; 6EHJ; 7NG7; 7OTE; 7T1U; 7YQE; 8GWH; 8HAQ; 8JF3; 8JN8; 8JN9; 8VCF; 8VCG,SRC,SRC,HGNC:11283,Humans,DB01254; DB01678; DB01830; DB01866; DB01893; DB01908; DB01915; DB01947; DB01962; DB02175; DB02336; DB02432; DB02567; DB02762; DB02908; DB03023; DB03078; DB03104; DB03114; DB03217; DB03268; DB03298; DB03306; DB03525; DB03591; DB03628; DB03712; DB03828; DB03902; DB04080; DB04272; DB04495; DB04739; DB04751; DB05184; DB06137; DB06616; DB06882; DB06883; DB07335; DB07662; DB07966; DB08039; DB08052; DB08053; DB08054; DB08192; DB08339; DB08454; DB08462; DB08564; DB08901; DB09079; DB11526; DB11805; DB11832; DB11885; DB12010; DB17041; DB17180; DB18918
839,Tyrosine-protein kinase Fyn,FYN,338228.0,M14333,P06241,FYN_HUMAN,1A0N; 1AOT; 1AOU; 1AVZ; 1AZG; 1EFN; 1FYN; 1G83; 1M27; 1NYF; 1NYG; 1SHF; 1ZBJ; 2DQ7; 2MQI; 2MRJ; 2MRK; 3H0F; 3H0H; 3H0I; 3UA6; 3UA7; 4D8D; 4EIK; 4U17; 4U1P; 4ZNX; 5ZAU; 6EDF; 6IPY; 6IPZ; 7A2J; 7A2K; 7A2L; 7A2M; 7A2N; 7A2O; 7A2P; 7A2Q; 7A2R; 7A2S; 7A2T; 7A2U; 7A2V; 7A2W; 7A2X; 7A2Y; 7A2Z; 7UD6; 8KDX,FYN,FYN,HGNC:4037,Humans,DB01254; DB02078; DB12010; DB16656
840,Tyrosine-protein kinase Yes,YES1,181268.0,M15990,P07947,YES_HUMAN,2HDA,YES1,YES1,HGNC:12841,Humans,DB01254; DB12010
842,Tyrosine-protein kinase Lck,LCK,36808.0,X05027,P06239,LCK_HUMAN,1BHF; 1BHH; 1CWD; 1CWE; 1FBZ; 1H92; 1IJR; 1KIK; 1LCJ; 1LCK; 1LKK; 1LKL; 1Q68; 1Q69; 1QPC; 1QPD; 1QPE; 1QPJ; 1X27; 2IIM; 2OF2; 2OF4; 2OFU; 2OFV; 2OG8; 2PL0; 2ZM1; 2ZM4; 2ZYB; 3AC1; 3AC2; 3AC3; 3AC4; 3AC5; 3AC8; 3ACJ; 3ACK; 3AD4; 3AD5; 3AD6; 3B2W; 3BRH; 3BYM; 3BYO; 3BYS; 3BYU; 3KMM; 3KXZ; 3LCK; 3MPM; 4C3F; 4D8K; 5MTM; 5MTN; 6H6A; 6PDJ; 8X2P,LCK,LCK,HGNC:6524,Humans,DB01254; DB01830; DB02010; DB02567; DB03023; DB03777; DB04003; DB04395; DB04462; DB06925; DB07146; DB07297; DB08039; DB08055; DB08056; DB08057; DB08339; DB08901; DB09079; DB12010; DB12429; DB15035; DB16656; DB16768; DB17041; DB17140; DB19675
845,Betaine--homocysteine S-methyltransferase 1,BHMT,1522683.0,U50929,Q93088,BHMT1_HUMAN,1LT7; 1LT8; 4M3P; 8D45,BHMT,BHMT,HGNC:1047,Humans,DB00134; DB02337; DB06756
865,Phenylethanolamine N-methyltransferase,PNMT,190142.0,J03727,P11086,PNMT_HUMAN,1HNN; 1N7I; 1N7J; 1YZ3; 2AN3; 2AN4; 2AN5; 2G70; 2G71; 2G72; 2G8N; 2OBF; 2ONY; 2ONZ; 2OPB; 3HCA; 3HCB; 3HCC; 3HCD; 3HCE; 3HCF; 3KPJ; 3KPU; 3KPV; 3KPW; 3KPY; 3KQM; 3KQO; 3KQP; 3KQQ; 3KQS; 3KQT; 3KQV; 3KQW; 3KQY; 3KR0; 3KR1; 3KR2; 4DM3; 4MIK; 4MQ4; 6WS1; 7TWU; 7TX2,PNMT,PNMT,HGNC:9160,Humans,DB01752; DB03468; DB03824; DB04273; DB07597; DB07739; DB07747; DB07798; DB07906; DB08128; DB08129; DB08550; DB08631; DB08654
869,L-xylulose reductase,DCXR,15425623.0,AB013846,Q7Z4W1,DCXR_HUMAN,1PR9; 1WNT; 3D3W,DCXR,DCXR,HGNC:18985,Humans,DB02831; DB03461
870,Dual specificity mitogen-activated protein kinase kinase 1,MAP2K1,188569.0,L05624,Q02750,MP2K1_HUMAN,1S9J; 2P55; 3DV3; 3DY7; 3E8N; 3EQB; 3EQC; 3EQD; 3EQF; 3EQG; 3EQH; 3EQI; 3MBL; 3ORN; 3OS3; 3PP1; 3SLS; 3V01; 3V04; 3VVH; 3W8Q; 3WIG; 3ZLS; 3ZLW; 3ZLX; 3ZLY; 3ZM4; 4AN2; 4AN3; 4AN9; 4ANB; 4ARK; 4LMN; 4MNE; 4U7Z; 4U80; 4U81; 5BX0; 5EYM; 5HZE; 5YT3; 6NYB; 6PP9; 6Q0J; 6Q0T; 6U2G; 6V2W; 6X2P; 6X2S; 6X2X; 7B3M; 7B7R; 7B94; 7B9L; 7F2X; 7M0T; 7M0U; 7M0V; 7M0W; 7M0X; 7M0Y; 7M0Z; 7MFD; 7PQV; 7UMB; 7XLP; 7XNC; 8CHF; 8DGS; 8DGT; 8YP4; 9AXA; 9AXC; 9AXH; 9AXM; 9AXX; 9AXY; 9AY7; 9AYA,MAP2K1,MAP2K1,HGNC:6840,Humans,DB02152; DB03115; DB04367; DB04462; DB05239; DB06616; DB06892; DB07046; DB07101; DB07340; DB08130; DB08208; DB08911; DB11689; DB11967; DB15254; DB17042
871,Protein-tyrosine kinase 2-beta,PTK2B,988305.0,U33284,Q14289,FAK2_HUMAN,2LK4; 3CC6; 3ET7; 3FZO; 3FZP; 3FZR; 3FZS; 3FZT; 3GM1; 3GM2; 3GM3; 3H3C; 3U3F; 4EKU; 4H1J; 4H1M; 4R32; 4XEF; 4XEK; 4XEV; 5TO8; 5TOB; 6LF3; 7PLL; 8XOX; 8YGX,PTK2B,PTK2B,HGNC:9612,Humans,DB01097; DB01645; DB08341; DB12010; DB12130; DB12282
872,Protein kinase C beta type,PRKCB,189969.0,M13975,P05771,KPCB_HUMAN,2I0E; 8SG2,PRKCB,PRKCB1,HGNC:9395,Humans,DB00163; DB01738; DB04098; DB06486; DB08846; DB08862; DB11829; DB12369; DB14001; DB14002; DB20247
874,CTP synthase 1,CTPS1,30293.0,X52142,P17812,PYRG1_HUMAN,2VO1; 5U03; 7MGZ; 7MH0; 7MIF; 7MIG,CTPS1,CTPS,HGNC:2519,Humans,DB00130; DB21004
886,Sulfotransferase 2A1,SULT2A1,306702.0,L20000,Q06520,ST2A1_HUMAN,1EFH; 1J99; 1OV4; 2QP3; 2QP4; 3F3Y; 4IFB,SULT2A1,SULT2A1,HGNC:11458,Humans,DB01812; DB02854; DB04445
889,Glutathione hydrolase 1 proenzyme,GGT1,183138.0,J04131,P19440,GGT1_HUMAN,4GDX; 4GG2; 4Z9O; 4ZBK; 4ZC6; 4ZCG; 5V4Q,GGT1,GGT1,HGNC:4250,Humans,DB00143
890,Cyclin-dependent kinase 5,CDK5,36621.0,X66364,Q00535,CDK5_HUMAN,1H4L; 1UNG; 1UNH; 1UNL; 3O0G; 4AU8; 7VDP; 7VDQ; 7VDR; 7VDS,CDK5,CDK5,HGNC:1774,Humans,DB02052; DB02116; DB02519; DB02733; DB02950; DB03428; DB03496; DB04014; DB07364; DB15442; DB21530
892,DNA (cytosine-5)-methyltransferase 1,DNMT1,1632819.0,X63692,P26358,DNMT1_HUMAN,3EPZ; 3PTA; 3SWR; 4WXX; 4YOC; 4Z96; 4Z97; 5WVO; 5YDR; 6K3A; 6L1F; 6X9I; 6X9J; 6X9K; 7SFC; 7SFD; 7SFE; 7SFF; 7SFG; 7XI9; 7XIB; 8V9U; 8XQC,DNMT1,DNMT1,HGNC:2976,Humans,DB00721; DB00928; DB01035; DB01099; DB01262; DB05668; DB06544; DB11918; DB12116; DB12326; DB16168
895,Urokinase-type plasminogen activator,PLAU,1834524.0,X02419,P00749,UROK_HUMAN,1C5W; 1C5X; 1C5Y; 1C5Z; 1EJN; 1F5K; 1F5L; 1F92; 1FV9; 1GI7; 1GI8; 1GI9; 1GJ7; 1GJ8; 1GJ9; 1GJA; 1GJB; 1GJC; 1GJD; 1KDU; 1LMW; 1O3P; 1O5A; 1O5B; 1O5C; 1OWD; 1OWE; 1OWH; 1OWI; 1OWJ; 1OWK; 1SC8; 1SQA; 1SQO; 1SQT; 1U6Q; 1URK; 1VJ9; 1VJA; 1W0Z; 1W10; 1W11; 1W12; 1W13; 1W14; 2FD6; 2I9A; 2I9B; 2NWN; 2O8T; 2O8U; 2O8W; 2R2W; 2VIN; 2VIO; 2VIP; 2VIQ; 2VIV; 2VIW; 2VNT; 3BT1; 3BT2; 3IG6; 3KGP; 3KHV; 3KID; 3M61; 3MHW; 3MWI; 3OX7; 3OY5; 3OY6; 3PB1; 3QN7; 3U73; 4DVA; 4DW2; 4FU7; 4FU8; 4FU9; 4FUB; 4FUC; 4FUD; 4FUE; 4FUF; 4FUG; 4FUH; 4FUI; 4FUJ; 4GLY; 4H42; 4JK5; 4JK6; 4K24; 4MNV; 4MNW; 4MNX; 4MNY; 4OS1; 4OS2; 4OS4; 4OS5; 4OS6; 4OS7; 4X0W; 4X1N; 4X1P; 4X1Q; 4X1R; 4X1S; 4XSK; 4ZHL; 4ZHM; 4ZKN; 4ZKO; 4ZKR; 4ZKS; 5HGG; 5WXF; 5WXO; 5WXP; 5WXQ; 5WXR; 5WXS; 5WXT; 5XG4; 5YC6; 5YC7; 5Z1C; 5ZA7; 5ZA8; 5ZA9; 5ZAE; 5ZAF; 5ZAG; 5ZAH; 5ZAJ; 5ZC5; 6AG2; 6AG3; 6AG7; 6AG9; 6JYP; 6JYQ; 6L04; 6L05; 6NMB; 6XVD; 7DZD; 7VM4; 7VM5; 7VM6; 7VM7; 7ZRR; 7ZRT,PLAU,PLAU,HGNC:9052,Humans,DB00013; DB00594; DB01725; DB01905; DB01977; DB02287; DB02398; DB02463; DB02473; DB02526; DB02551; DB02705; DB03046; DB03082; DB03127; DB03136; DB03159; DB03476; DB03729; DB03782; DB03865; DB03876; DB04059; DB04172; DB05254; DB05476; DB06679; DB06855; DB06856; DB06857; DB07076; DB07122; DB07129; DB07625; DB07626; DB08072; DB08324; DB08697; DB13052; DB15236
898,"5-aminolevulinate synthase, erythroid-specific, mitochondrial",ALAS2,28586.0,X56352,P22557,HEM0_HUMAN,5QQQ; 5QQR; 5QQS; 5QQT; 5QQU; 5QQV; 5QQW; 5QQX; 5QQY; 5QQZ; 5QR0; 5QR1; 5QR2; 5QR3; 5QR4; 5QR5; 5QR6; 5QR7; 5QR8; 5QR9; 5QRA; 5QRB; 5QRC; 5QRD; 5QRE; 5QT3; 6HRH,ALAS2,ALAS2,HGNC:397,Humans,DB00114; DB00145
906,"Phosphoenolpyruvate carboxykinase, cytosolic [GTP]",PCK1,189945.0,L05144,P35558,PCKGC_HUMAN,1KHB; 1KHE; 1KHF; 1KHG; 1M51; 1NHX; 2GMV,PCK1,PCK1,HGNC:8724,Humans,DB01819; DB02008; DB03267; DB03725
909,Sepiapterin reductase,SPR,338021.0,M76231,P35270,SPRE_HUMAN,1Z6Z; 4HWK; 4J7U; 4J7X; 4XWY; 4Z3K; 6I6C; 6I6F; 6I6P; 6I6T; 6I6V; 6I79; 6USN; 7DSF,SPR,SPR,HGNC:11257,Humans,DB02637; DB03461; DB03886; DB04275
923,Mitogen-activated protein kinase 1,MAPK1,182191.0,M84489,P28482,MK01_HUMAN,1PME; 1TVO; 1WZY; 2OJG; 2OJI; 2OJJ; 2Y9Q; 3D42; 3D44; 3I5Z; 3I60; 3SA0; 3TEI; 3W55; 4FMQ; 4FUX; 4FUY; 4FV0; 4FV1; 4FV2; 4FV3; 4FV4; 4FV5; 4FV6; 4FV7; 4FV8; 4FV9; 4G6N; 4G6O; 4H3P; 4H3Q; 4IZ5; 4IZ7; 4IZA; 4N0S; 4NIF; 4O6E; 4QP1; 4QP2; 4QP3; 4QP4; 4QP6; 4QP7; 4QP8; 4QP9; 4QPA; 4QTA; 4QTE; 4XJ0; 4ZXT; 4ZZM; 4ZZN; 4ZZO; 5AX3; 5BUE; 5BUI; 5BUJ; 5BVD; 5BVE; 5BVF; 5K4I; 5LCJ; 5LCK; 5NGU; 5NHF; 5NHH; 5NHJ; 5NHL; 5NHO; 5NHP; 5NHV; 5V60; 5V61; 5V62; 5WP1; 6D5Y; 6DMG; 6G54; 6G8X; 6G91; 6G92; 6G93; 6G97; 6G9A; 6G9D; 6G9H; 6G9J; 6G9K; 6G9M; 6G9N; 6GDM; 6GDQ; 6GE0; 6GJB; 6GJD; 6NBS; 6OPG; 6OPH; 6OPI; 6Q7K; 6Q7S; 6Q7T; 6QA1; 6QA3; 6QA4; 6QAG; 6QAH; 6QAL; 6QAQ; 6QAW; 6RQ4; 6SLG; 7AUV; 7E73; 7E75; 7NQQ; 7NQW; 7NR3; 7NR5; 7NR8; 7NR9; 7OPM; 7W5O; 7X4U; 7XC1; 8AO2; 8AO3; 8AO4; 8AO5; 8AO6; 8AO7; 8AO8; 8AO9; 8AOA; 8AOB; 8AOC; 8AOD; 8AOE; 8AOF; 8AOG; 8AOH; 8AOI; 8AOJ; 8PSR; 8PST; 8PSW; 8PSY; 8PT0; 8PT1; 8PT3; 8PT5; 8PVU; 8R5F; 8U8J; 8U8K; 8ZJV,MAPK1,MAPK1,HGNC:6871,Humans,DB00361; DB01169; DB02116; DB02482; DB02733; DB03777; DB04338; DB04367; DB04462; DB06195; DB06641; DB06877; DB07010; DB07264; DB07788; DB07794; DB07905; DB08513; DB08521; DB11120; DB12429; DB13930; DB15281; DB18806; DB19676
927,Sulfotransferase 1A1,SULT1A1,179042.0,L10819,P50225,ST1A1_HUMAN,1LS6; 1Z28; 2D06; 3QVU; 3QVV; 3U3J; 3U3K; 3U3M; 3U3O; 3U3R; 4GRA,SULT1A1,SULT1A1,HGNC:11453,Humans,DB01812; DB04417
933,Cytosolic 10-formyltetrahydrofolate dehydrogenase,ALDH1L1,3560541.0,AF052732,O75891,AL1L1_HUMAN,2BW0; 2CFI; 2CQ8; 7YJJ,ALDH1L1,ALDH1L1,HGNC:3978,Humans,DB00116
950,Bifunctional epoxide hydrolase 2,EPHX2,181395.0,L05779,P34913,HYES_HUMAN,1S8O; 1VJ5; 1ZD2; 1ZD3; 1ZD4; 1ZD5; 3ANS; 3ANT; 3I1Y; 3I28; 3KOO; 3OTQ; 3PDC; 3WK4; 3WK5; 3WK6; 3WK7; 3WK8; 3WK9; 3WKA; 3WKB; 3WKC; 3WKD; 3WKE; 4C4X; 4C4Y; 4C4Z; 4HAI; 4J03; 4JNC; 4OCZ; 4OD0; 4X6X; 4X6Y; 4Y2J; 4Y2P; 4Y2Q; 4Y2R; 4Y2S; 4Y2T; 4Y2U; 4Y2V; 4Y2X; 4Y2Y; 5AHX; 5AI0; 5AI4; 5AI5; 5AI6; 5AI8; 5AI9; 5AIA; 5AIB; 5AIC; 5AK3; 5AK4; 5AK5; 5AK6; 5AKE; 5AKG; 5AKH; 5AKI; 5AKJ; 5AKK; 5AKL; 5AKX; 5AKY; 5AKZ; 5ALD; 5ALE; 5ALF; 5ALG; 5ALH; 5ALI; 5ALJ; 5ALK; 5ALL; 5ALM; 5ALN; 5ALO; 5ALP; 5ALQ; 5ALR; 5ALS; 5ALT; 5ALU; 5ALV; 5ALW; 5ALX; 5ALY; 5ALZ; 5AM0; 5AM1; 5AM2; 5AM3; 5AM4; 5AM5; 5FP0; 5MWA; 6AUM; 6I5E; 6I5G; 7EBA; 8QVF; 8QVG; 8QVH; 8QVK; 8QVL; 8QVM; 8QWG; 8QWI; 8ZBL,EPHX2,EPHX2,HGNC:3402,Humans,DB02029; DB03677; DB04213; DB06345; DB07496; DB08256; DB08257; DB08258; DB08259; DB12610
951,Sulfotransferase 1E1,SULT1E1,488283.0,U08098,P49888,ST1E1_HUMAN,1G3M; 1HY3; 4JVL; 4JVM; 4JVN,SULT1E1,SULT1E1,HGNC:11377,Humans,DB01176; DB01812; DB02902; DB03346
955,Phosphatidylinositol 3-kinase regulatory subunit alpha,PIK3R1,,M61906,P27986,P85A_HUMAN,1A0N; 1AZG; 1H9O; 1PBW; 1PHT; 1PIC; 1PKS; 1PKT; 2IUG; 2IUH; 2IUI; 2RD0; 2V1Y; 3HHM; 3HIZ; 3I5R; 3I5S; 4A55; 4JPS; 4L1B; 4L23; 4L2Y; 4OVU; 4OVV; 4WAF; 4YKN; 4ZOP; 5AUL; 5FI4; 5GJI; 5ITD; 5M6U; 5SW8; 5SWG; 5SWO; 5SWP; 5SWR; 5SWT; 5SX8; 5SX9; 5SXA; 5SXB; 5SXC; 5SXD; 5SXE; 5SXF; 5SXI; 5SXJ; 5SXK; 5UBT; 5UK8; 5UKJ; 5UL1; 5VLR; 5XGH; 5XGI; 5XGJ; 6NCT; 6PYR; 6PYU; 7CIO; 7LM2; 7LQ1; 7MYN; 7MYO; 7PG5; 7PG6; 7RNS; 7TZ7; 8AM0; 8DCP; 8DCX; 8DD4; 8DD8; 8GUB; 8H36; 8H37; 8ILR; 8ILS; 8ILV; 8SBC; 8SBJ; 8TDU; 8TGD; 8TS7; 8TS8; 8TS9; 8TSA; 8TSB; 8TSC; 8TSD; 8TU6; 8V8H; 8V8I; 8V8J; 8V8U; 8V8V; 8W9A; 8W9B,PIK3R1,PIK3R1,HGNC:8979,Humans,DB05210; DB06486; DB08059
959,Fatty acid synthase,FASN,1049053.0,U26644,P49327,FAS_HUMAN,1XKT; 2CG5; 2JFD; 2JFK; 2PX6; 3HHD; 3TJM; 4PIV; 4W82; 4W9N; 4Z49; 5C37; 6NNA; 7MHD; 7MHE; 8EYI; 8EYK; 8G7X; 8GKC; 8VF7; 8VG4; 8VLE; 8VLO; 8VLP; 8VM0; 8VM5; 8VM6; 8VM7; 8VMC; 8VMD; 9B7Z; 9B80; 9MJ9,FASN,FASN,HGNC:3594,Humans,DB01034; DB01083; DB07795; DB12116; DB15334; DB16770; DB17576
964,Spermine synthase,SMS,791051.0,Z49099,P52788,SPSY_HUMAN,3C6K; 3C6M,SMS,SMS,HGNC:11123,Humans,DB00127
980,Tyrosine-protein phosphatase non-receptor type 4,PTPN4,190748.0,M68941,P29074,PTN4_HUMAN,2CS5; 2I75; 2VPH; 3NFK; 3NFL; 5EYZ; 5EZ0; 7VZE,PTPN4,PTPN4,HGNC:9656,Humans,DB00630
983,Inositol monophosphatase 2,IMPA2,2406666.0,AF014398,O14732,IMPA2_HUMAN,2CZH; 2CZI; 2CZK; 2DDK; 2FVZ,IMPA2,IMPA2,HGNC:6051,Humans,DB01356; DB14507; DB14508; DB14509
987,Thiopurine S-methyltransferase,TPMT,386420.0,S62904,P51580,TPMT_HUMAN,2BZG; 2H11,TPMT,TPMT,HGNC:12014,Humans,DB01250
991,Aurora kinase A,AURKA,2641948.0,D84212,O14965,AURKA_HUMAN,1MQ4; 1MUO; 1OL5; 1OL6; 1OL7; 2BMC; 2C6D; 2C6E; 2DWB; 2J4Z; 2J50; 2NP8; 2W1C; 2W1D; 2W1E; 2W1F; 2W1G; 2WQE; 2WTV; 2WTW; 2X6D; 2X6E; 2X81; 2XNE; 2XNG; 2XRU; 3COH; 3E5A; 3EFW; 3FDN; 3H0Y; 3H0Z; 3H10; 3HA6; 3K5U; 3LAU; 3M11; 3MYG; 3NRM; 3O50; 3O51; 3P9J; 3QBN; 3R21; 3R22; 3UNZ; 3UO4; 3UO5; 3UO6; 3UOD; 3UOH; 3UOJ; 3UOK; 3UOL; 3UP2; 3UP7; 3VAP; 3W10; 3W16; 3W18; 3W2C; 4B0G; 4BN1; 4BYI; 4BYJ; 4C3P; 4C3R; 4CEG; 4DEA; 4DEB; 4DED; 4DEE; 4DHF; 4J8M; 4J8N; 4JAI; 4JAJ; 4JBO; 4JBP; 4JBQ; 4O0S; 4O0U; 4O0W; 4PRJ; 4UYN; 4UZD; 4UZH; 4ZS0; 4ZTQ; 4ZTR; 4ZTS; 5AAD; 5AAE; 5AAF; 5AAG; 5DN3; 5DNR; 5DOS; 5DPV; 5DR2; 5DR6; 5DR9; 5DRD; 5DT0; 5DT3; 5DT4; 5EW9; 5G15; 5G1X; 5L8J; 5L8K; 5L8L; 5LXM; 5OBJ; 5OBR; 5ODT; 5ONE; 5ORL; 5ORN; 5ORO; 5ORP; 5ORR; 5ORS; 5ORT; 5ORV; 5ORW; 5ORX; 5ORY; 5ORZ; 5OS0; 5OS1; 5OS2; 5OS3; 5OS4; 5OS5; 5OS6; 5OSD; 5OSE; 5OSF; 5ZAN; 6C2R; 6C2T; 6C83; 6CPE; 6CPF; 6CPG; 6GRA; 6HJJ; 6HJK; 6I2U; 6R49; 6R4A; 6R4B; 6R4C; 6R4D; 6VPG; 6VPH; 6VPI; 6VPJ; 6VPL; 6VPM; 6XKA; 6Z4Y; 7AYH; 7AYI; 7FIC; 7O2V; 7ZTL; 8C14; 8C15; 8C1D; 8C1E; 8C1F; 8C1G; 8C1H; 8C1I; 8C1K; 8C1M; 8GUW; 8JF4; 8JG8; 8JMX; 8OF5; 8PR7; 8SSO; 8SSP; 9BZG; 9BZL,AURKA,AURKA,HGNC:11393,Humans,DB02052; DB02482; DB03444; DB05169; DB05198; DB05220; DB06134; DB06347; DB06486; DB07186; DB07266; DB07360; DB07362; DB07545; DB07801; DB08065; DB08066; DB11694; DB11778; DB12010; DB12072; DB12556; DB13059; DB13061; DB16891; DB17197; DB18019; DB19675
998,Glycine--tRNA ligase,GARS1,1311463.0,D30658,P41250,GARS_HUMAN,2PME; 2PMF; 2Q5H; 2Q5I; 2ZT5; 2ZT6; 2ZT7; 2ZT8; 2ZXF; 4KQE; 4KR2; 4KR3; 4QEI; 5E6M,GARS1,GARS,HGNC:4162,Humans,DB00145
1002,Amine oxidase [copper-containing] 3,AOC3,1399032.0,U39447,Q16853,AOC3_HUMAN,1PU4; 1US1; 2C10; 2C11; 2Y73; 2Y74; 3ALA; 4BTW; 4BTX; 4BTY; 8S1Z,AOC3,AOC3,HGNC:550,Humans,DB00575; DB00780; DB01275; DB04334; DB19177
1003,E3 ubiquitin-protein ligase Mdm2,MDM2,338309.0,M92424,Q00987,MDM2_HUMAN,1RV1; 1T4E; 1T4F; 1YCR; 1Z1M; 2AXI; 2C6A; 2C6B; 2F1Y; 2FOP; 2GV2; 2HDP; 2LZG; 2M86; 2MPS; 2RUH; 2VJE; 2VJF; 3EQS; 3G03; 3IUX; 3IWY; 3JZK; 3JZR; 3JZS; 3LBK; 3LBL; 3LNJ; 3LNZ; 3MQS; 3TJ2; 3TPX; 3TU1; 3V3B; 3VBG; 3VZV; 3W69; 4DIJ; 4ERE; 4ERF; 4HBM; 4HFZ; 4HG7; 4JV7; 4JV9; 4JVE; 4JVR; 4JWR; 4MDN; 4MDQ; 4OAS; 4OBA; 4OCC; 4ODE; 4ODF; 4OGN; 4OGT; 4OGV; 4OQ3; 4QO4; 4QOC; 4UD7; 4UE1; 4UMN; 4WT2; 4XXB; 4ZFI; 4ZGK; 4ZYC; 4ZYF; 4ZYI; 5AFG; 5C5A; 5HMH; 5HMI; 5HMK; 5J7F; 5J7G; 5LAV; 5LAW; 5LAY; 5LAZ; 5LN2; 5MNJ; 5OAI; 5OC8; 5SWK; 5TRF; 5UMM; 5VK0; 5WTS; 5XXK; 5Z02; 5ZXF; 6AAW; 6GGN; 6H22; 6HFA; 6I29; 6I3S; 6IM9; 6KZU; 6Q96; 6Q9H; 6Q9L; 6Q9O; 6SQO; 6T2D; 6T2E; 6T2F; 6Y4Q; 6YR6; 7AD0; 7AI0; 7AI1; 7AYE; 7BIR; 7BIT; 7BIV; 7BJ0; 7BJ6; 7BMG; 7KJM; 7NA1; 7NA2; 7NA3; 7NA4; 7NUS; 7QDQ; 8AEU; 8BGU; 8EI9; 8EIA; 8EIB; 8EIC; 8F0Z; 8F10; 8F12; 8F13; 8GCG; 8J81; 8P0D; 8PWC; 9GFC,MDM2,MDM2,HGNC:6973,Humans,DB01593; DB02872; DB04144; DB12027; DB12325; DB14487; DB14533; DB14548; DB15299; DB16331; DB17549
1016,Rho-associated protein kinase 1,ROCK1,1276901.0,U43195,Q13464,ROCK1_HUMAN,1S1C; 2ESM; 2ETK; 2ETR; 2V55; 3D9V; 3NCZ; 3NDM; 3O0Z; 3TV7; 3TWJ; 3V8S; 4L2W; 4W7P; 4YVC; 4YVE; 5BML; 5F5P; 5HVU; 5KKS; 5KKT; 5UZJ; 5WNE; 5WNF; 5WNG; 5WNH; 6E9W; 7JOU; 7S25; 7S26; 8P0S; 8ZH5,ROCK1,ROCK1,HGNC:10251,Humans,DB03777; DB04462; DB04707; DB07876; DB08162; DB08756; DB12429; DB13165; DB13931; DB16703; DB17030
1019,Mitogen-activated protein kinase 14,MAPK14,603917.0,L35263,Q16539,MK14_HUMAN,1A9U; 1BL6; 1BL7; 1BMK; 1DI9; 1IAN; 1KV1; 1KV2; 1M7Q; 1OUK; 1OUY; 1OVE; 1OZ1; 1R39; 1R3C; 1W7H; 1W82; 1W83; 1W84; 1WBN; 1WBO; 1WBS; 1WBT; 1WBV; 1WBW; 1WFC; 1YQJ; 1ZYJ; 1ZZ2; 1ZZL; 2BAJ; 2BAK; 2BAL; 2BAQ; 2FSL; 2FSM; 2FSO; 2FST; 2GFS; 2I0H; 2LGC; 2NPQ; 2OKR; 2ONL; 2QD9; 2RG5; 2RG6; 2Y8O; 2YIS; 2YIW; 2YIX; 2ZAZ; 2ZB0; 2ZB1; 3BV2; 3BV3; 3BX5; 3C5U; 3CTQ; 3D7Z; 3D83; 3DS6; 3DT1; 3E92; 3E93; 3FC1; 3FI4; 3FKL; 3FKN; 3FKO; 3FL4; 3FLN; 3FLQ; 3FLS; 3FLW; 3FLY; 3FLZ; 3FMH; 3FMJ; 3FMK; 3FML; 3FMM; 3FMN; 3FSF; 3FSK; 3GC7; 3GCP; 3GCQ; 3GCS; 3GCU; 3GCV; 3GFE; 3GI3; 3HA8; 3HEC; 3HEG; 3HL7; 3HLL; 3HP2; 3HP5; 3HRB; 3HUB; 3HUC; 3HV3; 3HV4; 3HV5; 3HV6; 3HV7; 3HVC; 3IPH; 3ITZ; 3IW5; 3IW6; 3IW7; 3IW8; 3K3I; 3K3J; 3KF7; 3KQ7; 3L8S; 3L8X; 3LFA; 3LFB; 3LFC; 3LFD; 3LFE; 3LFF; 3LHJ; 3MGY; 3MH0; 3MH1; 3MH2; 3MH3; 3MPA; 3MPT; 3MVL; 3MVM; 3MW1; 3NEW; 3NNU; 3NNV; 3NNW; 3NNX; 3NWW; 3O8P; 3O8T; 3O8U; 3OBG; 3OBJ; 3OC1; 3OCG; 3OD6; 3ODY; 3ODZ; 3OEF; 3PG3; 3QUD; 3QUE; 3RIN; 3ROC; 3S3I; 3S4Q; 3U8W; 3UVP; 3UVQ; 3UVR; 3ZS5; 3ZSG; 3ZSH; 3ZSI; 3ZYA; 4A9Y; 4AA0; 4AA4; 4AA5; 4AAC; 4DLI; 4DLJ; 4E5A; 4E5B; 4E6A; 4E6C; 4E8A; 4EH2; 4EH3; 4EH4; 4EH5; 4EH6; 4EH7; 4EH8; 4EH9; 4EHV; 4EWQ; 4F9W; 4F9Y; 4FA2; 4GEO; 4KIN; 4KIP; 4KIQ; 4L8M; 4R3C; 4ZTH; 5ETA; 5ETC; 5ETF; 5ETI; 5ML5; 5MTX; 5MTY; 5MZ3; 5N63; 5N64; 5N65; 5N66; 5N67; 5N68; 5O8U; 5O8V; 5OMG; 5OMH; 5TBE; 5TCO; 5WJJ; 5XYX; 5XYY; 6ANL; 6HWT; 6HWU; 6HWV; 6M95; 6M9L; 6OHD; 6QDZ; 6QE1; 6QYX; 6RFO; 6SFI; 6SFJ; 6SFK; 6SFO; 6TCA; 6ZQS; 6ZWP; 8A8M; 8VXE; 8X3M; 8YD9; 9CJ1; 9CJ2; 9CJ3; 9CJ4; 9CJ5; 9MHB,MAPK14,MAPK14,HGNC:6876,Humans,DB01254; DB01761; DB01807; DB01948; DB01953; DB01988; DB02195; DB02277; DB02352; DB02873; DB02984; DB03044; DB03110; DB03777; DB03980; DB04338; DB04462; DB04632; DB04797; DB05157; DB05412; DB05470; DB06518; DB06882; DB06940; DB06991; DB07138; DB07307; DB07459; DB07607; DB07811; DB07829; DB07832; DB07833; DB07834; DB07835; DB07941; DB07942; DB07943; DB08064; DB08068; DB08091; DB08092; DB08093; DB08095; DB08096; DB08097; DB08242; DB08339; DB08349; DB08351; DB08352; DB08395; DB08423; DB08424; DB08521; DB08522; DB08730; DB12010; DB12017; DB12140; DB12270; DB12429; DB17106; DB19169
1035,Protein-glutamine gamma-glutamyltransferase 2,TGM2,339521.0,M55153,P21980,TGM2_HUMAN,1KV3; 2Q3Z; 3LY6; 3S3J; 3S3P; 3S3S; 4PYG; 6A8P; 6KZB; 8TR9; 9BC2; 9BC3; 9BC4,TGM2,TGM2,HGNC:11778,Humans,DB04315; DB11254; DB12116; DB12539; DB13853; DB19208
1055,GTP cyclohydrolase 1,GCH1,7242659.0,Z29434,P30793,GCH1_HUMAN,1FB1; 6Z80; 6Z85; 6Z86; 6Z87; 6Z88; 6Z89; 7ALA; 7ALB; 7ALC; 7ALQ,GCH1,GCH1,HGNC:4193,Humans,DB02325; DB02377; DB04137
1056,Hexokinase-4,GCK,179427.0,M88011,P35557,HXK4_HUMAN,1V4S; 1V4T; 3A0I; 3F9M; 3FGU; 3FR0; 3GOI; 3H1V; 3ID8; 3IDH; 3IMX; 3QIC; 3S41; 3VEV; 3VEY; 3VF6; 4DCH; 4DHY; 4ISE; 4ISF; 4ISG; 4IWV; 4IXC; 4L3Q; 4LC9; 4MLE; 4MLH; 4NO7; 4RCH; 5V4W; 5V4X; 6E0E; 6E0I; 7T78; 7T79,GCK,GCK,HGNC:4195,Humans,DB02379; DB05970; DB07358; DB07359; DB08118; DB08210; DB11765; DB12284; DB14810; DB15009; DB15123; DB20515
1062,Mitogen-activated protein kinase 3,MAPK3,31221.0,X60188,P27361,MK03_HUMAN,2ZOQ; 4QTB; 6GES,MAPK3,MAPK3,HGNC:6877,Humans,DB00605; DB01169; DB02733; DB04604; DB06195; DB08862; DB13930; DB15281
1065,Glycogen synthase kinase-3 beta,GSK3B,529237.0,L33801,P49841,GSK3B_HUMAN,1GNG; 1H8F; 1I09; 1J1B; 1J1C; 1O6K; 1O6L; 1O9U; 1PYX; 1Q3D; 1Q3W; 1Q41; 1Q4L; 1Q5K; 1R0E; 1UV5; 2JDO; 2JDR; 2JLD; 2O5K; 2OW3; 2UW9; 2X39; 2XH5; 3CQU; 3CQW; 3DU8; 3E87; 3E88; 3E8D; 3F7Z; 3F88; 3GB2; 3I4B; 3L1S; 3M1S; 3MV5; 3OW4; 3PUP; 3Q3B; 3QKK; 3QKL; 3SAY; 3SD0; 3ZDI; 3ZRK; 3ZRL; 3ZRM; 4ACC; 4ACD; 4ACG; 4ACH; 4AFJ; 4B7T; 4DIT; 4EKK; 4IQ6; 4J1R; 4J71; 4NM0; 4NM3; 4NM5; 4NM7; 4PTC; 4PTE; 4PTG; 5F94; 5F95; 5HLN; 5HLP; 5K5N; 5KPK; 5KPL; 5KPM; 5OY4; 5T31; 6B8J; 6BUU; 6GJO; 6GN1; 6H0U; 6HK3; 6HK4; 6HK7; 6NPZ; 6TCU; 6V6L; 6Y9R; 6Y9S; 7B6F; 7OY5; 7SXH; 7SXJ; 7U2Z; 7U31; 7U33; 7U36; 7Z1F; 7Z1G; 8AUZ; 8AV1; 8DJC; 8DJD; 8DJE; 8FF8; 8QJI; 8XN6,GSK3B,GSK3B,HGNC:4617,Humans,DB01356; DB01772; DB01793; DB01950; DB02010; DB02052; DB03444; DB03777; DB04014; DB04395; DB04462; DB07014; DB07058; DB07126; DB07149; DB07584; DB07585; DB07676; DB07812; DB07859; DB07947; DB08073; DB08454; DB08846; DB11913; DB12010; DB12129; DB12429; DB14507; DB14508; DB14509; DB16047; DB19676
1071,Tyrosine-protein phosphatase non-receptor type 11,PTPN11,4519425.0,D13540,Q06124,PTN11_HUMAN,2SHP; 3B7O; 3MOW; 3O5X; 3TKZ; 3TL0; 3ZM0; 3ZM1; 3ZM2; 3ZM3; 4DGP; 4DGX; 4GWF; 4H1O; 4H34; 4JE4; 4JEG; 4JMG; 4NWF; 4NWG; 4OHD; 4OHE; 4OHH; 4OHI; 4OHL; 4PVG; 4QSY; 4RDD; 5BK8; 5DF6; 5EHP; 5EHR; 5I6V; 5IBM; 5IBS; 5X7B; 5X94; 5XZR; 6ATD; 6BMR; 6BMU; 6BMV; 6BMW; 6BMX; 6BMY; 6BN5; 6CMP; 6CMQ; 6CMR; 6CMS; 6CRF; 6CRG; 6MD7; 6MD9; 6MDA; 6MDB; 6MDC; 6MDD; 6R5G; 6WU8; 7EMN; 7JVM; 7JVN; 7R75; 7R7D; 7R7I; 7R7L; 7RCT; 7TVJ; 7VXG; 7XHQ; 8B5Y; 8CBH; 8GWW; 8RZW; 8RZY; 8S01; 8S04; 8S06; 8S07; 8S0H; 8S0I; 8S0J; 8S0K; 8S0O; 8S0P; 8S0Q; 8S0S; 8T6D; 8T6G; 8T7Q; 8T8Q; 8U7W; 8U7X; 8WFY; 8WX7; 9BLG,PTPN11,PTPN11,HGNC:9644,Humans,DB02779; DB17131
1072,Cyclin-dependent kinase 2,CDK2,3551191.0,AB012305,P24941,CDK2_HUMAN,1AQ1; 1B38; 1B39; 1BUH; 1CKP; 1DI8; 1DM2; 1E1V; 1E1X; 1E9H; 1F5Q; 1FIN; 1FQ1; 1FVT; 1FVV; 1G5S; 1GIH; 1GII; 1GIJ; 1GY3; 1GZ8; 1H00; 1H01; 1H07; 1H08; 1H0V; 1H0W; 1H1P; 1H1Q; 1H1R; 1H1S; 1H24; 1H25; 1H26; 1H27; 1H28; 1HCK; 1HCL; 1JST; 1JSU; 1JSV; 1JVP; 1KE5; 1KE6; 1KE7; 1KE8; 1KE9; 1OGU; 1OI9; 1OIQ; 1OIR; 1OIT; 1OIU; 1OIY; 1OKV; 1OKW; 1OL1; 1OL2; 1P2A; 1P5E; 1PF8; 1PKD; 1PW2; 1PXI; 1PXJ; 1PXK; 1PXL; 1PXM; 1PXN; 1PXO; 1PXP; 1PYE; 1QMZ; 1R78; 1URC; 1URW; 1V1K; 1VYW; 1VYZ; 1W0X; 1W8C; 1W98; 1WCC; 1Y8Y; 1Y91; 1YKR; 2A0C; 2A4L; 2B52; 2B53; 2B54; 2B55; 2BHE; 2BHH; 2BKZ; 2BPM; 2BTR; 2BTS; 2C4G; 2C5N; 2C5O; 2C5V; 2C5X; 2C5Y; 2C68; 2C69; 2C6I; 2C6K; 2C6L; 2C6M; 2C6O; 2C6T; 2CCH; 2CCI; 2CJM; 2CLX; 2DS1; 2DUV; 2EXM; 2FVD; 2G9X; 2I40; 2IW6; 2IW8; 2IW9; 2J9M; 2JGZ; 2R3F; 2R3G; 2R3H; 2R3I; 2R3J; 2R3K; 2R3L; 2R3M; 2R3N; 2R3O; 2R3P; 2R3Q; 2R3R; 2R64; 2UUE; 2UZB; 2UZD; 2UZE; 2UZL; 2UZN; 2UZO; 2V0D; 2V22; 2VTA; 2VTH; 2VTI; 2VTJ; 2VTL; 2VTM; 2VTN; 2VTO; 2VTP; 2VTQ; 2VTR; 2VTS; 2VTT; 2VU3; 2VV9; 2W05; 2W06; 2W17; 2W1H; 2WEV; 2WFY; 2WHB; 2WIH; 2WIP; 2WMA; 2WMB; 2WPA; 2WXV; 2X1N; 2XMY; 2XNB; 3BHT; 3BHU; 3BHV; 3DDP; 3DDQ; 3DOG; 3EID; 3EJ1; 3EOC; 3EZR; 3EZV; 3F5X; 3FZ1; 3IG7; 3IGG; 3LE6; 3LFN; 3LFQ; 3LFS; 3MY5; 3NS9; 3PJ8; 3PXF; 3PXQ; 3PXR; 3PXY; 3PXZ; 3PY0; 3PY1; 3QHR; 3QHW; 3QL8; 3QQF; 3QQG; 3QQH; 3QQJ; 3QQK; 3QQL; 3QRT; 3QRU; 3QTQ; 3QTR; 3QTS; 3QTU; 3QTW; 3QTX; 3QTZ; 3QU0; 3QWJ; 3QWK; 3QX2; 3QX4; 3QXO; 3QXP; 3QZF; 3QZG; 3QZH; 3QZI; 3R1Q; 3R1S; 3R1Y; 3R28; 3R6X; 3R71; 3R73; 3R7E; 3R7I; 3R7U; 3R7V; 3R7Y; 3R83; 3R8L; 3R8M; 3R8P; 3R8U; 3R8V; 3R8Z; 3R9D; 3R9H; 3R9N; 3R9O; 3RAH; 3RAI; 3RAK; 3RAL; 3RJC; 3RK5; 3RK7; 3RK9; 3RKB; 3RM6; 3RM7; 3RMF; 3RNI; 3ROY; 3RPO; 3RPR; 3RPV; 3RPY; 3RZB; 3S00; 3S0O; 3S1H; 3S2P; 3SQQ; 3SW4; 3SW7; 3TI1; 3TIY; 3TIZ; 3TNW; 3ULI; 3UNJ; 3UNK; 3WBL; 4ACM; 4BCK; 4BCM; 4BCN; 4BCO; 4BCP; 4BCQ; 4BGH; 4BZD; 4CFM; 4CFN; 4CFU; 4CFV; 4CFW; 4CFX; 4D1X; 4D1Z; 4EK3; 4EK4; 4EK5; 4EK6; 4EK8; 4EOI; 4EOJ; 4EOK; 4EOL; 4EOM; 4EON; 4EOO; 4EOP; 4EOQ; 4EOR; 4EOS; 4ERW; 4EZ3; 4EZ7; 4FKG; 4FKI; 4FKJ; 4FKL; 4FKO; 4FKP; 4FKQ; 4FKR; 4FKS; 4FKT; 4FKU; 4FKV; 4FKW; 4FX3; 4GCJ; 4I3Z; 4II5; 4KD1; 4LYN; 4NJ3; 4RJ3; 5A14; 5AND; 5ANE; 5ANG; 5ANI; 5ANJ; 5ANK; 5ANO; 5CYI; 5D1J; 5FP5; 5FP6; 5IEV; 5IEX; 5IEY; 5IF1; 5JQ5; 5JQ8; 5K4J; 5L2W; 5LMK; 5MHQ; 5NEV; 5OO0; 5OO1; 5OO3; 5OSJ; 5OSM; 5UQ1; 5UQ2; 5UQ3; 6ATH; 6GUB; 6GUC; 6GUE; 6GUF; 6GUH; 6GUK; 6GVA; 6INL; 6JGM; 6OQI; 6P3W; 6Q3B; 6Q3C; 6Q3F; 6Q48; 6Q49; 6Q4A; 6Q4B; 6Q4C; 6Q4D; 6Q4E; 6Q4F; 6Q4G; 6Q4H; 6Q4I; 6Q4J; 6Q4K; 6RIJ; 6SG4; 6YL1; 6YL6; 6YLK; 7ACK; 7B5L; 7B5R; 7B7S; 7E34; 7KJS; 7M2F; 7MKX; 7NVQ; 7QHL; 7RA5; 7RWE; 7RWF; 7RXO; 7S4T; 7S7A; 7S84; 7S85; 7S9X; 7SA0; 7UG1; 7UXI; 7UXK; 7VDU; 7ZPC; 8B54; 8BYA; 8BZO; 8CUR; 8ERD; 8ERN; 8FOW; 8FP0; 8FP5; 8H6P; 8H6T; 8OR0; 8OR4; 8OY2; 8ROZ; 8RU8; 8UV0; 8VQ3; 8VQ4; 9FR2,CDK2,CDK2deltaT,HGNC:1771,Humans,DB01888; DB02010; DB02052; DB02091; DB02116; DB02197; DB02297; DB02407; DB02519; DB02538; DB02603; DB02647; DB02733; DB02833; DB02898; DB02915; DB02950; DB02963; DB02973; DB03019; DB03307; DB03365; DB03428; DB03490; DB03496; DB03583; DB03663; DB03737; DB03801; DB04006; DB04014; DB04101; DB04186; DB04288; DB04407; DB04518; DB04607; DB04662; DB04669; DB04751; DB05608; DB05969; DB06195; DB06844; DB06888; DB06944; DB06948; DB06976; DB06983; DB07024; DB07054; DB07065; DB07126; DB07137; DB07149; DB07163; DB07164; DB07179; DB07203; DB07210; DB07220; DB07364; DB07431; DB07471; DB07493; DB07501; DB07504; DB07529; DB07531; DB07533; DB07534; DB07538; DB07539; DB07540; DB07562; DB07595; DB07606; DB07612; DB07618; DB07622; DB07664; DB07685; DB07686; DB07687; DB07688; DB07731; DB07750; DB07751; DB07755; DB07761; DB07790; DB07791; DB07852; DB07889; DB07936; DB07982; DB08066; DB08094; DB08122; DB08123; DB08124; DB08125; DB08126; DB08132; DB08133; DB08134; DB08135; DB08136; DB08137; DB08138; DB08139; DB08140; DB08141; DB08142; DB08178; DB08182; DB08218; DB08219; DB08233; DB08241; DB08247; DB08248; DB08285; DB08309; DB08312; DB08355; DB08441; DB08463; DB08527; DB08531; DB08532; DB08533; DB08534; DB08535; DB08536; DB08537; DB08538; DB08539; DB08572; DB08673; DB08677; DB08694; DB08768; DB12021; DB12686; DB12974; DB13035; DB15425; DB15442; DB16232; DB16656; DB17383; DB21530
1073,"6-phosphofructo-2-kinase/fructose-2,6-bisphosphatase 1",PFKFB1,35503.0,X52638,P16118,F261_HUMAN,1K6M,PFKFB1,PFKFB1,HGNC:8872,Humans,DB02393; DB02515; DB02930; DB04137; DB04493
1075,Myeloperoxidase,MPO,189040.0,J02694,P05164,PERM_HUMAN,1CXP; 1D2V; 1D5L; 1D7W; 1DNU; 1DNW; 1MHL; 1MYP; 3F9P; 3ZS0; 3ZS1; 4C1M; 4DL1; 4EJX; 5FIW; 5MFA; 5UZU; 6AZP; 6BMT; 7OIH,MPO,MPO,HGNC:7218,Humans,DB00140; DB00535; DB00583; DB01065; DB04821; DB12440; DB18963
1082,Cyclin-dependent kinase 1,CDK1,29839.0,X05360,P06493,CDK1_HUMAN,4Y72; 4YC3; 4YC6; 5HQ0; 5LQF; 6GU2; 6GU3; 6GU4; 6GU6; 6GU7; 6TWN; 7NJ0,CDK1,CDC2,HGNC:1722,Humans,DB02052; DB02116; DB02519; DB02733; DB02950; DB03428; DB03496; DB03777; DB04014; DB04751; DB05608; DB06195; DB07149; DB07364; DB07664; DB08094; DB08142; DB12010; DB12021; DB12686; DB12974; DB13035; DB16652; DB19676; DB21530
1089,Glucose-6-phosphate 1-dehydrogenase,G6PD,31543.0,X03674,P11413,G6PD_HUMAN,1QKI; 2BH9; 2BHL; 5UKW; 6E07; 6E08; 6JYU; 6VA0; 6VA7; 6VA8; 6VA9; 6VAQ; 7SEH; 7SEI; 7SNF; 7SNG; 7SNH; 7SNI; 7TOE; 7TOF; 7UAG; 7UAL; 7UC2; 7ZVD,G6PD,G6PD,HGNC:4057,Humans,DB01708; DB03085; DB03461; DB04497; DB05107; DB11638; DB21204
1097,Mitogen-activated protein kinase 10,MAPK10,468151.0,U07620,P53779,MK10_HUMAN,1JNK; 1PMN; 1PMU; 1PMV; 2B1P; 2EXC; 2O0U; 2O2U; 2OK1; 2P33; 2R9S; 2WAJ; 2ZDT; 2ZDU; 3CGF; 3CGO; 3DA6; 3FI2; 3FI3; 3FV8; 3G90; 3G9L; 3G9N; 3KVX; 3OXI; 3OY1; 3PTG; 3RTP; 3TTI; 3TTJ; 3V6R; 3V6S; 4H36; 4H39; 4H3B; 4KKE; 4KKG; 4KKH; 4U79; 4W4V; 4W4W; 4W4X; 4W4Y; 4WHZ; 4X21; 4Y46; 4Y5H; 4Z9L; 6EKD; 6EMH; 6EQ9; 7KSI; 7KSJ; 7KSK; 7ORE; 7ORF; 7S1N; 7YL1; 8BZP; 8ENJ; 8VNX; 8VO4; 8VS0; 8VTF; 8WGF,MAPK10,MAPK10,HGNC:6872,Humans,DB01782; DB02388; DB03084; DB03623; DB04395; DB05660; DB06933; DB07010; DB07217; DB08005; DB08010; DB08011; DB08015; DB08021; DB08023; DB08025; DB08026; DB08555; DB11718; DB11798; DB12010; DB12432; DB16995
1099,Phosphatidylserine synthase 1,PTDSS1,603802.0,D14694,P48651,PTSS1_HUMAN,9B4E; 9B4F; 9B4G,PTDSS1,PTDSS1,HGNC:9587,Humans,DB00144
1102,Prostatic acid phosphatase,ACP3,189613.0,M97589,P15309,PPAP_HUMAN,1CVI; 1ND5; 1ND6; 2HPA; 2L3H; 2L77; 2L79; 2MG0; 3PPD; 7ZZV; 8XJ4,ACP3,ACPP,HGNC:125,Humans,DB03390; DB03577; DB06688
1108,Hexokinase-1,HK1,184021.0,M75126,P19367,HXK1_HUMAN,1CZA; 1DGK; 1HKB; 1HKC; 1QHA; 4F9O; 4FOE; 4FOI; 4FPA; 4FPB,HK1,HK1,HGNC:4922,Humans,DB02007; DB02379; DB04395; DB06266
1117,Leukotriene C4 synthase,LTC4S,520485.0,U09353,Q16873,LTC4S_HUMAN,2PNO; 2UUH; 2UUI; 3B29; 3HKK; 3LEO; 3PCV; 4BPM; 4J7T; 4J7Y; 4JC7; 4JCZ; 4JRZ; 4WAB; 5HV9; 6R7D; 9G0U; 9G0V; 9G14; 9G1T,LTC4S,LTC4S,HGNC:6719,Humans,DB00143; DB00972
1132,Protein kinase C alpha type,PRKCA,35483.0,X52479,P17252,KPCA_HUMAN,2ELI; 3IW4; 4DNL; 4RA4; 8U37; 8UAK,PRKCA,PRKCA,HGNC:9393,Humans,DB00144; DB00163; DB04098; DB04462; DB05013; DB06451; DB06595; DB06641; DB06819; DB08846; DB11752; DB12369; DB12429; DB12996; DB14001; DB14002
1135,Phospholipid hydroperoxide glutathione peroxidase GPX4,GPX4,825667.0,X71973,P36969,GPX4_HUMAN,2GS3; 2OBI; 5H5Q; 5H5R; 5H5S; 6ELW; 6HKQ; 6HN3; 7L8K; 7L8L; 7L8M; 7L8Q; 7L8R; 7U4I; 7U4J; 7U4K; 7U4L; 7U4M; 7U4N; 8Q8J; 8Q8N,GPX4,GPX4,HGNC:4556,Humans,DB00143
1144,Protein-L-isoaspartate(D-aspartate) O-methyltransferase,PCMT1,180637.0,M93008,P22061,PIMT_HUMAN,1I1N; 1KR5,PCMT1,PCMT1,HGNC:8728,Humans,DB01752
1145,Methylated-DNA--protein-cysteine methyltransferase,MGMT,34559.0,X54228,P16455,MGMT_HUMAN,1EH6; 1EH7; 1EH8; 1QNT; 1T38; 1T39; 1YFH; 8RGG; 8RGH; 8RTY; 8RU2,MGMT,MGMT,HGNC:7059,Humans,DB00151; DB01593; DB02216; DB04531; DB11831; DB11919; DB14487; DB14533; DB14548
1149,Deoxyhypusine synthase,DHPS,994715.0,L39068,P49366,DHYS_HUMAN,1DHS; 1RLZ; 1ROZ; 1RQD; 6P4V; 6PGR; 6WKZ; 6WL6; 6XXH; 6XXI; 6XXJ; 6XXK; 6XXL; 6XXM; 7A6S; 7A6T; 8A0E; 8A0F; 8A0G; 8PVU; 8R3U,DHPS,DHPS,HGNC:2869,Humans,DB03639
1152,Inositol monophosphatase 1,IMPA1,395340.0,X66922,P29218,IMPA1_HUMAN,1AWB; 1IMA; 1IMB; 1IMC; 1IMD; 1IME; 1IMF; 2HHM; 4AS4; 6GIU; 6GJ0; 6ZK0; 7VCE,IMPA1,IMPA1,HGNC:6050,Humans,DB01356; DB03542; DB14507; DB14508; DB14509
1154,Inhibitor of nuclear factor kappa-B kinase subunit beta,IKBKB,2599558.0,AF029684,O14920,IKKB_HUMAN,3BRT; 3BRV; 4E3C; 4KIK; 8OMV,IKBKB,IKBKB,HGNC:5960,Humans,DB00244; DB00795; DB00995; DB01169; DB02010; DB05183; DB06151; DB06521; DB12010; DB13063
1156,E3 ubiquitin-protein ligase XIAP,XIAP,1184320.0,U45880,P98170,XIAP_HUMAN,1C9Q; 1F9X; 1G3F; 1G73; 1I3O; 1I4O; 1I51; 1KMC; 1NW9; 1TFQ; 1TFT; 2ECG; 2JK7; 2KNA; 2OPY; 2OPZ; 2POI; 2POP; 2QRA; 2VSL; 3CLX; 3CM2; 3CM7; 3EYL; 3G76; 3HL5; 3UW4; 3UW5; 4EC4; 4HY0; 4IC2; 4IC3; 4J3Y; 4J44; 4J45; 4J46; 4J47; 4J48; 4KJU; 4KJV; 4KMP; 4MTZ; 4OXC; 4WVS; 4WVT; 4WVU; 5C0K; 5C0L; 5C3H; 5C3K; 5C7A; 5C7B; 5C7C; 5C7D; 5C83; 5C84; 5M6E; 5M6F; 5M6H; 5M6L; 5M6M; 5O6T; 5OQW; 6EY2; 6GJW; 6QCI; 8AZA; 8GH7; 8W59; 8W5A,XIAP,BIRC4,HGNC:592,Humans,DB02628; DB04209; DB04612; DB04915; DB06184; DB11782; DB12085; DB12380; DB12816; DB16095; DB16160; DB16305; DB17112
1167,Hematopoietic prostaglandin D synthase,HPGDS,3046817.0,D82073,O60760,HPGDS_HUMAN,1IYH; 1IYI; 1V40; 2CVD; 2VCQ; 2VCW; 2VCX; 2VCZ; 2VD0; 2VD1; 3EE2; 3KXO; 3VI5; 3VI7; 4EC0; 4EDY; 4EDZ; 4EE0; 5AIS; 5AIV; 5AIX; 5YWE; 5YWX; 5YX1; 6N4E; 6W58; 6W8H; 6ZTC; 7JR6; 7JR8,HPGDS,,HGNC:17890,Humans,DB00143; DB01058; DB01897; DB01942; DB02285; DB02633; DB04132; DB06622; DB07613; DB07614; DB07615; DB07616; DB07917; DB08313; DB08695; DB08790
1172,RAC-beta serine/threonine-protein kinase,AKT2,337491.0,M77198,P31751,AKT2_HUMAN,1GZK; 1GZN; 1GZO; 1MRV; 1MRY; 1O6K; 1O6L; 1P6S; 2JDO; 2JDR; 2UW9; 2X39; 2XH5; 3D0E; 3E87; 3E88; 3E8D; 8Q61; 9C1W,AKT2,AKT2,HGNC:392,Humans,DB07812; DB07859; DB07947; DB08073; DB12218
1184,NAD(P)H dehydrogenase [quinone] 1,NQO1,189246.0,J03934,P15559,NQO1_HUMAN,1D4A; 1DXO; 1GG5; 1H66; 1H69; 1KBO; 1KBQ; 1QBG; 2F1O; 3JSX; 4CET; 4CF6; 5A4K; 5EA2; 5EAI; 5FUQ; 6FY4; 6LLC; 8C9J; 8OK0; 8PQN; 8RFM; 8RFN,NQO1,NQO1,HGNC:2874,Humans,DB00170; DB00266; DB01927; DB02395; DB02400; DB02633; DB03147; DB03626; DB04090; DB04392; DB07385; DB09061
1185,Quinone oxidoreductase,CRYZ,292415.0,L13278,Q08257,QOR_HUMAN,1YB5,CRYZ,CRYZ,HGNC:2419,Humans,DB00266; DB03461; DB14009; DB14011
1189,Glutathione S-transferase Mu 2,GSTM2,183301.0,M63509,P28161,GSTM2_HUMAN,1HNA; 1HNB; 1HNC; 1XW5; 1YKC; 2AB6; 2C4J; 2GTU; 3GTU; 3GUR; 5HWL,GSTM2,GSTM2,HGNC:4634,Humans,DB00143; DB02458; DB03310; DB04701
1193,3-phosphoinositide-dependent protein kinase 1,PDPK1,2407613.0,AF017995,O15530,PDPK1_HUMAN,1H1W; 1OKY; 1OKZ; 1UU3; 1UU7; 1UU8; 1UU9; 1UVR; 1W1D; 1W1G; 1W1H; 1Z5M; 2BIY; 2PE0; 2PE1; 2PE2; 2R7B; 2VKI; 2XCH; 2XCK; 3H9O; 3HRC; 3HRF; 3ION; 3IOP; 3NAX; 3NAY; 3NUN; 3NUS; 3NUU; 3NUY; 3ORX; 3ORZ; 3OTU; 3PWY; 3QC4; 3QCQ; 3QCS; 3QCX; 3QCY; 3QD0; 3QD3; 3QD4; 3RCJ; 3RWP; 3RWQ; 3SC1; 4A06; 4A07; 4AW0; 4AW1; 4CT1; 4CT2; 4RQK; 4RQV; 4RRV; 4XX9; 5ACK; 5HKM; 5HNG; 5HO7; 5HO8; 5LVL; 5LVM; 5LVN; 5LVO; 5LVP; 5MRD; 6WJQ; 8DQT,PDPK1,PDPK1,HGNC:8816,Humans,DB00482; DB01863; DB01933; DB01946; DB02010; DB03777; DB04522; DB06932; DB07033; DB07132; DB07300; DB07456; DB07457; DB12010
1205,"Deoxyuridine 5'-triphosphate nucleotidohydrolase, mitochondrial",DUT,2443580.0,AF018432,P33316,DUT_HUMAN,1Q5H; 1Q5U; 2HQU; 3ARA; 3ARN; 3EHW; 4MZ5; 4MZ6; 5H4J; 7PWJ; 8C8I,DUT,DUT,HGNC:3078,Humans,DB03413; DB04685
1209,Casein kinase II subunit alpha,CSNK2A1,598147.0,J02853,P68400,CSK21_HUMAN,1JWH; 1NA7; 1PJK; 2PVR; 2ZJW; 3AMY; 3AT2; 3AT3; 3AT4; 3AXW; 3BQC; 3C13; 3FWQ; 3H30; 3JUH; 3MB6; 3MB7; 3NGA; 3NSZ; 3OWJ; 3OWK; 3OWL; 3PE1; 3PE2; 3PE4; 3Q04; 3Q9W; 3Q9X; 3Q9Y; 3Q9Z; 3QA0; 3R0T; 3RPS; 3TAX; 3U4U; 3U87; 3U9C; 3W8L; 3WAR; 3WIK; 3WIL; 3WOW; 4DGL; 4FBX; 4GRB; 4GUB; 4GYW; 4GYY; 4GZ3; 4IB5; 4KWP; 4MD7; 4MD8; 4MD9; 4NH1; 4RLL; 4UB7; 4UBA; 5B0X; 5CLP; 5CQU; 5CQW; 5CS6; 5CSH; 5CSP; 5CSV; 5CT0; 5CTP; 5CU0; 5CU2; 5CU3; 5CU4; 5CU6; 5CVF; 5CVG; 5CVH; 5CX9; 5H8B; 5H8E; 5H8G; 5HGV; 5KU8; 5KWH; 5M44; 5M4C; 5M4F; 5M4I; 5MMF; 5MMR; 5MO5; 5MO6; 5MO7; 5MO8; 5MOD; 5MOE; 5MOH; 5MOT; 5MOV; 5MOW; 5MP8; 5MPJ; 5N1V; 5N9K; 5N9L; 5N9N; 5NQC; 5OMY; 5ONI; 5OQU; 5ORH; 5ORJ; 5ORK; 5OS7; 5OS8; 5OSL; 5OSP; 5OSR; 5OSU; 5OSZ; 5OT5; 5OT6; 5OTD; 5OTH; 5OTI; 5OTL; 5OTO; 5OTP; 5OTQ; 5OTR; 5OTS; 5OTY; 5OTZ; 5OUE; 5OUL; 5OUM; 5OUU; 5OWH; 5OWL; 5OYF; 5T1H; 5VIE; 5VIF; 5ZN0; 5ZN1; 5ZN2; 5ZN3; 5ZN4; 5ZN5; 6A1C; 6E37; 6EHK; 6EHU; 6EII; 6FVF; 6FVG; 6GIH; 6GMD; 6HBN; 6HME; 6HNW; 6HNY; 6HOP; 6HOQ; 6HOR; 6HOT; 6HOU; 6JWA; 6L1Z; 6L21; 6L22; 6L23; 6L24; 6Q38; 6Q4Q; 6QY7; 6RB1; 6RCB; 6RCM; 6RFE; 6RFF; 6SPW; 6SPX; 6TEI; 6TLL; 6TLO; 6TLP; 6TLR; 6TLS; 6TLU; 6TLV; 6TLW; 6YPG; 6YPH; 6YPJ; 6YPK; 6YPN; 6YUL; 6YUM; 6YZH; 6Z19; 6Z83; 6Z84; 7A49; 7A4B; 7A4C; 7A4Q; 7AT5; 7AY9; 7AYA; 7B8H; 7B8I; 7BU4; 7L1X; 7PSU; 7QGB; 7QGC; 7QGD; 7QGE; 7QUX; 7X4H; 7Z39; 7ZWE; 7ZWG; 7ZY0; 7ZY2; 7ZY5; 7ZY8; 7ZYD; 7ZYK; 7ZYO; 7ZYR; 8AE7; 8AEC; 8AEK; 8AEM; 8BGC; 8C5Q; 8C6L; 8C6M; 8C6N; 8P05; 8P06; 8P07; 8PVO; 8PVP; 8QQB; 8QWY; 8QWZ; 9EPV; 9EPW; 9EPX; 9EPY; 9EPZ; 9EQ0; 9EQ1; 9EZG; 9FYF; 9I0Z; 9I10; 9I11; 9I12; 9I13; 9I17,CSNK2A1,CSNK2A1,HGNC:2457,Humans,DB00171; DB01765; DB02170; DB02709; DB03035; DB03127; DB03924; DB04098; DB04216; DB04395; DB04462; DB04719; DB04720; DB04721; DB07352; DB07715; DB07802; DB08338; DB08340; DB08345; DB08353; DB08354; DB08360; DB08362; DB08473; DB08660; DB08846; DB12010; DB15408
1215,m7GpppX diphosphatase,DCPS,21654920.0,AY040773,Q96C86,DCPS_HUMAN,1ST0; 1ST4; 1XML; 1XMM; 3BL7; 3BL9; 3BLA; 4QDE; 4QDV; 4QEB; 5OSY,DCPS,DCPS,HGNC:29812,Humans,DB01649; DB01960; DB03593; DB03958; DB07642; DB07643; DB07644; DB16938
1221,Thymidylate kinase,DTYMK,37206.0,X54729,P23919,KTHY_HUMAN,1E2D; 1E2E; 1E2F; 1E2G; 1E2Q; 1E98; 1E99; 1E9A; 1E9B; 1E9C; 1E9D; 1E9E; 1E9F; 1NMX; 1NMY; 1NMZ; 1NN0; 1NN1; 1NN3; 1NN5; 2XX3,DTYMK,DTYMK,HGNC:3061,Humans,DB01643; DB03150; DB03195; DB03233; DB03280; DB03666; DB03845; DB04395
1241,ADP-ribosyl cyclase/cyclic ADP-ribose hydrolase 2,BST1,999429.0,D21878,Q10588,BST1_HUMAN,1ISF; 1ISG; 1ISH; 1ISI; 1ISJ; 1ISM,BST1,BST1,HGNC:1118,Humans,DB02483; DB02701; DB02930; DB03227; DB03732
1242,Galactosylgalactosylxylosylprotein 3-beta-glucuronosyltransferase 1,B3GAT1,8051678.0,AB029396,Q9P2W7,B3GA1_HUMAN,1V82; 1V83; 1V84,B3GAT1,B3GAT1,HGNC:921,Humans,DB01694; DB03435
1251,Isocitrate dehydrogenase [NADP] cytoplasmic,IDH1,3641398.0,AF020038,O75874,IDHC_HUMAN,1T09; 1T0L; 3INM; 3MAP; 3MAR; 3MAS; 4I3K; 4I3L; 4KZO; 4L03; 4L04; 4L06; 4UMX; 4UMY; 4XRX; 4XS3; 5DE1; 5GIR; 5K10; 5K11; 5L57; 5L58; 5LGE; 5SUN; 5SVF; 5TQH; 5YFM; 5YFN; 6ADG; 6B0Z; 6BKX; 6BKY; 6BKZ; 6BL0; 6BL1; 6BL2; 6IO0; 6O2Y; 6O2Z; 6PAY; 6Q6F; 6U4J; 6VEI; 6VG0; 7PJM; 7PJN; 8BAY; 8HB9; 8T7D; 8T7N; 8T7O; 8VH9; 8VHA; 8VHB; 8VHC; 8VHD; 8VHE,IDH1,IDH1,HGNC:5382,Humans,DB01727; DB03461; DB13874; DB14568; DB16267; DB17097
1260,"Thymidine kinase, cytosolic",TK1,339709.0,K02581,P04183,KITH_HUMAN,1W4R; 1XBT; 2ORV; 2WVJ,TK1,TK1,HGNC:11830,Humans,DB00125; DB00249; DB00299; DB01643; DB01692; DB02256; DB02324; DB02452; DB02495; DB02500; DB02765; DB02921; DB03000; DB03280; DB03312; DB03804; DB04139; DB04438; DB04485; DB05119; DB13421
1262,Adenylate kinase isoenzyme 1,AK1,178322.0,J04809,P00568,KAD1_HUMAN,1Z83; 2C95; 7DE3; 7X7S; 8X1G,AK1,AK1,HGNC:361,Humans,DB01717
1264,Sulfotransferase 2B1,SULT2B1,1923291.0,U92314,O00204,ST2B1_HUMAN,1Q1Q; 1Q1Z; 1Q20; 1Q22,SULT2B1,SULT2B1,HGNC:11459,Humans,DB01812; DB02789; DB03309
1273,Protein-glutamine gamma-glutamyltransferase E,TGM3,307504.0,L10386,Q08188,TGM3_HUMAN,1L9M; 1L9N; 1NUD; 1NUF; 1NUG; 8OXV; 8OXW; 8OXX; 8OXY; 8RMX; 8RMY,TGM3,TGM3,HGNC:11779,Humans,DB01864; DB01972; DB03152; DB04315
1277,Serine/threonine-protein kinase pim-1,PIM1,387022.0,M27903,P11309,PIM1_HUMAN,1XQZ; 1XR1; 1XWS; 1YHS; 1YI3; 1YI4; 1YWV; 1YXS; 1YXT; 1YXU; 1YXV; 1YXX; 2BIK; 2BIL; 2BZH; 2BZI; 2BZJ; 2BZK; 2C3I; 2J2I; 2O3P; 2O63; 2O64; 2O65; 2OBJ; 2OI4; 2XIX; 2XIY; 2XIZ; 2XJ0; 2XJ1; 2XJ2; 3A99; 3BGP; 3BGQ; 3BGZ; 3BWF; 3C4E; 3CXW; 3CY2; 3CY3; 3DCV; 3F2A; 3JPV; 3JXW; 3JY0; 3JYA; 3MA3; 3QF9; 3R00; 3R01; 3R02; 3R04; 3T9I; 3UIX; 3UMW; 3UMX; 3VBQ; 3VBT; 3VBV; 3VBW; 3VBX; 3VBY; 3VC4; 3WE8; 4A7C; 4ALU; 4ALV; 4ALW; 4AS0; 4BZN; 4BZO; 4DTK; 4ENX; 4ENY; 4GW8; 4I41; 4IAA; 4JX3; 4JX7; 4K0Y; 4K18; 4K1B; 4LL5; 4LM5; 4LMU; 4MBI; 4MBL; 4MTA; 4N6Y; 4N6Z; 4N70; 4RBL; 4RC2; 4RC3; 4RC4; 4RPV; 4TY1; 4WRS; 4WSY; 4WT6; 4XH6; 4XHK; 5C1Q; 5DGZ; 5DHJ; 5DIA; 5DWR; 5EOL; 5IIS; 5IPJ; 5KCX; 5KGD; 5KGE; 5KGG; 5KGI; 5KGK; 5KZI; 5MZL; 5N4N; 5N4O; 5N4R; 5N4U; 5N4V; 5N4X; 5N4Y; 5N4Z; 5N50; 5N51; 5N52; 5N5L; 5N5M; 5NDT; 5O11; 5O12; 5O13; 5TEL; 5TEX; 5TOE; 5TUR; 5V80; 5V82; 5VUA; 5VUB; 5VUC; 6AYD; 6BSK; 6KZI; 6L11; 6L12; 6L13; 6L14; 6L15; 6L16; 6L17; 6MT0; 6NO8; 6NO9; 6PCW; 6PDI; 6PDN; 6PDO; 6PDP; 6QXK; 6VRU; 6VRV; 6YKD; 7OOV; 7OOW; 7OOX; 7QB2; 7QFM; 7VSY; 7XSV; 7Z6U; 7ZUN; 8AFR; 8R0H; 8R0Q; 8R0W; 8R0Y; 8R10; 8R18; 8R1K; 8R1N; 8R1P; 8R1T; 8R1W; 8R25; 8R27,PIM1,PIM1,HGNC:8986,Humans,DB01754; DB02010; DB02656; DB03366; DB03650; DB03777; DB04216; DB04395; DB04522; DB04530; DB04715; DB07151; DB07242; DB07524; DB08022; DB08166; DB08230; DB08705; DB08707; DB08708; DB08709; DB12010
1284,Tyrosine-protein kinase BTK,BTK,312467.0,X58957,Q06187,BTK_HUMAN,1AWW; 1AWX; 1B55; 1BTK; 1BWN; 1K2P; 1QLY; 2GE9; 2Z0P; 3GEN; 3K54; 3OCS; 3OCT; 3P08; 3PIX; 3PIY; 3PIZ; 3PJ1; 3PJ2; 3PJ3; 4NWM; 4OT5; 4OT6; 4OTF; 4OTQ; 4OTR; 4RFY; 4RFZ; 4RG0; 4RX5; 4YHF; 4Z3V; 4ZLY; 4ZLZ; 5BPY; 5BQ0; 5FBN; 5FBO; 5J87; 5JRS; 5KUP; 5P9F; 5P9G; 5P9H; 5P9I; 5P9J; 5P9K; 5P9L; 5P9M; 5T18; 5U9D; 5VFI; 5VGO; 5XYZ; 5ZZ4; 6AUA; 6AUB; 6BIK; 6BKE; 6BKH; 6BKW; 6BLN; 6DI0; 6DI1; 6DI3; 6DI5; 6DI9; 6E4F; 6EP9; 6HRP; 6HRT; 6HTF; 6J6M; 6N9P; 6NFH; 6NFI; 6NZM; 6O8I; 6OMU; 6S90; 6TFP; 6TSE; 6TT2; 6TUH; 6TVN; 6VXQ; 6W06; 6W07; 6W7O; 6W8I; 6X3N; 6X3O; 6X3P; 6XE4; 6YYF; 6YYG; 6YYK; 7KXL; 7KXM; 7KXN; 7KXO; 7KXP; 7KXQ; 7L5O; 7L5P; 7LTY; 7LTZ; 7N4Q; 7N4R; 7N4S; 7N5O; 7N5R; 7N5X; 7N5Y; 7R60; 7R61; 7YC9; 8DSO; 8E2M; 8EJB; 8FLG; 8FLH; 8FLL; 8FLN; 8FLV; 8GC7; 8GC8; 8TU3; 8TU4; 8TU5; 8U2D; 8U2E; 8YVV,BTK,BTK,HGNC:1133,Humans,DB01254; DB01863; DB05204; DB09053; DB11703; DB11764; DB12010; DB14785; DB14924; DB15035; DB15170; DB15227; DB15291; DB15327; DB15347; DB16272; DB16299; DB16657; DB16852; DB17472; DB17709; DB18632; DB18715; DB18866; DB19179
1312,Tyrosine-protein kinase ZAP-70,ZAP70,,L05148,P43403,ZAP70_HUMAN,1FBV; 1M61; 1U59; 2CBL; 2OQ1; 2OZO; 2Y1N; 3ZNI; 4A4B; 4A4C; 4K2R; 4XZ0; 4XZ1; 5O76; 7SIY,ZAP70,ZAP70,HGNC:12858,Humans,DB02010; DB12010
1315,"Phosphatidylinositol 4,5-bisphosphate 3-kinase catalytic subunit gamma isoform",PIK3CG,1507822.0,X83368,P48736,PK3CG_HUMAN,1E8Y; 1E8Z; 1HE8; 2A4Z; 2A5U; 2CHW; 2CHX; 2CHZ; 2V4L; 3APC; 3APD; 3APF; 3CSF; 3CST; 3DBS; 3DPD; 3ENE; 3IBE; 3L08; 3L13; 3L16; 3L17; 3L54; 3LJ3; 3MJW; 3ML8; 3ML9; 3NZS; 3NZU; 3OAW; 3P2B; 3PRE; 3PRZ; 3PS6; 3QAQ; 3QAR; 3QJZ; 3QK0; 3R7Q; 3R7R; 3S2A; 3SD5; 3T8M; 3TJP; 3TL5; 3ZVV; 3ZW3; 4ANU; 4ANV; 4ANW; 4ANX; 4AOF; 4DK5; 4EZJ; 4EZK; 4EZL; 4F1S; 4FA6; 4FAD; 4FHJ; 4FHK; 4FJY; 4FJZ; 4FLH; 4FUL; 4G11; 4GB9; 4HLE; 4HVB; 4J6I; 4KZ0; 4KZC; 4PS3; 4PS7; 4PS8; 4URK; 4WWN; 4WWO; 4WWP; 4XX5; 4XZ4; 5EDS; 5G2N; 5G55; 5JHA; 5JHB; 5KAE; 5OQ4; 5T23; 6AUD; 6C1S; 6FH5; 6GQ7; 6T3B; 6T3C; 6XRL; 6XRM; 6XRN; 7JWE; 7JWZ; 7JX0; 7KKE; 7MEZ; 7Z61; 8DP0; 8SC8; 9GG9,PIK3CG,PIK3CG,HGNC:8978,Humans,DB02010; DB02375; DB02656; DB04216; DB04769; DB05210; DB05241; DB05552; DB06486; DB06641; DB06831; DB06836; DB07073; DB07335; DB07503; DB08052; DB08059; DB08300; DB11651; DB11663; DB11666; DB11772; DB11891; DB11896; DB11952; DB11962; DB11974; DB12010; DB12108; DB12146; DB12180; DB12400; DB12483; DB12601; DB12703; DB12904; DB12986; DB13051; DB14846; DB15029; DB15186; DB15275; DB16296; DB17046; DB17047
1316,Tyrosine-protein kinase SYK,SYK,496900.0,Z29630,P43405,KSYK_HUMAN,1A81; 1CSY; 1CSZ; 1XBA; 1XBB; 1XBC; 3BUW; 3EMG; 3FQE; 3FQH; 3FQS; 3SRV; 3TUB; 3TUC; 3TUD; 3VF8; 3VF9; 4DFL; 4DFN; 4F4P; 4FL1; 4FL2; 4FL3; 4FYN; 4FYO; 4FZ6; 4FZ7; 4GFG; 4I0R; 4I0S; 4I0T; 4PUZ; 4PV0; 4PX6; 4RSS; 4RX7; 4RX8; 4RX9; 4WNM; 4XG2; 4XG3; 4XG4; 4XG6; 4XG7; 4XG8; 4XG9; 4YJO; 4YJP; 4YJQ; 4YJR; 4YJS; 4YJT; 4YJU; 4YJV; 5C26; 5C27; 5CXH; 5CXZ; 5CY3; 5GHV; 5LMA; 5LMB; 5T68; 5TIU; 5TR6; 5TT7; 5Y5T; 5Y5U; 6HM6; 6HM7; 6SSB; 6VOV; 6ZC0; 6ZCP; 6ZCQ; 6ZCR; 6ZCS; 6ZCU; 6ZCX; 6ZCY; 7Q5T; 7Q5U; 7Q5W; 7Q63; 7SA7; 8BI2; 8RRQ; 8RRZ; 8WYW; 8X5K; 8XQ0; 8XQ1; 8XQ2,SYK,SYK,HGNC:11491,Humans,DB02010; DB06252; DB06316; DB06834; DB07159; DB07194; DB08361; DB08846; DB12010; DB12121; DB14770; DB15499; DB15670; DB16849; DB18725
1317,"Acetyl-CoA acetyltransferase, cytosolic",ACAT2,546901.0,S70154,Q9BWD1,THIC_HUMAN,1WL4; 1WL5,ACAT2,ACAT2,HGNC:94,Humans,DB01915; DB01992
1341,Tyrosine-protein kinase ITK/TSK,ITK,399658.0,D13720,Q08881,ITK_HUMAN,1SM2; 1SNU; 1SNX; 2E6I; 2LMJ; 2YUQ; 3MIY; 3MJ1; 3MJ2; 3QGW; 3QGY; 3T9T; 3V5J; 3V5L; 3V8T; 3V8W; 4HCT; 4HCU; 4HCV; 4KIO; 4L7S; 4M0Y; 4M0Z; 4M12; 4M13; 4M14; 4M15; 4MF0; 4MF1; 4PP9; 4PPA; 4PPB; 4PPC; 4PQN; 4QD6; 4RFM,ITK,ITK,HGNC:6171,Humans,DB02010; DB06589; DB12010; DB14924; DB15035
1356,Tyrosine-protein kinase CSK,CSK,30315.0,X60114,P41240,CSK_HUMAN,1BYG; 1CSK; 3D7T; 3D7U; 3EAC; 3EAZ,CSK,CSK,HGNC:2444,Humans,DB01254; DB02010; DB05075; DB12010
1373,MAP kinase-activated protein kinase 2,MAPKAPK2,530090.0,U12779,P49137,MAPK2_HUMAN,1KWP; 1NXK; 1NY3; 2JBO; 2JBP; 2OKR; 2ONL; 2OZA; 2P3G; 2PZY; 3A2C; 3FPM; 3FYJ; 3FYK; 3GOK; 3KA0; 3KC3; 3KGA; 3M2W; 3M42; 3R2B; 3R2Y; 3R30; 3WI6; 4TYH; 6T8X; 6TCA; 7NRY; 8XU4; 8XX1,MAPKAPK2,MAPKAPK2,HGNC:6887,Humans,DB02010; DB07234; DB07406; DB07430; DB07431; DB07728; DB08358; DB16502; DB17277
1376,GMP reductase 1,GMPR,529232.0,L35304,P36959,GMPR1_HUMAN,2BLE; 2BWG,GMPR,GMPR,HGNC:4376,Humans,DB01972
1385,Protein kinase C theta type,PRKCQ,558099.0,L01087,Q04759,KPCT_HUMAN,1XJD; 2ENJ; 2ENN; 2ENZ; 2JED; 4Q9Z; 4RA5; 5F9E,PRKCQ,PRKCQ,HGNC:9410,Humans,DB02010; DB02482; DB04522; DB12010; DB12369
1424,Tyrosine-protein kinase HCK,HCK,306832.0,M16591,P08631,HCK_HUMAN,1AD5; 1BU1; 1QCF; 2C0I; 2C0O; 2C0T; 2HCK; 2HK5; 2OI3; 2OJ2; 3HCK; 3NHN; 3RBB; 3REA; 3REB; 3VRY; 3VRZ; 3VS0; 3VS1; 3VS2; 3VS3; 3VS4; 3VS5; 3VS6; 3VS7; 4HCK; 4LUD; 4LUE; 4ORZ; 4U5W; 5H09; 5H0B; 5H0E; 5H0G; 5H0H; 5HCK; 5NUH; 5ZJ6; 8F2P; 9BYJ,HCK,HCK,HGNC:4840,Humans,DB01809; DB01962; DB03044; DB04216; DB06616; DB08052; DB12010
1447,Serine/threonine-protein phosphatase PP1-gamma catalytic subunit,PPP1CC,402778.0,X74008,P36873,PP1G_HUMAN,1IT6; 1JK7; 1U32; 2BCD; 2BDX; 4UT2; 4UT3; 5INB; 5J28; 7SD0; 8B5R,PPP1CC,PPP1CC,HGNC:9283,Humans,DB02169; DB02860; DB04738; DB06757
1466,Lanosterol synthase,LSS,951314.0,U22526,P48449,LSS_HUMAN,1W6J; 1W6K,LSS,LSS,HGNC:6708,Humans,DB02016; DB03696
1480,Uridine-cytidine kinase 2,UCK2,1655420.0,D78335,Q9BZX2,UCK2_HUMAN,1UDW; 1UEI; 1UEJ; 1UFQ; 1UJ2; 1XRJ; 6N53; 6N54; 6N55; 6PWZ; 7SQL,UCK2,UCK2,HGNC:12562,Humans,DB02097; DB02431; DB03403; DB04005
1541,Heparan sulfate glucosamine 3-O-sulfotransferase 3A1,HS3ST3A1,4835723.0,AF105376,Q9Y663,HS3SA_HUMAN,1T8T; 1T8U; 6XKG; 6XL8,HS3ST3A1,HS3ST3A1,HGNC:5196,Humans,DB01812; DB02264; DB03959; DB03981
1627,Inositol-trisphosphate 3-kinase A,ITPKA,32105.0,X54938,P23677,IP3KA_HUMAN,1W2C; 1W2D; 1W2F; 4UPU; 8PP8; 8PP9; 8PPA; 8PPB; 8PPC; 8PPD; 8PPE; 8PPF; 8PPG; 8PPH; 8PPI; 8PPJ,ITPKA,ITPKA,HGNC:6178,Humans,DB01863; DB03401; DB04395
1680,Leukotriene A-4 hydrolase,LTA4H,976396.0,U27293,P09960,LKHA4_HUMAN,1GW6; 1H19; 1HS6; 1SQM; 2R59; 2VJ8; 3B7R; 3B7S; 3B7T; 3B7U; 3CHO; 3CHP; 3CHQ; 3CHR; 3CHS; 3FH5; 3FH7; 3FH8; 3FHE; 3FTS; 3FTU; 3FTV; 3FTW; 3FTX; 3FTY; 3FTZ; 3FU0; 3FU3; 3FU5; 3FU6; 3FUD; 3FUE; 3FUF; 3FUH; 3FUI; 3FUJ; 3FUK; 3FUL; 3FUM; 3FUN; 3U9W; 4DPR; 4L2L; 4MKT; 4MS6; 4R7L; 4RSY; 4RVB; 5AEN; 5BPP; 5FWQ; 5N3W; 5NI2; 5NI4; 5NI6; 5NIA; 5NID; 5NIE; 6ENB; 6ENC; 6END; 6O5H; 7AUZ; 7AV0; 7AV1; 7AV2; 7KZE; 7LLQ; 8AVA; 8AWH; 8QOW; 8QPN; 8QQ4; 8RX3; 8RX7; 8RX9; 8TWX,LTA4H,LTA4H,HGNC:6710,Humans,DB01197; DB02062; DB02352; DB03366; DB03424; DB05177; DB06828; DB06851; DB06917; DB07094; DB07099; DB07102; DB07104; DB07196; DB07237; DB07258; DB07259; DB07260; DB07292; DB08040; DB08466; DB11781; DB14511; DB15385
1687,Bis(5'-adenosyl)-triphosphatase,FHIT,1203836.0,U46922,P49789,FHIT_HUMAN,1FHI; 1FIT; 2FHI; 2FIT; 3FIT; 4FIT; 5FIT; 6FIT; 7P8P,FHIT,FHIT,HGNC:3701,Humans,DB02373; DB04173; DB04389
1705,M-phase inducer phosphatase 2,CDC25B,180173.0,M81934,P30305,MPIP2_HUMAN,1CWR; 1CWS; 1CWT; 1QB0; 1YM9; 1YMD; 1YMK; 1YML; 1YS0; 2A2K; 2IFD; 2IFV; 2UZQ; 3FQT; 3FQU; 4WH7; 4WH9,CDC25B,CDC25B,HGNC:1726,Humans,DB01915; DB03345; DB03661
1739,Serine protease 1,PRSS1,521216.0,M22612,P07477,TRY1_HUMAN,1FXY; 1TRN; 2RA3; 4WWY; 4WXV; 7QE8; 7QE9; 8H3S,PRSS1,PRSS1,HGNC:9475,Humans,DB00188; DB01665; DB01705; DB01725; DB01737; DB01741; DB01745; DB01767; DB01771; DB01805; DB01836; DB01876; DB01905; DB01939; DB02045; DB02063; DB02081; DB02084; DB02112; DB02269; DB02287; DB02288; DB02354; DB02366; DB02435; DB02463; DB02464; DB02526; DB02665; DB02744; DB02812; DB02875; DB02989; DB03016; DB03081; DB03127; DB03136; DB03159; DB03173; DB03213; DB03243; DB03251; DB03337; DB03373; DB03374; DB03417; DB03443; DB03555; DB03595; DB03608; DB03643; DB03865; DB03876; DB03976; DB04008; DB04107; DB04125; DB04215; DB04238; DB04246; DB04269; DB04301; DB04311; DB04325; DB04336; DB04391; DB04410; DB04424; DB04432; DB04442; DB04446; DB04470; DB04563; DB04654; DB04790; DB04791; DB04792; DB04793; DB05481; DB06692; DB06840; DB06845; DB06850; DB06853; DB06855; DB06858; DB06918; DB06923; DB07088; DB07091; DB07095; DB07131; DB07229; DB07368; DB07491; DB07985; DB08184; DB08254; DB08420; DB08763; DB12038; DB12598; DB13616; DB13729; DB19749
1745,"Medium-chain specific acyl-CoA dehydrogenase, mitochondrial",ACADM,187433.0,M91432,P11310,ACADM_HUMAN,1EGC; 1EGD; 1EGE; 1T9G; 2A1T; 4P13; 8SGP,ACADM,ACADM,HGNC:89,Humans,DB02910; DB03147; DB03415
1776,Death-associated protein kinase 1,DAPK1,2094873.0,X76104,P53355,DAPK1_HUMAN,1IG1; 1JKK; 1JKL; 1JKS; 1JKT; 1P4F; 1WVW; 1WVX; 1WVY; 1YR5; 2W4J; 2W4K; 2X0G; 2XUU; 2XZS; 2Y0A; 2Y4P; 2Y4V; 2YAK; 3DFC; 3DGK; 3EH9; 3EHA; 3F5G; 3F5U; 3GU4; 3GU5; 3GU6; 3GU7; 3GU8; 3GUB; 3ZXT; 4B4L; 4PF4; 4TL0; 4TXC; 4UV0; 4YO4; 4YPD; 5AUT; 5AUU; 5AUV; 5AUW; 5AUX; 5AUY; 5AUZ; 5AV0; 5AV1; 5AV2; 5AV3; 5AV4; 6AAR; 6FHA; 6FHB; 6GY5; 6IN4; 6QMO; 6QN4; 7CCU; 7CCV; 7CCW; 8IE5; 8IE6; 8IE7; 8IE8; 8ODZ; 8OE0; 8OE4; 8PB1; 9DUB; 9DUE; 9INV; 9INW; 9INX; 9MIU,DAPK1,DAPK1,HGNC:2674,Humans,DB04069; DB04395; DB07444; DB12010
1809,Nicotinamide/nicotinic acid mononucleotide adenylyltransferase 1,NMNAT1,11245478.0,AF314163,Q9HAN9,NMNA1_HUMAN,1GZU; 1KKU; 1KQN; 1KQO; 1KR2; 8QE8,NMNAT1,NMNAT1,HGNC:17877,Humans,DB03227; DB04099
1824,Dual specificity protein kinase CLK1,CLK1,632964.0,L29219,P49759,CLK1_HUMAN,1Z57; 2VAG; 5J1V; 5J1W; 5X8I; 6FT8; 6FT9; 6FYO; 6G33; 6I5H; 6I5I; 6I5K; 6I5L; 6KHD; 6Q8K; 6Q8P; 6QTY; 6R3D; 6R6E; 6R6X; 6R8J; 6RAA; 6TW2; 6YTA; 6YTD; 6YTE; 6YTG; 6YTI; 6Z4Z; 6Z50; 6ZLN; 7AK3; 7O9Y; 7OA0; 7OPG; 8P04; 8P08; 8UWN,CLK1,CLK1,HGNC:2068,Humans,DB04367; DB06376; DB08691; DB12010
1825,"Hydroxyacylglutathione hydrolase, mitochondrial",HAGH,1237213.0,X90999,Q16775,GLO2_HUMAN,1QH3; 1QH5,HAGH,HAGH,HGNC:4805,Humans,DB00143; DB03889
1832,Nicotinamide/nicotinic acid mononucleotide adenylyltransferase 3,NMNAT3,14029540.0,AF345564,Q96T66,NMNA3_HUMAN,1NUP; 1NUQ; 1NUR; 1NUS; 1NUT; 1NUU,NMNAT3,NMNAT3,HGNC:20989,Humans,DB02596; DB03227; DB04099
1872,Galactosylgalactosylxylosylprotein 3-beta-glucuronosyltransferase 3,B3GAT3,3892640.0,AB009598,O94766,B3GA3_HUMAN,1FGG; 1KWS; 3CU0,B3GAT3,B3GAT3,HGNC:923,Humans,DB03041; DB03435
1913,Cyclin-dependent kinase 7,CDK7,485909.0,X79193,P50613,CDK7_HUMAN,1UA2; 6O9L; 6XBZ; 6XD3; 7B5O; 7B5Q; 7EGB; 7EGC; 7ENA; 7ENC; 7LBM; 7NVR; 8BVW; 8BYQ; 8GXQ; 8GXS; 8ORM; 8P4Z; 8P6V; 8P6W; 8P6X; 8P6Y; 8P6Z; 8P70; 8P71; 8P72; 8P73; 8P74; 8P75; 8P76; 8P77; 8P78; 8P79; 8P7L; 8PLZ; 8PYR; 8R99; 8R9A; 8R9B; 8R9O; 8R9S; 8R9U; 8S0R; 8S0T,CDK7,CDK7,HGNC:1778,Humans,DB02482; DB03496; DB05969; DB06195; DB08094; DB15442; DB16061; DB21454
1921,"Glutaryl-CoA dehydrogenase, mitochondrial",GCDH,1549327.0,U69141,Q92947,GCDH_HUMAN,1SIQ; 1SIR; 2R0M; 2R0N,GCDH,GCDH,HGNC:4189,Humans,DB03147; DB03245
1935,"ADP-ribose pyrophosphatase, mitochondrial",NUDT9,14160858.0,AY026252,Q9BW91,NUDT9_HUMAN,1Q33; 1QVJ,NUDT9,NUDT9,HGNC:8056,Humans,DB02379; DB04352
1979,"Thioredoxin reductase 1, cytoplasmic",TXNRD1,1237038.0,X91247,Q16881,TRXR1_HUMAN,2CFY; 2J3N; 2ZZ0; 2ZZB; 2ZZC; 3QFA; 3QFB; 7X1R,TXNRD1,TXNRD1,HGNC:12437,Humans,DB01169; DB02338; DB03147; DB03566; DB04106; DB05428; DB05448
2089,Catechol O-methyltransferase,COMT,180920.0,M65212,P21964,COMT_HUMAN,3A7E; 3BWM; 3BWY; 4PYI; 4PYJ; 4PYK; 4XUC; 4XUD; 4XUE; 5LSA; 6I3C; 6I3D,COMT,COMT,HGNC:2228,Humans,DB00118; DB00323; DB00494; DB02105; DB02342; DB03336; DB03907; DB04820; DB07462; DB08049; DB11632; DB14849; DB20402
2112,Plasma serine protease inhibitor,SERPINA5,180550.0,J02639,P05154,IPSP_HUMAN,1LQ8; 2HI9; 2OL2; 3DY0,SERPINA5,SERPINA5,HGNC:8723,Humans,DB00013; DB00055; DB05413; DB05961; DB12635
2128,Serine protease hepsin,HPN,306886.0,M18930,P05981,HEPS_HUMAN,1O5E; 1O5F; 1P57; 1Z8G; 3T2N; 5CE1,HPN,HPN,HGNC:5155,Humans,DB00522; DB03297; DB03643; DB03865
2166,Alanine aminotransferase 2,GPT2,19046894.0,AY029173,Q8TD30,ALAT2_HUMAN,3IHJ,GPT2,GPT2,HGNC:18062,Humans,DB00114; DB00142; DB00160; DB00780
2171,O-phosphoseryl-tRNA(Sec) selenium transferase,SEPSECS,7652498.0,AF146396,Q9HD40,SPCS_HUMAN,3HL2; 4ZDL; 4ZDO; 4ZDP; 7L1T; 7MDL; 8G9Z,SEPSECS,SEPSECS,HGNC:30605,Humans,DB00114
2175,Cyanocobalamin reductase / alkylcobalamin dealkylase,MMACHC,52545527.0,AL080062,Q9Y4U1,MMAC_HUMAN,3SBY; 3SBZ; 3SC0; 3SOM; 5UOS; 7WUZ,MMACHC,MMACHC,HGNC:24525,Humans,DB00115; DB00200
2176,Methylenetetrahydrofolate reductase (NADPH),MTHFR,6139053.0,U09806,P42898,MTHR_HUMAN,6FCX; 8QA4; 8QA5; 8QA6,MTHFR,MTHFR,HGNC:7436,Humans,DB00115; DB00116
2189,Glutathione S-transferase A2,GSTA2,306811.0,M16594,P09210,GSTA2_HUMAN,1AGS; 2VCT; 2WJU; 4ACS,GSTA2,GSTA2,HGNC:4627,Humans,DB00143; DB00608
2195,Multifunctional procollagen lysine hydroxylase and glycosyltransferase LH3,PLOD3,3153235.0,AF046889,O60568,PLOD3_HUMAN,6FXK; 6FXM; 6FXR; 6FXT; 6FXX; 6FXY; 6TE3; 6TEC; 6TES; 6TEU; 6TEX; 6TEZ; 6WFV; 8ONE,PLOD3,PLOD3,HGNC:9083,Humans,DB00126
2196,Amine oxidase [flavin-containing] B,MAOB,398415.0,S62734,P27338,AOFB_HUMAN,1GOS; 1OJ9; 1OJA; 1OJC; 1OJD; 1S2Q; 1S2Y; 1S3B; 1S3E; 2BK3; 2BK4; 2BK5; 2BYB; 2C64; 2C65; 2C66; 2C67; 2C70; 2C72; 2C73; 2C75; 2C76; 2V5Z; 2V60; 2V61; 2VRL; 2VRM; 2VZ2; 2XCG; 2XFN; 2XFO; 2XFP; 2XFQ; 2XFU; 3PO7; 3ZYX; 4A79; 4A7A; 4CRT; 5MRL; 6FVZ; 6FW0; 6FWC; 6RKB; 6RKP; 6RLE; 6YT2; 7B0V; 7B0Z; 7P4F; 7P4H; 7ZW3; 9FJT,MAOB,MAOB,HGNC:6834,Humans,DB00182; DB00191; DB00752; DB00780; DB00909; DB01037; DB01132; DB01171; DB01247; DB01299; DB01363; DB01367; DB01442; DB01472; DB01577; DB01626; DB02095; DB02211; DB02509; DB02643; DB03147; DB03560; DB03894; DB04147; DB04242; DB04307; DB04677; DB04769; DB04818; DB04820; DB04821; DB04832; DB06057; DB06654; DB07512; DB07513; DB07767; DB08082; DB08176; DB08480; DB08516; DB08653; DB09086; DB09185; DB09245; DB11268; DB12582; DB12664; DB13502; DB14914; DB16213; DB16446; DB18665; DB19525; DB19621; DB19878; DB21083
2198,Amine oxidase [flavin-containing] A,MAOA,187353.0,M68840,P21397,AOFA_HUMAN,2BXR; 2BXS; 2Z5X; 2Z5Y,MAOA,MAOA,HGNC:6833,Humans,DB00191; DB00752; DB00780; DB00805; DB00909; DB01037; DB01171; DB01247; DB01363; DB01381; DB01442; DB01472; DB01577; DB01626; DB03147; DB04017; DB04818; DB04820; DB04821; DB04832; DB04850; DB05205; DB07512; DB07641; DB07919; DB08653; DB09185; DB09241; DB09244; DB09245; DB12582; DB12664; DB13550; DB13876; DB14914; DB16213; DB18665; DB19939; DB20862
2204,Xanthine dehydrogenase/oxidase,XDH,10336525.0,D11456,P47989,XDH_HUMAN,2CKJ; 2E1Q,XDH,XDH,HGNC:12805,Humans,DB00437; DB00583; DB01250; DB01685; DB03147; DB03328; DB03516; DB03601; DB03841; DB04854; DB05262; DB11672; DB16101; DB16628; DB17283; DB18799
2207,Cyclin-dependent kinase 9,CDK9,493130.0,L25676,P50750,CDK9_HUMAN,3BLH; 3BLQ; 3BLR; 3LQ5; 3MI9; 3MIA; 3MY1; 3TN8; 3TNH; 3TNI; 4BCF; 4BCG; 4BCH; 4BCI; 4BCJ; 4EC8; 4EC9; 4IMY; 4OGR; 4OR5; 5L1Z; 6CYT; 6GZH; 6W9E; 6Z45; 7NWK; 8I0L; 8K5R,CDK9,CDK9,HGNC:1780,Humans,DB03496; DB05969; DB06195; DB07149; DB08178; DB08182; DB12021; DB12974; DB15425; DB15442; DB16656; DB17297; DB18104; DB18823; DB21530
2212,Cyclin-dependent kinase 6,CDK6,36623.0,X66365,Q00534,CDK6_HUMAN,1BI7; 1BI8; 1BLX; 1G3N; 1JOW; 1XO2; 2EUF; 2F2C; 3NUP; 3NUX; 4AUA; 4EZ5; 4TTH; 5L2I; 5L2S; 5L2T; 6OQL; 6OQO; 8I0M,CDK6,CDK6,HGNC:1777,Humans,DB03496; DB05676; DB07352; DB07379; DB07795; DB09073; DB11730; DB12001; DB15442; DB15581; DB16218; DB17383
2216,Cyclin-dependent kinase 4,CDK4,456427.0,M14505,P11802,CDK4_HUMAN,2W96; 2W99; 2W9F; 2W9Z; 3G33; 5FWK; 5FWL; 5FWM; 5FWP; 6P8E; 6P8F; 6P8G; 6P8H; 7SJ3,CDK4,CDK4,HGNC:1773,Humans,DB02733; DB03496; DB05608; DB05676; DB07126; DB08094; DB09073; DB11730; DB12001; DB12010; DB12686; DB12974; DB13035; DB15157; DB15442; DB16218; DB17383
2224,Cyclin-dependent kinase 8,CDK8,1000491.0,X85753,P49336,CDK8_HUMAN,3RGF; 4CRL; 4F6S; 4F6U; 4F6W; 4F70; 4F7J; 4F7L; 4F7N; 4F7S; 4G6L; 5BNJ; 5CEI; 5FGK; 5HBE; 5HBH; 5HBJ; 5HNB; 5HVY; 5I5Z; 5ICP; 5IDN; 5IDP; 5XQX; 5XS2; 6QTG; 6QTJ; 6R3S; 6T41; 6TPA; 6Y0A; 8TQ2; 8TQC; 8TQW; 9H8C; 9H8S,CDK8,CDK8,HGNC:1779,Humans,DB03496; DB18107
2225,Bifunctional phosphoribosylaminoimidazole carboxylase/phosphoribosylaminoimidazole succinocarboxamide synthetase,PAICS,28384.0,X53793,P22234,PUR6_HUMAN,2H31; 6YB8; 6YB9; 7ALE,PAICS,PAICS,HGNC:8587,Humans,DB00128
2228,Adenylosuccinate synthetase isozyme 2,ADSS2,415849.0,X66503,P30520,PURA2_HUMAN,2V40,ADSS2,ADSS,HGNC:292,Humans,DB00128; DB05540
2229,"Aspartate--tRNA ligase, mitochondrial",DARS2,56203852.0,AL109921,Q6PI48,SYDM_HUMAN,4AH6,DARS2,DARS2,HGNC:25538,Humans,DB00128
2240,Glutamine synthetase,GLUL,31833.0,Y00387,P15104,GLNA_HUMAN,2OJW; 2QC8; 7EVT; 8DNU,GLUL,GLUL,HGNC:4341,Humans,DB00130; DB00142; DB06757
2244,Glutamine-dependent NAD(+) synthetase,NADSYN1,28849201.0,AB091316,Q6IA69,NADE_HUMAN,6OFB,NADSYN1,NADSYN1,HGNC:29832,Humans,DB00142
2252,"Succinate dehydrogenase [ubiquinone] cytochrome b small subunit, mitochondrial",SDHD,2351037.0,AB006202,O14521,DHSD_HUMAN,8GS8,SDHD,SDHD,HGNC:10683,Humans,DB00756; DB04141; DB08689
2254,"Succinate dehydrogenase [ubiquinone] iron-sulfur subunit, mitochondrial",SDHB,665925.0,U17248,P21912,SDHB_HUMAN,7KCL; 7KCM; 7KLU; 7KLV; 8GS8,SDHB,SDHB,HGNC:10681,Humans,DB04141; DB08689
2256,"Succinyl-CoA:3-ketoacid coenzyme A transferase 1, mitochondrial",OXCT1,1519052.0,U62961,P55809,SCOT1_HUMAN,3DLX,OXCT1,OXCT1,HGNC:8527,Humans,DB02731
2257,"Succinate dehydrogenase cytochrome b560 subunit, mitochondrial",SDHC,1814226.0,U57877,Q99643,C560_HUMAN,8GS8,SDHC,SDHC,HGNC:10682,Humans,DB04141; DB08689
2265,N-acetyl-D-glucosamine kinase,NAGK,6491737.0,AJ242910,Q9UJ70,NAGK_HUMAN,2CH5; 2CH6,NAGK,NAGK,HGNC:17174,Humans,DB00141
2274,"N-acetylglutamate synthase, mitochondrial",NAGS,22651769.0,AY116537,Q8N159,NAGS_HUMAN,4K30,NAGS,NAGS,HGNC:17996,Humans,DB00142
2281,Glutathione S-transferase A1,GSTA1,306809.0,M15872,P08263,GSTA1_HUMAN,1GSD; 1GSE; 1GSF; 1GUH; 1K3L; 1K3O; 1K3Y; 1LBK; 1PKW; 1PKZ; 1PL1; 1PL2; 1USB; 1XWG; 1YDK; 2R3X; 2R6K; 3I69; 3I6A; 3IK9; 3KTL; 3L0H; 3Q74; 3U6V; 3ZFB; 3ZFL; 4HJ2; 5JCU; 5LCZ; 5LD0; 6ATO; 6ATP; 6ATQ; 6ATR; 6YAW; 7BIB; 7BIC; 8BHC; 8BHE,GSTA1,GSTA1,HGNC:4626,Humans,DB00143; DB01915; DB02486; DB02943; DB03003; DB03602; DB04132; DB13014
2283,S-formylglutathione hydrolase,ESD,182265.0,M13450,P10768,ESTD_HUMAN,3FCX,ESD,ESD,HGNC:3465,Humans,DB00143
2289,Glutathione peroxidase 7,GPX7,25990366.0,AF320068,Q96SL4,GPX7_HUMAN,2P31,GPX7,GPX7,HGNC:4559,Humans,DB00143
2290,Microsomal glutathione S-transferase 2,MGST2,1747521.0,U77604,Q99735,MGST2_HUMAN,6SSR; 6SSS; 6SSU; 6SSW,MGST2,MGST2,HGNC:7063,Humans,DB00143
2291,Glutathione S-transferase omega-2,GSTO2,37777744.0,AY350731,Q9H4Y5,GSTO2_HUMAN,3Q18; 3Q19; 3QAG,GSTO2,GSTO2,HGNC:23064,Humans,DB00143
2297,Diacylglycerol kinase delta,DGKD,22773821.0,AB078966,Q16760,DGKD_HUMAN,1R79; 3BQ7,DGKD,DGKD,HGNC:2851,Humans,DB00144
2311,"Tryptophan--tRNA ligase, mitochondrial",WARS2,6572289.0,AJ242739,Q9UGM6,SYWM_HUMAN,5EKD,WARS2,WARS2,HGNC:12730,Humans,DB00150
2318,"Alanine--tRNA ligase, mitochondrial",AARS2,6331226.0,AB033096,Q5JTZ9,SYAM_HUMAN,6NLQ; 6NLY; 6NOW,AARS2,AARS2,HGNC:21022,Humans,DB00160
2324,Diacylglycerol kinase alpha,DGKA,30823.0,X62535,P23743,DGKA_HUMAN,1TUZ; 6IIE,DGKA,DGKA,HGNC:2849,Humans,DB00163
2326,Serine/threonine-protein phosphatase 2A catalytic subunit alpha isoform,PPP2CA,36120.0,X12646,P67775,PP2AA_HUMAN,2IAE; 2IE3; 2IE4; 2NPP; 2NYL; 2NYM; 3C5W; 3DW8; 3FGA; 3K7V; 3K7W; 3P71; 4I5L; 4I5N; 4IYP; 4LAC; 4NY3; 5W0W; 6NTS; 7CUN; 7K36; 7PKS; 7SOY; 7YCX; 8RBX; 8RBZ; 8RC4; 8SO0; 8TTB; 8TWE; 8TWI; 8U1X; 8U89; 8UWB; 8YJB,PPP2CA,PPP2CA,HGNC:9299,Humans,DB00163; DB02506; DB06905; DB15412
2351,Guanylate kinase,GUK1,1196436.0,L76200,Q16774,KGUA_HUMAN,6NUI; 8PTS,GUK1,GUK1,HGNC:4693,Humans,DB01972
2364,NADPH--cytochrome P450 reductase,POR,247307.0,S90469,P16435,NCPR_HUMAN,1B1C; 3FJO; 3QE2; 3QFC; 3QFR; 3QFS; 3QFT; 5EMN; 5FA6,POR,POR,HGNC:9208,Humans,DB03147; DB03247; DB03461
2372,Protein farnesyltransferase subunit beta,FNTB,,L00635,P49356,FNTB_HUMAN,1JCQ; 1LD7; 1LD8; 1MZC; 1S63; 1SA4; 1TN6; 2F0Y; 2H6F; 2H6G; 2H6H; 2H6I; 2IEJ; 3E37,FNTB,FNTB,HGNC:3785,Humans,DB04893; DB04960; DB06448; DB06953; DB07216; DB07227; DB07771; DB07780; DB07841; DB07895; DB08674; DB08676; DB12234; DB18125
2373,Protein farnesyltransferase/geranylgeranyltransferase type-1 subunit alpha,FNTA,,L10413,P49354,FNTA_HUMAN,1JCQ; 1LD7; 1LD8; 1MZC; 1S63; 1SA4; 1TN6; 2F0Y; 2H6F; 2H6G; 2H6H; 2H6I; 2IEJ; 3E37,FNTA,FNTA,HGNC:3782,Humans,DB04893; DB04960; DB06448; DB06953; DB07216; DB07227; DB07771; DB07780; DB07841; DB07895; DB08180; DB08674; DB08676; DB12234; DB18125
2379,"Phosphatidylinositol 4,5-bisphosphate 3-kinase catalytic subunit alpha isoform",PIK3CA,,Z29090,P42336,PK3CA_HUMAN,2ENQ; 2RD0; 3HHM; 3HIZ; 3ZIM; 4JPS; 4L1B; 4L23; 4L2Y; 4OVU; 4OVV; 4TUU; 4TV3; 4WAF; 4YKN; 4ZOP; 5DXH; 5DXT; 5FI4; 5ITD; 5SW8; 5SWG; 5SWO; 5SWP; 5SWR; 5SWT; 5SX8; 5SX9; 5SXA; 5SXB; 5SXC; 5SXD; 5SXE; 5SXF; 5SXI; 5SXJ; 5SXK; 5UBR; 5UK8; 5UKJ; 5UL1; 5XGH; 5XGI; 5XGJ; 6GVF; 6GVG; 6GVH; 6GVI; 6NCT; 6OAC; 6PYS; 6VO7; 7JIU; 7K6M; 7K6N; 7K6O; 7K71; 7L1B; 7L1C; 7L1D; 7MLK; 7MYN; 7MYO; 7PG5; 7PG6; 7R9V; 7R9Y; 7RRG; 7TZ7; 8AM0; 8BFU; 8DCP; 8DCX; 8DD4; 8DD8; 8EXL; 8EXO; 8EXU; 8EXV; 8GUA; 8GUB; 8GUD; 8ILR; 8ILS; 8ILV; 8OW2; 8SBC; 8SBJ; 8TDU; 8TGD; 8TS7; 8TS8; 8TS9; 8TSA; 8TSB; 8TSC; 8TSD; 8TU6; 8TWY; 8V8H; 8V8I; 8V8J; 8V8U; 8V8V; 8VCL; 8W9A; 8W9B; 9ASF; 9ASG; 9B4S; 9B4T; 9C15; 9E8M,PIK3CA,PIK3CA,HGNC:8975,Humans,DB00171; DB00201; DB05241; DB08059; DB11666; DB11772; DB12015; DB12108; DB12167; DB12483; DB13051; DB14935; DB15275; DB21474
2383,Phosphatidylinositol 3-kinase regulatory subunit beta,PIK3R2,,X80907,O00459,P85B_HUMAN,2KT1; 2XS6; 3MTT; 3O5Z; 6OX7; 6U28; 7RCH; 7RNU,PIK3R2,PIK3R2,HGNC:8980,Humans,DB05210
2385,DNA-dependent protein kinase catalytic subunit,PRKDC,,U47077,P78527,PRKDC_HUMAN,5LUQ; 5W1R; 5Y3R; 6ZFP; 6ZH2; 6ZH4; 6ZH6; 6ZH8; 6ZHA; 6ZHE; 7K0Y; 7K10; 7K11; 7K19; 7K1B; 7K1J; 7K1K; 7K1N; 7LT3; 7NFC; 7NFE; 7OTM; 7OTP; 7OTV; 7OTW; 7OTY; 7SGL; 7SU3; 7SUD; 7TYR; 7Z87; 7Z88; 8BH3; 8BHV; 8BHY; 8BOT; 8EZ9; 8EZA; 8EZB; 8RD4,PRKDC,PRKDC,HGNC:9413,Humans,DB00201; DB05210; DB07453; DB08052; DB16252; DB16834; DB17047
2386,Serine/threonine-protein kinase mTOR,MTOR,,L34075,P42345,MTOR_HUMAN,1AUE; 1FAP; 1NSG; 2FAP; 2GAQ; 2NPU; 2RSE; 3FAP; 3JBZ; 4DRH; 4DRI; 4DRJ; 4FAP; 4JSN; 4JSP; 4JSV; 4JSX; 4JT5; 4JT6; 5FLC; 5GPG; 5H64; 5WBH; 5WBU; 5WBY; 5ZCS; 6BCU; 6BCX; 6M4U; 6M4W; 6SB0; 6SB2; 6ZWM; 6ZWO; 7EPD; 7OWG; 7PE7; 7PE8; 7PE9; 7PEA; 7PEB; 7PEC; 7TZO; 7UXC; 7UXH; 8ER6; 8ER7; 8ERA; 8PPZ; 8RCH; 8RCK; 8RCN; 9F44; 9F45,MTOR,FRAP1,HGNC:3942,Humans,DB00337; DB00877; DB01590; DB04974; DB05210; DB05241; DB05887; DB06233; DB06287; DB08052; DB11651; DB11836; DB11896; DB11925; DB11962; DB11974; DB11978; DB12010; DB12167; DB12180; DB12387; DB12400; DB12570; DB12681; DB12774; DB12843; DB12986; DB13062; DB13072; DB14846; DB18761; DB19085
2406,"Phosphatidylinositol 4,5-bisphosphate 3-kinase catalytic subunit delta isoform",PIK3CD,,Y10055,O00329,PK3CD_HUMAN,5DXU; 5M6U; 5T8F; 5UBT; 5VLR; 6G6W; 6OCO; 6OCU; 6PYR; 6PYU; 7JIS; 7LM2; 7LQ1; 8BCY; 8S3R; 9GCF; 9GDI,PIK3CD,PIK3CD,HGNC:8977,Humans,DB00201; DB05241; DB05552; DB06831; DB08059; DB09054; DB11666; DB11952; DB12010; DB12483; DB13051; DB14867; DB14989; DB15295; DB15407; DB16137; DB16217; DB16879
2408,Tyrosine-protein kinase JAK2,JAK2,,AF058925,O60674,JAK2_HUMAN,2B7A; 2W1I; 2XA4; 3E62; 3E63; 3E64; 3FUP; 3IO7; 3IOK; 3JY9; 3KCK; 3KRR; 3LPB; 3Q32; 3RVG; 3TJC; 3TJD; 3UGC; 3ZMM; 4AQC; 4BBE; 4BBF; 4C61; 4C62; 4D0W; 4D0X; 4D1S; 4E4M; 4E6D; 4E6Q; 4F08; 4F09; 4FVP; 4FVQ; 4FVR; 4GFM; 4GMY; 4HGE; 4IVA; 4JI9; 4JIA; 4P7E; 4YTC; 4YTF; 4YTH; 4YTI; 4Z32; 4ZIM; 5AEP; 5CF4; 5CF5; 5CF6; 5CF8; 5HEZ; 5I4N; 5L3A; 5TQ3; 5TQ4; 5TQ5; 5TQ6; 5TQ7; 5TQ8; 5USY; 5USZ; 5UT0; 5UT1; 5UT2; 5UT3; 5UT4; 5UT5; 5UT6; 5WEV; 5WIJ; 5WIK; 5WIL; 5WIM; 5WIN; 6AAJ; 6BBV; 6BRW; 6BS0; 6BSS; 6D2I; 6DRW; 6E2P; 6E2Q; 6G3C; 6M9H; 6OAV; 6OBB; 6OBF; 6OBL; 6OCC; 6TPD; 6VGL; 6VN8; 6VNB; 6VNC; 6VNE; 6VNF; 6VNG; 6VNH; 6VNI; 6VNJ; 6VNK; 6VNL; 6VNM; 6VS3; 6VSN; 6WTN; 6WTO; 6WTP; 6WTQ; 6X8E; 6XJK; 7F7W; 7JYO; 7JYQ; 7LL4; 7LL5; 7Q7I; 7Q7K; 7Q7L; 7Q7W; 7REE; 7RN6; 7SZW; 7T0P; 7T1T; 7TEU; 7UYW; 8B8N; 8B8U; 8B99; 8B9E; 8B9H; 8BA2; 8BA3; 8BA4; 8BAB; 8BAK; 8BM2; 8BPV; 8BPW; 8BX6; 8BX9; 8BXC; 8BXH; 8C08; 8C09; 8C0A; 8CZ9; 8EX0; 8EX1; 8EX2; 8EXK; 8EYA; 8EYB; 8F88; 8G6Z; 8G8O; 8G8X,JAK2,JAK2,HGNC:6192,Humans,DB04716; DB05243; DB07161; DB07162; DB08067; DB08877; DB08895; DB11697; DB11763; DB11817; DB11986; DB12010; DB12154; DB12500; DB12535; DB12588; DB12591; DB12645; DB12784; DB13040; DB13245; DB14973; DB15035; DB15294; DB15499; DB15822; DB16133; DB18847; DB19190
2409,Platelet-activating factor acetylhydrolase,PLA2G7,,U20157,Q13093,PAFA_HUMAN,3D59; 3D5E; 3F96; 3F97; 3F98; 3F9C; 5I8P; 5I9I; 5JAD; 5JAH; 5JAL; 5JAN; 5JAO; 5JAP; 5JAR; 5JAS; 5JAT; 5JAU; 5LP1; 5LYY; 5LZ2; 5LZ4; 5LZ5; 5LZ7; 5LZ8; 5LZ9; 5YE7; 5YE8; 5YE9; 5YEA; 6M06; 6M07; 6M08,PLA2G7,PLA2G7,HGNC:9040,Humans,DB05119; DB07821; DB20736
2411,Proto-oncogene tyrosine-protein kinase receptor Ret,RET,,X12949,P07949,RET_HUMAN,2IVS; 2IVT; 2IVU; 2IVV; 2X2K; 2X2L; 2X2M; 2X2U; 4CKI; 4CKJ; 4UX8; 5AMN; 5FM2; 5FM3; 6FEK; 6GL7; 6I82; 6I83; 6NE7; 6NEC; 6NJA; 6Q2J; 6Q2N; 6Q2O; 6Q2R; 6Q2S; 6VHG; 7DU8; 7DU9; 7DUA; 7JU5; 7JU6; 7NZN; 7RUN,RET,RET,HGNC:9967,Humans,DB00398; DB00619; DB01809; DB05014; DB05294; DB05332; DB06436; DB07159; DB08875; DB08896; DB08901; DB09078; DB12010; DB12147; DB12742; DB15036; DB15068; DB15685; DB15822; DB21491
2413,Nicotinamide phosphoribosyltransferase,NAMPT,,U02020,P43490,NAMPT_HUMAN,2E5B; 2E5C; 2E5D; 2GVG; 2GVJ; 3DGR; 3DHD; 3DHF; 3DKJ; 3DKL; 4JNM; 4JR5; 4KFN; 4KFO; 4KFP; 4L4L; 4L4M; 4LTS; 4LV9; 4LVA; 4LVB; 4LVD; 4LVF; 4LVG; 4LWW; 4M6P; 4M6Q; 4N9B; 4N9C; 4N9D; 4N9E; 4O0Z; 4O10; 4O12; 4O13; 4O14; 4O15; 4O16; 4O17; 4O18; 4O19; 4O1A; 4O1B; 4O1C; 4O1D; 4O28; 4WQ6; 5KIT; 5LX3; 5LX5; 5NSD; 5U2M; 5U2N; 5UPE; 5UPF; 5WI0; 5WI1; 6ATB; 6AZJ; 6B75; 6B76; 6E68; 6PEB; 6TA0; 6TA2; 6TAC; 7ENQ; 7PPE; 7PPF; 7PPG; 7PPH; 7PPI; 8DSC; 8DSD; 8DSE; 8DSH; 8DSI; 8DSM; 8DTJ; 8F7L; 8IVU; 8TM7; 8Y55,NAMPT,NAMPT,HGNC:30092,Humans,DB05217; DB12731; DB12980
2417,Protein kinase C delta type,PRKCD,,L07860,Q05655,KPCD_HUMAN,1YRK; 2YUU,PRKCD,PRKCD,HGNC:9399,Humans,DB04376; DB05013; DB05560; DB12010
2423,NADPH oxidase organizer 1,NOXO1,25573148.0,AF539796,Q8NFA2,NOXO1_HUMAN,2L73,NOXO1,,HGNC:19404,Humans,DB05265
2431,"Fructose-1,6-bisphosphatase 1",FBP1,,L10320,P09467,F16P1_HUMAN,1FTA; 2FHY; 2FIE; 2FIX; 2JJK; 2VT5; 2WBB; 2WBD; 2Y5K; 2Y5L; 3A29; 3KBZ; 3KC0; 3KC1; 4MJO; 5LDZ; 5PZQ; 5PZR; 5PZS; 5PZT; 5PZU; 5PZV; 5PZW; 5PZX; 5PZY; 5PZZ; 5Q00; 5Q01; 5Q02; 5Q03; 5Q04; 5Q05; 5Q06; 5Q07; 5Q08; 5Q09; 5Q0A; 5Q0B; 6LS5; 6LW2; 7C9Q; 7CVH; 7CVN; 7CWE; 7EZF; 7EZP; 7EZR; 7WJV; 7WVB; 8XBK,FBP1,FBP1,HGNC:3606,Humans,DB00131; DB02778; DB02848; DB04175; DB04493; DB05053; DB05518; DB07270; DB07292; DB07312; DB07321; DB08484
2436,Histamine N-methyltransferase,HNMT,,D16224,P50135,HNMT_HUMAN,1JQD; 1JQE; 2AOT; 2AOU; 2AOV; 2AOW; 2AOX,HNMT,HNMT,HGNC:5028,Humans,DB00613; DB01075; DB01752; DB04655; DB07106; DB13875
2444,Squalene synthase,FDFT1,,L06070,P37268,FDFT_HUMAN,1EZF; 3ASX; 3LEE; 3Q2Z; 3Q30; 3V66; 3VJ8; 3VJ9; 3VJA; 3VJB; 3VJC; 3WC9; 3WCD; 3WCF; 3WCH; 3WCI; 3WCJ; 3WCL; 3WCM; 3WEF; 3WEG; 3WEH; 3WEI; 3WEJ; 3WEK; 3WSA; 6PYJ; 6PYV; 6PYW; 6PZ5; 8WTQ; 8WTR,FDFT1,FDFT1,HGNC:3629,Humans,DB05317; DB07780
2450,Ribonucleoside-diphosphate reductase subunit M2,RRM2,,X59618,P31350,RIR2_HUMAN,2UW2; 3OLJ; 3VPM; 3VPN; 3VPO,RRM2,RRM2,HGNC:10452,Humans,DB00242; DB00441; DB00631; DB01005; DB05003; DB05260; DB05420; DB05428; DB05801; DB06433; DB11940; DB12564; DB12906; DB12948
2458,Plasma protease C1 inhibitor,SERPING1,,X54486,P05155,IC1_HUMAN,2OAY; 5DU3; 5DUQ; 7AKV; 8W18,SERPING1,SERPING1,HGNC:1228,Humans,DB00203; DB05961; DB09130
2460,E3 ubiquitin-protein ligase UBR4,UBR4,,AF348492,Q5T4S7,UBR4_HUMAN,8B5W; 8BTL; 8J9Q; 8J9R,UBR4,ZUBR1,HGNC:30313,Humans,DB04959; DB05483
2480,Prostaglandin E synthase 3,PTGES3,,L24804,Q15185,TEBP_HUMAN,1EJF; 7KRJ; 7L7I; 7L7J,PTGES3,PTGES3,HGNC:16049,Humans,DB00316; DB09130; DB14909
2517,tRNA (cytosine(38)-C(5))-methyltransferase,TRDMT1,,AF012128,O14717,TRDMT_HUMAN,1G55,TRDMT1,TRDMT1,HGNC:2977,Humans,DB00738; DB01752; DB09462
2524,Histone-lysine N-methyltransferase SETD7,SETD7,,AF448510,Q8WTS6,SETD7_HUMAN,1H3I; 1MT6; 1MUF; 1N6A; 1N6C; 1O9S; 1XQH; 2F69; 3CBM; 3CBO; 3CBP; 3M53; 3M54; 3M55; 3M56; 3M57; 3M58; 3M59; 3M5A; 3OS5; 3VUZ; 3VV0; 4E47; 4J7F; 4J7I; 4J83; 4J8O; 4JDS; 4JLG; 5AYF; 5EG2; 5YLT,SETD7,SETD7,HGNC:30412,Humans,DB01752
2559,Bifunctional heparan sulfate N-deacetylase/N-sulfotransferase 1,NDST1,,U18918,P52848,NDST1_HUMAN,1NST; 8CCY; 8CD0; 8CHS,NDST1,NDST1,HGNC:7680,Humans,DB01812
2561,Sulfotransferase 1B1,SULT1B1,,D89479,O43704,ST1B1_HUMAN,2Z5F; 3CKL,SULT1B1,SULT1B1,HGNC:17845,Humans,DB01812
2683,Histone acetyltransferase KAT2B,KAT2B,,U57317,Q92831,KAT2B_HUMAN,1CM0; 1JM4; 1N72; 1WUG; 1WUM; 1ZS5; 2RNW; 2RNX; 3GG3; 4NSQ; 5FDZ; 5FE0; 5FE1; 5FE2; 5FE3; 5FE4; 5FE5; 5FE6; 5FE7; 5FE8; 5FE9; 5LVQ; 5LVR; 5MKX; 6J3O,KAT2B,PCAF,HGNC:8638,Humans,DB01992; DB08186; DB08291
2769,"ATP-dependent Clp protease proteolytic subunit, mitochondrial",CLPP,,Z50853,Q16740,CLPP_HUMAN,1TG6; 6BBA; 6DL7; 6H23; 7UVM; 7UVN; 7UVR; 7UVU; 7UW0; 7VP9; 7WH5; 8HGK; 8I7X; 8W7C; 8W7E; 8WUZ; 8YLB,CLPP,CLPP,HGNC:2084,Humans,DB04464; DB14844
2790,Mitogen-activated protein kinase 12,MAPK12,,X79483,P53778,MK12_HUMAN,1CM8; 4QUM; 6UNA; 7CGA,MAPK12,MAPK12,HGNC:6874,Humans,DB02482; DB03777; DB04395; DB04462; DB05157; DB05403; DB07138; DB12429; DB17728
2791,Peroxisomal trans-2-enoyl-CoA reductase,PECR,,AJ250303,Q9BY49,PECR_HUMAN,1YXM,PECR,PECR,HGNC:18281,Humans,DB00173
2804,Deoxycytidine kinase,DCK,,M60527,P27707,DCK_HUMAN,1P5Z; 1P60; 1P61; 1P62; 2A2Z; 2A30; 2A7Q; 2NO0; 2NO1; 2NO6; 2NO7; 2NO9; 2NOA; 2QRN; 2QRO; 2ZI3; 2ZI4; 2ZI5; 2ZI6; 2ZI7; 2ZI9; 2ZIA; 3HP1; 3IPX; 3IPY; 3KFX; 3MJR; 3QEJ; 3QEN; 3QEO; 4JLJ; 4JLK; 4JLM; 4JLN; 4KCG; 4L5B; 4Q18; 4Q19; 4Q1A; 4Q1B; 4Q1C; 4Q1D; 4Q1E; 4Q1F; 5MQJ; 5MQL; 5MQT; 7ZI1; 7ZI2; 7ZI3; 7ZI5; 7ZI6; 7ZI7; 7ZI8; 7ZI9; 7ZIA; 7ZIB; 8OOJ,DCK,DCK,HGNC:2704,Humans,DB01073; DB02594; DB05494
2840,Estradiol 17-beta-dehydrogenase 11,HSD17B11,,AF126780,Q8NBQ5,DHB11_HUMAN,1YB1,HSD17B11,HSD17B11,HGNC:22960,Humans,DB02854
2927,"Sulfite oxidase, mitochondrial",SUOX,,L31573,P51687,SUOX_HUMAN,1MJ4,SUOX,SUOX,HGNC:11460,Humans,DB03983
3011,Dehydrogenase/reductase SDR family member 11,DHRS11,,AY358712,Q6UWP2,DHR11_HUMAN,1XG5,DHRS11,,HGNC:28639,Humans,DB03461
3074,Carbonyl reductase [NADPH] 1,CBR1,,J04056,P16152,CBR1_HUMAN,1WMA; 2PFG; 3BHI; 3BHJ; 3BHM; 4Z3D,CBR1,CBR1,HGNC:1548,Humans,DB01698; DB02709; DB03394; DB03556; DB04216; DB04463; DB11672; DB12206; DB14635
3090,Focal adhesion kinase 1,PTK2,,L13616,Q05397,FAK1_HUMAN,1K04; 1K05; 1MP8; 1OW6; 1OW7; 1OW8; 2ETM; 2IJM; 3B71; 3BZ3; 3PXK; 3S9O; 4EBV; 4EBW; 4GU6; 4GU9; 4I4E; 4I4F; 4K8A; 4K9Y; 4KAB; 4KAO; 4NY0; 4Q9S; 6I8Z; 6LES; 6PW8; 6YOJ; 6YQ1; 6YR9; 6YT6; 6YVS; 6YVY; 6YXV; 7PI4; 7W7Z; 7W8B; 7W8I; 7W9U,PTK2,PTK2,HGNC:9611,Humans,DB06423; DB07248; DB07460; DB12010; DB12130; DB12282; DB13060; DB15273; DB16106
3094,Bifunctional 3'-phosphoadenosine 5'-phosphosulfate synthase 1,PAPSS1,,Y10387,O43252,PAPS1_HUMAN,1X6V; 1XJQ; 1XNJ; 2OFW; 2OFX; 2PEY; 2PEZ; 2QJF; 8I1M,PAPSS1,PAPSS1,HGNC:8603,Humans,DB02661; DB03708; DB09462
3106,Nucleoside diphosphate kinase A,NME1,,X75598,P15531,NDKA_HUMAN,1JXV; 1UCN; 2HVD; 2HVE; 3L7U; 4ENO; 5UI4; 8OOV,NME1,NME1,HGNC:7849,Humans,DB01593; DB02181; DB02345; DB02569; DB02607; DB02887; DB03103; DB03491; DB04068; DB04315; DB04366; DB04542; DB09130; DB14487; DB14533; DB14548
3119,"2,4-dienoyl-CoA reductase [(3E)-enoyl-CoA-producing], mitochondrial",DECR1,,L26050,Q16698,DECR_HUMAN,1W6U; 1W73; 1W8D,DECR1,DECR1,HGNC:2753,Humans,DB03461; DB08605
3160,Serine/threonine-protein phosphatase 5,PPP5C,,X89416,P53041,PPP5_HUMAN,1A17; 1S95; 1WAO; 2BUG; 3H60; 3H61; 3H62; 3H63; 3H64; 3H66; 3H67; 3H68; 3H69; 4ZVZ; 4ZX2; 5HPE; 5UI1; 5WG8; 7ZR5; 7ZR6; 8GAE; 8GFT,PPP5C,PPP5C,HGNC:9322,Humans,DB00171
3281,Nucleoside diphosphate kinase B,NME2,,X58965,P22392,NDKB_HUMAN,1NSK; 1NUE; 3BBB; 3BBC; 3BBF; 7KPF; 8PIE; 8PYW,NME2,NME2,HGNC:7850,Humans,DB04315
3295,Galactokinase,GALK1,,U26401,P51570,GALK1_HUMAN,1WUU; 6GR2; 6Q3W; 6Q3X; 6Q8Z; 6Q90; 6Q91; 6QJE; 6ZFH; 6ZGV; 6ZGW; 6ZGX; 6ZGY; 6ZGZ; 6ZH0; 7OZX; 7RCL; 7RCM; 7S49; 7S4C,GALK1,GALK1,HGNC:4118,Humans,DB04395
3328,V-1 protease,ORF,,AJ279604,Q9Q2G8,Q9Q2G8_HV1,2A4F; 2I4V; 2P3B; 2PK6,,,,Human immunodeficiency virus 1,DB03141
3330,Glutaminyl-peptide cyclotransferase,QPCT,,X71125,Q16769,QPCT_HUMAN,2AFM; 2AFO; 2AFS; 2AFU; 2AFW; 2AFX; 2AFZ; 2ZED; 2ZEE; 2ZEF; 2ZEG; 2ZEH; 2ZEL; 2ZEM; 2ZEN; 2ZEO; 2ZEP; 3PBB; 3PBE; 3SI0; 4YU9; 4YWY; 6GBX; 6YI1; 6YJY; 7CM0; 7COZ; 7CP0; 7D8E; 8HY3; 8XGB; 8XGT; 8XGY; 9ISD; 9IVV,QPCT,QPCT,HGNC:9753,Humans,DB04581; DB04622; DB04636; DB18785
3334,Casein kinase I isoform gamma-2,CSNK1G2,,U89896,P78368,KC1G2_HUMAN,2C47,CSNK1G2,CSNK1G2,HGNC:2455,Humans,DB03083; DB03693; DB04604
3335,Wee1-like protein kinase,WEE1,,U10564,P30291,WEE1_HUMAN,1X8B; 2IN6; 2IO6; 2Z2W; 3BI6; 3BIZ; 3CQE; 3CR0; 5V5Y; 5VC3; 5VC4; 5VC5; 5VC6; 5VD2; 5VD4; 5VD5; 5VD7; 5VD8; 5VD9; 5VDA; 7N3U; 8BJU; 8WDK,WEE1,WEE1,HGNC:12761,Humans,DB04608; DB07006; DB07226; DB07257; DB07265; DB08365; DB11740; DB12010
3374,E3 ubiquitin-protein transferase MAEA,MAEA,,AK001088,Q7L5Y9,MAEA_HUMAN,8PJN,MAEA,MAEA,HGNC:13731,Humans,DB05389
3381,Serine/threonine-protein kinase Chk2,CHEK2,,AF086904,O96017,CHK2_HUMAN,1GXC; 2CN5; 2CN8; 2W0J; 2W7X; 2WTC; 2WTD; 2WTI; 2WTJ; 2XBJ; 2XK9; 2XM8; 2XM9; 2YCF; 2YCQ; 2YCR; 2YCS; 2YIQ; 2YIR; 2YIT; 3I6U; 3I6W; 3VA4; 4A9R; 4A9S; 4A9T; 4A9U; 4BDA; 4BDB; 4BDC; 4BDD; 4BDE; 4BDF; 4BDG; 4BDH; 4BDI; 4BDJ; 4BDK,CHEK2,CHEK2,HGNC:16627,Humans,DB04367; DB05149; DB05786; DB06486; DB12010
3382,Serine/threonine-protein kinase Chk1,CHEK1,,AF016582,O14757,CHK1_HUMAN,1IA8; 1NVQ; 1NVR; 1NVS; 1ZLT; 1ZYS; 2AYP; 2BR1; 2BRB; 2BRG; 2BRH; 2BRM; 2BRN; 2BRO; 2C3J; 2C3K; 2C3L; 2CGU; 2CGV; 2CGW; 2CGX; 2E9N; 2E9O; 2E9P; 2E9U; 2E9V; 2GDO; 2GHG; 2HOG; 2HXL; 2HXQ; 2HY0; 2QHM; 2QHN; 2R0U; 2WMQ; 2WMR; 2WMS; 2WMT; 2WMU; 2WMV; 2WMW; 2WMX; 2X8D; 2X8E; 2X8I; 2XEY; 2XEZ; 2XF0; 2YDI; 2YDJ; 2YDK; 2YER; 2YEX; 2YM3; 2YM4; 2YM5; 2YM6; 2YM7; 2YM8; 2YWP; 3F9N; 3JVR; 3JVS; 3NLB; 3OT3; 3OT8; 3PA3; 3PA4; 3PA5; 3TKH; 3TKI; 3U9N; 4FSM; 4FSN; 4FSQ; 4FSR; 4FST; 4FSU; 4FSW; 4FSY; 4FSZ; 4FT0; 4FT3; 4FT5; 4FT7; 4FT9; 4FTA; 4FTC; 4FTI; 4FTJ; 4FTK; 4FTL; 4FTM; 4FTN; 4FTO; 4FTQ; 4FTR; 4FTT; 4FTU; 4GH2; 4HYH; 4HYI; 4JIK; 4QYE; 4QYF; 4QYG; 4QYH; 4RVK; 4RVL; 4RVM; 5DLS; 5F4N; 5OOP; 5OOR; 5OOT; 5OP2; 5OP4; 5OP5; 5OP7; 5OPB; 5OPR; 5OPS; 5OPU; 5OPV; 5OQ5; 5OQ6; 5OQ7; 5OQ8; 5WI2; 6FC8; 6FCF; 6FCK; 7AKM; 7AKO; 7BJD; 7BJE; 7BJH; 7BJJ; 7BJM; 7BJO; 7BJR; 7BJX; 7BK1; 7BK2; 7BK3; 7BKN; 7BKO; 7MCK; 7SUF; 7SUG; 7SUH; 7SUI; 7SUJ; 8E80; 8E81; 8SIV; 8SIW; 8SIX; 9CE4,CHEK1,CHEK1,HGNC:1925,Humans,DB01933; DB03777; DB04367; DB04462; DB05149; DB06486; DB06852; DB06876; DB07025; DB07034; DB07037; DB07038; DB07075; DB07078; DB07126; DB07158; DB07213; DB07228; DB07243; DB07311; DB07314; DB07320; DB07336; DB07647; DB07648; DB07653; DB07654; DB07655; DB07959; DB08392; DB08393; DB08683; DB08774; DB08776; DB08777; DB08778; DB08779; DB08780; DB08781; DB11662; DB11899; DB12008; DB12010; DB12242; DB12284; DB12429; DB12611; DB14791; DB17051
3385,Cytochrome c oxidase subunit 2,MT-CO2,,V00662,P00403,COX2_HUMAN,3VRJ; 5Z62,MT-CO2,MT-CO2,HGNC:7421,Humans,DB02659; DB04464; DB05412
3390,Mitogen-activated protein kinase 11,MAPK11,,U53442,Q15759,MK11_HUMAN,3GC8; 3GC9; 3GP0; 8YGW,MAPK11,MAPK11,HGNC:6873,Humans,DB03777; DB04462; DB05157; DB07138; DB08896; DB12429
3391,Mitogen-activated protein kinase 13,MAPK13,,Y10488,O15264,MK13_HUMAN,3COI; 4EYJ; 4EYM; 4MYG; 4YNO; 5EKN; 5EKO; 8X23,MAPK13,MAPK13,HGNC:6875,Humans,DB05157; DB12010
3404,Aurora kinase B,AURKB,,AF008552,Q96GD4,AURKB_HUMAN,4AF3,AURKB,AURKB,HGNC:11390,Humans,DB02052; DB03444; DB04703; DB05169; DB05198; DB06134; DB06347; DB06486; DB07340; DB08039; DB11694; DB11778; DB12010; DB12072; DB12556; DB12756; DB13059; DB17197; DB19675
3424,cAMP-dependent protein kinase type II-alpha regulatory subunit,PRKAR2A,,X14968,P13861,KAP2_HUMAN,2IZX; 2KYG; 4ZP3; 5H78; 5XBY; 8S8O,PRKAR2A,PRKAR2A,HGNC:9391,Humans,DB05798
3425,cAMP-dependent protein kinase type I-alpha regulatory subunit,PRKAR1A,,M18468,P10644,KAP0_HUMAN,5KJX; 5KJY; 5KJZ,PRKAR1A,PRKAR1A,HGNC:9388,Humans,DB01790; DB02315; DB02527; DB05798
3430,Mitogen-activated protein kinase kinase kinase 1,MAP3K1,,AF042838,Q13233,M3K1_HUMAN,6WHB,MAP3K1,MAP3K1,HGNC:6848,Humans,DB06061; DB12010; DB12429; DB17060
3431,Protein kinase C epsilon type,PRKCE,,X65293,Q02156,KPCE_HUMAN,2WH0; 5LIH,PRKCE,PRKCE,HGNC:9401,Humans,DB00371; DB06064; DB11752; DB12010
3493,Tyrosine-protein kinase JAK3,JAK3,,U57096,P52333,JAK3_HUMAN,1YVJ; 3LXK; 3LXL; 3PJC; 3ZC6; 3ZEP; 4HVD; 4HVG; 4HVH; 4HVI; 4I6Q; 4QPS; 4QT1; 4RIO; 4V0G; 4Z16; 5LWM; 5LWN; 5TOZ; 5TTS; 5TTU; 5TTV; 5VO6; 5W86; 5WFJ; 6AAK; 6DA4; 6DB3; 6DB4; 6DUD; 6GL9; 6GLA; 6GLB; 6HZV; 6NY4; 7APF; 7APG; 7C3N; 7Q6H; 7UYV; 8EXM,JAK3,JAK3,HGNC:6193,Humans,DB04716; DB06321; DB08877; DB08895; DB11697; DB11708; DB11763; DB11817; DB12010; DB12566; DB14924; DB14973; DB15035; DB15499; DB16133; DB16191; DB17064; DB19190
3512,Casein kinase I isoform epsilon,CSNK1E,,BC006490,P49674,KC1E_HUMAN,4HNI; 4HOK,CSNK1E,CSNK1E,HGNC:2453,Humans,DB03083; DB06195; DB14989
3539,Aldehyde oxidase,AOX1,438656.0,L11005,Q06278,AOXA_HUMAN,4UHW; 4UHX; 5EPG; 6Q6Q; 7OPN; 7ORC; 8EMT,AOX1,,HGNC:553,Humans,DB00170; DB00924; DB03516
3540,Adenosine kinase,ADK,1224125.0,U50196,P55263,ADK_HUMAN,1BX4; 2I6A; 2I6B; 4O1L,ADK,,HGNC:257,Humans,DB00131; DB07173; DB07280
3546,"Alkaline phosphatase, tissue-nonspecific isozyme",ALPL,28738.0,X14174,P05186,PPBT_HUMAN,7YIV; 7YIW; 7YIX,ALPL,,HGNC:438,Humans,DB00848; DB09338; DB17837
3559,"6-phosphogluconate dehydrogenase, decarboxylating",PGD,984325.0,U30255,P52209,6PGD_HUMAN,2JKV; 4GWG; 4GWK; 5UQ9,PGD,,HGNC:8891,Humans,DB00789; DB00851; DB00920; DB02076; DB03108; DB03962; DB18252
3560,Prostaglandin reductase 2,PTGR2,37912002.0,AY346133,Q8N8N7,PTGR2_HUMAN,2VNA; 2W4Q; 2W98; 2ZB4; 2ZB7; 2ZB8,PTGR2,,HGNC:20149,Humans,DB00328; DB07177
3567,Receptor-type tyrosine-protein phosphatase S,PTPRS,1109792.0,U35234,Q13332,PTPRS_HUMAN,2FH7; 2YD2; 2YD3; 2YD9; 4BPC; 4PBX,PTPRS,,HGNC:9681,Humans,DB00630; DB01077
3568,Receptor-type tyrosine-protein phosphatase epsilon,PTPRE,35792.0,X54134,P23469,PTPRE_HUMAN,2JJD; 6D3F; 6D4D; 6D4F,PTPRE,,HGNC:9669,Humans,DB00630; DB01133
3570,Geranylgeranyl pyrophosphate synthase,GGPS1,4520350.0,AB017971,O95749,GGPPS_HUMAN,2Q80; 6C56; 6C57; 6G31; 6G32; 6R4V; 9CSL,GGPS1,,HGNC:4249,Humans,DB00282; DB00399; DB00710; DB02552; DB04695; DB04714; DB06548; DB06830; DB06931; DB07221; DB07410; DB07780; DB07841; DB07873; DB08529
3610,Aldo-keto reductase family 1 member D1,AKR1D1,431857.0,Z28339,P51857,AK1D1_HUMAN,3BUR; 3BUV; 3BV7; 3CAQ; 3CAS; 3CAV; 3CMF; 3COT; 3DOP; 3G1R; 3UZW; 3UZX; 3UZY; 3UZZ,AKR1D1,,HGNC:388,Humans,DB00548; DB01216; DB07447; DB07557
3613,Ribonucleoside-diphosphate reductase subunit M2 B,RRM2B,7229086.0,AB036063,Q7LG56,RIR2B_HUMAN,2VUX; 3HF1; 4DJN,RRM2B,,HGNC:17296,Humans,DB00242; DB00631; DB12948
3729,Phosphatidylinositol 3-kinase catalytic subunit type 3,PIK3C3,987948.0,Z46973,Q8NEB9,PK3C3_HUMAN,3IHY; 3LS8; 4OYS; 4PH4; 4UWF; 4UWG; 4UWH; 4UWK; 4UWL; 5ANL; 5ENN; 6HOG; 6HOH; 6I3U; 6YKG; 7BL1; 7RSJ; 7RSP; 7RSV; 8RXR; 8SOR; 9C82; 9E4V; 9MHF; 9MHG; 9MHH,PIK3C3,,HGNC:8974,Humans,DB06836; DB11962
3745,Serine/threonine-protein kinase PLK1,PLK1,393017.0,U01038,P53350,PLK1_HUMAN,1Q4K; 1Q4O; 1UMW; 2OGQ; 2OJX; 2OU7; 2OWB; 2RKU; 2V5Q; 2YAC; 3BZI; 3C5L; 3FC2; 3FVH; 3HIH; 3HIK; 3KB7; 3P2W; 3P2Z; 3P34; 3P35; 3P36; 3P37; 3Q1I; 3RQ7; 3THB; 4A4L; 4A4O; 4DFW; 4E67; 4E9C; 4E9D; 4H5X; 4H71; 4HAB; 4HCO; 4HY2; 4J52; 4J53; 4LKL; 4LKM; 4O56; 4O6W; 4O9W; 4RCP; 4WHH; 4WHK; 4WHL; 4X9R; 4X9V; 4X9W; 5J19; 5NEI; 5NFU; 5NJE; 5NMM; 5NN1; 5NN2; 5TA6; 5TA8; 6AX4; 6GY2; 7MSO; 7MX1; 8BJT; 8CRC; 8JOQ; 8JOY; 8S30; 8S31; 8WFP; 8X72; 8XB9,PLK1,,HGNC:9077,Humans,DB06897; DB06963; DB07186; DB07789; DB08059; DB12010; DB12062; DB12146; DB12763; DB15110; DB16107; DB23606
3749,Serine/threonine-protein phosphatase 2A 56 kDa regulatory subunit gamma isoform,PPP2R5C,1203812.0,U37352,Q13362,2A5G_HUMAN,2IAE; 2JAK; 2NPP; 2NYL; 2NYM; 3FGA; 5JJA; 5K6S; 5SW9; 5SWF; 6OYL; 6TOQ; 6VOY; 6VRO; 7OUF; 7OUG; 7OUH; 7PEL; 7SOY,PPP2R5C,,HGNC:9311,Humans,DB02506; DB06905
3750,Serine/threonine-protein phosphatase 2A 65 kDa regulatory subunit A alpha isoform,PPP2R1A,178663.0,M31786,P30153,2AAA_HUMAN,1B3U; 2IE3; 2IE4; 2NPP; 2NYL; 2NYM; 2PKG; 3C5W; 3DW8; 3K7V; 3K7W; 4I5L; 4I5N; 4LAC; 5W0W; 6IUR; 6NTS; 7CUN; 7K36; 7PKS; 7SOY; 7YCX; 8RBX; 8RBZ; 8RC4; 8SO0; 8TTB; 8TWE; 8TWI; 8U1X; 8U89; 8UWB; 8YJB,PPP2R1A,,HGNC:9302,Humans,DB02506; DB06905
3761,cAMP-dependent protein kinase catalytic subunit alpha,PRKACA,35479.0,X07767,P17612,KAPCA_HUMAN,2GU8; 3AGL; 3AGM; 3AMA; 3AMB; 3L9L; 3L9M; 3L9N; 3MVJ; 3NX8; 3OOG; 3OVV; 3OWP; 3OXT; 3P0M; 3POO; 3VQH; 4AE6; 4AE9; 4UJ1; 4UJ2; 4UJ9; 4UJA; 4UJB; 4WB5; 4WB6; 4WB7; 4WB8; 5BX6; 5BX7; 5IZF; 5IZJ; 5J5X; 5N23; 5UZK; 6BYR; 6BYS; 6C0U; 6FRX; 6NO7; 6QJ7; 6WJF; 6WJG; 7Y1G; 8FE2; 8FE5; 8FEC; 8X5L,PRKACA,,HGNC:9380,Humans,DB01940; DB02155; DB02482; DB02611; DB03374; DB04098; DB04522; DB04530; DB04707; DB06959; DB06977; DB07107; DB07124; DB07204; DB07235; DB07458; DB07583; DB07854; DB07855; DB07856; DB07857; DB07858; DB07859; DB07860; DB07876; DB07947; DB07995; DB07996; DB07997; DB08070; DB08073; DB08113; DB08114; DB08148; DB08149; DB08150; DB08162; DB08231; DB08568; DB08569; DB08756; DB08846; DB12010
3762,cAMP-dependent protein kinase inhibitor alpha,PKIA,243494.0,S76965,P61925,IPKA_HUMAN,1CMK; 1JLU; 1Q8T; 1VEB; 1XH4; 1XH5; 1XH6; 1XH7; 1XH8; 1XH9; 1XHA; 1YDR; 2C1A; 2C1B; 2F7E; 2GNI; 2JDS; 2JDT; 2JDV; 2L1L; 2UVX; 2UVY; 2UVZ; 2UW0; 2UW3; 2UW4; 2UW5; 2UW6; 2UW7; 2UW8; 2VNW; 2VNY; 2VO0; 2VO3; 2VO6; 2VO7; 3AMA; 3AMB; 3L9L; 3L9M; 3L9N; 3MVJ; 3NX8; 3OOG; 3OVV; 3OWP; 3OXT; 3P0M; 3POO; 3VQH; 3WYG; 3X2U; 3X2V; 3X2W; 4AXA; 4IAC; 4IAD; 4IAF; 4IAI; 4IAK; 4IAY; 4IAZ; 4IB0; 4IB1; 4IB3; 4IE9; 4IJ9; 4O21; 4O22; 4UJ1; 4UJ2; 4UJ9; 4UJA; 4UJB; 4WB5; 4WB6; 4WB7; 4WB8; 4Z83; 4Z84; 5BX6; 5BX7; 5DH9; 5LCP; 5LCQ; 5LCR; 5LCT; 5LCU; 5M0B; 5M0C; 5M0L; 5M0U; 5M6V; 5M6Y; 5M71; 5M75; 5N23; 5XOJ; 6E21; 6E99; 6E9L; 6FRX; 6QJ7; 6X2U; 6X2V; 6X2W; 7UJX; 7V0G; 8FE2; 8FE5; 8FEC,PKIA,,HGNC:9017,Humans,DB03374; DB04707; DB06959; DB07107; DB07204; DB07583; DB07854; DB07855; DB07856; DB07857; DB07858; DB07859; DB07860; DB07876; DB07947; DB07995; DB07996; DB07997; DB08070; DB08073; DB08113; DB08114; DB08148; DB08149; DB08150; DB08162; DB08231; DB08568; DB08569; DB08756
3766,2-Hydroxyacid oxidase 1,HAO1,7530485.0,AF244134,Q9UJM8,HAOX1_HUMAN,2NZL; 2RDT; 2RDU; 2RDW; 2W0U; 5QIB; 5QIC; 5QID; 5QIE; 5QIF; 5QIG; 5QIH; 6GMB; 6GMC; 6W44; 6W45; 6W4C; 7M2O; 7R4N; 7R4O; 7R4P,HAO1,,HGNC:4809,Humans,DB02164; DB02279; DB03064; DB03247; DB03884; DB04374; DB06979; DB07060; DB07907
3767,S-phase kinase-associated protein 1,SKP1,995824.0,U33760,P63208,SKP1_HUMAN,1FQV; 1FS1; 1FS2; 1LDK; 1P22; 2ASS; 2AST; 2E31; 2E32; 2OVP; 2OVQ; 2OVR; 3L2O; 3WSO; 4I6J; 5IBK; 5JH5; 5K35; 5V4B; 5VZT; 5VZU; 5XYL; 6BVA; 6BYH; 6C16; 6M90; 6M91; 6M92; 6M93; 6M94; 6O60; 6TTU; 6VCD; 6W66; 6WCQ; 6WNX; 7B5L; 7B5M; 7B5R; 7T1Y; 7T1Z; 7Z8B; 7Z8T; 7Z8V; 7ZBW; 7ZBZ; 8BYA; 8BYL; 8CDJ; 8CDK; 8OR0; 8OR3; 8OR4; 8S7D; 8S7E; 8UA6; 8UBT; 8UBU; 9CB3; 9JKB; 9KBD; 9KBF,SKP1,,HGNC:10899,Humans,DB01750; DB06980; DB06981; DB06982; DB07950
3769,Receptor-type tyrosine-protein phosphatase beta,PTPRB,35788.0,X54131,P23467,PTPRB_HUMAN,2AHS; 2H02; 2H03; 2H04; 2HC1; 2HC2; 2I3R; 2I3U; 2I4E; 2I4G; 2I4H; 2I5X; 8JBN; 8JBY,PTPRB,,HGNC:9665,Humans,DB06989; DB07068; DB07127; DB08678; DB16353
3772,Mitogen-activated protein kinase 9,MAPK9,598183.0,L31951,P45984,MK09_HUMAN,3E7O; 3NPC; 7CML; 7N8T; 8ELC,MAPK9,,HGNC:6886,Humans,DB01782; DB05660; DB07020; DB11718; DB11798; DB12010; DB12432; DB16995
3780,Glycylpeptide N-tetradecanoyltransferase 2,NMT2,3005065.0,AF043325,O60551,NMT2_HUMAN,4C2X; 6PAU,NMT2,,HGNC:7858,Humans,DB02180; DB02271; DB07061; DB07838; DB15567
3786,Low molecular weight phosphotyrosine protein phosphatase,ACP1,179636.0,M83653,P24666,PPAC_HUMAN,1XWW; 3N8I; 4Z99; 4Z9A; 4Z9B; 5JNR; 5JNS; 5JNT; 5KQG; 5KQL; 5KQM; 5KQP; 5PNT; 6Y2V; 6Y2W; 7KH8; 7UW6,ACP1,,HGNC:122,Humans,DB00173; DB04214
3787,Dual specificity protein phosphatase 23,DUSP23,44916998.0,AB164404,Q9BVJ7,DUS23_HUMAN,2IMG; 4ERC,DUSP23,,HGNC:21480,Humans,DB04214
3788,Death-associated protein kinase 3,DAPK3,2911156.0,AB007144,O43293,DAPK3_HUMAN,1YRP; 2J90; 3BHY; 3BQR; 5A6N; 5A6O; 5VJA,DAPK3,,HGNC:2676,Humans,DB04716; DB07125; DB07242; DB12010
3789,C-Jun-amino-terminal kinase-interacting protein 1,MAPK8IP1,4426597.0,AF074091,Q9UQF2,JIP1_HUMAN,2G01; 2GMX; 2H96; 3OXI; 3PTG; 3VUD; 3VUG; 3VUH; 3VUI; 3VUK; 3VUL; 3VUM; 4E73; 4G1W; 4H39; 4HYS; 4HYU; 4IZY; 5LW1; 6FUZ; 7NYK; 7NYL; 7NYM; 7NYN; 7NYO; 7NZB; 8RPP,MAPK8IP1,,HGNC:6882,Humans,DB01782; DB07218; DB07272; DB07276; DB11157
3790,Mitogen-activated protein kinase 8,MAPK8,474901.0,L26318,P45983,MK08_HUMAN,1UKH; 1UKI; 2G01; 2GMX; 2H96; 2NO3; 2XRW; 2XS0; 3ELJ; 3O17; 3O2M; 3PZE; 3V3V; 3VUD; 3VUG; 3VUH; 3VUI; 3VUK; 3VUL; 3VUM; 4AWI; 4E73; 4G1W; 4HYS; 4HYU; 4IZY; 4L7F; 4QTD; 4UX9; 4YR8; 5LW1; 6F5E; 6ZR5; 8PT8; 8PT9; 8PTA; 8R5E; 8X5M; 9FT9,MAPK8,,HGNC:6881,Humans,DB00675; DB01782; DB03777; DB04462; DB05660; DB07218; DB07268; DB07272; DB07276; DB07845; DB11718; DB11798; DB12429; DB12432; DB16995; DB17145
3791,Dual specificity protein kinase TTK,TTK,340011.0,M86699,P33981,TTK_HUMAN,2X9E; 2ZMC; 2ZMD; 3CEK; 3DBQ; 3GFW; 3H9F; 3HMN; 3HMO; 3HMP; 3VQU; 3W1F; 3WYX; 3WYY; 3WZJ; 3WZK; 4B94; 4BHZ; 4BI0; 4BI1; 4BI2; 4C4E; 4C4F; 4C4G; 4C4H; 4C4I; 4C4J; 4CV8; 4CV9; 4CVA; 4D2S; 4H7X; 4H7Y; 4JS8; 4JT3; 4O6L; 4ZEG; 5AP0; 5AP1; 5AP2; 5AP3; 5AP4; 5AP5; 5AP6; 5AP7; 5EH0; 5EHL; 5EHO; 5EHY; 5EI2; 5EI6; 5EI8; 5LJJ; 5MRB; 5N7V; 5N84; 5N87; 5N93; 5N9S; 5NA0; 5NAD; 5NTT; 5O91; 6B4W; 6GVJ; 6H3K; 6N6O; 6TN9; 6TNB; 6TNC; 6TND; 7CHM; 7CHN; 7CHT; 7CIL; 7CJA; 7CLH; 7LQD,TTK,,HGNC:12401,Humans,DB01782; DB12010; DB15498; DB19200; DB19473
3792,Calcium/calmodulin-dependent protein kinase type II subunit beta,CAMK2B,5326757.0,AF078803,Q13554,KCC2B_HUMAN,3BHH; 7URW; 7URY; 7URZ,CAMK2B,,HGNC:1461,Humans,DB07168; DB12010; DB12571
3794,Serine/threonine-protein kinase haspin,HASPIN,118421077.0,AB039834,Q8TF76,HASP_HUMAN,2VUW; 2WB8; 3DLZ; 3E7V; 3F2N; 3FMD; 3IQ7; 4OUC; 4QTC; 5HTB; 5HTC; 6G34; 6G35; 6G36; 6G37; 6G38; 6G39; 6G3A; 6Z56; 6Z57; 6Z58; 6Z59; 6Z5A; 6Z5B; 6Z5C; 6Z5D; 6Z5E; 7AVQ; 7OPS; 7SQM; 8RDK; 9B2S; 9B2T; 9B2U; 9FLB; 9FLC; 9FLO; 9FLQ; 9FLR; 9FLT,HASPIN,,HGNC:19682,Humans,DB04604; DB07698; DB07995; DB08004
3795,Prostaglandin reductase 1,PTGR1,23271371.0,BC035228,Q14914,PTGR1_HUMAN,1ZSV; 2Y05,PTGR1,,HGNC:18429,Humans,DB03461; DB04066; DB07177
3796,Serine/threonine-protein kinase Nek2,NEK2,479171.0,Z29066,P51955,NEK2_HUMAN,2JAV; 2W5A; 2W5B; 2W5H; 2WQO; 2XK3; 2XK4; 2XK6; 2XK7; 2XK8; 2XKC; 2XKD; 2XKE; 2XKF; 2XNM; 2XNN; 2XNO; 2XNP; 4A4X; 4AFE; 5M51; 5M53; 5M55; 5M57; 6SGD; 6SGH; 6SGI; 6SGK; 6SK9; 6TM5,NEK2,,HGNC:7745,Humans,DB07180; DB12010
3810,Serine/threonine-protein phosphatase PP1-alpha catalytic subunit,PPP1CA,35451.0,X70848,P62136,PP1A_HUMAN,3E7A; 3E7B; 3EGG; 3EGH; 3HVQ; 3N5U; 3V4Y; 4G9J; 4MOV; 4MOY; 4MP0; 4XPN; 5IOH; 6ALZ; 6CZO; 6DCX; 6DNO; 6G0I; 6G0J; 6GHM; 6OBN; 6OBP; 6OBQ; 6OBR; 6OBS; 6OBU; 6ZEE; 6ZEF; 6ZEG; 6ZEH; 6ZEI; 6ZEJ; 6ZK6; 7QFB; 7QM2; 7T0Y; 7TVF; 7TXH; 7UPI; 8DWK; 8DWL; 8SW5; 8SW6; 8U5G,PPP1CA,,HGNC:9281,Humans,DB02506; DB12328
3811,Serine/threonine-protein phosphatase 2A 55 kDa regulatory subunit B alpha isoform,PPP2R2A,190422.0,M64929,P63151,2ABA_HUMAN,3DW8; 8SO0; 8TTB; 8TWE,PPP2R2A,,HGNC:9304,Humans,DB02506
3819,Cyclin-dependent kinase 5 activator 1,CDK5R1,558671.0,X80343,Q15078,CD5R1_HUMAN,1H4L; 1UNG; 1UNH; 1UNL; 3O0G; 6LDP; 7CNG; 7VDP; 7VDQ; 7VDR; 7VDS,CDK5R1,,HGNC:1775,Humans,DB02052; DB07364
3839,Serine/threonine-protein kinase/endoribonuclease IRE1,ERN 1.00,3300094.0,AF059198,O75460,ERN1_HUMAN,2HZ6; 3P23; 4U6R; 4YZ9; 4YZC; 4YZD; 4Z7G; 4Z7H; 5HGI; 6HV0; 6HX1; 6SHC; 6URC; 6W39; 6W3A; 6W3B; 6W3C; 6W3E; 6W3K; 6XDB; 6XDD; 6XDF; 7BMK; 8UVL,ERN 1.00,,HGNC:3449,Humans,DB07382; DB12010
3840,"ATP synthase F(1) complex subunit alpha, mitochondrial",ATP5F1A,28938.0,X59066,P25705,ATPA_HUMAN,8H9E; 8H9I; 8H9L; 8H9P; 8H9S; 8H9T; 8H9U; 8H9V; 8KI3,ATP5F1A,,HGNC:823,Humans,DB04216; DB07384; DB07394; DB08399; DB08629; DB11638
3841,"ATP synthase F(1) complex subunit beta, mitochondrial",ATP5F1B,28940.0,X03559,P06576,ATPB_HUMAN,8H9E; 8H9I; 8H9L; 8H9P; 8H9S; 8H9T; 8H9U; 8H9V; 8KI3,ATP5F1B,,HGNC:830,Humans,DB04216; DB07384; DB07394; DB08399; DB08629; DB12695
3842,"ATP synthase F(1) complex subunit gamma, mitochondrial",ATP5F1C,665586.0,D16562,P36542,ATPG_HUMAN,8H9E; 8H9F; 8H9I; 8H9J; 8H9L; 8H9M; 8H9P; 8H9Q; 8H9S; 8H9T; 8H9U; 8H9V; 8KHF; 8KI3,ATP5F1C,,HGNC:833,Humans,DB04216; DB07384; DB07394; DB08399; DB08629
3862,"[Pyruvate dehydrogenase (acetyl-transferring)] kinase isozyme 1, mitochondrial",PDK1,1088281.0,L42450,Q15118,PDK1_HUMAN,2Q8F; 2Q8G; 2Q8H,PDK1,,HGNC:8809,Humans,DB07403; DB08809
3889,Protein kinase C iota type,PRKCI,432274.0,L18964,P41743,KPCI_HUMAN,1VD2; 1WMH; 1ZRZ; 3A8W; 3A8X; 3ZH8; 5LI1; 5LI9; 5LIH; 6ILZ; 8R3X; 8R3Y,PRKCI,,HGNC:9404,Humans,DB03777; DB12010
3890,Myotonin-protein kinase,DMPK,,M87312,Q09013,DMPK_HUMAN,1WT6; 2VD5,DMPK,,HGNC:2933,Humans,DB01946
3958,Casein kinase I isoform gamma-3,CSNK1G3,4590040.0,AF049089,Q9Y6M4,KC1G3_HUMAN,2CHL; 2IZR; 2IZS; 2IZT; 2IZU; 4G16; 4G17; 4HGL; 4HGS; 6GRO,CSNK1G3,,HGNC:2456,Humans,DB04751; DB07488; DB07489; DB07664
3984,Casein kinase II subunit alpha',CSNK2A2,177838.0,M55268,P19784,CSK22_HUMAN,3E3B; 3OFM; 3U87; 5M4U; 5M56; 5OOI; 5Y9M; 5YF9; 5YWM; 6HMB; 6HMC; 6HMD; 6HMQ; 6L20; 6QY8; 6QY9; 6TE2; 6TEW; 6TGU; 7A1B; 7A1Z; 7A22; 7A2H; 7AT9; 7ATV; 7XYH; 8Q77; 8Q9S; 8QBU; 8QCD; 8QCG; 8QF1,CSNK2A2,,HGNC:2459,Humans,DB07546; DB12010
3986,"Cytochrome c oxidase subunit 4 isoform 1, mitochondrial",COX4I1,180933.0,M21575,P13073,COX41_HUMAN,5Z62,COX4I1,,HGNC:2265,Humans,DB02659; DB04464
3987,Cytochrome c oxidase subunit 3,MT-CO3,337189.0,J01415,P00414,COX3_HUMAN,5Z62,MT-CO3,,HGNC:7422,Humans,DB02659; DB04464
3988,"Cytochrome c oxidase subunit 5A, mitochondrial",COX5A,695360.0,M22760,P20674,COX5A_HUMAN,5Z62,COX5A,,HGNC:2267,Humans,DB02659; DB04464
3989,"Cytochrome c oxidase subunit 5B, mitochondrial",COX5B,,,P10606,COX5B_HUMAN,5Z62,COX5B,,HGNC:2269,Humans,DB02659; DB04464
3990,Cytochrome c oxidase subunit 6C,COX6C,1200057.0,X13238,P09669,COX6C_HUMAN,5Z62,COX6C,,HGNC:2285,Humans,DB02659; DB04464
3991,"Cytochrome c oxidase subunit 7B, mitochondrial",COX7B,30151.0,Z14244,P24311,COX7B_HUMAN,5Z62,COX7B,,HGNC:2291,Humans,DB02659; DB04464
3992,"Cytochrome c oxidase subunit 7C, mitochondrial",COX7C,30155.0,X16560,P15954,COX7C_HUMAN,5Z62,COX7C,,HGNC:2292,Humans,DB02659; DB04464
3993,"Cytochrome c oxidase subunit 8A, mitochondrial",COX8A,38614453.0,BC063025,P10176,COX8A_HUMAN,5Z62; 8D4T,COX8A,,HGNC:2294,Humans,DB02659; DB04464
3995,Cytochrome c oxidase subunit 6B1,COX6B1,30295.0,X13923,P14854,CX6B1_HUMAN,5Z62,COX6B1,,HGNC:2280,Humans,DB02659; DB04464
4012,Dual specificity tyrosine-phosphorylation-regulated kinase 1A,DYRK1A,1381156.0,U58496,Q13627,DYR1A_HUMAN,2VX3; 2WO6; 3ANQ; 3ANR; 4AZE; 4MQ1; 4MQ2; 4NCT; 4YLJ; 4YLK; 4YLL; 4YU2; 5A3X; 5A4E; 5A4L; 5A4Q; 5A4T; 5A54; 5AIK; 6A1F; 6A1G; 6EIF; 6EIJ; 6EIL; 6EIP; 6EIQ; 6EIR; 6EIS; 6EIV; 6EJ4; 6LN1; 6QU2; 6S11; 6S14; 6S17; 6S1B; 6S1H; 6S1I; 6S1J; 6T6A; 6UIP; 6UWY; 6YF8; 7A4O; 7A4R; 7A4S; 7A4W; 7A4Z; 7A51; 7A52; 7A53; 7A55; 7A5B; 7A5D; 7A5L; 7A5N; 7AJ2; 7AJ4; 7AJ5; 7AJ7; 7AJ8; 7AJA; 7AJM; 7AJS; 7AJV; 7AJW; 7AJY; 7AK2; 7AKA; 7AKB; 7AKE; 7AKL; 7FHS; 7FHT; 7O7K; 7OY6; 7Z5N; 7ZH8; 8C3G; 8C3Q; 8C3R; 8R8E; 8T2H; 8YEV,DYRK1A,,HGNC:3091,Humans,DB02962; DB04719; DB07608; DB07919; DB08691; DB12010
4041,STE20-like serine/threonine-protein kinase,SLK,1944185.0,AB002804,Q9H2G2,SLK_HUMAN,2J51; 2JFL; 2JFM; 2UV2; 4USF; 6HVD; 8BEM,SLK,,HGNC:11088,Humans,DB06616; DB07664; DB07853; DB12010
4042,Calcium/calmodulin-dependent protein kinase type IV,CAMK4,871845.0,D30742,Q16566,KCC4_HUMAN,2W4O,CAMK4,,HGNC:1464,Humans,DB07664; DB07676
4043,Dual specificity protein kinase CLK3,CLK3,632970.0,L29220,P49761,CLK3_HUMAN,2EU9; 2EXE; 2WU6; 2WU7; 3RAW; 6FT7; 6FYP; 6FYR; 6KHF; 6RCT; 6YTW; 6YTY; 6YU1; 6Z2V; 6Z51; 6Z52; 6Z53; 6Z54; 6Z55; 9EZ3,CLK3,,HGNC:2071,Humans,DB07664; DB08691; DB12010
4049,Protein mono-ADP-ribosyltransferase PARP3,PARP3,29788060.0,Y16836,Q9Y6F1,PARP3_HUMAN,2EOC; 3C49; 3C4H; 3CE0; 3FHB; 4GV0; 4GV2; 4GV4; 4L6Z; 4L70; 4L7L; 4L7N; 4L7O; 4L7P; 4L7R; 4L7U,PARP3,,HGNC:273,Humans,DB07677; DB08058; DB08348; DB09074; DB12332
4064,MAP kinase-activated protein kinase 3,MAPKAPK3,1256005.0,U43784,Q16644,MAPK3_HUMAN,3FHR; 3FXW; 3R1N; 3SHE; 7NRB,MAPKAPK3,,HGNC:6888,Humans,DB07728; DB08358
4067,"Hydroxymethylglutaryl-CoA synthase, cytoplasmic",HMGCS1,30009.0,X66435,Q01581,HMCS1_HUMAN,2P8U,HMGCS1,,HGNC:5007,Humans,DB07740
4073,Geranylgeranyl transferase type-2 subunit beta,RABGGTB,1216504.0,U49245,P53611,PGTB2_HUMAN,6J6X; 6J74; 6J7F; 6J7X; 6O60,RABGGTB,,HGNC:9796,Humans,DB04464; DB07780; DB07841
4076,Calcium/calmodulin-dependent protein kinase type II subunit alpha,CAMK2A,4836793.0,AF145710,Q9UQM7,KCC2A_HUMAN,2VZ6; 3SOA; 5IG3; 6OF8; 6VZK; 6W4O; 6W4P; 6X5G; 6X5Q; 7KL0; 7KL1; 7KL2; 7REC; 7UIQ; 7UIR; 7UIS; 7UJP; 7UJQ; 7UJR; 7UJS; 7UJT; 9EOY,CAMK2A,,HGNC:1460,Humans,DB04119; DB04447; DB07766; DB12010; DB12571
4077,Cyclin-dependent kinase 16,CDK16,36619.0,X66363,Q00536,CDK16_HUMAN,3MTL; 5G6V,CDK16,,HGNC:8749,Humans,DB07766; DB12010
4094,Mevalonate kinase,MVK,187561.0,M88468,Q03426,KIME_HUMAN,2R3V,MVK,,HGNC:7530,Humans,DB04695
4105,Serine/threonine-protein kinase Sgk1,SGK1,1834511.0,Y10032,O00141,SGK1_HUMAN,2R5T; 3HDM; 3HDN; 7PUE,SGK1,,HGNC:10810,Humans,DB03247; DB03777; DB04462; DB07837; DB08191; DB12429
4108,Calcium/calmodulin-dependent protein kinase type II subunit delta,CAMK2D,,,Q13557,KCC2D_HUMAN,2VN9; 2W2C; 2WEL; 3GP2; 5VLO; 6AYW; 7ZRP; 7ZRQ,CAMK2D,,HGNC:1462,Humans,DB07853; DB08039; DB12010; DB12571
4109,Serine/threonine-protein kinase 26,STK26,13702675.0,AF231012,Q9P289,STK26_HUMAN,3GGF; 3W8I; 4FZA; 4FZD; 4FZF; 4GEH; 5XY9; 5YF4; 7B36,STK26,,HGNC:18174,Humans,DB07853; DB12010
4122,Enolase-phosphatase E1,ENOPH1,,,Q9UHY7,ENOPH_HUMAN,1YNS; 1ZS9,ENOPH1,,HGNC:24599,Humans,DB07912
4141,D-amino-acid oxidase,DAO,30446.0,X13227,P14920,OXDA_HUMAN,2DU8; 2E48; 2E49; 2E4A; 2E82; 3CUK; 3G3E; 3W4I; 3W4J; 3W4K; 3ZNN; 3ZNO; 3ZNP; 3ZNQ; 4QFC; 4QFD; 5ZJ9; 5ZJA; 6KBP; 7U9S; 7U9U; 8HY5,DAO,,HGNC:2671,Humans,DB02838; DB02988; DB03147; DB03225; DB03531; DB03793; DB04166; DB07979; DB16067
4145,Tyrosine-protein kinase JAK1,JAK1,,,P23458,JAK1_HUMAN,3EYG; 3EYH; 4E4L; 4E4N; 4E5W; 4EHZ; 4EI4; 4FK6; 4GS0; 4I5C; 4IVB; 4IVC; 4IVD; 4K6Z; 4K77; 4L00; 4L01; 5E1E; 5HX8; 5IXD; 5IXI; 5KHW; 5KHX; 5L04; 5WO4; 6AAH; 6BBU; 6C7Y; 6DBN; 6ELR; 6GGH; 6HZU; 6N77; 6N78; 6N79; 6N7A; 6N7B; 6N7C; 6N7D; 6RSB; 6RSC; 6RSD; 6RSE; 6RSH; 6SM8; 6SMB; 6TPE; 6TPF; 6W8L; 8EXJ; 8S85,JAK1,,HGNC:6190,Humans,DB02375; DB04716; DB08877; DB08895; DB11708; DB11763; DB11817; DB12010; DB12154; DB12500; DB14845; DB14973; DB15003; DB15091; DB15499; DB15822; DB16133; DB16191; DB16756; DB17064; DB18847; DB19190; DB19856
4146,Non-receptor tyrosine-protein kinase TYK2,TYK2,37504.0,X54637,P29597,TYK2_HUMAN,3LXN; 3LXP; 3NYX; 3NZ0; 3ZON; 4GFO; 4GIH; 4GII; 4GJ2; 4GJ3; 4GVJ; 4OLI; 4PO6; 4PY1; 4WOV; 5C01; 5C03; 5F1Z; 5F20; 5TKD; 5WAL; 6AAM; 6DBK; 6DBM; 6NSL; 6NZE; 6NZF; 6NZH; 6NZP; 6NZQ; 6NZR; 6OVA; 6VNS; 6VNV; 6VNX; 6VNY; 6X8F; 6X8G; 7AX4; 7K7O; 7K7Q; 7UYR; 7UYS; 7UYT; 7UYU; 8EXN; 8EYC; 8S98; 8S99; 8S9A; 8TB5; 8TB6,TYK2,,HGNC:12440,Humans,DB04716; DB08877; DB08895; DB11763; DB11817; DB12010; DB14973; DB15003; DB16133; DB16650; DB18709; DB18847; DB19278
4147,Calcium/calmodulin-dependent protein kinase type 1G,CAMK1G,16755792.0,AF428261,Q96NX5,KCC1G_HUMAN,2JAM,CAMK1G,,HGNC:14585,Humans,DB08009; DB12010
4191,Rho-associated protein kinase 2,ROCK2,4520225.0,D87931,O75116,ROCK2_HUMAN,4L6Q; 4WOT; 5U7Q; 5U7R; 6ED6; 6P5M; 6P5P; 7JNT; 7JOV; 7P6N; 8GDS; 8X8X; 8X8Y; 8X8Z; 8X92; 9EP8,ROCK2,,HGNC:10252,Humans,DB08162; DB08756; DB12010; DB13165; DB13931; DB16703; DB17030
4238,Protein phosphatase 3 catalytic subunit alpha,PPP3CA,306477.0,L14778,Q08209,PP2BA_HUMAN,1AUI; 1M63; 1MF8; 2JOG; 2JZI; 2P6B; 2R28; 2W73; 3LL8; 4F0Z; 4Q5U; 5C1V; 5SVE; 6NUC; 6NUF; 6NUU; 6UUQ; 9B9G,PPP3CA,,HGNC:9314,Humans,DB00091; DB00337; DB00864; DB08231; DB11693
4270,Casein kinase I isoform gamma-1,CSNK1G1,11177010.0,AB042563,Q9HCP0,KC1G1_HUMAN,2CMW,CSNK1G1,,HGNC:2454,Humans,DB08325
4271,Tyrosine-protein kinase Mer,MERTK,505665.0,U08023,Q12866,MERTK_HUMAN,2DBJ; 2P0C; 3BPR; 3BRB; 3TCP; 4M3Q; 4MH7; 4MHA; 5K0K; 5K0X; 5TC0; 5TD2; 5U6C; 6MEP; 7AAX; 7AAY; 7AAZ; 7AB0; 7AB1; 7AB2; 7AVX; 7AVY; 7AVZ; 7AW0; 7AW1; 7AW2; 7AW3; 7AW4; 7CQE; 7DXL; 7M5Z; 7OAM; 7OLS; 7OLV; 7OLX; 7XHY; 9BHI; 9BHJ; 9BHK,MERTK,,HGNC:7027,Humans,DB08325; DB08875; DB12010; DB17159; DB19201
4274,Ribosomal protein S6 kinase alpha-1,RPS6KA1,292457.0,L07597,Q15418,KS6A1_HUMAN,2WNT; 2Z7Q; 2Z7R; 2Z7S; 3RNY; 3TEI; 4H3P; 4NIF; 5CSF; 5CSI; 5CSJ; 5CSN; 5N7D; 5N7F; 5N7G; 5V61; 5V62; 6TWY; 7P74; 7PC8; 7QQL; 8WF4; 8XOV,RPS6KA1,,HGNC:10430,Humans,DB04751; DB12010
4283,Protein mono-ADP-ribosyltransferase PARP15,PARP15,67078854.0,DQ063586,Q460N3,PAR15_HUMAN,3BLJ; 3GEY; 3V2B; 4F0E; 6EK3; 6RY4; 7F41; 7F42; 7F43; 7OQQ; 7OSP; 7OSS; 7OSX; 7OTF; 7OTH; 7OUW; 7OUX; 7PW3; 7PWA; 7PWC; 7PWK; 7PWL; 7PWM; 7PWP; 7PWQ; 7PWR; 7PWS; 7PWU; 7PWW; 7PX6; 7PX7; 7R3O; 7R4A; 7R5D; 7Z1V; 7Z1W; 7Z1Y; 7Z2O; 7Z2Q; 7Z41,PARP15,,HGNC:26876,Humans,DB08348
4284,"[Pyruvate dehydrogenase (acetyl-transferring)] kinase isozyme 4, mitochondrial",PDK4,1399197.0,U54617,Q16654,PDK4_HUMAN,2E0A; 2ZDX; 2ZDY; 2ZKJ; 3D2R; 7EAT; 7EBB; 7EBG,PDK4,,HGNC:8812,Humans,DB00755; DB08356
4314,"Alkaline phosphatase, placental type",ALPP,178474.0,M13077,P05187,PPB1_HUMAN,1EW2; 1ZEB; 1ZED; 1ZEF; 2GLQ; 3MK0; 3MK1; 3MK2,ALPP,,HGNC:439,Humans,DB01373; DB08413
4315,Tyrosine-protein kinase Lyn,LYN,307144.0,M16038,P07948,LYN_HUMAN,1W1F; 1WA7; 3A4O; 5XY1; 6NMW; 8WFF,LYN,,HGNC:6735,Humans,DB01254; DB03023; DB06616; DB08901; DB09079; DB11851; DB12010
4323,SRSF protein kinase 2,SRPK2,1857944.0,U88666,P78362,SRPK2_HUMAN,2X7G; 5MYV; 7ZKX,SRPK2,,HGNC:11306,Humans,DB00173; DB02733; DB04395
4324,Calcium/calmodulin-dependent protein kinase type 1D,CAMK1D,23491810.0,AB081726,Q8IU85,KCC1D_HUMAN,2JC6; 6QP5; 6T28; 6T29; 6T6F; 8BFM; 8BFS,CAMK1D,,HGNC:19341,Humans,DB08454; DB12010
4327,"3-hydroxyisobutyryl-CoA hydrolase, mitochondrial",HIBCH,3320120.0,U66669,Q6NVY1,HIBCH_HUMAN,3BPT,HIBCH,,HGNC:4908,Humans,DB04216
4328,Serine/threonine-protein kinase 17B,STK17B,3834356.0,AB011421,O94768,ST17B_HUMAN,3LM0; 3LM5; 6QF4; 6Y6F; 6Y6H; 6ZJF; 7AKG; 7Q7C; 7Q7D; 7Q7E,STK17B,,HGNC:11396,Humans,DB04216; DB12010
4329,Glycylpeptide N-tetradecanoyltransferase 1,NMT1,3005063.0,AF043324,P30419,NMT1_HUMAN,1RXT; 3IU1; 3IU2; 3IWE; 3JTK; 4C2Y; 4C2Z; 5MU6; 5NPQ; 5O6H; 5O6J; 5O9S; 5O9T; 5O9U; 5O9V; 5UUT; 6EHJ; 6F56; 6FZ2; 6FZ3; 6FZ5; 6PAV; 6QRM; 6SJZ; 6SK2; 6SK3; 6SK8; 6SKJ; 7OWM; 7OWN; 7OWO; 7OWP; 7OWQ; 7OWR; 7OWU; 7RK3; 8Q23; 8Q24; 8Q26; 8Q2Z; 8Q3D; 8Q3S; 8Q3T,NMT1,,HGNC:7857,Humans,DB03062; DB15567
4330,"[Pyruvate dehydrogenase (acetyl-transferring)] kinase isozyme 3, mitochondrial",PDK3,1088285.0,L42452,Q15120,PDK3_HUMAN,1Y8N; 1Y8O; 1Y8P; 2PNR; 2Q8I,PDK3,,HGNC:8811,Humans,DB03758; DB03760
4344,Interleukin-1 receptor-associated kinase 4,IRAK4,20219010.0,AF445802,Q9NWZ3,IRAK4_HUMAN,2NRU; 2NRY; 2O8Y; 2OIB; 2OIC; 2OID; 3MOP; 4RMZ; 4U97; 4U9A; 4XS2; 4Y73; 4YO6; 4YP8; 4ZTL; 4ZTM; 4ZTN; 5K72; 5K75; 5K76; 5K7G; 5K7I; 5KX7; 5KX8; 5T1S; 5T1T; 5UIQ; 5UIR; 5UIS; 5UIT; 5UIU; 5W84; 5W85; 6EG9; 6EGA; 6EGD; 6EGE; 6EGF; 6F3D; 6F3E; 6F3G; 6F3I; 6LXY; 6MOM; 6N8G; 6O8U; 6O94; 6O95; 6O9D; 6RFI; 6RFJ; 6THW; 6THX; 6THZ; 6TI8; 6TIA; 6UYA; 6VQL; 7C2V; 7C2W; 7QG1; 7QG2; 7QG3; 7QG5; 8ATB; 8ATL; 8ATN; 8BR5; 8BR6; 8BR7; 8DKS; 8SCE; 8SCV; 8SCW; 8TVM; 8TVN; 8TX0; 8UCB; 8UCC; 8V1O; 8V2F; 8V2L; 8W3W; 8W3X; 8WTF,IRAK4,,HGNC:17967,Humans,DB08590; DB12010; DB18767; DB18917
4348,"[Pyruvate dehydrogenase (acetyl-transferring)] kinase isozyme 2, mitochondrial",PDK2,1088283.0,L42451,Q15119,PDK2_HUMAN,2BTZ; 2BU2; 2BU5; 2BU6; 2BU7; 2BU8; 4MP2; 4MP7; 4MPC; 4MPE; 4MPN; 4V25; 4V26; 5J6A; 5J71; 5M4K; 5M4M; 5M4N; 5M4P; 6LIL; 6LIN; 6LIO; 6TMP; 6TMQ; 6TMZ; 6TN0; 6TN2; 7EA0; 7EAS; 7EBH; 7VBU; 7VBV; 7VBX; 8ZM1; 8ZM2,PDK2,,HGNC:8810,Humans,DB08608; DB08609; DB08610
4352,Aldo-keto reductase family 1 member A1,AKR1A1,178481.0,J04794,P14550,AK1A1_HUMAN,2ALR,AKR1A1,,HGNC:380,Humans,DB02383; DB03461; DB09130
4353,Aldo-keto reductase family 1 member B10,AKR1B10,3150035.0,U37100,O60218,AK1BA_HUMAN,1ZUA; 4GA8; 4GAB; 4GQ0; 4GQG; 4I5X; 4ICC; 4JIH; 4JII; 4WEV; 4XZL; 4XZM; 4XZN; 5LIK; 5LIU; 5LIW; 5LIX; 5LIY; 5M2F; 5Y7N,AKR1B10,,HGNC:382,Humans,DB00605; DB02021; DB02383; DB03461; DB06246; DB08772
4370,Serine hydrolase BPHL,BPHL,984663.0,X81372,Q86WA6,BPHL_HUMAN,2OCG; 2OCI; 2OCK; 2OCL,BPHL,,HGNC:1094,Humans,DB03380
4384,Calcium/calmodulin-dependent protein kinase type II subunit gamma,CAMK2G,21707842.0,BC034044,Q13555,KCC2G_HUMAN,2UX0; 2V7O,CAMK2G,,HGNC:1463,Humans,DB06616; DB08699; DB12010; DB12571
4386,Mitogen-activated protein kinase kinase kinase 9,MAP3K9,33591094.0,AY327900,P80192,M3K9_HUMAN,3DTC; 4UY9,MAP3K9,,HGNC:6861,Humans,DB05403; DB08703; DB12010
4436,Heparan sulfate glucosamine 3-O-sulfotransferase 1,HS3ST1,,,O14792,HS3S1_HUMAN,1ZRH,HS3ST1,,HGNC:5194,Humans,DB01812
4437,"Type II inositol 1,4,5-trisphosphate 5-phosphatase",INPP5B,,,P32019,I5P2_HUMAN,3MTC; 3N9V; 4CML; 5A7I; 5A7J,INPP5B,,HGNC:6077,Humans,DB03158
4442,RNA-splicing ligase RtcB homolog,RTCB,,,Q9Y3I0,RTCB_HUMAN,7P3B; 8BTT; 8ODO; 8ODP; 8ORJ,RTCB,,HGNC:26935,Humans,DB02772
4443,Inosine triphosphate pyrophosphatase,ITPA,,,Q9BY32,ITPA_HUMAN,2CAR; 2I5D; 2J4E; 4F95,ITPA,,HGNC:6176,Humans,DB04272
4446,Protein arginine N-methyltransferase 3,PRMT3,,,O60678,ANM3_HUMAN,2FYT; 3SMQ; 4HSG; 4QQN; 4RYL; 8G2F; 8G2G; 8SHB; 8SHR; 8SIO,PRMT3,,HGNC:30163,Humans,DB01752
4454,Phosphoglycerate kinase 1,PGK 1.00,,,P00558,PGK1_HUMAN,2WZB; 2WZC; 2WZD; 2X13; 2X14; 2X15; 2XE6; 2XE7; 2XE8; 2Y3I; 2YBE; 2ZGV; 3C39; 3C3A; 3C3B; 3C3C; 3ZOZ; 4AXX; 4O33; 5M1R; 5M3U; 5M6Z; 5MXM; 5NP8; 5O7D; 8YHP,PGK 1.00,,HGNC:8896,Humans,DB03909; DB04510; DB09130; DB11638
4455,Thiosulfate sulfurtransferase,TST,,,Q16762,THTR_HUMAN,8AGF,TST,,HGNC:12388,Humans,DB02761
4459,"Citrate synthase, mitochondrial",CS,,,O75390,CISY_HUMAN,5UZP; 5UZQ; 5UZR,CS,,HGNC:2422,Humans,DB01969; DB01992; DB02637; DB03182; DB03499; DB04230; DB04272
4473,Uridine 5'-monophosphate synthase,UMPS,,,P11172,UMPS_HUMAN,2EAW; 2JGY; 2P1F; 2QCC; 2QCD; 2QCE; 2QCF; 2QCG; 2QCH; 2QCL; 2QCM; 2QCN; 2V30; 2WNS; 3BGG; 3BGJ; 3BK0; 3BVJ; 3DBP; 3EWU; 3EWW; 3EWX; 3EWY; 3EWZ; 3EX1; 3EX2; 3EX3; 3EX4; 3EX6; 3G3D; 3G3M; 3L0K; 3L0N; 3MI2; 3MO7; 3MW7; 4HIB; 4HKP; 6YVK; 6YVL; 6YVM; 6YVN; 6YVO; 6YWT; 6YWU; 6ZWY; 6ZWZ; 6ZX0; 6ZX1; 6ZX2; 6ZX3; 7AM9; 7ASQ; 7OQF; 7OQI; 7OQK; 7OQM; 7OQN; 7OTU; 7OUZ; 7OV0; 7Q1H,UMPS,,HGNC:12563,Humans,DB02890
4477,"Adenylate kinase 2, mitochondrial",AK2,,,P54819,KAD2_HUMAN,2C9Y,AK2,,HGNC:362,Humans,DB01717; DB03366
4486,DNA nucleotidylexotransferase,DNTT,,,P04053,TDT_HUMAN,2COE; 5W4E,DNTT,,HGNC:2983,Humans,DB02189
4520,6-pyruvoyl tetrahydrobiopterin synthase,PTS,,,Q03393,PTPS_HUMAN,3I2B,PTS,,HGNC:9689,Humans,DB00688; DB03886
4527,"Isocitrate dehydrogenase [NADP], mitochondrial",IDH2,,,P48735,IDHP_HUMAN,4JA8; 5GIS; 5I95; 5I96; 5SVN; 5SVO; 6ADI; 6UJ7; 6UJ8; 6UJ9; 6VFZ,IDH2,,HGNC:5383,Humans,DB01727; DB13874; DB17097
4541,Glutathione S-transferase theta-2,GSTT2,,,P0CG29,GST2_HUMAN,4MPF,GSTT2,,HGNC:4642,Humans,DB04132
4551,Carboxy-terminal domain RNA polymerase II polypeptide A small phosphatase 1,CTDSP1,,,Q9GZU7,CTDS1_HUMAN,1T9Z; 1TA0; 2GHQ; 2GHT; 3L0B; 3L0C; 3L0Y; 3PGL; 4YGY; 4YH1; 6DU3,CTDSP1,,HGNC:21614,Humans,DB04156; DB04272
4552,Cyclin-dependent kinases regulatory subunit 1,CKS1B,,,P61024,CKS1_HUMAN,1BUH; 1DKS; 1DKT; 2ASS; 2AST; 4YC6; 7B5L; 7B5M; 7B5R; 7NJ0; 8BYA; 8BYL; 8OR0; 8OR4,CKS1B,,HGNC:19083,Humans,DB00472; DB02681
4563,Serine protease inhibitor Kazal-type 6,SPINK6,,,Q6UWN8,ISK6_HUMAN,2N52,SPINK6,,HGNC:29486,Humans,DB02107
4571,Branched-chain alpha-ketoacid dehydrogenase kinase,BCKDK,,,O14874,BCKD_HUMAN,8F5F; 8F5J; 8F5S; 9DI9,BCKDK,,HGNC:16902,Humans,DB02930
4578,Histone acetyltransferase KAT5,KAT5,,,Q92993,KAT5_HUMAN,2EKO; 2OU2; 4QQG,KAT5,,HGNC:5275,Humans,DB01992; DB02039
4580,FAD-linked sulfhydryl oxidase ALR,GFER,,,P55789,ALR_HUMAN,3MBG; 3O55; 3TK0; 3U2L; 3U2M; 3U5S; 4LDK,GFER,,HGNC:4236,Humans,DB03147
4583,Histone acetyltransferase KAT2A,KAT2A,,,Q92830,KAT2A_HUMAN,1F68; 1Z4R; 3D7C; 5H84; 5H86; 5MLJ; 5TRL; 5TRM; 6J3P; 8E6O; 8H65; 8H66; 8H6C; 8H6D,KAT2A,,HGNC:4201,Humans,DB01992
4584,Serotonin N-acetyltransferase,AANAT,,,Q16613,SNAT_HUMAN,6T80,AANAT,,HGNC:19,Humans,DB01777; DB02931; DB03341; DB09061; DB14009; DB14011
4585,2'-5'-oligoadenylate synthase 1,OAS1,,,P00973,OAS1_HUMAN,4IG8,OAS1,,HGNC:8086,Humans,DB02987
4586,Catechol O-methyltransferase domain-containing protein 1,COMTD1,,,Q86VU5,CMTD1_HUMAN,2AVD,COMTD1,,HGNC:26309,Humans,DB01752; DB03179; DB03923
4590,Phosphoserine phosphatase,PSPH,,,P78330,SERB_HUMAN,1L8L; 1L8O; 1NNL; 6HYJ; 6HYY; 6Q6J,PSPH,,HGNC:9577,Humans,DB01593; DB03292; DB14487; DB14533; DB14548
4597,Protein arginine N-methyltransferase 1,PRMT1,,,Q99873,ANM1_HUMAN,6NT2,PRMT1,,HGNC:5187,Humans,DB01752
4601,Aurora kinase C,AURKC,,,Q9UQB9,AURKC_HUMAN,6GR8; 6GR9; 9ESA,AURKC,,HGNC:11391,Humans,DB02052; DB03444; DB06134; DB07545; DB08039; DB08454; DB11694; DB11778; DB12010; DB17197
4608,Sterol O-acyltransferase 2,SOAT2,,,O75908,SOAT2_HUMAN,7N6Q; 7N6R,SOAT2,,HGNC:11178,Humans,DB01094; DB16254
4623,Gamma-glutamylaminecyclotransferase,GGACT,,,Q9BVM4,GGACT_HUMAN,3JUB; 3JUC; 3JUD,GGACT,,HGNC:25100,Humans,DB01942
4625,Hepatocyte growth factor-regulated tyrosine kinase substrate,HGS,,,O14964,HGS_HUMAN,2D3G; 3F1I; 3OBQ; 3ZYQ; 4AVX,HGS,,HGNC:4897,Humans,DB04272
4630,Mannan-binding lectin serine protease 2,MASP2,,,O00187,MASP2_HUMAN,1Q3X; 1SZB; 1ZJK; 3TVJ; 5JPM,MASP2,,HGNC:6902,Humans,DB04527; DB16418
4655,Inhibitor of nuclear factor kappa-B kinase subunit alpha,CHUK,,,O15111,IKKA_HUMAN,3BRT; 5EBZ; 5TQW; 5TQX; 5TQY,CHUK,,HGNC:1974,Humans,DB00233; DB00244; DB00795; DB06151
4671,"Carbamoyl-phosphate synthase [ammonia], mitochondrial",CPS1,,,P31327,CPSM_HUMAN,2YVQ; 4UTR; 4UTV; 4UTX; 4UTZ; 4UU7; 4UU8; 4UUA; 4UUB; 5DOT; 5DOU; 5OJO; 6UEL; 6W2J,CPS1,,HGNC:2323,Humans,DB06775
4728,Sphingosine kinase 1,SPHK1,,,Q9NYA1,SPHK1_HUMAN,3VZB; 3VZC; 3VZD; 4L02; 4V24,SPHK1,,HGNC:11240,Humans,DB04915; DB08868
4731,Protein-tyrosine kinase 6,PTK6,,,Q13882,PTK6_HUMAN,1RJA; 2KGT; 5D7V; 5DA3; 5H2U; 6CZ2; 6CZ3; 6CZ4; 8S1C,PTK6,,HGNC:9617,Humans,DB05294; DB11800; DB12010; DB15035
4744,Dual specificity mitogen-activated protein kinase kinase 2,MAP2K2,,,P36507,MP2K2_HUMAN,1S9I; 4H3Q,MAP2K2,,HGNC:6842,Humans,DB06616; DB07101; DB08911; DB11689; DB11967; DB12010; DB17042
4745,Mitogen-activated protein kinase kinase kinase 2,MAP3K2,,,Q9Y2U5,M3K2_HUMAN,2CU1; 2NPT; 5EX0; 5HQ8; 6LDV; 6LDW; 6LDX; 6LDY,MAP3K2,,HGNC:6854,Humans,DB06616; DB12010; DB12429; DB17060
4759,LIM domain kinase 1,LIMK1,,,P53667,LIMK1_HUMAN,3S95; 5HVJ; 5HVK; 5L6W; 5NXC; 6WLY; 7ATS; 7ATU; 7B8W; 8AAU,LIMK1,,HGNC:6613,Humans,DB08912; DB11718; DB12010
4772,Receptor tyrosine-protein kinase erbB-4,ERBB4,,,Q15303,ERBB4_HUMAN,2AHX; 2L2T; 2LCX; 2R4B; 3BBT; 3BBW; 3BCE; 3U2P; 3U7U; 3U9U; 8U4I; 8U4J; 8U4K; 8U4L,ERBB4,,HGNC:3432,Humans,DB05424; DB08916; DB11963; DB12010; DB12267; DB12325; DB12744; DB15035
4823,Serine-protein kinase ATM,ATM,,,Q13315,ATM_HUMAN,5NP0; 5NP1; 6HKA; 6K9K; 6K9L; 7NI4; 7NI5; 7NI6; 7SIC; 7SID; 8OXM; 8OXO; 8OXP; 8OXQ,ATM,,HGNC:795,Humans,DB00201; DB02289
4825,Ribosomal protein S6 kinase alpha-3,RPS6KA3,,,P51812,KS6A3_HUMAN,4D9T; 4D9U; 4JG6; 4JG7; 4JG8; 4NUS; 4NW5; 4NW6; 5D9K; 5D9L; 7OPO; 8EQ5; 8R58; 8XEY; 8XFY,RPS6KA3,,HGNC:10432,Humans,DB00945; DB12010
1132,Protein kinase C alpha type,PRKCA,35483.0,X52479,P17252,KPCA_HUMAN,2ELI; 3IW4; 4DNL; 4RA4; 8U37; 8UAK,PRKCA,PRKCA,HGNC:9393,Humans,DB00675; DB02010; DB04209; DB09096
872,Protein kinase C beta type,PRKCB,189969.0,M13975,P05771,KPCB_HUMAN,2I0E; 8SG2,PRKCB,PRKCB1,HGNC:9395,Humans,DB00675; DB02010; DB04209; DB09096
2417,Protein kinase C delta type,PRKCD,,L07860,Q05655,KPCD_HUMAN,1YRK; 2YUU,PRKCD,PRKCD,HGNC:9399,Humans,DB00675; DB02010; DB04209; DB09096
3431,Protein kinase C epsilon type,PRKCE,,X65293,Q02156,KPCE_HUMAN,2WH0; 5LIH,PRKCE,PRKCE,HGNC:9401,Humans,DB00675; DB02010; DB04209; DB09096
4830,Protein kinase C gamma type,PRKCG,,,P05129,KPCG_HUMAN,2E73; 2UZP,PRKCG,,HGNC:9402,Humans,DB00675; DB02010; DB04209; DB09096
3889,Protein kinase C iota type,PRKCI,432274.0,L18964,P41743,KPCI_HUMAN,1VD2; 1WMH; 1ZRZ; 3A8W; 3A8X; 3ZH8; 5LI1; 5LI9; 5LIH; 6ILZ; 8R3X; 8R3Y,PRKCI,,HGNC:9404,Humans,DB00675; DB02010; DB04209; DB09096
1385,Protein kinase C theta type,PRKCQ,558099.0,L01087,Q04759,KPCT_HUMAN,1XJD; 2ENJ; 2ENN; 2ENZ; 2JED; 4Q9Z; 4RA5; 5F9E,PRKCQ,PRKCQ,HGNC:9410,Humans,DB00675; DB02010; DB04209; DB09096
4838,NADPH oxidase 2,CYBB,,,P04839,CY24B_HUMAN,3A1F; 7U8G; 8GZ3; 8KEI; 8WEJ; 8X2L,CYBB,,HGNC:2578,Humans,DB00514
677,5'-AMP-activated protein kinase catalytic subunit alpha-1,PRKAA1,4115829.0,AB022017,Q13131,AAPK1_HUMAN,4RED; 4RER; 4REW; 5EZV; 6C9F; 6C9G; 6C9H; 6C9J; 7JHG; 7JHH; 7JIJ; 7M74,PRKAA1,PRKAA1,HGNC:9376,Humans,DB00131; DB00945; DB12010
4843,5'-AMP-activated protein kinase catalytic subunit alpha-2,PRKAA2,,,P54646,AAPK2_HUMAN,2H6D; 2LTU; 2YZA; 3AQV; 4CFE; 4CFF; 4ZHX; 5EZV; 5ISO; 6B1U; 6B2E; 6BX6; 7MYJ; 8BIK,PRKAA2,,HGNC:9377,Humans,DB00131; DB00945; DB12010
254,5'-AMP-activated protein kinase subunit beta-1,PRKAB1,2916800.0,AJ224515,Q9Y478,AAKB1_HUMAN,4CFE; 4CFF; 4ZHX; 5EZV; 5ISO; 6B1U; 6C9F; 6C9G; 6C9H; 6C9J; 7MYJ; 8BIK,PRKAB1,PRKAB1,HGNC:9378,Humans,DB00131; DB00945; DB12010
774,5'-AMP-activated protein kinase subunit beta-2,PRKAB2,2916802.0,AJ224538,O43741,AAKB2_HUMAN,2F15; 2V8Q; 2V92; 2V9J; 2Y8L; 2Y8Q; 2YA3; 4CFH; 4EAI; 4EAJ; 4RER; 4REW; 6B2E; 7JHG; 7JHH; 7JIJ; 7M74,PRKAB2,PRKAB2,HGNC:9379,Humans,DB00131; DB00945; DB12010
4844,5'-AMP-activated protein kinase subunit gamma-1,PRKAG1,,,P54619,AAKG1_HUMAN,2UV4; 2UV5; 2UV6; 2UV7; 4CFE; 4CFF; 4RER; 4REW; 4ZHX; 5EZV; 5ISO; 6B1U; 6B2E; 6C9F; 6C9G; 6C9H; 6C9J; 7JHG; 7JHH; 7JIJ; 7M74; 7MYJ; 8BIK,PRKAG1,,HGNC:9385,Humans,DB00131; DB00945; DB12010
2198,Amine oxidase [flavin-containing] A,MAOA,187353.0,M68840,P21397,AOFA_HUMAN,2BXR; 2BXS; 2Z5X; 2Z5Y,MAOA,MAOA,HGNC:6833,Humans,DB00182; DB00721; DB01168; DB01171
2196,Amine oxidase [flavin-containing] B,MAOB,398415.0,S62734,P27338,AOFB_HUMAN,1GOS; 1OJ9; 1OJA; 1OJC; 1OJD; 1S2Q; 1S2Y; 1S3B; 1S3E; 2BK3; 2BK4; 2BK5; 2BYB; 2C64; 2C65; 2C66; 2C67; 2C70; 2C72; 2C73; 2C75; 2C76; 2V5Z; 2V60; 2V61; 2VRL; 2VRM; 2VZ2; 2XCG; 2XFN; 2XFO; 2XFP; 2XFQ; 2XFU; 3PO7; 3ZYX; 4A79; 4A7A; 4CRT; 5MRL; 6FVZ; 6FW0; 6FWC; 6RKB; 6RKP; 6RLE; 6YT2; 7B0V; 7B0Z; 7P4F; 7P4H; 7ZW3; 9FJT,MAOB,MAOB,HGNC:6834,Humans,DB00182; DB00721; DB01168; DB01171
761,Inosine-5'-monophosphate dehydrogenase 1,IMPDH1,307067.0,J05272,P20839,IMDH1_HUMAN,1JCN; 7RER; 7RES; 7RFE; 7RFF; 7RFG; 7RFH; 7RFI; 7RGD; 7RGI; 7RGL; 7RGM; 7RGQ; 8U7M; 8U7Q; 8U7V; 8U8O; 8U8Y,IMPDH1,IMPDH1,HGNC:6052,Humans,DB01033
722,Inosine-5'-monophosphate dehydrogenase 2,IMPDH2,307066.0,J04208,P12268,IMDH2_HUMAN,1B3O; 1NF7; 1NFB; 6I0M; 6I0O; 6U8E; 6U8N; 6U8R; 6U8S; 6U9O; 6UA2; 6UA4; 6UA5; 6UAJ; 6UC2; 6UDO; 6UDP; 6UDQ; 8FOZ; 8FUZ; 8G8F; 8G9B; 9DMU,IMPDH2,IMPDH2,HGNC:6053,Humans,DB01033
4881,"Myosin light chain kinase 2, skeletal/cardiac muscle",MYLK2,,,Q9H1R3,MYLK2_HUMAN,2LV6; 3KF9,MYLK2,,HGNC:16243,Humans,DB04825; DB12010
4940,Arsenite methyltransferase,AS3MT,,,Q9HBK9,AS3MT_HUMAN,8XT7,AS3MT,,HGNC:17452,Humans,DB00118
5363,Casein kinase II subunit beta,CSNK2B,,,P67870,CSK2B_HUMAN,1DS5; 1JWH; 1QF8; 3EED; 4DGL; 4MD7; 4MD8; 4MD9; 4NH1; 6Q38,CSNK2B,,HGNC:2460,Humans,DB00171; DB04216
5387,ADP-ribosyl cyclase/cyclic ADP-ribose hydrolase 1,CD38,,,P28907,CD38_HUMAN,1YH3; 1ZVM; 2EF1; 2HCT; 2I65; 2I66; 2I67; 2O3Q; 2O3R; 2O3S; 2O3T; 2O3U; 2PGJ; 2PGL; 3DZF; 3DZG; 3DZH; 3DZI; 3DZJ; 3DZK; 3F6Y; 3I9M; 3I9N; 3OFS; 3RAJ; 3ROK; 3ROM; 3ROP; 3ROQ; 3U4H; 3U4I; 4CMH; 4F45; 4F46; 4OGW; 4TMF; 4XJS; 4XJT; 5F1K; 5F1O; 5F21; 6EDR; 6VUA; 7DHA; 7DUO; 7VKE; 8BYU; 8D0M; 8IL3; 8P8C; 8VAU; 9GOX; 9GOY,CD38,,HGNC:1667,Humans,DB09331; DB14811; DB16370
5458,"Phosphatidylinositol 3,4,5-trisphosphate 3-phosphatase and dual-specificity protein phosphatase PTEN",PTEN,,,P60484,PTEN_HUMAN,1D5R; 2KYL; 4O1V; 5BUG; 5BZX; 5BZZ; 7JTX; 7JUK; 7JUL; 7JVX; 7PC7; 8X3S,PTEN,,HGNC:9588,Humans,DB04327
5467,Tyrosine-protein kinase Fgr,FGR,,,P09769,FGR_HUMAN,7JT9; 7UY0; 7UY3,FGR,,HGNC:3697,Humans,DB01254; DB06616; DB12010; DB15035
5642,Mitogen-activated protein kinase kinase kinase 20,MAP3K20,,,Q9NYL2,M3K20_HUMAN,5HES; 5X5O; 6JUT; 6JUU; 7YAW; 7YAZ,MAP3K20,,HGNC:17797,Humans,DB01254; DB12010
5814,Ubiquitin carboxyl-terminal hydrolase isozyme L1,UCHL1,,,P09936,UCHL1_HUMAN,2ETL; 2LEN; 3IFW; 3IRT; 3KVF; 3KW5; 4DM9; 4JKJ; 7ZM0; 8DY8; 8EDE; 8PW1; 8XI7,UCHL1,,HGNC:12513,Humans,DB12695
5871,TGF-beta-activated kinase 1 and MAP3K7-binding protein 1,TAB1,,,Q15750,TAB1_HUMAN,2J4O; 2POM; 2POP; 2YDS; 2YIY; 4AY5; 4AY6; 4GS6; 4KA3; 4L3P; 4L52; 4L53; 4O91; 5DIY; 5E7R; 5GJD; 5GJF; 5GJG; 5J7S; 5J8I; 5J9L; 5JGA; 5JGB; 5JGD; 5JH6; 5JK3; 5NZZ; 5O90; 5V5N; 5VVU; 7NTH; 7NTI; 8GW3; 8XI8; 9FPD,TAB1,,HGNC:18157,Humans,DB06757
8910,Phosphatidylinositol 4-kinase type 2-beta,PI4K2B,,,Q8TCG2,P4K2B_HUMAN,4WTV; 8A5X,PI4K2B,,HGNC:18215,Humans,DB02709
8922,Cap-specific mRNA (nucleoside-2'-O-)-methyltransferase 1,CMTR1,,,Q8N1G2,CMTR1_HUMAN,4N48; 4N49; 4N4A; 8P4E; 8P4F; 8W8F,CMTR1,,HGNC:21077,Humans,DB00118
8937,Cyclin-dependent kinase inhibitor 1,CDKN1A,,,P38936,CDN1A_HUMAN,1AXC; 2ZVV; 2ZVW; 4RJF; 5E0U; 6CBI; 6CEJ; 6CIV; 6CIX; 6P8H; 7KQ0; 7KQ1; 8GJF,CDKN1A,,HGNC:1784,Humans,DB00313; DB01169
8939,ATP synthase F(0) complex subunit a,MT-ATP6,,,P00846,ATP6_HUMAN,8H9F; 8H9J; 8H9M; 8H9Q; 8H9S; 8H9T; 8H9U; 8H9V; 8KHF; 8KI3,MT-ATP6,,HGNC:7414,Humans,DB00783; DB13952; DB13953; DB13954; DB13955; DB13956
8946,"ATP synthase F(0) complex subunit e, mitochondrial",ATP5ME,,,P56385,ATP5I_HUMAN,8H9F; 8H9J; 8H9M; 8H9Q; 8H9S; 8H9T; 8H9U; 8H9V; 8KHF; 8KI3,ATP5ME,,HGNC:846,Humans,DB12695
8947,"ATP synthase F(0) complex subunit g, mitochondrial",ATP5MG,,,O75964,ATP5L_HUMAN,8H9F; 8H9J; 8H9M; 8H9Q; 8H9S; 8H9T; 8H9U; 8H9V; 8KHF; 8KI3,ATP5MG,,HGNC:14247,Humans,DB11638; DB12695
8965,Ubiquitin carboxyl-terminal hydrolase 14,USP14,,,P54578,UBP14_HUMAN,2AYN; 2AYO; 5GJQ; 6IIK; 6IIL; 6IIM; 6IIN; 6LVS; 7W37; 7W38; 7W39; 7W3A; 7W3B; 7W3C; 7W3F; 7W3G; 7W3H; 7W3I; 7W3J; 7W3K; 7W3M,USP14,,HGNC:12612,Humans,DB12695
9022,"ATP synthase peripheral stalk subunit OSCP, mitochondrial",ATP5PO,,,P48047,ATPO_HUMAN,8H9E; 8H9I; 8H9L; 8H9P; 8H9S; 8H9T; 8H9U; 8H9V; 8KI3,ATP5PO,,HGNC:850,Humans,DB11638
9334,Ribosomal protein S6 kinase alpha-6,RPS6KA6,,,Q9UK32,KS6A6_HUMAN,6G76; 6G77; 6G78,RPS6KA6,,HGNC:10435,Humans,DB12010
9335,"Atypical kinase COQ8A, mitochondrial",COQ8A,,,Q8NI60,COQ8A_HUMAN,4PED; 5I35; 7UDP; 7UDQ,COQ8A,,HGNC:16812,Humans,DB12010
9337,Serine/threonine-protein kinase 24,STK24,,,Q9Y6E0,STK24_HUMAN,3A7F; 3A7G; 3A7H; 3A7I; 3A7J; 3CKW; 3CKX; 3ZHP; 4O27; 4QML; 4QMM; 4QMN; 4QMO; 4QMP; 4QMQ; 4QMS; 4QMT; 4QMU; 4QMV; 4QMW; 4QMX; 4QMY; 4QMZ; 4QNA; 4QO9; 4U8Z; 4W8D; 4W8E; 7B30; 7B31; 7B32; 7B33; 7B34; 7B35; 8BZI; 8BZJ; 8QLQ; 8QLR; 8QLS; 8QLT,STK24,,HGNC:11403,Humans,DB12010
9338,Serine/threonine-protein kinase 3,STK3,,,Q13188,STK3_HUMAN,3WWS; 4HKD; 4L0N; 4LG4; 4LGD; 4OH9; 5BRM; 5DH3; 6AO5; 6AR2; 8A66,STK3,,HGNC:11406,Humans,DB12010
9339,Tyrosine-protein kinase Tec,TEC,,,P42680,TEC_HUMAN,LUL 2.00,TEC,,HGNC:11719,Humans,DB06616; DB12010; DB14924; DB15035
9340,Serine/threonine-protein kinase 33,STK33,,,Q9BYT3,STK33_HUMAN,8VF6,STK33,,HGNC:14568,Humans,DB12010
9343,Serine/threonine-protein kinase 38,STK38,,,Q15208,STK38_HUMAN,1PSB; 6BXI,STK38,,HGNC:17847,Humans,DB12010
9344,Serine/threonine-protein kinase 38-like,STK38L,,,Q9Y2H1,ST38L_HUMAN,5XQZ,STK38L,,HGNC:17848,Humans,DB12010
9345,STE20/SPS1-related proline-alanine-rich protein kinase,STK39,,,Q9UEW8,STK39_HUMAN,7O86,STK39,,HGNC:17717,Humans,DB12010
9347,Serine/threonine-protein kinase TAO3,TAOK3,,,Q9H2K8,TAOK3_HUMAN,6BDN,TAOK3,,HGNC:18133,Humans,DB12010
9348,Serine/threonine-protein kinase TBK1,TBK1,,,Q9UHD2,TBK1_HUMAN,4EFO; 4EUT; 4EUU; 4IM0; 4IM2; 4IM3; 4IW0; 4IWO; 4IWP; 4IWQ; 5EOA; 5EOF; 5EP6; 5W5V; 6BNY; 6BOD; 6BOE; 6CQ0; 6CQ4; 6CQ5; 6NT9; 6O8B; 6RSR; 6RST; 6RSU,TBK1,,HGNC:11584,Humans,DB12010
9350,Tyrosine-protein kinase receptor Tie-1,TIE1,,,P35590,TIE1_HUMAN,5N06,TIE1,,HGNC:11809,Humans,DB12010
9352,Serine/threonine-protein kinase tousled-like 2,TLK2,,,Q86UE8,TLK2_HUMAN,5O0Y; 7LO0,TLK2,,HGNC:11842,Humans,DB12010
9353,TRAF2 and NCK-interacting protein kinase,TNIK,,,Q9UKE5,TNIK_HUMAN,2X7F; 5AX9; 5CWZ; 5D7A; 6RA5; 6RA7; 7XZQ; 7XZR; 8WM0; 8X88,TNIK,,HGNC:30765,Humans,DB12010
9354,Non-receptor tyrosine-protein kinase TNK1,TNK1,,,Q13470,TNK1_HUMAN,7T8J; 7TCY; 7TDY; 7U4W; 7U4Z; 9CPL,TNK1,,HGNC:11940,Humans,DB12010
9355,Serine/threonine-protein kinase TNNI3K,TNNI3K,,,Q59H18,TNI3K_HUMAN,4YFF; 4YFI; 6B5J; 7MGJ; 7MGK,TNNI3K,,HGNC:19661,Humans,DB12010
9357,Tyrosine-protein kinase TXK,TXK,,,P42681,TXK_HUMAN,2DM0,TXK,,HGNC:12434,Humans,DB12010; DB14924; DB15035
9358,Tyrosine-protein kinase receptor TYRO3,TYRO3,,,Q06418,TYRO3_HUMAN,1RHF,TYRO3,,HGNC:12446,Humans,DB08875; DB12010
9359,Serine/threonine-protein kinase ULK1,ULK1,,,O75385,ULK1_HUMAN,4WNO; 4WNP; 5CI7; 6HYO; 6MNH; 6QAS; 8P5G; 8P5H; 8P5I; 8P5J; 8P5K; 8P5L; 8SOI; 8SQZ; 8SRM; 8SV9; 9C82; 9F32,ULK1,,HGNC:12558,Humans,DB12010
9360,Serine/threonine-protein kinase ULK2,ULK2,,,Q8IYT8,ULK2_HUMAN,6QAT; 6QAU; 6QAV; 6YID,ULK2,,HGNC:13480,Humans,DB12010
9361,Serine/threonine-protein kinase ULK3,ULK3,,,Q6PHR2,ULK3_HUMAN,4WZX; 6FDY; 6FDZ,ULK3,,HGNC:19703,Humans,DB12010
9363,AP2-associated protein kinase 1,AAK1,,,Q2M2I8,AAK1_HUMAN,4WSQ; 5L4Q; 5TE0; 8GMC; 8GMD,AAK1,,HGNC:19679,Humans,DB12010
9366,Tyrosine-protein kinase receptor UFO,AXL,,,P30530,UFO_HUMAN,2C5D; 4RA0; 5U6B; 5VXZ,AXL,,HGNC:905,Humans,DB06302; DB08875; DB12010; DB12141; DB12411; DB15187; DB19201
9368,BMP-2-inducible protein kinase,BMP2K,,,Q9NSY1,BMP2K_HUMAN,4W9W; 4W9X; 5I3O; 5I3R; 5IKW,BMP2K,,HGNC:18041,Humans,DB12010
9370,Cytoplasmic tyrosine-protein kinase BMX,BMX,,,P51813,BMX_HUMAN,2EKX; 2YS2; 3SXR; 3SXS; 6I99; 8X2A,BMX,,HGNC:1079,Humans,DB12010; DB14924; DB15035
9371,Calcium/calmodulin-dependent protein kinase type 1,CAMK1,,,Q14012,KCC1A_HUMAN,4FG7; 4FG8; 4FG9; 4FGB,CAMK1,,HGNC:1459,Humans,DB12010
9372,Calcium/calmodulin-dependent protein kinase kinase 1,CAMKK1,,,Q8N5S9,KKCC1_HUMAN,6CCF; 6CD6,CAMKK1,,HGNC:1469,Humans,DB12010
9373,Calcium/calmodulin-dependent protein kinase kinase 2,CAMKK2,,,Q96RR4,KKCC2_HUMAN,2ZV2; 5UY6; 5UYJ; 5VT1; 5YV8; 5YV9; 5YVA; 5YVB; 5YVC; 6BKU; 6BLE; 6BQL; 6BQP; 6BQQ; 6BRC; 6CMJ; 6EF5; 6EWW; 6FEL; 6Y3O; 6Y4K; 6Y6B; 6Y8A; 8TUC,CAMKK2,,HGNC:1470,Humans,DB12010
9376,Cyclin-dependent kinase-like 1,CDKL1,,,Q00532,CDKL1_HUMAN,4AGU,CDKL1,,HGNC:1781,Humans,DB12010
9377,Cyclin-dependent kinase-like 2,CDKL2,,,Q92772,CDKL2_HUMAN,4AAA; 4BBM; 8S6I,CDKL2,,HGNC:1782,Humans,DB12010
9379,Dual specificity protein kinase CLK2,CLK2,,,P49760,CLK2_HUMAN,3NR9; 5UNP; 6FYI; 6FYK; 6FYL; 6KHE,CLK2,,HGNC:2069,Humans,DB12010
9380,Dual specificity protein kinase CLK4,CLK4,,,Q9HAZ1,CLK4_HUMAN,6FYV,CLK4,,HGNC:13659,Humans,DB12010
9381,Casein kinase I isoform alpha,CSNK1A1,,,P48729,KC1A_HUMAN,5FQD; 6GZD; 7WTT; 8G66,CSNK1A1,,HGNC:2451,Humans,DB03083; DB12010
9382,Death-associated protein kinase 2,DAPK2,,,Q9UIK4,DAPK2_HUMAN,1WMK; 1WRZ; 1Z9X; 1ZUZ; 1ZWS; 2A27; 2A2A; 2CKE; 6PAW; 7A6R; 7A6Y,DAPK2,,HGNC:2675,Humans,DB12010
9383,Serine/threonine-protein kinase DCLK1,DCLK1,,,O15075,DCLK1_HUMAN,1MFW; 1MG4; 1UF0; 5JZJ; 5JZN; 6KYQ; 6KYR; 7F3G; 7KX6; 7KX8; 7KXW,DCLK1,,HGNC:2700,Humans,DB12010
9386,Dual specificity tyrosine-phosphorylation-regulated kinase 1B,DYRK1B,,,Q9Y463,DYR1B_HUMAN,8C2Z,DYRK1B,,HGNC:3092,Humans,DB12010
9388,"Interferon-induced, double-stranded RNA-activated protein kinase",EIF2AK2,,,P19525,E2AK2_HUMAN,1QU6; 2A19; 2A1A; 3UIU; 6D3K; 6D3L; 7OBK; 7OBL; 8BI7; 8I9J; 8IZN,EIF2AK2,,HGNC:9437,Humans,DB00328; DB07995; DB12010
9389,eIF-2-alpha kinase GCN2,EIF2AK4,,,Q9P2K8,E2AK4_HUMAN,6N3L; 6N3N; 6N3O; 7E2K; 7E2M; 7QQ6; 7QWK; 8T7T,EIF2AK4,,HGNC:19687,Humans,DB12010
9397,Tyrosine-protein kinase Fer,FER,,,P16591,FER_HUMAN,2KK6; 6KC4,FER,,HGNC:3655,Humans,DB12010; DB12130
9398,Tyrosine-protein kinase Fes/Fps,FES,,,P07332,FES_HUMAN,1WQU; 2DCR; 3BKB; 3CBL; 3CD3; 4DYL; 4E93; 6JMF; 7T1K; 7T1L; 8X2T; 8XKP,FES,,HGNC:3657,Humans,DB12010; DB12130
9399,Cyclin-G-associated kinase,GAK,,,O14976,GAK_HUMAN,4C57; 4C58; 4C59; 4O38; 4Y8D; 5Y7Z; 5Y80,GAK,,HGNC:4113,Humans,DB12010
9400,Glycogen synthase kinase-3 alpha,GSK3A,,,P49840,GSK3A_HUMAN,7SXF; 7SXG,GSK3A,,HGNC:4616,Humans,DB00313; DB01950; DB03444; DB11913; DB12010; DB14509; DB16607; DB19676
9401,Homeodomain-interacting protein kinase 2,HIPK2,,,Q9H2X6,HIPK2_HUMAN,6P5S; 7NCF,HIPK2,,HGNC:14402,Humans,DB12010
9402,Homeodomain-interacting protein kinase 3,HIPK3,,,Q9H422,HIPK3_HUMAN,7O7I; 7O7J,HIPK3,,HGNC:4915,Humans,DB12010
9406,Interleukin-1 receptor-associated kinase 1,IRAK1,,,P51617,IRAK1_HUMAN,6BFN,IRAK1,,HGNC:6112,Humans,DB12010
9407,Interleukin-1 receptor-associated kinase 3,IRAK3,,,Q9Y616,IRAK3_HUMAN,5UKE; 6RUU; 6ZIW,IRAK3,,HGNC:17020,Humans,DB12010
9408,Serine/threonine-protein kinase SIK3,SIK3,,,Q9Y2K2,SIK3_HUMAN,8OKU; 8R4O; 8R4Q; 8R4U; 8R4V,SIK3,,HGNC:29165,Humans,DB12010
9409,Serine/threonine-protein kinase LATS1,LATS1,,,O95835,LATS1_HUMAN,4ZRK; 5B5W; 5BRK; 7LWH,LATS1,,HGNC:6514,Humans,DB12010
9410,LIM domain kinase 2,LIMK2,,,P53671,LIMK2_HUMAN,1X6A; 4TPT; 5NXD; 7QHG; 8GI4; 8S3X; 8WSW,LIMK2,,HGNC:6614,Humans,DB11718; DB12010
9411,Leucine-rich repeat serine/threonine-protein kinase 2,LRRK2,,,Q5S007,LRRK2_HUMAN,2ZEJ; 3D6T; 5MY9; 5MYC; 6DLO; 6DLP; 6OJE; 6OJF; 6VNO; 6VP6; 6VP7; 6XAF; 6XR4; 7LHT; 7LHW; 7LI3; 7LI4; 7THY; 7THZ; 8FO2; 8FO7; 8FO8; 8FO9; 8SMC; 8TXZ; 8TYQ; 8TZB; 8TZC; 8TZE; 8TZF; 8TZG; 8TZH; 8U1B; 8U7H; 8U7L; 8U8A; 8U8B; 8VH4; 8VH5; 9C76; 9CHO,LRRK2,,HGNC:18618,Humans,DB12010
9412,Leukocyte tyrosine kinase receptor,LTK,,,P29376,LTK_HUMAN,7NX0; 7NX1,LTK,,HGNC:6721,Humans,DB12010
9414,Dual specificity mitogen-activated protein kinase kinase 5,MAP2K5,,,Q13163,MP2K5_HUMAN,2NPT; 2O2V; 4IC7,MAP2K5,,HGNC:6845,Humans,DB12010
9415,Dual specificity mitogen-activated protein kinase kinase 6,MAP2K6,,,P52564,MP2K6_HUMAN,2Y8O; 3ENM; 3FME; 3VN9; 5ETF; 8A8M; 8P7J; 8PM3,MAP2K6,,HGNC:6846,Humans,DB12010
9416,Mitogen-activated protein kinase kinase kinase 10,MAP3K10,,,Q02779,M3K10_HUMAN,2RF0,MAP3K10,,HGNC:6849,Humans,DB12010
9417,Mitogen-activated protein kinase kinase kinase 11,MAP3K11,,,Q16584,M3K11_HUMAN,5K26; 5K28; 6AQB; 6CQ7,MAP3K11,,HGNC:6850,Humans,DB12010
9418,Mitogen-activated protein kinase kinase kinase 12,MAP3K12,,,Q12852,M3K12_HUMAN,5CEN; 5CEO; 5CEP; 5CEQ; 5VO1; 5VO2; 8DEG; 8OUR; 8OUS; 8OUT; 9CDX; 9CDY,MAP3K12,,HGNC:6851,Humans,DB12010
9420,Mitogen-activated protein kinase kinase kinase 15,MAP3K15,,,Q6ZN16,M3K15_HUMAN,6V0M,MAP3K15,,HGNC:31689,Humans,DB12010
9421,Mitogen-activated protein kinase kinase kinase 3,MAP3K3,,,Q99759,M3K3_HUMAN,2C60; 2JRH; 2O2V; 2PPH; 4Y5O; 4YL6,MAP3K3,,HGNC:6855,Humans,DB12010
9424,Mitogen-activated protein kinase kinase kinase kinase 1,MAP4K1,,,Q92918,M4K1_HUMAN,6CQD; 6CQE; 6CQF; 6NFY; 6NFZ; 6NG0; 7KAC; 7L24; 7L25; 7L26; 7M0K; 7M0L; 7M0M; 7R9L; 7R9N; 7R9P; 7R9T; 7SIU; 8CDW; 8CIJ; 8EEC; 8FH4; 8FJZ; 8FKO; 8PAR; 8PAS; 8PAU; 8XN7; 9BI8; 9BIK; 9BJ1; 9CZT; 9CZU; 9CZW; 9CZX; 9D00; 9H8D; 9H8E; 9H8F,MAP4K1,,HGNC:6863,Humans,DB12010
9426,Mitogen-activated protein kinase kinase kinase kinase 3,MAP4K3,,,Q8IVH8,M4K3_HUMAN,5J5T,MAP4K3,,HGNC:6865,Humans,DB12010
9427,Mitogen-activated protein kinase kinase kinase kinase 4,MAP4K4,,,O95819,M4K4_HUMAN,4OBO; 4OBP; 4OBQ; 4RVT; 4U3Y; 4U3Z; 4U40; 4U41; 4U42; 4U43; 4U44; 4U45; 4ZK5; 4ZP5; 5DI1; 5J95; 5W5Q; 8V5I,MAP4K4,,HGNC:6866,Humans,DB12010
9431,Mitogen-activated protein kinase 7,MAPK7,,,Q13164,MK07_HUMAN,2Q8Y; 4B99; 4IC7; 4IC8; 4ZSG; 4ZSJ; 4ZSL; 5BYY; 5BYZ; 5O7I; 6HKM; 6HKN; 7PUS,MAPK7,,HGNC:6880,Humans,DB12010
9433,Serine/threonine-protein kinase MARK1,MARK1,,,Q9P0L2,MARK1_HUMAN,2HAK; 3OSE; 6C9D,MARK1,,HGNC:6896,Humans,DB12010
9434,Serine/threonine-protein kinase MARK2,MARK2,,,Q7KZI7,MARK2_HUMAN,3IEC; 5EAK; 5KZ7; 5KZ8; 8TXY,MARK2,,HGNC:3332,Humans,DB12010
9435,MAP/microtubule affinity-regulating kinase 3,MARK3,,,P27448,MARK3_HUMAN,2QNJ; 3FE3; 7P1L; 8UOH; 8UOI; 8UOJ; 8UOK; 8UOL,MARK3,,HGNC:6897,Humans,DB12010; DB17277
9436,MAP/microtubule affinity-regulating kinase 4,MARK4,,,Q96L34,MARK4_HUMAN,5ES1; 8XFL,MARK4,,HGNC:13538,Humans,DB12010
9438,Microtubule-associated serine/threonine-protein kinase 1,MAST1,,,Q9Y2H9,MAST1_HUMAN,2M9X; 3PS4,MAST1,,HGNC:19034,Humans,DB12010
9439,Megakaryocyte-associated tyrosine-protein kinase,MATK,,,P42679,MATK_HUMAN,1JWO; 1X6G; 3US4,MATK,,HGNC:6906,Humans,DB12010
9440,Maternal embryonic leucine zipper kinase,MELK,,,Q14680,MELK_HUMAN,4BKY; 4BKZ; 4BL1; 4D2P; 4D2T; 4D2V; 4D2W; 4IXP; 4UMP; 4UMQ; 4UMR; 4UMT; 4UMU; 5IH8; 5IH9; 5IHA; 5IHC; 5K00; 5M5A; 5MAF; 5MAG; 5MAH; 5MAI; 5TVT; 5TWL; 5TWU; 5TWY; 5TWZ; 5TX3; 6GVX; 6VXR; 9F31,MELK,,HGNC:16870,Humans,DB12010
9442,MAP kinase-interacting serine/threonine-protein kinase 1,MKNK1,,,Q9BUB5,MKNK1_HUMAN,2HW6; 2Y9Q; 5WVD,MKNK1,,HGNC:7110,Humans,DB12010; DB15219
9443,MAP kinase-interacting serine/threonine-protein kinase 2,MKNK2,,,Q9HBH9,MKNK2_HUMAN,2AC3; 2AC5; 2HW7; 6CJ5; 6CJE; 6CJH; 6CJW; 6CJY; 6CK3; 6CK6; 6CKI; 6JLR; 8P9B; 8XFM; 9HRC,MKNK2,,HGNC:7111,Humans,DB12010; DB15219
9445,"Muscle, skeletal receptor tyrosine-protein kinase",MUSK,,,O15146,MUSK_HUMAN,8S9P,MUSK,,HGNC:7525,Humans,DB12010
9446,"Myosin light chain kinase, smooth muscle",MYLK,,,Q15746,MYLK_HUMAN,2CQV; 2K0F; 2YR3; 5JQA; 5JTH; 6C6M,MYLK,,HGNC:7590,Humans,DB00867; DB12010
9448,Myosin light chain kinase family member 4,MYLK4,,,Q86YV6,MYLK4_HUMAN,2X4F,MYLK4,,HGNC:27972,Humans,DB12010
9450,Serine/threonine-protein kinase Nek1,NEK1,,,Q96PY6,NEK1_HUMAN,4APC; 4B9D,NEK1,,HGNC:7744,Humans,DB12010
9454,Serine/threonine-protein kinase Nek9,NEK9,,,Q8TD19,NEK9_HUMAN,3ZKE; 3ZKF,NEK9,,HGNC:18591,Humans,DB12010
9458,Serine/threonine-protein kinase OSR1,OXSR1,,,O95747,OXSR1_HUMAN,2V3S; 2VWI; 3DAK; 7OKW,OXSR1,,HGNC:8508,Humans,DB12010
9459,Serine/threonine-protein kinase PAK 1,PAK1,,,Q13153,PAK1_HUMAN,1F3M; 1YHV; 1YHW; 1ZSG; 2HY8; 2QME; 3DVP; 3FXZ; 3FY0; 3Q4Z; 3Q52; 3Q53; 4DAW; 4EQC; 4O0R; 4O0T; 4P90; 4ZJI; 4ZJJ; 4ZLO; 4ZY4; 4ZY5; 4ZY6; 5DEW; 5DEY; 5DFP; 5IME; 5KBQ; 5KBR; 6B16; 7VTO; 8X5Z,PAK1,,HGNC:8590,Humans,DB12010; DB31734; DB31795; DB31834
9460,Serine/threonine-protein kinase PAK 2,PAK2,,,Q13177,PAK2_HUMAN,3PCS,PAK2,,HGNC:8591,Humans,DB12010; DB31734; DB31795
9461,Serine/threonine-protein kinase PAK 3,PAK3,,,O75914,PAK3_HUMAN,6FD3,PAK3,,HGNC:8592,Humans,DB12010; DB31734; DB31795
9462,Serine/threonine-protein kinase PAK 4,PAK4,,,O96013,PAK4_HUMAN,2BVA; 2CDZ; 2J0I; 2OV2; 2Q0N; 2X4Z; 4APP; 4FIE; 4FIF; 4FIG; 4FIH; 4FII; 4FIJ; 4JDH; 4JDI; 4JDJ; 4JDK; 4L67; 4NJD; 4O0V; 4O0X; 4O0Y; 4XBR; 4XBU; 5BMS; 5I0B; 5UPK; 5UPL; 5VED; 5VEE; 5VEF; 5XVA; 5XVF; 5XVG; 5ZJW; 6WLX; 6WLY; 7CMB; 7CP3; 7CP4; 7S46; 7S47; 7S48; 8AHG; 8AHH; 8AHI; 8YHK,PAK4,,HGNC:16059,Humans,DB11775; DB12010; DB19243; DB31834
9463,Serine/threonine-protein kinase PAK 6,PAK6,,,Q9NQU5,PAK6_HUMAN,2C30; 2ODB; 4KS7; 4KS8; 6QDR; 6QDS,PAK6,,HGNC:16061,Humans,DB12010
9464,Serine/threonine-protein kinase PAK 5,PAK5,,,Q9P286,PAK5_HUMAN,2F57; 8C12,PAK5,,HGNC:15916,Humans,DB12010
9466,"Phosphorylase b kinase gamma catalytic chain, skeletal muscle/heart isoform",PHKG1,,,Q16816,PHKG1_HUMAN,8JFK; 8JFL; 8XY7; 8XYA; 8XYB,PHKG1,,HGNC:8930,Humans,DB12010
9467,Phosphatidylinositol 4-kinase beta,PI4KB,,,Q9UBF8,PI4KB_HUMAN,2N73; 4D0L; 4D0M; 4WAE; 4WAG; 5C46; 5C4G; 5EUQ; 5FBL; 5FBQ; 5FBR; 5FBV; 5FBW; 5LX2; 5NAS; 6GL3; 8Q6F; 8Q6G; 8Q6H; 8VOF,PI4KB,,HGNC:8984,Humans,DB06836; DB12010
9469,Phosphatidylinositol 3-kinase C2 domain-containing subunit gamma,PIK3C2G,,,O75747,P3C2G_HUMAN,2WWE,PIK3C2G,,HGNC:8973,Humans,DB12010
9471,Phosphatidylinositol 5-phosphate 4-kinase type-2 beta,PIP4K2B,,,P78356,PI42B_HUMAN,1BO1; 3WZZ; 3X01; 3X02; 3X03; 3X04; 3X05; 3X06; 3X07; 3X08; 3X09; 3X0A; 3X0B; 3X0C; 6K4G; 6K4H; 7EM1; 7EM2; 7EM3; 7EM4; 7EM5; 7EM6; 7EM7; 7EM8; 7N80; 7N81,PIP4K2B,,HGNC:8998,Humans,DB12010
9472,Phosphatidylinositol 5-phosphate 4-kinase type-2 gamma,PIP4K2C,,,Q8TBX8,PI42C_HUMAN,2GK9; 7QIE; 7QPN; 8BQ4,PIP4K2C,,HGNC:23786,Humans,DB12010
9473,Membrane-associated tyrosine- and threonine-specific cdc2-inhibitory kinase,PKMYT1,,,Q99640,PMYT1_HUMAN,3P1A; 5VCV; 5VCW; 5VCX; 5VCY; 5VCZ; 5VD0; 5VD1; 5VD3; 8D6C; 8D6D; 8D6E; 8D6F; 8WJY; 8ZTX; 8ZU2; 8ZUD; 8ZUL,PKMYT1,,HGNC:29650,Humans,DB12010
9474,Serine/threonine-protein kinase N1,PKN1,,,Q16512,PKN1_HUMAN,1CXZ; 1URF; 2RMK; 4NKG; 4OTD; 4OTG; 4OTH; 4OTI,PKN1,,HGNC:9405,Humans,DB12010
9475,Serine/threonine-protein kinase N2,PKN2,,,Q16513,PKN2_HUMAN,4CRS; 4RRV; 6CCY; 6GBE,PKN2,,HGNC:9406,Humans,DB12010
9476,Serine/threonine-protein kinase PLK2,PLK2,,,Q9NYY3,PLK2_HUMAN,4I5M; 4I5P; 4I6B; 4I6F; 4I6H; 4RS6; 4XB0,PLK2,,HGNC:19699,Humans,DB12010
9477,Serine/threonine-protein kinase PLK3,PLK3,,,Q9H4B4,PLK3_HUMAN,4B6L,PLK3,,HGNC:2154,Humans,DB12010
9478,Serine/threonine-protein kinase PLK4,PLK4,,,O00444,PLK4_HUMAN,2N19; 3COK; 4JXF; 4N7V; 4N7Z; 4N9J; 4YUR; 4YYP; 5LHY; 5LHZ; 6N45; 6N46; 6W38; 6W3I; 6W3J; 8XPG,PLK4,,HGNC:11397,Humans,DB12010
9480,cGMP-dependent protein kinase 2,PRKG2,,,Q13237,KGP2_HUMAN,5BV6; 5C6C; 5C8W; 5JIX; 5JIZ; 6BQ8,PRKG2,,HGNC:9416,Humans,DB12010
9481,Serine/threonine-protein kinase PRP4 homolog,PRP4K,,,Q13523,PRP4K_HUMAN,4IAN; 4IFC; 4IIR; 4IJP; 6CNH; 6PJJ; 6PK6; 6QX9; 8H6E; 8H6J; 8QXD; 8R08; 8R0A; 8Y6O,PRP4K,,HGNC:17346,Humans,DB12010
9482,Serine/threonine-protein kinase RIO1,RIOK1,,,Q9BRS2,RIOK1_HUMAN,4OTP; 6G5I; 6V0N; 6ZV6; 6ZXD; 6ZXE; 6ZXF; 6ZXG; 6ZXH; 7BOC,RIOK1,,HGNC:18656,Humans,DB12010
9483,Serine/threonine-protein kinase RIO2,RIOK2,,,Q9BVS4,RIOK2_HUMAN,5DHF; 6FDM; 6FDN; 6FDO; 6G18; 6G51; 6HK6; 7VBT; 7WU0; 9F81,RIOK2,,HGNC:18999,Humans,DB12010
9484,Serine/threonine-protein kinase RIO3,RIOK3,,,O14730,RIOK3_HUMAN,8ZDB; 8ZDC; 8ZDD,RIOK3,,HGNC:11451,Humans,DB12010
9485,Receptor-interacting serine/threonine-protein kinase 1,RIPK1,,,Q13546,RIPK1_HUMAN,4ITH; 4ITI; 4ITJ; 4NEU; 5HX6; 5TX5; 5V7Z; 6AC5; 6C3E; 6C4D; 6HHO; 6NW2; 6NYH; 6OCQ; 6R5F; 6RLN; 7CJB; 7FCZ; 7FD0; 7XMK; 7YDX; 8I2N,RIPK1,,HGNC:10019,Humans,DB12010; DB16492; DB16875; DB21732
9486,Receptor-interacting serine/threonine-protein kinase 2,RIPK2,,,O43353,RIPK2_HUMAN,2N7Z; 2N83; 4C8B; 5AR2; 5AR3; 5AR4; 5AR5; 5AR7; 5AR8; 5J79; 5J7B; 5NG0; 5NG2; 5NG3; 5W5J; 5W5O; 5YRN; 6ES0; 6FU5; 6GFJ; 6GGS; 6HMX; 6RN8; 6RNA; 6S1F; 6SZE; 6SZJ; 6UL8; 7OBS; 7OBT; 8AZA; 8X2O; 9F3V,RIPK2,,HGNC:10020,Humans,DB12010
9488,Proto-oncogene tyrosine-protein kinase ROS,ROS1,,,P08922,ROS1_HUMAN,3ZBF; 4UXL; 7Z5W; 7Z5X,ROS1,,HGNC:10261,Humans,DB08865; DB08875; DB11986; DB12010; DB12130; DB14860; DB16826; DB18711
9491,Serine/threonine-protein kinase Sgk3,SGK3,,,Q96BR1,SGK3_HUMAN,6EDX,SGK3,,HGNC:10812,Humans,DB12010
9493,SNF-related serine/threonine-protein kinase,SNRK,,,Q9NRH2,SNRK_HUMAN,5YKS,SNRK,,HGNC:30598,Humans,DB12010
9495,Serine/threonine-protein kinase 10,STK10,,,O94804,STK10_HUMAN,2J7T; 4AOT; 4BC6; 4EQU; 4USD; 4USE; 5AJQ; 5OWQ; 5OWR; 6EIM; 6GTT; 6HXF; 6I2Y; 7QGP,STK10,,HGNC:11388,Humans,DB12010
9496,Serine/threonine-protein kinase 16,STK16,,,O75716,STK16_HUMAN,2BUJ,STK16,,HGNC:11394,Humans,DB12010
9497,Serine/threonine-protein kinase 17A,STK17A,,,Q9UEE5,ST17A_HUMAN,7QUE; 7QUF,STK17A,,HGNC:11395,Humans,DB12010
9498,Serine/threonine-protein kinase 32A,STK32A,,,Q8WU08,ST32A_HUMAN,4FR4,STK32A,,HGNC:28317,Humans,DB12010
9508,Histone-lysine N-methyltransferase EZH2,EZH2,,,Q15910,EZH2_HUMAN,4MI0; 4MI5; 5GSA; 5H14; 5H15; 5H17; 5H19; 5H24; 5H25; 5HYN; 5IJ7; 5IJ8; 5LS6; 5U5T; 5U62; 5WG6; 5WUK; 6C23; 6C24; 6LO2; 6P5L; 6U4Y; 6WKR; 7AT8; 7QJG; 7QJU; 7QK4; 8EQV; 8FYH; 8T9G; 8TAS; 8TB9; 8VMI; 8VML; 8VNV; 8VNZ; 9C8U; 9DCH,EZH2,,HGNC:3527,Humans,DB12887; DB14581; DB14799; DB18314; DB19979
4830,Protein kinase C gamma type,PRKCG,,,P05129,KPCG_HUMAN,2E73; 2UZP,PRKCG,,HGNC:9402,Humans,DB03777; DB04098; DB06595; DB12010
923,Mitogen-activated protein kinase 1,MAPK1,182191.0,M84489,P28482,MK01_HUMAN,1PME; 1TVO; 1WZY; 2OJG; 2OJI; 2OJJ; 2Y9Q; 3D42; 3D44; 3I5Z; 3I60; 3SA0; 3TEI; 3W55; 4FMQ; 4FUX; 4FUY; 4FV0; 4FV1; 4FV2; 4FV3; 4FV4; 4FV5; 4FV6; 4FV7; 4FV8; 4FV9; 4G6N; 4G6O; 4H3P; 4H3Q; 4IZ5; 4IZ7; 4IZA; 4N0S; 4NIF; 4O6E; 4QP1; 4QP2; 4QP3; 4QP4; 4QP6; 4QP7; 4QP8; 4QP9; 4QPA; 4QTA; 4QTE; 4XJ0; 4ZXT; 4ZZM; 4ZZN; 4ZZO; 5AX3; 5BUE; 5BUI; 5BUJ; 5BVD; 5BVE; 5BVF; 5K4I; 5LCJ; 5LCK; 5NGU; 5NHF; 5NHH; 5NHJ; 5NHL; 5NHO; 5NHP; 5NHV; 5V60; 5V61; 5V62; 5WP1; 6D5Y; 6DMG; 6G54; 6G8X; 6G91; 6G92; 6G93; 6G97; 6G9A; 6G9D; 6G9H; 6G9J; 6G9K; 6G9M; 6G9N; 6GDM; 6GDQ; 6GE0; 6GJB; 6GJD; 6NBS; 6OPG; 6OPH; 6OPI; 6Q7K; 6Q7S; 6Q7T; 6QA1; 6QA3; 6QA4; 6QAG; 6QAH; 6QAL; 6QAQ; 6QAW; 6RQ4; 6SLG; 7AUV; 7E73; 7E75; 7NQQ; 7NQW; 7NR3; 7NR5; 7NR8; 7NR9; 7OPM; 7W5O; 7X4U; 7XC1; 8AO2; 8AO3; 8AO4; 8AO5; 8AO6; 8AO7; 8AO8; 8AO9; 8AOA; 8AOB; 8AOC; 8AOD; 8AOE; 8AOF; 8AOG; 8AOH; 8AOI; 8AOJ; 8PSR; 8PST; 8PSW; 8PSY; 8PT0; 8PT1; 8PT3; 8PT5; 8PVU; 8R5F; 8U8J; 8U8K; 8ZJV,MAPK1,MAPK1,HGNC:6871,Humans,DB02587
1062,Mitogen-activated protein kinase 3,MAPK3,31221.0,X60188,P27361,MK03_HUMAN,2ZOQ; 4QTB; 6GES,MAPK3,MAPK3,HGNC:6877,Humans,DB02587
9722,Mitogen-activated protein kinase 6,MAPK6,,,Q16659,MK06_HUMAN,6YKY; 6YLC; 6YLL; 7AQB,MAPK6,,HGNC:6879,Humans,DB02587
9431,Mitogen-activated protein kinase 7,MAPK7,,,Q13164,MK07_HUMAN,2Q8Y; 4B99; 4IC7; 4IC8; 4ZSG; 4ZSJ; 4ZSL; 5BYY; 5BYZ; 5O7I; 6HKM; 6HKN; 7PUS,MAPK7,,HGNC:6880,Humans,DB02587
906,"Phosphoenolpyruvate carboxykinase, cytosolic [GTP]",PCK1,189945.0,L05144,P35558,PCKGC_HUMAN,1KHB; 1KHE; 1KHF; 1KHG; 1M51; 1NHX; 2GMV,PCK1,PCK1,HGNC:8724,Humans,DB06757
2228,Adenylosuccinate synthetase isozyme 2,ADSS2,415849.0,X66503,P30520,PURA2_HUMAN,2V40,ADSS2,ADSS,HGNC:292,Humans,DB00128
9866,Sulfotransferase 1C4,SULT1C4,,,O75897,ST1C4_HUMAN,2AD1; 2GWH,SULT1C4,,HGNC:11457,Humans,DB00867
10093,Histone-lysine N-methyltransferase EZH1,EZH1,,,Q92800,EZH1_HUMAN,7KSO; 7KSR; 7KTP; 7TD5,EZH1,,HGNC:3526,Humans,DB12887; DB18314
923,Mitogen-activated protein kinase 1,MAPK1,182191.0,M84489,P28482,MK01_HUMAN,1PME; 1TVO; 1WZY; 2OJG; 2OJI; 2OJJ; 2Y9Q; 3D42; 3D44; 3I5Z; 3I60; 3SA0; 3TEI; 3W55; 4FMQ; 4FUX; 4FUY; 4FV0; 4FV1; 4FV2; 4FV3; 4FV4; 4FV5; 4FV6; 4FV7; 4FV8; 4FV9; 4G6N; 4G6O; 4H3P; 4H3Q; 4IZ5; 4IZ7; 4IZA; 4N0S; 4NIF; 4O6E; 4QP1; 4QP2; 4QP3; 4QP4; 4QP6; 4QP7; 4QP8; 4QP9; 4QPA; 4QTA; 4QTE; 4XJ0; 4ZXT; 4ZZM; 4ZZN; 4ZZO; 5AX3; 5BUE; 5BUI; 5BUJ; 5BVD; 5BVE; 5BVF; 5K4I; 5LCJ; 5LCK; 5NGU; 5NHF; 5NHH; 5NHJ; 5NHL; 5NHO; 5NHP; 5NHV; 5V60; 5V61; 5V62; 5WP1; 6D5Y; 6DMG; 6G54; 6G8X; 6G91; 6G92; 6G93; 6G97; 6G9A; 6G9D; 6G9H; 6G9J; 6G9K; 6G9M; 6G9N; 6GDM; 6GDQ; 6GE0; 6GJB; 6GJD; 6NBS; 6OPG; 6OPH; 6OPI; 6Q7K; 6Q7S; 6Q7T; 6QA1; 6QA3; 6QA4; 6QAG; 6QAH; 6QAL; 6QAQ; 6QAW; 6RQ4; 6SLG; 7AUV; 7E73; 7E75; 7NQQ; 7NQW; 7NR3; 7NR5; 7NR8; 7NR9; 7OPM; 7W5O; 7X4U; 7XC1; 8AO2; 8AO3; 8AO4; 8AO5; 8AO6; 8AO7; 8AO8; 8AO9; 8AOA; 8AOB; 8AOC; 8AOD; 8AOE; 8AOF; 8AOG; 8AOH; 8AOI; 8AOJ; 8PSR; 8PST; 8PSW; 8PSY; 8PT0; 8PT1; 8PT3; 8PT5; 8PVU; 8R5F; 8U8J; 8U8K; 8ZJV,MAPK1,MAPK1,HGNC:6871,Humans,DB01017
1097,Mitogen-activated protein kinase 10,MAPK10,468151.0,U07620,P53779,MK10_HUMAN,1JNK; 1PMN; 1PMU; 1PMV; 2B1P; 2EXC; 2O0U; 2O2U; 2OK1; 2P33; 2R9S; 2WAJ; 2ZDT; 2ZDU; 3CGF; 3CGO; 3DA6; 3FI2; 3FI3; 3FV8; 3G90; 3G9L; 3G9N; 3KVX; 3OXI; 3OY1; 3PTG; 3RTP; 3TTI; 3TTJ; 3V6R; 3V6S; 4H36; 4H39; 4H3B; 4KKE; 4KKG; 4KKH; 4U79; 4W4V; 4W4W; 4W4X; 4W4Y; 4WHZ; 4X21; 4Y46; 4Y5H; 4Z9L; 6EKD; 6EMH; 6EQ9; 7KSI; 7KSJ; 7KSK; 7ORE; 7ORF; 7S1N; 7YL1; 8BZP; 8ENJ; 8VNX; 8VO4; 8VS0; 8VTF; 8WGF,MAPK10,MAPK10,HGNC:6872,Humans,DB01017
3390,Mitogen-activated protein kinase 11,MAPK11,,U53442,Q15759,MK11_HUMAN,3GC8; 3GC9; 3GP0; 8YGW,MAPK11,MAPK11,HGNC:6873,Humans,DB01017
2790,Mitogen-activated protein kinase 12,MAPK12,,X79483,P53778,MK12_HUMAN,1CM8; 4QUM; 6UNA; 7CGA,MAPK12,MAPK12,HGNC:6874,Humans,DB01017
3391,Mitogen-activated protein kinase 13,MAPK13,,Y10488,O15264,MK13_HUMAN,3COI; 4EYJ; 4EYM; 4MYG; 4YNO; 5EKN; 5EKO; 8X23,MAPK13,MAPK13,HGNC:6875,Humans,DB01017
1019,Mitogen-activated protein kinase 14,MAPK14,603917.0,L35263,Q16539,MK14_HUMAN,1A9U; 1BL6; 1BL7; 1BMK; 1DI9; 1IAN; 1KV1; 1KV2; 1M7Q; 1OUK; 1OUY; 1OVE; 1OZ1; 1R39; 1R3C; 1W7H; 1W82; 1W83; 1W84; 1WBN; 1WBO; 1WBS; 1WBT; 1WBV; 1WBW; 1WFC; 1YQJ; 1ZYJ; 1ZZ2; 1ZZL; 2BAJ; 2BAK; 2BAL; 2BAQ; 2FSL; 2FSM; 2FSO; 2FST; 2GFS; 2I0H; 2LGC; 2NPQ; 2OKR; 2ONL; 2QD9; 2RG5; 2RG6; 2Y8O; 2YIS; 2YIW; 2YIX; 2ZAZ; 2ZB0; 2ZB1; 3BV2; 3BV3; 3BX5; 3C5U; 3CTQ; 3D7Z; 3D83; 3DS6; 3DT1; 3E92; 3E93; 3FC1; 3FI4; 3FKL; 3FKN; 3FKO; 3FL4; 3FLN; 3FLQ; 3FLS; 3FLW; 3FLY; 3FLZ; 3FMH; 3FMJ; 3FMK; 3FML; 3FMM; 3FMN; 3FSF; 3FSK; 3GC7; 3GCP; 3GCQ; 3GCS; 3GCU; 3GCV; 3GFE; 3GI3; 3HA8; 3HEC; 3HEG; 3HL7; 3HLL; 3HP2; 3HP5; 3HRB; 3HUB; 3HUC; 3HV3; 3HV4; 3HV5; 3HV6; 3HV7; 3HVC; 3IPH; 3ITZ; 3IW5; 3IW6; 3IW7; 3IW8; 3K3I; 3K3J; 3KF7; 3KQ7; 3L8S; 3L8X; 3LFA; 3LFB; 3LFC; 3LFD; 3LFE; 3LFF; 3LHJ; 3MGY; 3MH0; 3MH1; 3MH2; 3MH3; 3MPA; 3MPT; 3MVL; 3MVM; 3MW1; 3NEW; 3NNU; 3NNV; 3NNW; 3NNX; 3NWW; 3O8P; 3O8T; 3O8U; 3OBG; 3OBJ; 3OC1; 3OCG; 3OD6; 3ODY; 3ODZ; 3OEF; 3PG3; 3QUD; 3QUE; 3RIN; 3ROC; 3S3I; 3S4Q; 3U8W; 3UVP; 3UVQ; 3UVR; 3ZS5; 3ZSG; 3ZSH; 3ZSI; 3ZYA; 4A9Y; 4AA0; 4AA4; 4AA5; 4AAC; 4DLI; 4DLJ; 4E5A; 4E5B; 4E6A; 4E6C; 4E8A; 4EH2; 4EH3; 4EH4; 4EH5; 4EH6; 4EH7; 4EH8; 4EH9; 4EHV; 4EWQ; 4F9W; 4F9Y; 4FA2; 4GEO; 4KIN; 4KIP; 4KIQ; 4L8M; 4R3C; 4ZTH; 5ETA; 5ETC; 5ETF; 5ETI; 5ML5; 5MTX; 5MTY; 5MZ3; 5N63; 5N64; 5N65; 5N66; 5N67; 5N68; 5O8U; 5O8V; 5OMG; 5OMH; 5TBE; 5TCO; 5WJJ; 5XYX; 5XYY; 6ANL; 6HWT; 6HWU; 6HWV; 6M95; 6M9L; 6OHD; 6QDZ; 6QE1; 6QYX; 6RFO; 6SFI; 6SFJ; 6SFK; 6SFO; 6TCA; 6ZQS; 6ZWP; 8A8M; 8VXE; 8X3M; 8YD9; 9CJ1; 9CJ2; 9CJ3; 9CJ4; 9CJ5; 9MHB,MAPK14,MAPK14,HGNC:6876,Humans,DB01017
1062,Mitogen-activated protein kinase 3,MAPK3,31221.0,X60188,P27361,MK03_HUMAN,2ZOQ; 4QTB; 6GES,MAPK3,MAPK3,HGNC:6877,Humans,DB01017
9722,Mitogen-activated protein kinase 6,MAPK6,,,Q16659,MK06_HUMAN,6YKY; 6YLC; 6YLL; 7AQB,MAPK6,,HGNC:6879,Humans,DB01017
9431,Mitogen-activated protein kinase 7,MAPK7,,,Q13164,MK07_HUMAN,2Q8Y; 4B99; 4IC7; 4IC8; 4ZSG; 4ZSJ; 4ZSL; 5BYY; 5BYZ; 5O7I; 6HKM; 6HKN; 7PUS,MAPK7,,HGNC:6880,Humans,DB01017
3790,Mitogen-activated protein kinase 8,MAPK8,474901.0,L26318,P45983,MK08_HUMAN,1UKH; 1UKI; 2G01; 2GMX; 2H96; 2NO3; 2XRW; 2XS0; 3ELJ; 3O17; 3O2M; 3PZE; 3V3V; 3VUD; 3VUG; 3VUH; 3VUI; 3VUK; 3VUL; 3VUM; 4AWI; 4E73; 4G1W; 4HYS; 4HYU; 4IZY; 4L7F; 4QTD; 4UX9; 4YR8; 5LW1; 6F5E; 6ZR5; 8PT8; 8PT9; 8PTA; 8R5E; 8X5M; 9FT9,MAPK8,,HGNC:6881,Humans,DB01017
3772,Mitogen-activated protein kinase 9,MAPK9,598183.0,L31951,P45984,MK09_HUMAN,3E7O; 3NPC; 7CML; 7N8T; 8ELC,MAPK9,,HGNC:6886,Humans,DB01017
1097,Mitogen-activated protein kinase 10,MAPK10,468151.0,U07620,P53779,MK10_HUMAN,1JNK; 1PMN; 1PMU; 1PMV; 2B1P; 2EXC; 2O0U; 2O2U; 2OK1; 2P33; 2R9S; 2WAJ; 2ZDT; 2ZDU; 3CGF; 3CGO; 3DA6; 3FI2; 3FI3; 3FV8; 3G90; 3G9L; 3G9N; 3KVX; 3OXI; 3OY1; 3PTG; 3RTP; 3TTI; 3TTJ; 3V6R; 3V6S; 4H36; 4H39; 4H3B; 4KKE; 4KKG; 4KKH; 4U79; 4W4V; 4W4W; 4W4X; 4W4Y; 4WHZ; 4X21; 4Y46; 4Y5H; 4Z9L; 6EKD; 6EMH; 6EQ9; 7KSI; 7KSJ; 7KSK; 7ORE; 7ORF; 7S1N; 7YL1; 8BZP; 8ENJ; 8VNX; 8VO4; 8VS0; 8VTF; 8WGF,MAPK10,MAPK10,HGNC:6872,Humans,DB15624
3790,Mitogen-activated protein kinase 8,MAPK8,474901.0,L26318,P45983,MK08_HUMAN,1UKH; 1UKI; 2G01; 2GMX; 2H96; 2NO3; 2XRW; 2XS0; 3ELJ; 3O17; 3O2M; 3PZE; 3V3V; 3VUD; 3VUG; 3VUH; 3VUI; 3VUK; 3VUL; 3VUM; 4AWI; 4E73; 4G1W; 4HYS; 4HYU; 4IZY; 4L7F; 4QTD; 4UX9; 4YR8; 5LW1; 6F5E; 6ZR5; 8PT8; 8PT9; 8PTA; 8R5E; 8X5M; 9FT9,MAPK8,,HGNC:6881,Humans,DB15624
3772,Mitogen-activated protein kinase 9,MAPK9,598183.0,L31951,P45984,MK09_HUMAN,3E7O; 3NPC; 7CML; 7N8T; 8ELC,MAPK9,,HGNC:6886,Humans,DB15624
10134,ATP-citrate synthase,ACLY,,,P53396,ACLY_HUMAN,3MWD; 3MWE; 3PFF; 5TDE; 5TDF; 5TDM; 5TDZ; 5TE1; 5TEQ; 5TES; 5TET; 6HXH; 6HXK; 6HXL; 6HXM; 6O0H; 6POE; 6POF; 6QFB; 6UI9; 6UIA; 6UUW; 6UUZ; 6UV5; 6Z2H; 7LIW; 7LJ9; 7LLA; 7RIG; 7RKZ; 7RMP; 8G1E; 8G1F; 8G5C; 8G5D,ACLY,,HGNC:115,Humans,DB11936
10170,DNA (cytosine-5)-methyltransferase 3A,DNMT3A,,,Q9Y6K1,DNM3A_HUMAN,2QRV; 3A1A; 3A1B; 3LLR; 3SVM; 4QBQ; 4QBR; 4QBS; 4U7P; 4U7T; 5YX2; 6BRR; 6F57; 6PA7; 6W89; 6W8B; 6W8D; 6W8J; 8BA5; 8QZM; 8TDR; 8TE1; 8TE3; 8TE4; 8U5H; 8UW1,DNMT3A,,HGNC:2978,Humans,DB00721; DB01262
10269,Receptor tyrosine-protein kinase erbB-3,ERBB3,,,P21860,ERBB3_HUMAN,1M6B; 2L9U; 3KEX; 3LMG; 3P11; 4LEO; 4P59; 4RIW; 4RIX; 4RIY; 5CUS; 5O4O; 5O7P; 6KBI; 6OP9; 7BHE; 7BHF; 7D85; 7MN5; 7MN6; 7MN8,ERBB3,,HGNC:3431,Humans,DB11652; DB15559; DB19522
10275,Transmembrane protease serine 2,TMPRSS2,,,O15393,TMPS2_HUMAN,7MEQ; 7XYD; 7Y0E; 7Y0F; 8HD8; 8JHZ; 8JI0; 8S0L; 8S0M; 8S0N; 8V04; 8V1F; 8VGT; 8Y1D; 8Y1E; 8Y7X; 8Y7Y; 8Y87; 8Y88; 8Y89; 8Y8A; 8Y8B; 8YOY; 8YQQ; 9IZN,TMPRSS2,,HGNC:11876,Humans,DB09019; DB13729; DB16737
2324,Diacylglycerol kinase alpha,DGKA,30823.0,X62535,P23743,DGKA_HUMAN,1TUZ; 6IIE,DGKA,DGKA,HGNC:2849,Humans,DB14001
2297,Diacylglycerol kinase delta,DGKD,22773821.0,AB078966,Q16760,DGKD_HUMAN,1R79; 3BQ7,DGKD,DGKD,HGNC:2851,Humans,DB14001
10304,Diacylglycerol kinase zeta,DGKZ,,,Q13574,DGKZ_HUMAN,5ELQ,DGKZ,,HGNC:2857,Humans,DB14001
10319,Tyrosine-protein phosphatase non-receptor type 12,PTPN12,,,Q05209,PTN12_HUMAN,5HDE; 5J8R; 5O2P,PTPN12,,HGNC:9645,Humans,DB01133
10322,Tyrosine-protein phosphatase non-receptor type 6,PTPN6,,,P29350,PTN6_HUMAN,1FPR; 1GWZ; 1X6C; 2B3O; 2RMX; 2YU7; 3PS5; 4GRY; 4GRZ; 4GS0; 4HJP; 4HJQ; 6SM5; 8YHI,PTPN6,,HGNC:9658,Humans,DB01133
4844,5'-AMP-activated protein kinase subunit gamma-1,PRKAG1,,,P54619,AAKG1_HUMAN,2UV4; 2UV5; 2UV6; 2UV7; 4CFE; 4CFF; 4RER; 4REW; 4ZHX; 5EZV; 5ISO; 6B1U; 6B2E; 6C9F; 6C9G; 6C9H; 6C9J; 7JHG; 7JHH; 7JIJ; 7M74; 7MYJ; 8BIK,PRKAG1,,HGNC:9385,Humans,DB00914; DB04462; DB04944; DB08039; DB08597; DB12509
2281,Glutathione S-transferase A1,GSTA1,306809.0,M15872,P08263,GSTA1_HUMAN,1GSD; 1GSE; 1GSF; 1GUH; 1K3L; 1K3O; 1K3Y; 1LBK; 1PKW; 1PKZ; 1PL1; 1PL2; 1USB; 1XWG; 1YDK; 2R3X; 2R6K; 3I69; 3I6A; 3IK9; 3KTL; 3L0H; 3Q74; 3U6V; 3ZFB; 3ZFL; 4HJ2; 5JCU; 5LCZ; 5LD0; 6ATO; 6ATP; 6ATQ; 6ATR; 6YAW; 7BIB; 7BIC; 8BHC; 8BHE,GSTA1,GSTA1,HGNC:4626,Humans,DB03310; DB03619
2189,Glutathione S-transferase A2,GSTA2,306811.0,M16594,P09210,GSTA2_HUMAN,1AGS; 2VCT; 2WJU; 4ACS,GSTA2,GSTA2,HGNC:4627,Humans,DB03310; DB03619
807,Glutathione S-transferase Mu 1,GSTM1,31924.0,X08020,P09488,GSTM1_HUMAN,1GTU; 1XW6; 1XWK; 1YJ6; 2F3M; 7BEU; 8VOU,GSTM1,GSTM1,HGNC:4632,Humans,DB03310; DB03619
1189,Glutathione S-transferase Mu 2,GSTM2,183301.0,M63509,P28161,GSTM2_HUMAN,1HNA; 1HNB; 1HNC; 1XW5; 1YKC; 2AB6; 2C4J; 2GTU; 3GTU; 3GUR; 5HWL,GSTM2,GSTM2,HGNC:4634,Humans,DB03310; DB03619
810,Glutathione S-transferase Mu 3,GSTM3,306820.0,J05459,P21266,GSTM3_HUMAN,3GTU,GSTM3,GSTM3,HGNC:4635,Humans,DB03310; DB03619
812,Glutathione S-transferase Mu 4,GSTM4,306819.0,M96234,Q03013,GSTM4_HUMAN,4GTU,GSTM4,GSTM4,HGNC:4636,Humans,DB03310; DB03619
814,Glutathione S-transferase P,GSTP1,31946.0,M24485,P09211,GSTP1_HUMAN,10GS; 11GS; 12GS; 13GS; 14GS; 16GS; 17GS; 18GS; 19GS; 1AQV; 1AQW; 1AQX; 1EOG; 1EOH; 1GSS; 1KBN; 1LBK; 1MD3; 1MD4; 1PGT; 1PX6; 1PX7; 1ZGN; 20GS; 22GS; 2A2R; 2A2S; 2GSS; 2J9H; 2PGT; 3CSH; 3CSI; 3CSJ; 3DD3; 3DGQ; 3GSS; 3GUS; 3HJM; 3HJO; 3HKR; 3IE3; 3KM6; 3KMN; 3KMO; 3N9J; 3PGT; 4GSS; 4PGT; 5DAK; 5DAL; 5DCG; 5DDL; 5DJL; 5DJM; 5GSS; 5J41; 5JCW; 5L6X; 5X79; 6AP9; 6GSS; 6LLX; 6Y1E; 7BIA; 7GSS; 7XBA; 8GSS; 9GSS,GSTP1,GSTP1,HGNC:4638,Humans,DB03310; DB03619
818,Glutathione S-transferase theta-1,GSTT1,510905.0,X79389,P30711,GSTT1_HUMAN,2C3N; 2C3Q; 2C3T,GSTT1,GSTT1,HGNC:4641,Humans,DB03310; DB03619
4541,Glutathione S-transferase theta-2,GSTT2,,,P0CG29,GST2_HUMAN,4MPF,GSTT2,,HGNC:4642,Humans,DB03310; DB03619
10433,Glutathione S-transferase theta-2B,GSTT2B,,,P0CG30,GSTT2_HUMAN,1LJR; 2LJR; 3LJR; 4MPG,GSTT2B,,HGNC:33437,Humans,DB03310; DB03619
1167,Hematopoietic prostaglandin D synthase,HPGDS,3046817.0,D82073,O60760,HPGDS_HUMAN,1IYH; 1IYI; 1V40; 2CVD; 2VCQ; 2VCW; 2VCX; 2VCZ; 2VD0; 2VD1; 3EE2; 3KXO; 3VI5; 3VI7; 4EC0; 4EDY; 4EDZ; 4EE0; 5AIS; 5AIV; 5AIX; 5YWE; 5YWX; 5YX1; 6N4E; 6W58; 6W8H; 6ZTC; 7JR6; 7JR8,HPGDS,,HGNC:17890,Humans,DB03310; DB03619
10437,DNA (cytosine-5)-methyltransferase 3B,DNMT3B,,,Q9UBC3,DNM3B_HUMAN,3FLG; 3QKJ; 5CIU; 5NR3; 5NRR; 5NRS; 5NRV; 5NV0; 5NV2; 5NV7; 5NVO; 6KDA; 6KDB; 6KDL; 6KDP; 6KDT; 6PA7; 6R3E; 6U8P; 6U8V; 6U8W; 6U8X; 6U90; 6U91; 7O45; 7V0E; 7X9D; 8EIH; 8EII; 8EIJ; 8EIK; 8XEE,DNMT3B,,HGNC:2979,Humans,DB01262; DB01752; DB11672
10619,Serine/threonine-protein kinase ATR,ATR,,,Q13535,ATR_HUMAN,5YZ0,ATR,,HGNC:882,Humans,DB11794; DB14917; DB18770; DB18790; DB18888; DB19041
17,Prostaglandin G/H synthase 1,PTGS1,387018.0,M31822,P23219,PGH1_HUMAN,6Y3C,PTGS1,PTGS1,HGNC:9604,Humans,DB00328; DB01250; DB08984; DB13001; DB13514; DB13524; DB15877; DB15911
262,Prostaglandin G/H synthase 2,PTGS2,291988.0,L15326,P35354,PGH2_HUMAN,5F19; 5F1A; 5IKQ; 5IKR; 5IKT; 5IKV; 5KIR,PTGS2,PTGS2,HGNC:9605,Humans,DB00328; DB01250; DB08984; DB13001; DB13514; DB13524; DB15877; DB15911
10835,Histone acetyltransferase p300,EP300,,,Q09472,EP300_HUMAN,1L3E; 1P4Q; 2K8F; 2MH0; 2MZD; 3BIY; 3I3J; 3IO2; 3P57; 3T92; 4BHW; 4PZR; 4PZS; 4PZT; 5BT3; 5KJ2; 5LKT; 5LKU; 5LKX; 5LKZ; 5LPK; 5LPM; 5NU5; 5XZC; 6DS6; 6FGN; 6FGS; 6GYR; 6GYT; 6K4N; 6PF1; 6PGU; 6V8B; 6V8K; 6V8N; 6V90; 7LJE; 7QGS; 7SS8; 7SSK; 7SZQ; 7UGI; 7VHY; 7VHZ; 7VI0; 7W9V; 7XEZ; 7XFG; 8E1D; 8FVF; 8GZC; 8HAG; 8HAH; 8HAI; 8HAJ; 8HAK; 9JEJ; 9JUT,EP300,,HGNC:3373,Humans,DB17514
10850,Dual specificity mitogen-activated protein kinase kinase 4,MAP2K4,,,P45985,MP2K4_HUMAN,3ALN; 3ALO; 3VUT; 8YP5,MAP2K4,,HGNC:6844,Humans,DB11718
870,Dual specificity mitogen-activated protein kinase kinase 1,MAP2K1,188569.0,L05624,Q02750,MP2K1_HUMAN,1S9J; 2P55; 3DV3; 3DY7; 3E8N; 3EQB; 3EQC; 3EQD; 3EQF; 3EQG; 3EQH; 3EQI; 3MBL; 3ORN; 3OS3; 3PP1; 3SLS; 3V01; 3V04; 3VVH; 3W8Q; 3WIG; 3ZLS; 3ZLW; 3ZLX; 3ZLY; 3ZM4; 4AN2; 4AN3; 4AN9; 4ANB; 4ARK; 4LMN; 4MNE; 4U7Z; 4U80; 4U81; 5BX0; 5EYM; 5HZE; 5YT3; 6NYB; 6PP9; 6Q0J; 6Q0T; 6U2G; 6V2W; 6X2P; 6X2S; 6X2X; 7B3M; 7B7R; 7B94; 7B9L; 7F2X; 7M0T; 7M0U; 7M0V; 7M0W; 7M0X; 7M0Y; 7M0Z; 7MFD; 7PQV; 7UMB; 7XLP; 7XNC; 8CHF; 8DGS; 8DGT; 8YP4; 9AXA; 9AXC; 9AXH; 9AXM; 9AXX; 9AXY; 9AY7; 9AYA,MAP2K1,MAP2K1,HGNC:6840,Humans,DB14904
4744,Dual specificity mitogen-activated protein kinase kinase 2,MAP2K2,,,P36507,MP2K2_HUMAN,1S9I; 4H3Q,MAP2K2,,HGNC:6842,Humans,DB14904
10850,Dual specificity mitogen-activated protein kinase kinase 4,MAP2K4,,,P45985,MP2K4_HUMAN,3ALN; 3ALO; 3VUT; 8YP5,MAP2K4,,HGNC:6844,Humans,DB14904
9414,Dual specificity mitogen-activated protein kinase kinase 5,MAP2K5,,,Q13163,MP2K5_HUMAN,2NPT; 2O2V; 4IC7,MAP2K5,,HGNC:6845,Humans,DB14904
9415,Dual specificity mitogen-activated protein kinase kinase 6,MAP2K6,,,P52564,MP2K6_HUMAN,2Y8O; 3ENM; 3FME; 3VN9; 5ETF; 8A8M; 8P7J; 8PM3,MAP2K6,,HGNC:6846,Humans,DB14904
10855,Dual specificity mitogen-activated protein kinase kinase 7,MAP2K7,,,O14733,MP2K7_HUMAN,2DYL; 3WZU; 4UX9; 5B2K; 5B2L; 5B2M; 5Y8U; 5Y90; 5Z1D; 5Z1E; 6IB0; 6IB2; 6QFL; 6QFR; 6QFT; 6QG4; 6QG7; 6QHO; 6QHR; 6YFZ; 6YG0; 6YG1; 6YG2; 6YG3; 6YG4; 6YG5; 6YG6; 6YG7; 6YZ4; 7CBX; 7OVI; 7OVJ; 7OVK; 7OVL; 7OVM; 7OVN,MAP2K7,,HGNC:6847,Humans,DB14904
3840,"ATP synthase F(1) complex subunit alpha, mitochondrial",ATP5F1A,28938.0,X59066,P25705,ATPA_HUMAN,8H9E; 8H9I; 8H9L; 8H9P; 8H9S; 8H9T; 8H9U; 8H9V; 8KI3,ATP5F1A,,HGNC:823,Humans,DB01119
3841,"ATP synthase F(1) complex subunit beta, mitochondrial",ATP5F1B,28940.0,X03559,P06576,ATPB_HUMAN,8H9E; 8H9I; 8H9L; 8H9P; 8H9S; 8H9T; 8H9U; 8H9V; 8KI3,ATP5F1B,,HGNC:830,Humans,DB01119
484,"ATP synthase F(1) complex subunit delta, mitochondrial",ATP5F1D,12586.0,X63422,P30049,ATPD_HUMAN,8H9F; 8H9J; 8H9M; 8H9Q; 8H9S; 8H9T; 8H9U; 8H9V; 8KHF; 8KI3,ATP5F1D,ATP5D,HGNC:837,Humans,DB01119
11237,"ATP synthase F(1) complex subunit epsilon, mitochondrial",ATP5F1E,,,P56381,ATP5E_HUMAN,8H9F; 8H9J; 8H9M; 8H9Q; 8H9S; 8H9T; 8H9U; 8H9V; 8KHF; 8KI3,ATP5F1E,,HGNC:838,Humans,DB01119
3842,"ATP synthase F(1) complex subunit gamma, mitochondrial",ATP5F1C,665586.0,D16562,P36542,ATPG_HUMAN,8H9E; 8H9F; 8H9I; 8H9J; 8H9L; 8H9M; 8H9P; 8H9Q; 8H9S; 8H9T; 8H9U; 8H9V; 8KHF; 8KI3,ATP5F1C,,HGNC:833,Humans,DB01119
9022,"ATP synthase peripheral stalk subunit OSCP, mitochondrial",ATP5PO,,,P48047,ATPO_HUMAN,8H9E; 8H9I; 8H9L; 8H9P; 8H9S; 8H9T; 8H9U; 8H9V; 8KI3,ATP5PO,,HGNC:850,Humans,DB01119
529,"Aspartate aminotransferase, cytoplasmic",GOT1,179067.0,M37400,P17174,AATC_HUMAN,3II0; 3WZF; 6DNA; 6DNB; 6DND; 6LIG,GOT1,GOT1,HGNC:4432,Humans,DB00114; DB00142
383,"Aspartate aminotransferase, mitochondrial",GOT2,179104.0,M22632,P00505,AATM_HUMAN,5AX8; 8SKR,GOT2,GOT2,HGNC:4433,Humans,DB00114; DB00142
955,Phosphatidylinositol 3-kinase regulatory subunit alpha,PIK3R1,,M61906,P27986,P85A_HUMAN,1A0N; 1AZG; 1H9O; 1PBW; 1PHT; 1PIC; 1PKS; 1PKT; 2IUG; 2IUH; 2IUI; 2RD0; 2V1Y; 3HHM; 3HIZ; 3I5R; 3I5S; 4A55; 4JPS; 4L1B; 4L23; 4L2Y; 4OVU; 4OVV; 4WAF; 4YKN; 4ZOP; 5AUL; 5FI4; 5GJI; 5ITD; 5M6U; 5SW8; 5SWG; 5SWO; 5SWP; 5SWR; 5SWT; 5SX8; 5SX9; 5SXA; 5SXB; 5SXC; 5SXD; 5SXE; 5SXF; 5SXI; 5SXJ; 5SXK; 5UBT; 5UK8; 5UKJ; 5UL1; 5VLR; 5XGH; 5XGI; 5XGJ; 6NCT; 6PYR; 6PYU; 7CIO; 7LM2; 7LQ1; 7MYN; 7MYO; 7PG5; 7PG6; 7RNS; 7TZ7; 8AM0; 8DCP; 8DCX; 8DD4; 8DD8; 8GUB; 8H36; 8H37; 8ILR; 8ILS; 8ILV; 8SBC; 8SBJ; 8TDU; 8TGD; 8TS7; 8TS8; 8TS9; 8TSA; 8TSB; 8TSC; 8TSD; 8TU6; 8V8H; 8V8I; 8V8J; 8V8U; 8V8V; 8W9A; 8W9B,PIK3R1,PIK3R1,HGNC:8979,Humans,DB12015
2383,Phosphatidylinositol 3-kinase regulatory subunit beta,PIK3R2,,X80907,O00459,P85B_HUMAN,2KT1; 2XS6; 3MTT; 3O5Z; 6OX7; 6U28; 7RCH; 7RNU,PIK3R2,PIK3R2,HGNC:8980,Humans,DB12015
2379,"Phosphatidylinositol 4,5-bisphosphate 3-kinase catalytic subunit alpha isoform",PIK3CA,,Z29090,P42336,PK3CA_HUMAN,2ENQ; 2RD0; 3HHM; 3HIZ; 3ZIM; 4JPS; 4L1B; 4L23; 4L2Y; 4OVU; 4OVV; 4TUU; 4TV3; 4WAF; 4YKN; 4ZOP; 5DXH; 5DXT; 5FI4; 5ITD; 5SW8; 5SWG; 5SWO; 5SWP; 5SWR; 5SWT; 5SX8; 5SX9; 5SXA; 5SXB; 5SXC; 5SXD; 5SXE; 5SXF; 5SXI; 5SXJ; 5SXK; 5UBR; 5UK8; 5UKJ; 5UL1; 5XGH; 5XGI; 5XGJ; 6GVF; 6GVG; 6GVH; 6GVI; 6NCT; 6OAC; 6PYS; 6VO7; 7JIU; 7K6M; 7K6N; 7K6O; 7K71; 7L1B; 7L1C; 7L1D; 7MLK; 7MYN; 7MYO; 7PG5; 7PG6; 7R9V; 7R9Y; 7RRG; 7TZ7; 8AM0; 8BFU; 8DCP; 8DCX; 8DD4; 8DD8; 8EXL; 8EXO; 8EXU; 8EXV; 8GUA; 8GUB; 8GUD; 8ILR; 8ILS; 8ILV; 8OW2; 8SBC; 8SBJ; 8TDU; 8TGD; 8TS7; 8TS8; 8TS9; 8TSA; 8TSB; 8TSC; 8TSD; 8TU6; 8TWY; 8V8H; 8V8I; 8V8J; 8V8U; 8V8V; 8VCL; 8W9A; 8W9B; 9ASF; 9ASG; 9B4S; 9B4T; 9C15; 9E8M,PIK3CA,PIK3CA,HGNC:8975,Humans,DB12015
1315,"Phosphatidylinositol 4,5-bisphosphate 3-kinase catalytic subunit gamma isoform",PIK3CG,1507822.0,X83368,P48736,PK3CG_HUMAN,1E8Y; 1E8Z; 1HE8; 2A4Z; 2A5U; 2CHW; 2CHX; 2CHZ; 2V4L; 3APC; 3APD; 3APF; 3CSF; 3CST; 3DBS; 3DPD; 3ENE; 3IBE; 3L08; 3L13; 3L16; 3L17; 3L54; 3LJ3; 3MJW; 3ML8; 3ML9; 3NZS; 3NZU; 3OAW; 3P2B; 3PRE; 3PRZ; 3PS6; 3QAQ; 3QAR; 3QJZ; 3QK0; 3R7Q; 3R7R; 3S2A; 3SD5; 3T8M; 3TJP; 3TL5; 3ZVV; 3ZW3; 4ANU; 4ANV; 4ANW; 4ANX; 4AOF; 4DK5; 4EZJ; 4EZK; 4EZL; 4F1S; 4FA6; 4FAD; 4FHJ; 4FHK; 4FJY; 4FJZ; 4FLH; 4FUL; 4G11; 4GB9; 4HLE; 4HVB; 4J6I; 4KZ0; 4KZC; 4PS3; 4PS7; 4PS8; 4URK; 4WWN; 4WWO; 4WWP; 4XX5; 4XZ4; 5EDS; 5G2N; 5G55; 5JHA; 5JHB; 5KAE; 5OQ4; 5T23; 6AUD; 6C1S; 6FH5; 6GQ7; 6T3B; 6T3C; 6XRL; 6XRM; 6XRN; 7JWE; 7JWZ; 7JX0; 7KKE; 7MEZ; 7Z61; 8DP0; 8SC8; 9GG9,PIK3CG,PIK3CG,HGNC:8978,Humans,DB12015
12125,Ribosomal protein S6 kinase beta-1,RPS6KB1,,,P23443,KS6B1_HUMAN,3A60; 3A61; 3A62; 3WE4; 3WF5; 3WF6; 3WF7; 3WF8; 3WF9; 4L3J; 4L3L; 4L42; 4L43; 4L44; 4L45; 4L46; 4RLO; 4RLP; 5WBH; 5WBK; 7N91; 7N93,RPS6KB1,,HGNC:10436,Humans,DB04462; DB12429; DB15431
12575,RAC-gamma serine/threonine-protein kinase,AKT3,,,Q9Y243,AKT3_HUMAN,2X18; 8ZXW,AKT3,,HGNC:393,Humans,DB05204; DB11969; DB12218; DB12745; DB14636; DB14982; DB15431; DB16828
14020,"Phosphatidylinositol 3,4,5-trisphosphate 5-phosphatase 1",INPP5D,,,Q92835,SHIP1_HUMAN,2YSX; 5RW2; 5RW3; 5RW4; 5RW5; 5RW6; 5RW7; 5RW8; 5RW9; 5RWA; 5RWB; 5RWC; 5RWD; 5RWE; 5RWF; 5RWG; 5RWH; 5RWI; 5RWJ; 5RWK; 5RWL; 5RWM; 5RWN; 5RWO; 5RWP; 5RWQ; 5RWR; 5RWS; 5RWT; 5RWU; 5RWV; 5RWW; 5RWX; 5RWY; 5RWZ; 5RX0; 5RX1; 5RX2; 5RX3; 5RX4; 5RX5; 5RX6; 5RX7; 5RX8; 5RX9; 5RXA; 5RXB; 5RXC; 5RXD; 5RXE; 5RXF; 5RXG; 5RXH; 5RXI; 5RXJ; 5RXK; 5RXL; 5RXM; 5RXO; 5RXP; 5RXQ; 5RXR; 5RXS; 5RXT; 5RXU; 5RXV; 5RXW; 5RXX; 5RXY; 5RXZ; 5RY0; 5RY1; 5RY2; 5RY3; 5RY4; 5RY5; 5RY6; 5RY7; 5RY8; 5RY9; 5RYA; 5RYB; 5RYC; 5RYD; 5RYE; 5RYF; 5RYG; 5RYH; 5RYI; 5RYJ; 5RYK; 5RYL; 6IBD; 6XY7; 8PDG; 8PDH; 8PDI; 8PDJ; 8UM5,INPP5D,,HGNC:6079,Humans,DB13012
14105,"Histone-lysine N-methyltransferase, H3 lysine-79 specific",DOT1L,,,Q8TEK3,DOT1L_HUMAN,1NW3; 2MV7; 3QOW; 3QOX; 3SR4; 3SX0; 3UWP; 4EK9; 4EKG; 4EKI; 4EQZ; 4ER0; 4ER3; 4ER5; 4ER6; 4ER7; 4HRA; 4WVL; 5DRT; 5DRY; 5DSX; 5DT2; 5DTM; 5DTQ; 5DTR; 5JUW; 5MVS; 5MW3; 5MW4; 6IN3; 6J99; 6JM9; 6JMA; 6JN2; 6NJ9; 6NN6; 6NOG; 6NQA; 6O96; 6TE6; 6TEL; 6TEN; 7BWD; 7EDP; 7S7E; 7S7F; 7XCR; 7XCT,DOT1L,,HGNC:24948,Humans,DB12920
14260,Cell division cycle 7-related protein kinase,CDC7,,,O00311,CDC7_HUMAN,4F99; 4F9A; 4F9B; 4F9C; 5UWQ; 5UWR; 6YA6; 6YA7; 6YA8,CDC7,,HGNC:1745,Humans,DB07149; DB12357; DB16330; DB17043
15295,Prostaglandin E synthase,PTGES,,,O14684,PTGES_HUMAN,3DWW; 4AL0; 4AL1; 4BPM; 4WAB; 4YK5; 4YL0; 4YL1; 4YL3; 5BQG; 5BQH; 5BQI; 5K0I; 5T36; 5T37; 5TL9; 6VL4; 8PYV,PTGES,,HGNC:9599,Humans,DB18405
15525,Protein arginine N-methyltransferase 5,PRMT5,,,O14744,ANM5_HUMAN,4GQB; 4X60; 4X61; 4X63; 5C9Z; 5EMJ; 5EMK; 5EML; 5EMM; 5FA5; 6CKC; 6K1S; 6RLL; 6RLQ; 6UGH; 6UXX; 6UXY; 6V0N; 6V0O; 6V0P; 7BO7; 7BOC; 7KIB; 7KIC; 7KID; 7L1G; 7M05; 7MX7; 7MXA; 7MXC; 7MXG; 7MXN; 7S0U; 7S1P; 7S1Q; 7S1R; 7S1S; 7SER; 7SES; 7U30; 7UOH; 7UY1; 7UYF; 7ZUP; 7ZUQ; 7ZUU; 7ZUY; 7ZV2; 7ZVL; 7ZVU; 8CSG; 8CTB; 8CYI; 8G1U; 8VEO; 8VET; 8VEU; 8VEW; 8VEX; 8VEY; 8X6L; 9C10; 9DOD; 9E3A; 9E3B; 9E3C; 9EYU; 9EYV; 9EYW; 9EYX; 9MGL; 9MGM; 9MGN; 9MGP; 9MGQ; 9MGR; 9N3N; 9N3O; 9N3P; 9N3Q; 9N3R,PRMT5,,HGNC:10894,Humans,DB19170; DB21480
15995,"Fructose-1,6-bisphosphatase isozyme 2",FBP2,,,O00757,F16P2_HUMAN,3IFA; 3IFC; 4HE0; 4HE1; 4HE2; 5ET5; 5ET6; 5ET7; 5ET8; 5K54; 5K55; 5K56; 5L0A; 5Q0C,FBP2,,HGNC:3607,Humans,DB02778; DB04175; DB04493; DB05053; DB05518; DB07292; DB08484
16545,Eukaryotic elongation factor 2 kinase,EEF2K,,,O00418,EF2K_HUMAN,5J8H; 5KS5; 6NX4; 7SHQ; 8FNY; 8FO6; 8GM4; 8GM5,EEF2K,,HGNC:24615,Humans,DB01259
18385,Dual specificity tyrosine-phosphorylation-regulated kinase 3,DYRK3,,,O43781,DYRK3_HUMAN,5Y86,DYRK3,,HGNC:3094,Humans,DB07919
20025,Diacylglycerol O-acyltransferase 1,DGAT1,,,O75907,DGAT1_HUMAN,6VP0; 6VYI; 6VZ1; 8ESM; 8ETM,DGAT1,,HGNC:2843,Humans,DB01094; DB12866; DB14887; DB14949
25550,Dual specificity protein phosphatase 1,DUSP1,,,P28562,DUS1_HUMAN,6APX; 6D65; 6D66; 6D67,DUSP1,,HGNC:3064,Humans,DB02169
26640,Protoporphyrinogen oxidase,PPOX,,,P50336,PPOX_HUMAN,3NKS; 4IVM; 4IVO,PPOX,,HGNC:9280,Humans,DB00855
47575,Dual specificity tyrosine-phosphorylation-regulated kinase 2,DYRK2,,,Q92630,DYRK2_HUMAN,3K2L; 3KVW; 4AZF; 5LXC; 5LXD; 5ZTN; 6HDP; 6HDR; 6K0J; 7AKF; 7AKH; 7DG4; 7DH3; 7DH9; 7DHC; 7DHH; 7DHK; 7DHN; 7DHO; 7DHV; 7DJO; 7DL6; 8HLT,DYRK2,,HGNC:3093,Humans,DB04719; DB07919
54300,Mitogen-activated protein kinase kinase kinase 5,MAP3K5,,,Q99683,M3K5_HUMAN,2CLQ; 3VW6; 4BF2; 4BHN; 4BIB; 4BIC; 4BID; 4BIE; 5ULM; 5UOR; 5UOX; 5UP3; 5V19; 5V24; 5VIL; 5VIO; 6E2M; 6E2N; 6E2O; 6EJL; 6OYT; 6OYW; 6VRE; 6XIH; 7MU6; 7MU7; 8QGY,MAP3K5,,HGNC:6857,Humans,DB14916
56025,Protein-serine O-palmitoleoyltransferase porcupine,PORCN,,,Q9H237,PORCN_HUMAN,7URA; 7URC; 7URD; 7URE,PORCN,,HGNC:17652,Humans,DB12561
62920,Serine/threonine-protein kinase pim-2,PIM2,,,Q9P1W9,PIM2_HUMAN,2IWI; 4X7Q,PIM2,,HGNC:8987,Humans,DB14943
63865,"rRNA methyltransferase 2, mitochondrial",MRM2,,,Q9UI43,MRM2_HUMAN,2NYU; 7O9K; 7O9M; 7ODS,MRM2,,HGNC:16352,Humans,DB12615
66265,1-phosphatidylinositol 3-phosphate 5-kinase,PIKFYVE,,,Q9Y2I7,FYV1_HUMAN,7K2V,PIKFYVE,,HGNC:23785,Humans,DB05611
13,Adenosine receptor A1,ADORA1,256155.0,S45235,P30542,AA1R_HUMAN,5N2S; 5UEN; 6D9H; 7LD3; 7LD4,ADORA1,ADORA1,HGNC:262,Humans,DB00193; DB00201; DB00277; DB00555; DB00640; DB00651; DB00806; DB00824; DB00996; DB01223; DB01303; DB01412; DB02282; DB04932; DB04954; DB06471; DB06484; DB07776; DB07954; DB08517; DB08770; DB09061; DB11757; DB12446; DB12569; DB12670; DB12760; DB12946; DB13122; DB13138; DB13203; DB16118; DB16288; DB16325; DB20226; DB20478
15,High affinity immunoglobulin epsilon receptor subunit alpha,FCER1A,31318.0,X06948,P12319,FCERA_HUMAN,1F2Q; 1F6A; 1J86; 1J87; 1J88; 1J89; 1RPQ; 2Y7Q; 7SHT; 8C1B; 8C1C; 8K7R; 8YVU; 8YWA; 8Z0T; 9EQ3; 9EQ4,FCER1A,FCER1A,HGNC:3609,Humans,DB00895; DB05797
20,D(1A) dopamine receptor,DRD1,30397.0,X55760,P21728,DRD1_HUMAN,7CKW; 7CKX; 7CKY; 7CKZ; 7CRH; 7F0T; 7F1O; 7F1Z; 7F23; 7F24; 7JOZ; 7JV5; 7JVP; 7JVQ; 7LJC; 7LJD; 7X2C; 7X2D; 7X2F; 8IRR; 8JXR; 8JXS,DRD1,DRD1,HGNC:3020,Humans,DB00246; DB00248; DB00334; DB00353; DB00363; DB00397; DB00408; DB00477; DB00502; DB00508; DB00543; DB00589; DB00623; DB00679; DB00714; DB00734; DB00800; DB00805; DB00850; DB00875; DB00988; DB01038; DB01186; DB01200; DB01224; DB01235; DB01238; DB01239; DB01267; DB01403; DB01608; DB01614; DB01621; DB01622; DB01623; DB01624; DB04946; DB05271; DB06077; DB06216; DB09286; DB11160; DB12093; DB12188; DB12273; DB12890; DB14185; DB16927; DB19663; DB19877; DB20285
23,Vascular endothelial growth factor receptor 3,FLT4,297050.0,X69878,P35916,VGFR3_HUMAN,4BSJ; 4BSK,FLT4,FLT4,HGNC:3767,Humans,DB00398; DB01268; DB04879; DB05075; DB05808; DB05932; DB06080; DB06101; DB06589; DB06626; DB08875; DB08896; DB09078; DB09079; DB11679; DB11741; DB11800; DB11845; DB12010; DB15036; DB15106; DB15685
29,Vascular endothelial growth factor receptor 1,FLT1,31432.0,X51602,P17948,VGFR1_HUMAN,1FLT; 1QSV; 1QSZ; 1QTY; 1RV6; 2XAC; 3HNG; 4CKV; 4CL7; 5ABD; 5EX3; 5T89,FLT1,FLT1,HGNC:3763,Humans,DB00398; DB01268; DB04879; DB05075; DB05332; DB05896; DB05913; DB05932; DB06080; DB06101; DB06436; DB06589; DB06626; DB07288; DB07664; DB07959; DB08009; DB08875; DB08896; DB09078; DB09079; DB09221; DB10770; DB11679; DB11741; DB11800; DB11845; DB12010; DB12639; DB15106; DB15685; DB18155
33,Insulin receptor,INSR,307070.0,M10051,P06213,INSR_HUMAN,1GAG; 1I44; 1IR3; 1IRK; 1P14; 1RQQ; 2AUH; 2B4S; 2HR7; 2MFR; 2Z8C; 3BU3; 3BU5; 3BU6; 3EKK; 3EKN; 3ETA; 3W11; 3W12; 3W13; 4IBM; 4OGA; 4XLV; 4XSS; 4XST; 4ZXB; 5E1S; 5HHW; 5J3H; 5KQV; 5U1M; 6HN4; 6HN5; 6PXV; 6PXW; 6SOF; 6VEP; 6VEQ; 7BW7; 7BW8; 7BWA; 7KD6; 7MQO; 7MQR; 7MQS; 7PG0; 7PG2; 7PG3; 7PG4; 7PHT; 7QID; 7S0Q; 7S8V; 7U6D; 7U6E; 7YQ3; 7YQ4; 7YQ5; 7YQ6; 8DWN; 8GUY; 8U4B; 8U4C; 8U4E; 8VJB; 8VJC; 8X06; 8X2M; 8XJS; 8XK1; 8XKM; 8XKR,INSR,INSR,HGNC:6091,Humans,DB00030; DB00046; DB00047; DB00071; DB01277; DB01306; DB01307; DB01309; DB03909; DB05056; DB05115; DB05120; DB06075; DB06156; DB08513; DB09129; DB09456; DB09564; DB11564; DB11567; DB11568; DB11721; DB12010; DB12267; DB12518; DB14751; DB15399; DB16028; DB16637; DB16693
43,Endothelin receptor type B,EDNRB,182276.0,M74921,P24530,EDNRB_HUMAN,5GLH; 5GLI; 5X93; 5XPR; 6IGK; 6IGL; 6LRY; 8HBD; 8HCX; 8IY5; 8IY6; 8XGR; 8XVE; 8XVH; 8XWP; 8XWQ; 8ZRT,EDNRB,EDNRB,HGNC:3180,Humans,DB00559; DB06138; DB06199; DB06268; DB06403; DB06460; DB06558; DB08932; DB15059; DB17410; DB17984; DB20151
45,Muscarinic acetylcholine receptor M3,CHRM3,32324.0,X15266,P20309,ACM3_HUMAN,2CSA; 8E9W; 8E9Y; 8E9Z; 8EA0,CHRM3,CHRM3,HGNC:1952,Humans,DB00185; DB00193; DB00202; DB00209; DB00246; DB00280; DB00332; DB00334; DB00342; DB00363; DB00376; DB00383; DB00387; DB00408; DB00411; DB00424; DB00434; DB00458; DB00462; DB00477; DB00496; DB00502; DB00505; DB00517; DB00572; DB00599; DB00622; DB00725; DB00747; DB00767; DB00804; DB00809; DB00835; DB00934; DB00940; DB00986; DB01019; DB01036; DB01062; DB01069; DB01085; DB01142; DB01151; DB01224; DB01226; DB01231; DB01238; DB01239; DB01337; DB01338; DB01403; DB01409; DB01591; DB01625; DB03128; DB04365; DB04843; DB05752; DB06153; DB06702; DB06709; DB06787; DB08897; DB09076; DB09089; DB09167; DB09185; DB09262; DB09300; DB11181; DB11235; DB11315; DB12278; DB13262; DB13581; DB13720; DB13793; DB14185; DB15357; DB18810; DB19325; DB19967; DB21404
49,High affinity immunoglobulin epsilon receptor subunit gamma,FCER1G,182488.0,M33195,P30273,FCERG_HUMAN,7Q5T; 8YVU; 8YWA,FCER1G,FCER1G,HGNC:3611,Humans,DB00043; DB00895; DB15236
55,Glycine receptor subunit beta,GLRB,992687.0,U33267,P48167,GLRB_HUMAN,5BKF; 5BKG; 7KUY; 7L31; 8DN2; 8DN3; 8DN4; 8DN5,GLRB,GLRB,HGNC:4329,Humans,DB00145; DB00431; DB01956; DB05417; DB06741; DB06743; DB06745; DB06746; DB06747; DB11582; DB15954
61,Cannabinoid receptor 1,CNR1,29915.0,X54937,P21554,CNR1_HUMAN,1LVQ; 1LVR; 2B0Y; 2KOE; 2MZ2; 2MZ3; 2MZA; 5TGZ; 5U09; 5XR8; 5XRA; 6KPG; 6KQI; 6N4B; 7FEE; 7V3Z; 7WV9; 8GAG; 8GHV; 8IKG; 8IKH; 8K8J; 8WRZ; 8WU1; 9B54; 9B65; 9B9Y; 9B9Z; 9BA0; 9ERX,CNR1,CNR1,HGNC:2159,Humans,DB00470; DB00486; DB01083; DB02955; DB05077; DB05201; DB05750; DB06155; DB06624; DB09061; DB09288; DB11745; DB11755; DB12649; DB13070; DB13119; DB13495; DB13950; DB14009; DB14011; DB14737; DB16495; DB18908; DB21051
62,Type-1 angiotensin II receptor,AGTR1,179122.0,M91464,P30556,AGTR1_HUMAN,4YAY; 4ZUD; 6DO1; 6OS0; 6OS1; 6OS2,AGTR1,AGTR1,HGNC:336,Humans,DB00177; DB00275; DB00678; DB00796; DB00876; DB00966; DB01029; DB01342; DB01347; DB01349; DB05739; DB06763; DB08822; DB09279; DB11842; DB12199; DB12548; DB13919; DB20100; DB20140; DB20229; DB20355
71,Peroxisome proliferator-activated receptor alpha,PPARA,307341.0,L02932,Q07869,PPARA_HUMAN,1I7G; 1K7L; 1KKQ; 2NPA; 2P54; 2REW; 2ZNN; 3ET1; 3FEI; 3G8I; 3KDT; 3KDU; 3SP6; 3VI8; 4BCR; 4CI4; 5AZT; 5HYK; 6KAX; 6KAY; 6KAZ; 6KB0; 6KB1; 6KB2; 6KB3; 6KB4; 6KB5; 6KB6; 6KB7; 6KB8; 6KB9; 6KBA; 6KXX; 6KXY; 6KYP; 6L36; 6L37; 6L38; 6L96; 6LX4; 6LX5; 6LX6; 6LX7; 6LX8; 6LX9; 6LXA; 6LXB; 6LXC; 7BPY; 7BPZ; 7BQ0; 7BQ1; 7BQ2; 7BQ3; 7BQ4; 7C6Q; 7E5F; 7E5G; 7E5H; 7E5I; 8HUK; 8HUN; 8HUQ; 8RCE,PPARA,PPARA,HGNC:9232,Humans,DB00132; DB00159; DB00197; DB00313; DB00328; DB00573; DB00636; DB01039; DB01050; DB01118; DB01241; DB01393; DB01708; DB01890; DB02266; DB02709; DB02746; DB03017; DB03193; DB03756; DB03796; DB04224; DB04519; DB04557; DB04971; DB05187; DB05416; DB06510; DB06521; DB06533; DB06536; DB07215; DB07724; DB08231; DB08915; DB09006; DB09064; DB09198; DB09213; DB09422; DB11133; DB11605; DB12007; DB12511; DB12662; DB12961; DB12988; DB13873; DB13961; DB14801; DB15212; DB16027; DB16332; DB16495; DB17939; DB19023; DB19312; DB20300; DB20556; DB20909
75,Growth hormone receptor,GHR,31738.0,X06562,P10912,GHR_HUMAN,1A22; 1AXI; 1HWG; 1HWH; 1KF9; 2AEW; 3HHR; 5OEK; 5OHD; 6I5J; 6I5N,GHR,GHR,HGNC:4263,Humans,DB00052; DB00082; DB06388; DB09098; DB14960; DB15093; DB16220; DB18238
78,Retinoic acid receptor RXR-beta,RXRB,30448.0,X63522,P28702,RXRB_HUMAN,1H9U; 1UHL; 5HJP; 5I4V; 5KYA; 5KYJ; 7A78,RXRB,RXRB,HGNC:10478,Humans,DB00210; DB00307; DB00459; DB00523; DB00755; DB00799; DB00926; DB01393; DB01941; DB02746; DB03756; DB07080; DB07929; DB08175
84,5-hydroxytryptamine receptor 4,HTR4,2661757.0,Y12505,Q13639,5HT4R_HUMAN,5EM9; 7XT8; 7XT9; 7XTA,HTR4,HTR4,HGNC:5299,Humans,DB00320; DB00604; DB00904; DB01079; DB01233; DB04873; DB04917; DB05542; DB05905; DB06422; DB06480; DB08810; DB08839; DB11675; DB12675; DB12702; DB12725; DB12798; DB12853; DB20267; DB20324; DB20532; DB20737; DB21114
92,Muscarinic acetylcholine receptor M1,CHRM1,34451.0,X52068,P11229,ACM1_HUMAN,5CXV; 6OIJ; 6WJC; 6ZFZ; 6ZG4; 6ZG9,CHRM1,CHRM1,HGNC:1950,Humans,DB00185; DB00193; DB00209; DB00219; DB00245; DB00246; DB00280; DB00332; DB00334; DB00340; DB00342; DB00354; DB00363; DB00376; DB00383; DB00387; DB00392; DB00408; DB00411; DB00420; DB00424; DB00434; DB00458; DB00462; DB00477; DB00483; DB00496; DB00505; DB00508; DB00517; DB00543; DB00572; DB00622; DB00670; DB00725; DB00747; DB00767; DB00771; DB00782; DB00804; DB00805; DB00809; DB00810; DB00835; DB00875; DB00907; DB00934; DB00940; DB00942; DB00979; DB00986; DB01019; DB01036; DB01062; DB01069; DB01085; DB01142; DB01148; DB01151; DB01175; DB01224; DB01231; DB01233; DB01238; DB01239; DB01403; DB01409; DB01591; DB01618; DB02010; DB03128; DB04365; DB04843; DB05152; DB05592; DB05752; DB05766; DB06153; DB06421; DB06702; DB06709; DB06787; DB07425; DB08897; DB09076; DB09089; DB09128; DB09167; DB09185; DB09262; DB11156; DB11181; DB11235; DB11504; DB12278; DB13262; DB13581; DB13720; DB13820; DB14185; DB15357; DB16911; DB18954; DB19508; DB19967; DB20049; DB21101
95,Cannabinoid receptor 2,CNR2,407807.0,X74328,P34972,CNR2_HUMAN,2KI9; 5ZTY; 6KPC; 6KPF; 6PT0; 8GUQ; 8GUR; 8GUS; 8GUT; 8X3L,CNR2,CNR2,HGNC:2160,Humans,DB00470; DB00486; DB02955; DB06202; DB09061; DB11755; DB11903; DB13119; DB13950; DB14009; DB14011; DB14043; DB14998; DB16321; DB16854; DB20045; DB21051; DB21587
112,Histamine H2 receptor,HRH2,184088.0,M64799,P25021,HRH2_HUMAN,7UL3; 8POK; 8YN3; 8YN4; 8YUT,HRH2,HRH2,HGNC:5183,Humans,DB00272; DB00321; DB00408; DB00434; DB00501; DB00585; DB00751; DB00768; DB00797; DB00863; DB00927; DB00940; DB00972; DB01069; DB01142; DB01238; DB05369; DB05381; DB06216; DB08805; DB08806; DB09185; DB12884; DB13760; DB19970; DB20379; DB20406; DB20648; DB21220
123,Estrogen receptor,ESR1,31234.0,X03635,P03372,ESR1_HUMAN,1A52; 1ERE; 1ERR; 1G50; 1GWQ; 1GWR; 1HCP; 1HCQ; 1L2I; 1PCG; 1QKT; 1QKU; 1R5K; 1SJ0; 1UOM; 1X7E; 1X7R; 1XP1; 1XP6; 1XP9; 1XPC; 1XQC; 1YIM; 1YIN; 1ZKY; 2AYR; 2B1V; 2B1Z; 2B23; 2BJ4; 2FAI; 2G44; 2G5O; 2I0J; 2IOG; 2IOK; 2JF9; 2JFA; 2LLO; 2LLQ; 2OCF; 2OUZ; 2P15; 2POG; 2Q6J; 2Q70; 2QA6; 2QA8; 2QAB; 2QE4; 2QGT; 2QGW; 2QH6; 2QR9; 2QSE; 2QXM; 2QXS; 2QZO; 2R6W; 2R6Y; 2YAT; 2YJA; 3CBM; 3CBO; 3CBP; 3DT3; 3ERD; 3ERT; 3HLV; 3HM1; 3L03; 3OS8; 3OS9; 3OSA; 3Q95; 3UU7; 3UUA; 3UUC; 3UUD; 4AA6; 4DMA; 4IU7; 4IUI; 4IV2; 4IV4; 4IVW; 4IVY; 4IW6; 4IW8; 4IWC; 4IWF; 4JC3; 4JDD; 4MG5; 4MG6; 4MG7; 4MG8; 4MG9; 4MGA; 4MGB; 4MGC; 4MGD; 4O6F; 4PP6; 4PPP; 4PPS; 4PXM; 4Q13; 4Q50; 4TUZ; 4TV1; 4XI3; 4ZN7; 4ZN9; 4ZNH; 4ZNS; 4ZNT; 4ZNU; 4ZNV; 4ZNW; 5AAU; 5AAV; 5ACC; 5AK2; 5DI7; 5DID; 5DIE; 5DIG; 5DK9; 5DKB; 5DKE; 5DKG; 5DKS; 5DL4; 5DLR; 5DMC; 5DMF; 5DP0; 5DRJ; 5DRM; 5DTV; 5DU5; 5DUE; 5DUG; 5DUH; 5DVS; 5DVV; 5DWE; 5DWG; 5DWI; 5DWJ; 5DX3; 5DXB; 5DXE; 5DXG; 5DXK; 5DXM; 5DXP; 5DXQ; 5DXR; 5DY8; 5DYB; 5DYD; 5DZ0; 5DZ1; 5DZ3; 5DZH; 5DZI; 5E0W; 5E0X; 5E14; 5E15; 5E19; 5E1C; 5EGV; 5EHJ; 5EI1; 5EIT; 5FQP; 5FQR; 5FQS; 5FQT; 5FQV; 5GS4; 5GTR; 5HYR; 5JMM; 5KCC; 5KCD; 5KCE; 5KCF; 5KCT; 5KCU; 5KCW; 5KD9; 5KR9; 5KRA; 5KRC; 5KRF; 5KRH; 5KRI; 5KRJ; 5KRK; 5KRL; 5KRM; 5KRO; 5N10; 5T0X; 5T1Z; 5T92; 5T97; 5TLD; 5TLF; 5TLG; 5TLL; 5TLM; 5TLO; 5TLP; 5TLT; 5TLU; 5TLV; 5TLX; 5TLY; 5TM1; 5TM2; 5TM3; 5TM4; 5TM5; 5TM6; 5TM7; 5TM8; 5TM9; 5TML; 5TMM; 5TMO; 5TMQ; 5TMR; 5TMS; 5TMT; 5TMU; 5TMV; 5TMW; 5TMZ; 5TN1; 5TN3; 5TN4; 5TN5; 5TN6; 5TN7; 5TN8; 5TN9; 5TNB; 5U2B; 5U2D; 5UFW; 5UFX; 5W9C; 5W9D; 5WGD; 5WGQ; 6B0F; 6C42; 6CBZ; 6CHW; 6CHZ; 6CZN; 6D0F; 6DF6; 6DFN; 6HHP; 6HKB; 6HKF; 6HMU; 6IAR; 6OWC; 6PET; 6PFM; 6PIT; 6PSJ; 6SBO; 6SQ0; 6SUO; 6TJM; 6TL3; 6V87; 6V8T; 6VGH; 6VJD; 6VPF; 6WOK; 6ZOQ; 6ZOR; 6ZOS; 7B9M; 7B9R; 7B9T; 7BA3; 7BA5; 7BA6; 7BA7; 7BA8; 7BA9; 7BAA; 7BAB; 7JHD; 7KBS; 7MSA; 7N9O; 7NDO; 7NEL; 7NFB; 7NFW; 7NIZ; 7OPW; 7OQ7; 7OQ8; 7PWT; 7PWZ; 7QVJ; 7QVL; 7R62; 7RKE; 7RNM; 7RRX; 7RRY; 7RRZ; 7RS0; 7RS1; 7RS2; 7RS3; 7RS4; 7RS7; 7RS8; 7RS9; 7SFO; 7T2X; 7TE7; 7UJ7; 7UJ8; 7UJC; 7UJF; 7UJM; 7UJO; 7UJW; 7UJY; 7WNV; 7Y8F; 7Y8G; 7YMK; 8AFN; 8AI0; 8ALR; 8ALT; 8ALV; 8ALW; 8AM7; 8ANF; 8AOY; 8APS; 8AQ1; 8AQC; 8AQE; 8AQZ; 8AR4; 8AR5; 8ARG; 8ARO; 8ARQ; 8ARR; 8ARW; 8ARX; 8ARY; 8ARZ; 8AS1; 8AT9; 8ATP; 8AU2; 8AUS; 8AUY; 8AV3; 8AV4; 8AV7; 8AV8; 8AWG; 8AXE; 8AXU; 8AZE; 8B39; 8BWJ; 8BWX; 8BWZ; 8BX0; 8BX3; 8BX4; 8BXI; 8BXM; 8BXN; 8BXO; 8BXQ; 8BXS; 8BY9; 8BYB; 8BYC; 8BYD; 8BYE; 8BYF; 8BYG; 8BYO; 8BYY; 8BYZ; 8BZ0; 8BZ9; 8BZA; 8BZB; 8BZC; 8BZD; 8BZE; 8BZF; 8BZG; 8BZH; 8BZT; 8BZW; 8C04; 8C0K; 8C0L; 8C42; 8C4F; 8C4G; 8DU6; 8DU8; 8DU9; 8DUB; 8DUC; 8DUD; 8DUG; 8DUH; 8DUI; 8DUK; 8DUS; 8DV5; 8DV7; 8DV8; 8DVB; 8EV1; 8EV2; 8VYT; 8VYX; 8VZ0; 8VZ1; 8VZP; 8VZQ; 8W03; 8W07; 9BPX; 9BQE; 9BU1,ESR1,ESR1,HGNC:3467,Humans,DB00255; DB00269; DB00286; DB00304; DB00367; DB00396; DB00431; DB00481; DB00539; DB00603; DB00624; DB00648; DB00655; DB00675; DB00756; DB00783; DB00823; DB00841; DB00882; DB00890; DB00947; DB00957; DB00977; DB01065; DB01108; DB01183; DB01185; DB01196; DB01357; DB01406; DB01428; DB01431; DB01524; DB01593; DB01645; DB01708; DB01878; DB02187; DB02615; DB02709; DB02715; DB02746; DB02757; DB02901; DB03467; DB03742; DB03802; DB03860; DB04216; DB04468; DB04471; DB04573; DB04574; DB04575; DB04813; DB04824; DB04930; DB04938; DB05233; DB05414; DB05487; DB05662; DB05882; DB05966; DB06202; DB06249; DB06374; DB06401; DB06710; DB06732; DB06735; DB06871; DB06898; DB06927; DB07009; DB07032; DB07086; DB07087; DB07119; DB07195; DB07567; DB07638; DB07678; DB07707; DB07708; DB07712; DB07931; DB07932; DB07933; DB07991; DB08020; DB08047; DB08048; DB08320; DB08398; DB08576; DB08595; DB08737; DB08773; DB09070; DB09086; DB09317; DB09318; DB09369; DB09371; DB09535; DB11064; DB11219; DB11478; DB11541; DB11619; DB12015; DB12235; DB12253; DB12450; DB12487; DB12672; DB13182; DB13310; DB13472; DB13869; DB13943; DB13944; DB13951; DB13952; DB13953; DB13954; DB13955; DB13956; DB13981; DB14487; DB14533; DB14548; DB14641; DB14969; DB15138; DB15641; DB15690; DB16080; DB19043; DB19125; DB19218; DB19627; DB19895; DB19957; DB20726
129,Gamma-aminobutyric acid receptor subunit rho-1,GABRR1,182911.0,M62400,P24046,GBRR1_HUMAN,8OP9; 8OQ6; 8OQ7; 8OQ8; 8OQA; 8RH4; 8RH7; 8RH8; 8RH9; 8RHG,GABRR1,GABRR1,HGNC:4090,Humans,DB00431; DB00466; DB01567; DB16754
132,Androgen receptor,AR,178628.0,M20132,P10275,ANDR_HUMAN,1E3G; 1GS4; 1T5Z; 1T63; 1T65; 1XJ7; 1XOW; 1XQ3; 1Z95; 2AM9; 2AMA; 2AMB; 2AO6; 2AX6; 2AX7; 2AX8; 2AX9; 2AXA; 2HVC; 2OZ7; 2PIO; 2PIP; 2PIQ; 2PIR; 2PIT; 2PIU; 2PIV; 2PIW; 2PIX; 2PKL; 2PNU; 2Q7I; 2Q7J; 2Q7K; 2Q7L; 2YHD; 2YLO; 2YLP; 2YLQ; 2Z4J; 3B5R; 3B65; 3B66; 3B67; 3B68; 3BTR; 3L3X; 3L3Z; 3RLJ; 3RLL; 3V49; 3V4A; 3ZQT; 4HLW; 4K7A; 4OEA; 4OED; 4OEY; 4OEZ; 4OFR; 4OFU; 4OGH; 4OH5; 4OH6; 4OHA; 4OIL; 4OIU; 4OJ9; 4OJB; 4OK1; 4OKB; 4OKT; 4OKW; 4OKX; 4OLM; 4QL8; 5CJ6; 5JJM; 5T8E; 5T8J; 5V8Q; 5VO4; 7ZTX; 7ZTZ; 7ZU1; 7ZU2; 8E1A; 8FGY; 8FGZ; 8FH0; 8FH1; 8FH2; 8RM6; 8RM7,AR,AR,HGNC:644,Humans,DB00255; DB00367; DB00396; DB00421; DB00499; DB00621; DB00623; DB00624; DB00648; DB00655; DB00665; DB00675; DB00687; DB00717; DB00858; DB00957; DB00984; DB01026; DB01063; DB01128; DB01185; DB01395; DB01406; DB01420; DB01428; DB01481; DB01493; DB01541; DB01564; DB01608; DB01708; DB01852; DB02266; DB02901; DB02932; DB02998; DB04709; DB04839; DB05107; DB05234; DB06133; DB06412; DB06710; DB06713; DB06718; DB06870; DB06973; DB07039; DB07286; DB07352; DB07419; DB07421; DB07422; DB07423; DB07454; DB07717; DB07769; DB07776; DB08035; DB08087; DB08088; DB08089; DB08461; DB08604; DB08804; DB08867; DB08899; DB09086; DB09123; DB09371; DB09389; DB11064; DB11219; DB11425; DB11429; DB11447; DB11619; DB11901; DB12415; DB12461; DB12499; DB12941; DB13111; DB13155; DB13169; DB13934; DB13939; DB13943; DB13944; DB13946; DB13951; DB14583; DB14639; DB15221; DB15488; DB15647; DB16221; DB16244; DB19123; DB21384; DB22370
134,Lutropin-choriogonadotropic hormone receptor,LHCGR,903746.0,M73746,P22888,LSHR_HUMAN,7FIG; 7FIH; 7FII; 7FIJ,LHCGR,LHCGR,HGNC:6585,Humans,DB00014; DB00032; DB00044; DB00097; DB06719; DB09126
144,Retinoic acid receptor gamma,RARG,306887.0,M24857,P13631,RARG_HUMAN,1EXA; 1EXX; 1FCX; 1FCY; 1FCZ; 1FD0; 2LBD; 3LBD; 4LBD; 5M24; 6FX0,RARG,RARG,HGNC:9866,Humans,DB00210; DB00459; DB00523; DB00755; DB00799; DB00926; DB00982; DB02258; DB02466; DB02741; DB03279; DB03466; DB05467; DB05785; DB07031; DB07294; DB12808
145,D(1B) dopamine receptor,DRD5,32049.0,X58454,P21918,DRD5_HUMAN,8IRV,DRD5,DRD5,HGNC:3026,Humans,DB00246; DB00248; DB00334; DB00363; DB00408; DB00477; DB00589; DB00714; DB00800; DB00988; DB01038; DB01186; DB01200; DB01224; DB01235; DB01238; DB01403; DB01624; DB04946; DB05271; DB11160; DB14185
146,Histamine H4 receptor,HRH4,10241847.0,AB044934,Q9H3N8,HRH4_HUMAN,7YFC; 7YFD; 8HN8; 8HOC; 8JXT; 8JXV; 8JXW; 8JXX; 8YN9; 8YNA,HRH4,HRH4,HGNC:17383,Humans,DB00321; DB00363; DB00408; DB00477; DB00543; DB01142; DB01238; DB01620; DB05032; DB05381; DB06148; DB12522; DB15027; DB15220; DB20379
155,Toll-like receptor 7,TLR7,7330281.0,AF240467,Q9NYK1,TLR7_HUMAN,7CYN,TLR7,TLR7,HGNC:15631,Humans,DB00724; DB01611; DB04860; DB05127; DB05475; DB06329; DB06490; DB06530; DB12476; DB12687; DB14868; DB16076; DB16580; DB17589; DB19590
156,Sigma non-opioid intracellular receptor 1,SIGMAR1,1783387.0,U75283,Q99720,SGMR1_HUMAN,5HK1; 5HK2; 6DJZ; 6DK0; 6DK1,SIGMAR1,OPRS1,HGNC:8157,Humans,DB00321; DB00409; DB00502; DB00514; DB00574; DB00652; DB00704; DB00907; DB00956; DB01488; DB01708; DB02383; DB03575; DB05316; DB05422; DB05592; DB06174; DB06618; DB09014; DB11186; DB13810; DB16911; DB19054; DB19466; DB20245; DB20534
165,Vasopressin V1a receptor,AVPR1A,667068.0,L25615,P37288,V1AR_HUMAN,1YTV,AVPR1A,AVPR1A,HGNC:895,Humans,DB00035; DB00067; DB00093; DB00107; DB00872; DB02638; DB05452; DB06212; DB09059; DB12495; DB12643; DB13929; DB14642; DB14823; DB16279; DB16968; DB20573
172,Beta-1 adrenergic receptor,ADRB1,178200.0,J03019,P08588,ADRB1_HUMAN,2LSQ; 7BTS; 7BU6; 7BU7; 7BVQ,ADRB1,ADRB1,HGNC:285,Humans,DB00127; DB00187; DB00195; DB00217; DB00221; DB00243; DB00248; DB00264; DB00335; DB00368; DB00373; DB00397; DB00408; DB00449; DB00489; DB00521; DB00555; DB00571; DB00598; DB00612; DB00668; DB00841; DB00852; DB00866; DB00871; DB00938; DB00960; DB00983; DB01001; DB01064; DB01102; DB01136; DB01151; DB01158; DB01182; DB01193; DB01203; DB01210; DB01214; DB01238; DB01288; DB01291; DB01295; DB01297; DB01359; DB01363; DB01364; DB01407; DB01580; DB01917; DB03566; DB04846; DB04855; DB04861; DB04946; DB06216; DB06262; DB06483; DB06814; DB08347; DB08558; DB08807; DB08808; DB08893; DB09013; DB09068; DB09204; DB09351; DB11124; DB11278; DB11785; DB12212; DB12752; DB12803; DB13781; DB15949
183,B-cell receptor CD22,CD22,36091.0,X59350,P20273,CD22_HUMAN,5VKJ; 5VKM; 5VL3; 7O52,CD22,CD22,HGNC:1643,Humans,DB04958; DB05889; DB12688
203,Gonadotropin-releasing hormone receptor,GNRHR,183422.0,L03380,P30968,GNRHR_HUMAN,7BR3,GNRHR,GNRHR,HGNC:4421,Humans,DB00007; DB00014; DB00050; DB00106; DB00644; DB00666; DB01406; DB05624; DB06494; DB06699; DB06719; DB06785; DB06788; DB06825; DB11619; DB11853; DB11906; DB11979; DB12581; DB12755; DB17083; DB19488; DB20209; DB20382
205,Platelet-derived growth factor receptor beta,PDGFRB,189732.0,J03278,P09619,PGFRB_HUMAN,1GQ5; 1H9O; 1SHA; 2IUI; 2L6W; 2PLD; 2PLE; 3MJG,PDGFRB,PDGFRB,HGNC:8804,Humans,DB00102; DB00398; DB00619; DB01254; DB01268; DB02567; DB05014; DB05146; DB05332; DB06436; DB06589; DB06595; DB07959; DB08009; DB08339; DB08896; DB09079; DB09221; DB09283; DB10770; DB11741; DB11800; DB11845; DB12010; DB12147; DB12978; DB13093; DB14840; DB15822; DB17041
206,Retinoic acid receptor beta,RARB,35883.0,X07282,P10826,RARB_HUMAN,1HRA; 1XAP; 4DM6; 4DM8; 4JYG; 4JYH; 4JYI; 5UAN; 6SSQ,RARB,RARB,HGNC:9865,Humans,DB00210; DB00459; DB00523; DB00755; DB00799; DB00926; DB02877; DB04942; DB05785; DB12808
215,Peroxisome proliferator-activated receptor gamma,PPARG,1711117.0,U79012,P37231,PPARG_HUMAN,1FM6; 1FM9; 1I7I; 1K74; 1KNU; 1NYX; 1PRG; 1RDT; 1WM0; 1ZEO; 1ZGY; 2ATH; 2F4B; 2FVJ; 2G0G; 2G0H; 2GTK; 2HFP; 2HWQ; 2HWR; 2I4J; 2I4P; 2I4Z; 2OM9; 2P4Y; 2POB; 2PRG; 2Q59; 2Q5P; 2Q5S; 2Q61; 2Q6R; 2Q6S; 2Q8S; 2QMV; 2VSR; 2VST; 2VV0; 2VV1; 2VV2; 2VV3; 2VV4; 2XKW; 2YFE; 2ZK0; 2ZK1; 2ZK2; 2ZK3; 2ZK4; 2ZK5; 2ZK6; 2ZNO; 2ZVT; 3ADS; 3ADT; 3ADU; 3ADV; 3ADW; 3ADX; 3AN3; 3AN4; 3B0Q; 3B0R; 3B1M; 3B3K; 3BC5; 3CDP; 3CDS; 3CS8; 3CWD; 3D6D; 3DZU; 3DZY; 3E00; 3ET0; 3ET3; 3FEJ; 3FUR; 3G9E; 3GBK; 3H0A; 3HO0; 3HOD; 3IA6; 3K8S; 3KMG; 3LMP; 3NOA; 3OSI; 3OSW; 3PBA; 3PO9; 3PRG; 3QT0; 3R5N; 3R8A; 3R8I; 3S9S; 3SZ1; 3T03; 3TY0; 3U9Q; 3V9T; 3V9V; 3V9Y; 3VJH; 3VJI; 3VN2; 3VSO; 3VSP; 3WJ4; 3WJ5; 3WMH; 3X1H; 3X1I; 4A4V; 4A4W; 4CI5; 4E4K; 4E4Q; 4EM9; 4EMA; 4F9M; 4FGY; 4HEE; 4JAZ; 4JL4; 4L96; 4L98; 4O8F; 4OJ4; 4PRG; 4PVU; 4PWL; 4R06; 4R2U; 4R6S; 4XLD; 4XTA; 4XUH; 4XUM; 4Y29; 4YT1; 5AZV; 5DSH; 5DV3; 5DV6; 5DV8; 5DVC; 5DWL; 5F9B; 5GTN; 5GTO; 5GTP; 5HZC; 5JI0; 5LSG; 5TTO; 5TWO; 5U5L; 5UGM; 5WQX; 5WR0; 5WR1; 5Y2O; 5Y2T; 5YCN; 5YCP; 5Z5S; 5Z6S; 6AD9; 6AN1; 6AUG; 6AVI; 6C1I; 6C5Q; 6C5T; 6D3E; 6D8X; 6D94; 6DBH; 6DCU; 6DGL; 6DGO; 6DGP; 6DGQ; 6DGR; 6DH9; 6DHA; 6E5A; 6ENQ; 6F2L; 6FZF; 6FZG; 6FZJ; 6FZP; 6FZY; 6ICJ; 6IJR; 6IJS; 6ILQ; 6IZM; 6IZN; 6JEY; 6JF0; 6JQ7; 6K0T; 6KTM; 6KTN; 6L89; 6L8B; 6MCZ; 6MD0; 6MD1; 6MD2; 6MD4; 6MS7; 6O67; 6O68; 6ONI; 6ONJ; 6PDZ; 6QJ5; 6T1S; 6T1V; 6T6B; 6T9C; 6TDC; 6TSG; 6VZL; 6VZM; 6VZN; 6VZO; 6Y3U; 6ZLY; 7A7H; 7AHJ; 7AWC; 7AWD; 7CXE; 7CXF; 7CXG; 7CXH; 7CXI; 7CXJ; 7CXK; 7CXL; 7E0A; 7E2O; 7EFQ; 7JQG; 7LOT; 7P4E; 7QB1; 7RLE; 7SQA; 7SQB; 7WGO; 7WGP; 7WGQ; 7WOX; 8ADF; 8AQM; 8AQN; 8ATY; 8ATZ; 8B8W; 8B8X; 8B8Y; 8B8Z; 8B90; 8B91; 8B92; 8B93; 8B94; 8B95; 8BF1; 8BF2; 8BFF; 8C0C; 8CPH; 8CPI; 8CPJ; 8DK4; 8DKN; 8DKV; 8DSY; 8DSZ; 8FHE; 8FHF; 8FHG; 8FKC; 8FKD; 8FKE; 8FKF; 8FKG; 8HHP; 8HHQ; 8HUM; 8HUP; 8PBO; 8REJ; 8SC9; 8U57; 8WFE; 8ZFN; 8ZFO; 8ZFP; 8ZFQ; 8ZFR; 8ZFS; 8ZFT; 9CK0; 9CWN; 9F7W; 9F7X,PPARG,PPARG,HGNC:9236,Humans,DB00132; DB00159; DB00197; DB00244; DB00313; DB00328; DB00412; DB00573; DB00731; DB00795; DB00845; DB00912; DB00966; DB01014; DB01050; DB01067; DB01118; DB01132; DB01252; DB01393; DB02266; DB02709; DB02746; DB03600; DB03756; DB04224; DB04270; DB04689; DB04971; DB05187; DB05490; DB05854; DB06510; DB06519; DB06521; DB06533; DB06536; DB06908; DB06926; DB07053; DB07111; DB07172; DB07208; DB07209; DB07302; DB07509; DB07675; DB07723; DB07724; DB07842; DB07863; DB08121; DB08302; DB08402; DB08435; DB08560; DB08604; DB08760; DB08915; DB09006; DB09061; DB09198; DB09199; DB09200; DB09201; DB09213; DB11133; DB11672; DB11811; DB11894; DB11898; DB12007; DB12072; DB12511; DB12557; DB12662; DB12781; DB13873; DB13961; DB14009; DB14011; DB14034; DB14035; DB14635; DB14801; DB15021; DB16027; DB16109; DB16332; DB19023; DB19311; DB19312; DB20909
217,Gamma-aminobutyric acid type B receptor subunit 1,GABBR1,3892594.0,AJ225028,Q9UBS5,GABR1_HUMAN,4MQE; 4MQF; 4MR7; 4MR8; 4MR9; 4MRM; 4MS1; 4MS3; 4MS4; 4PAS; 6HKC; 6UO8; 6UO9; 6UOA; 6VJM; 6W2X; 6W2Y; 6WIV; 7C7Q; 7C7S; 7CA3; 7CA5; 7CUM; 7EB2,GABBR1,GABBR1,HGNC:4070,Humans,DB00181; DB00363; DB00659; DB00837; DB00996; DB01440; DB01956; DB02530; DB05010; DB05404; DB06354; DB08891; DB08892; DB11920; DB12098
241,Adenosine receptor A2b,ADORA2B,178150.0,M97759,P29275,AA2BR_HUMAN,7XY6; 7XY7; 8HDO; 8HDP,ADORA2B,ADORA2B,HGNC:264,Humans,DB00194; DB00201; DB00277; DB00640; DB00824; DB02134; DB02282; DB04932; DB05936; DB07776; DB07954; DB08517; DB08770; DB12569; DB12946; DB17506
247,Muscarinic acetylcholine receptor M5,CHRM5,177988.0,M80333,P08912,ACM5_HUMAN,6OL9,CHRM5,CHRM5,HGNC:1954,Humans,DB00209; DB00246; DB00342; DB00363; DB00376; DB00383; DB00387; DB00408; DB00420; DB00424; DB00458; DB00483; DB00496; DB00505; DB00517; DB00572; DB00622; DB00725; DB00747; DB00767; DB00835; DB00934; DB00940; DB00979; DB00986; DB01019; DB01036; DB01069; DB01085; DB01142; DB01148; DB01151; DB01224; DB01238; DB01239; DB01403; DB01409; DB01591; DB04660; DB04843; DB05752; DB06702; DB06709; DB08897; DB09023; DB09076; DB09167; DB09271; DB09300; DB11181; DB11235; DB11960; DB12086; DB12278; DB12554; DB13247; DB13254; DB13262; DB13505; DB13581; DB14185; DB14585; DB15357
264,Activin receptor type-1,ACVR1,338219.0,L02911,Q04771,ACVR1_HUMAN,3H9R; 3MTF; 3OOM; 3Q4U; 4BGG; 4C02; 4DYM; 5OXG; 5OY6; 5S75; 5S76; 5S77; 5S78; 5S79; 5S7A; 5S7B; 5S7C; 5S7D; 5S7E; 5S7F; 5S7G; 5S7H; 5S7I; 5S7J; 5S7K; 5S7L; 5S7M; 5S7N; 5S7O; 5S7P; 5S7Q; 5S7R; 5S7S; 5S7T; 5S7U; 5S7V; 5S7W; 5S7X; 5S7Y; 5S7Z; 5S80; 5S81; 5S82; 5S83; 5S84; 5S85; 5S86; 5S87; 5S88; 5S89; 5S8A; 5S8B; 5S9K; 6ACR; 6EIX; 6GI6; 6GIN; 6GIP; 6I1S; 6JUX; 6SRH; 6SZM; 6T6D; 6T8N; 6TN8; 6UNQ; 6UNR; 6UNS; 6Z36; 6ZGC; 7A21; 7C3G; 7NNS; 7YRU; 8C7W; 8C7Z; 8POD; 8R7G; 8UWR; 9D8E; 9D8F; 9D8Z,ACVR1,ACVR1,HGNC:171,Humans,DB00171; DB08597; DB11763; DB12010; DB18152; DB21463
271,Folate receptor beta,FOLR2,1655592.0,X69516,P14207,FOLR2_HUMAN,4KMY; 4KMZ; 4KN0; 4KN1; 4KN2,FOLR2,FOLR2,HGNC:3793,Humans,DB00158; DB05168
289,Alpha-2A adrenergic receptor,ADRA2A,178196.0,M23533,P08913,ADA2A_HUMAN,1HLL; 1HO9; 1HOD; 1HOF; 6K42; 6KUX; 6KUY; 7EJ0; 7EJ8; 7EJA; 7EJK; 7W6P; 7W7E; 9CBL; 9CBM,ADRA2A,ADRA2A,HGNC:281,Humans,DB00246; DB00248; DB00320; DB00321; DB00363; DB00368; DB00370; DB00408; DB00413; DB00449; DB00457; DB00484; DB00502; DB00543; DB00555; DB00575; DB00589; DB00629; DB00633; DB00656; DB00668; DB00696; DB00714; DB00726; DB00751; DB00797; DB00800; DB00852; DB00865; DB00925; DB00935; DB00964; DB00968; DB01018; DB01136; DB01149; DB01200; DB01224; DB01238; DB01267; DB01363; DB01392; DB01403; DB01472; DB01577; DB01608; DB01624; DB03468; DB04846; DB04855; DB04946; DB04948; DB05492; DB06148; DB06153; DB06216; DB06229; DB06262; DB06623; DB06694; DB06711; DB08550; DB08815; DB09242; DB09244; DB09286; DB11124; DB11278; DB11428; DB11738; DB13064; DB14185; DB20960; DB21271
291,5-hydroxytryptamine receptor 1A,HTR1A,189928.0,M28269,P08908,5HT1A_HUMAN,7E2X; 7E2Y; 7E2Z; 8FY8; 8FYE; 8FYL; 8FYT; 8FYX; 8JSP; 8JT6; 8PJK; 8PKM; 8W8B,HTR1A,HTR1A,HGNC:5286,Humans,DB00216; DB00246; DB00247; DB00248; DB00315; DB00320; DB00321; DB00363; DB00408; DB00413; DB00422; DB00458; DB00477; DB00490; DB00502; DB00540; DB00543; DB00571; DB00574; DB00589; DB00656; DB00669; DB00696; DB00714; DB00726; DB00734; DB00866; DB00904; DB00935; DB00952; DB00953; DB00960; DB00988; DB01142; DB01149; DB01151; DB01175; DB01186; DB01200; DB01224; DB01238; DB01267; DB01359; DB01392; DB01465; DB01484; DB01614; DB01616; DB01618; DB01621; DB04829; DB04884; DB04888; DB04908; DB04946; DB04948; DB04970; DB05271; DB05339; DB05422; DB05509; DB05562; DB06016; DB06148; DB06153; DB06216; DB06393; DB06446; DB06454; DB06506; DB06538; DB06684; DB08807; DB08810; DB08815; DB08839; DB08922; DB09000; DB09061; DB09068; DB09128; DB09167; DB09244; DB09289; DB11755; DB12061; DB12184; DB12288; DB12361; DB12478; DB12540; DB12661; DB12883; DB13775; DB14009; DB14010; DB14011; DB14185; DB15665; DB16040; DB16629; DB16936; DB17056; DB19033; DB19481; DB19603; DB19706; DB19724; DB19774; DB19784; DB19836; DB19853; DB19875; DB19963; DB20133; DB20244; DB20674; DB20960; DB21348
293,Vasopressin V2 receptor,AVPR2,28418.0,U04357,P30518,V2R_HUMAN,4JQI; 6NI2; 6U1N; 7BB6; 7BB7; 7DF9; 7DFA; 7DFB; 7DFC; 7DW9; 7KH0; 7R0C; 7R0J; 8GOC; 8I10; 8JRU; 8JRV; 8WRZ; 8WU1; 9BT8; 9CX3; 9CX9,AVPR2,AVPR2,HGNC:897,Humans,DB00035; DB00067; DB00107; DB00618; DB00872; DB02638; DB05091; DB05838; DB06212; DB06666; DB09059; DB11734; DB12643; DB14642; DB14923; DB16279
311,5-hydroxytryptamine receptor 3A,HTR3A,681914.0,D49394,P46098,5HT3A_HUMAN,8AXD; 8BL8; 8BLA; 8BLB,HTR3A,HTR3A,HGNC:5297,Humans,DB00333; DB00334; DB00363; DB00377; DB00408; DB00543; DB00555; DB00604; DB00721; DB00726; DB00728; DB00757; DB00889; DB00898; DB00904; DB00969; DB00988; DB01043; DB01156; DB01199; DB01202; DB01221; DB01224; DB01233; DB01238; DB04885; DB04917; DB05049; DB05642; DB06422; DB08839; DB09061; DB09068; DB09290; DB11699; DB14185; DB19963; DB21193
315,Thyroid hormone receptor beta,THRB,31207.0,X04707,P10828,THB_HUMAN,1BSX; 1N46; 1NAX; 1NQ0; 1NQ1; 1NQ2; 1NUO; 1Q4X; 1R6G; 1XZX; 1Y0X; 2J4A; 2NLL; 2PIN; 3D57; 3GWS; 3IMY; 3JZC; 4ZO1; 6KKB; 6KKE; 6KNU; 6KNV; 6KNW; 7WLX; 7WMG; 7WMH; 7WMJ; 7WML; 7WMN; 7WMO; 8RQN,THRB,THRB,HGNC:11799,Humans,DB00279; DB00451; DB00509; DB01583; DB02106; DB03176; DB03181; DB03604; DB03788; DB05035; DB05192; DB07425; DB08085; DB09100; DB12914; DB15137; DB17670
318,Secretin receptor,SCTR,662796.0,U20178,P47872,SCTR_HUMAN,6WI9; 6WZG; 7D3S,SCTR,SCTR,HGNC:10608,Humans,DB09532
327,Melatonin receptor type 1B,MTNR1B,971194.0,U25341,P49286,MTR1B_HUMAN,6ME6; 6ME7; 6ME8; 6ME9; 7VH0,MTNR1B,MTNR1B,HGNC:7464,Humans,DB00980; DB01065; DB02709; DB06594; DB08190; DB09071; DB15133
342,Alpha-2C adrenergic receptor,ADRA2C,178194.0,J03853,P18825,ADA2C_HUMAN,6KUW,ADRA2C,ADRA2C,HGNC:283,Humans,DB00246; DB00248; DB00363; DB00368; DB00408; DB00484; DB00502; DB00575; DB00589; DB00696; DB00714; DB00734; DB00797; DB00800; DB00924; DB00925; DB00935; DB01136; DB01200; DB01224; DB01238; DB01267; DB01363; DB01392; DB01403; DB01577; DB04846; DB04855; DB04946; DB05461; DB05492; DB06148; DB06153; DB06216; DB06229; DB06262; DB06694; DB06714; DB06764; DB08550; DB08815; DB08838; DB08950; DB09128; DB09202; DB09242; DB11124; DB11428; DB11477; DB11738; DB12057; DB12143; DB12478; DB12838; DB13064; DB13345; DB14185; DB16623; DB19946; DB20644; DB20950; DB20960; DB21271; DB21336
345,Prolactin receptor,PRLR,190362.0,M31661,P16471,PRLR_HUMAN,1BP3; 2LFG; 2N7I; 3D48; 3MZG; 3N06; 3N0P; 3NCB; 3NCC; 3NCE; 3NCF; 4I18,PRLR,PRLR,HGNC:9446,Humans,DB00052; DB06423; DB16220
346,"Glutamate receptor ionotropic, kainate 1",GRIK1,455448.0,L19058,P39086,GRIK1_HUMAN,2ZNS; 2ZNT; 2ZNU; 3FUZ; 3FV1; 3FV2; 3FVG; 3FVK; 3FVN; 3FVO; 4MF3,GRIK1,GRIK1,HGNC:4579,Humans,DB00142; DB00237; DB00273; DB02347; DB02818; DB02852; DB02999; DB03425; DB03759; DB04152; DB06354
354,Adenosine receptor A3,ADORA3,349449.0,L20463,P0DMS8,AA3R_HUMAN,8X16; 8X17,ADORA3,ADORA3,HGNC:268,Humans,DB00201; DB00640; DB00824; DB01223; DB02282; DB05511; DB07340; DB07776; DB07954; DB08517; DB08839; DB08849; DB12010; DB12306; DB12569; DB12885; DB12946; DB20226; DB20240; DB21193
365,"Glutamate receptor ionotropic, NMDA 1",GRIN1,219920.0,D13515,Q05586,NMDZ1_HUMAN,2HQW; 2NR1; 3BYA; 5H8F; 5H8H; 5H8N; 5H8Q; 5I2K; 5I2N; 5KCJ; 5KDT; 5TP9; 5TPA; 6IRA; 6IRF; 6IRG; 6IRH; 7EOQ; 7EOR; 7EOS; 7EOT; 7EOU; 7EU7; 7EU8; 7YFF; 7YFL; 7YFM; 7YFO; 7YFR; 8E92; 8E93; 8E94; 8E96; 8E97; 8E98; 8E99; 8JIZ; 8JJ0; 8JJ1; 8JJ2; 8UUE; 8VUL; 8VUN; 8VUQ; 8VUR; 8VUS; 8VUT; 8VUU; 8VUV; 8Y1V; 9D37; 9D38; 9D39; 9D3A; 9D3B; 9D3C; 9GIB; 9GIC; 9GID; 9GIE; 9GIF; 9GIG; 9GJ1,GRIN1,GRIN1,HGNC:4584,Humans,DB00127; DB00128; DB00142; DB00260; DB00454; DB01043; DB01173; DB01931; DB02655; DB03575; DB03759; DB03929; DB04175; DB04620; DB05824; DB06151; DB08838; DB08954; DB11937; DB12869; DB20240
368,Prostaglandin E2 receptor EP2 subtype,PTGER2,632650.0,U19487,P43116,PE2R2_HUMAN,7CX2; 7CX3; 7CX4,PTGER2,PTGER2,HGNC:9594,Humans,DB00374; DB00688; DB00770; DB00917; DB00929; DB01088; DB02056; DB08964; DB09211; DB11629; DB12022; DB12024; DB12623; DB12789; DB15071; DB20983
369,Vascular endothelial growth factor receptor 2,KDR,2655412.0,AF035121,P35968,VGFR2_HUMAN,1VR2; 1Y6A; 1Y6B; 1YWN; 2M59; 2MET; 2MEU; 2OH4; 2P2H; 2P2I; 2QU5; 2QU6; 2RL5; 2X1W; 2X1X; 2XIR; 3B8Q; 3B8R; 3BE2; 3C7Q; 3CJF; 3CJG; 3CP9; 3CPB; 3CPC; 3DTW; 3EFL; 3EWH; 3KVQ; 3S35; 3S36; 3S37; 3U6J; 3V2A; 3V6B; 3VHE; 3VHK; 3VID; 3VNT; 3VO3; 3WZD; 3WZE; 4AG8; 4AGC; 4AGD; 4ASD; 4ASE; 5EW3; 5OYJ; 6GQO; 6GQP; 6GQQ; 6XVJ; 6XVK,KDR,KDR,HGNC:6307,Humans,DB00398; DB01268; DB03365; DB04727; DB04849; DB04879; DB05014; DB05075; DB05146; DB05198; DB05294; DB05332; DB05575; DB05578; DB05913; DB05931; DB05984; DB06080; DB06101; DB06436; DB06589; DB06595; DB06626; DB06938; DB06999; DB07183; DB07274; DB07288; DB07326; DB07333; DB07334; DB07514; DB07528; DB07537; DB07959; DB08009; DB08042; DB08052; DB08519; DB08875; DB08896; DB08901; DB09078; DB09079; DB11665; DB11679; DB11741; DB11800; DB11828; DB11845; DB11958; DB11977; DB12010; DB12072; DB12147; DB12307; DB12962; DB13093; DB14765; DB14840; DB15036; DB15106; DB15393; DB15822; DB16265; DB17061; DB17191; DB18155
381,Gamma-aminobutyric acid receptor subunit alpha-2,GABRA2,386422.0,S62907,P47869,GBRA2_HUMAN,9CRV; 9CSB; 9CT0; 9CTJ; 9CTV; 9CX7; 9CXB; 9CXC,GABRA2,GABRA2,HGNC:4076,Humans,DB00241; DB00306; DB00312; DB00371; DB00402; DB00418; DB00425; DB00463; DB00599; DB00794; DB00849; DB00898; DB01198; DB01205; DB01346; DB01351; DB01352; DB01353; DB01354; DB01355; DB01483; DB01496; DB01567; DB02530; DB04903; DB13993; DB13994
384,Substance-P receptor,TACR1,8176544.0,S62045,P25103,NK1R_HUMAN,2KS9; 2KSA; 2KSB; 6E59; 6HLL; 6HLO; 6HLP; 7P00; 7P02; 7RMG; 7RMH; 7RMI; 8U26,TACR1,TACR1,HGNC:11526,Humans,DB00193; DB00673; DB01037; DB01221; DB04029; DB04894; DB05072; DB05421; DB05466; DB05790; DB05875; DB06634; DB06717; DB09048; DB09291; DB11949; DB12122; DB12427; DB12436; DB12580; DB12973; DB14019; DB16742; DB16744; DB18968; DB19198; DB19599; DB20991; DB21149
385,Interferon alpha/beta receptor 2,IFNAR2,995300.0,L42243,P48551,INAR2_HUMAN,1N6U; 1N6V; 2HYM; 2KZ1; 2LAG; 3S8W; 3S9D; 3SE3; 3SE4,IFNAR2,IFNAR2,HGNC:5433,Humans,DB00008; DB00011; DB00018; DB00022; DB00034; DB00060; DB00068; DB00069; DB00105; DB05472; DB06152; DB11976
387,Follicle-stimulating hormone receptor,FSHR,182771.0,M65085,P23945,FSHR_HUMAN,1XWD; 4AY9; 4MQW; 8I2G; 8I2H,FSHR,FSHR,HGNC:3969,Humans,DB00032; DB00066; DB00094; DB00097; DB04786; DB09066
389,D(4) dopamine receptor,DRD4,291946.0,L12398,P21917,DRD4_HUMAN,5WIU; 5WIV,DRD4,DRD4,HGNC:3025,Humans,DB00246; DB00248; DB00268; DB00320; DB00334; DB00363; DB00391; DB00408; DB00409; DB00413; DB00477; DB00490; DB00543; DB00589; DB00714; DB00875; DB00988; DB01186; DB01200; DB01224; DB01235; DB01238; DB01267; DB01403; DB04908; DB04946; DB05271; DB06216; DB06477; DB08922; DB09286; DB09352; DB11160; DB12061; DB12478; DB14185; DB17056; DB19663; DB19933; DB21014
393,5-hydroxytryptamine receptor 2B,HTR2B,475198.0,X77307,P41595,5HT2B_HUMAN,4IB4; 4NC3; 5TUD; 5TVN; 6DRX; 6DRY; 6DRZ; 6DS0; 7SRQ; 7SRR; 7SRS,HTR2B,HTR2B,HGNC:5294,Humans,DB00216; DB00247; DB00248; DB00315; DB00320; DB00353; DB00434; DB00508; DB00543; DB00574; DB00589; DB00696; DB00714; DB00715; DB00805; DB00924; DB01079; DB01142; DB01186; DB01200; DB01238; DB01242; DB01392; DB01454; DB04829; DB05461; DB05492; DB05607; DB06016; DB06029; DB06148; DB06153; DB06216; DB06229; DB08839; DB08980; DB09128; DB09185; DB09286; DB11274; DB12071; DB12110; DB12478; DB12693; DB13385; DB13520; DB14010; DB19907
396,"Glutamate receptor ionotropic, NMDA 2D",GRIN2D,2444026.0,U77783,O15399,NMDE4_HUMAN,7YFF; 7YFL; 7YFM; 7YFO; 7YFR; 8E96; 8Y1V; 9D37; 9D38; 9D39; 9D3A; 9D3B; 9D3C,GRIN2D,GRIN2D,HGNC:4588,Humans,DB00142; DB00454; DB01173; DB01520; DB06151
402,Cholecystokinin receptor type A,CCKAR,306491.0,L13605,P32238,CCKAR_HUMAN,1D6G; 1HZN; 7EZH; 7EZK; 7EZM; 7F8U; 7F8X; 7F8Y; 7MBX; 7MBY; 7XOU; 7XOV; 9BKJ; 9BKK,CCKAR,CCKAR,HGNC:1570,Humans,DB00403; DB04856; DB04867; DB06435; DB08862; DB09142; DB12309; DB12694; DB13431; DB19563; DB20841
405,Muscarinic acetylcholine receptor M4,CHRM4,61970253.0,M16405,P08173,ACM4_HUMAN,5DSG; 6D9H; 6KP6; 7LD3; 7LD4; 7TRK; 7TRP; 7TRQ; 7TRS; 7V68; 7V69; 7V6A; 8E9X; 8FX5; 8IYH; 8IYW; 8JER; 8JHN,CHRM4,CHRM4,HGNC:1953,Humans,DB00246; DB00334; DB00342; DB00363; DB00376; DB00387; DB00408; DB00411; DB00424; DB00458; DB00496; DB00572; DB00622; DB00725; DB00747; DB00767; DB00809; DB00835; DB00934; DB00940; DB00986; DB01019; DB01036; DB01069; DB01085; DB01142; DB01151; DB01224; DB01231; DB01238; DB01239; DB01403; DB01409; DB01591; DB01625; DB03128; DB05752; DB06702; DB06709; DB06787; DB08897; DB09076; DB09089; DB09167; DB09185; DB11181; DB11235; DB12278; DB13262; DB13581; DB14185; DB15357
412,Retinoic acid receptor RXR-alpha,RXRA,35885.0,X52773,P19793,RXRA_HUMAN,1BY4; 1DSZ; 1FBY; 1FM6; 1FM9; 1G1U; 1G5Y; 1K74; 1MV9; 1MVC; 1MZN; 1R0N; 1RDT; 1RXR; 1XLS; 1XV9; 1XVP; 1YNW; 2ACL; 2NLL; 2P1T; 2P1U; 2P1V; 2ZXZ; 2ZY0; 3DZU; 3DZY; 3E00; 3E94; 3FAL; 3FC6; 3FUG; 3H0A; 3KWY; 3NSP; 3NSQ; 3OAP; 3OZJ; 3PCU; 3R29; 3R2A; 3R5M; 3UVV; 4CN2; 4CN3; 4CN5; 4CN7; 4J5W; 4J5X; 4K4J; 4K6I; 4M8E; 4M8H; 4N5G; 4N8R; 4NQA; 4OC7; 4POH; 4POJ; 4PP3; 4PP5; 4RFW; 4RMC; 4RMD; 4RME; 4ZO1; 4ZSH; 5EC9; 5JI0; 5LYQ; 5MJ5; 5MK4; 5MKJ; 5MKU; 5MMW; 5TBP; 5UAN; 5Z12; 5ZQU; 6A5Y; 6A5Z; 6A60; 6FBQ; 6FBR; 6HN6; 6JNO; 6JNR; 6L6K; 6LB4; 6LB5; 6LB6; 6SJM; 6STI; 6XWG; 6XWH; 7A77; 7B88; 7B9O; 7BK4; 7CFO; 7NKE; 7UW2; 7UW4; 8HBM; 8PP0,RXRA,RXRA,HGNC:10477,Humans,DB00132; DB00210; DB00307; DB00412; DB00459; DB00523; DB00749; DB00755; DB00926; DB01393; DB01436; DB02746; DB03756; DB04224; DB04557; DB05956; DB07557; DB07863; DB08063; DB08402; DB08601
414,Glycine receptor subunit alpha-3,GLRA3,3342792.0,AF017724,O75311,GLRA3_HUMAN,5CFB; 5TIN; 5TIO; 5VDH; 5VDI; 9BU2; 9BU3; 9BVH; 9BVJ; 9BWB; 9BWC; 9BWE; 9BWG; 9BWJ; 9BZP,GLRA3,GLRA3,HGNC:4328,Humans,DB00145; DB00431; DB00466; DB01956; DB05417; DB06741; DB06743; DB06745; DB06746; DB06747; DB09061; DB11582; DB14009; DB14011; DB15954
416,Interleukin-11 receptor subunit alpha,IL11RA,995654.0,Z38102,Q14626,I11RA_HUMAN,6O4P; 8DPS; 8DPT; 8DPU; 8QY4,IL11RA,IL11RA,HGNC:5967,Humans,DB00038
417,"Glutamate receptor ionotropic, NMDA 2B",GRIN2B,1899202.0,U90278,Q13224,NMDE2_HUMAN,5EWJ; 5EWL; 5EWM; 7EU8; 7KL0; 7KL1; 7KL2; 7UIS; 7UJP; 7UJQ; 7UJR; 7UJS; 7UJT; 8VUU; 8VUV; 9D37; 9D38; 9D39; 9D3A; 9D3B; 9D3C,GRIN2B,GRIN2B,HGNC:4586,Humans,DB00128; DB00142; DB00454; DB00502; DB00949; DB01520; DB01956; DB02655; DB03575; DB03759; DB04175; DB05956; DB06151; DB08954; DB11823; DB11937; DB12063; DB12260; DB12869; DB18795; DB20240; DB21460
420,Delta-type opioid receptor,OPRD1,27545517.0,U07882,P41143,OPRD_HUMAN,4N6H; 4RWA; 4RWD; 6PT2; 6PT3; 8F7S; 8Y45,OPRD1,OPRD1,HGNC:8153,Humans,DB00193; DB00295; DB00318; DB00321; DB00327; DB00333; DB00497; DB00514; DB00611; DB00647; DB00704; DB00708; DB00813; DB00836; DB00844; DB00854; DB00899; DB00921; DB00956; DB01081; DB01183; DB01192; DB01221; DB01238; DB01439; DB01444; DB01452; DB01462; DB01497; DB01535; DB01548; DB01565; DB01571; DB05050; DB06121; DB06204; DB06230; DB06274; DB06288; DB06409; DB06738; DB08856; DB08861; DB09061; DB09099; DB09173; DB09174; DB09209; DB09272; DB11130; DB11691; DB12327; DB12543; DB12668; DB13606; DB14009; DB14011; DB14146; DB16146; DB18910; DB19094
431,Calcitonin receptor,CALCR,179880.0,L00587,P30988,CALCR_HUMAN,5II0; 5UZ7; 6NIY; 6PFO; 6PGQ; 7TYF; 7TYH; 7TYI; 7TYL; 7TYN; 7TYO; 7TYW; 7TYX; 7TYY; 7TZF; 8F0J; 8F0K; 8F2A; 8F2B; 9AUC,CALCR,CALCR,HGNC:1440,Humans,DB00017; DB01278; DB06773
433,Glycine receptor subunit alpha-1,GLRA1,31851.0,X52009,P23415,GLRA1_HUMAN,1MOT; 1VRY; 2M6B; 2M6I; 4X5T; 8DN2; 8DN3; 8DN4; 8DN5,GLRA1,GLRA1,HGNC:4326,Humans,DB00145; DB00228; DB00431; DB00466; DB00572; DB00753; DB00898; DB01028; DB01159; DB01189; DB01236; DB01381; DB01593; DB01956; DB03929; DB05417; DB06741; DB06743; DB06745; DB06746; DB06747; DB09061; DB09130; DB11582; DB14009; DB14011; DB14487; DB14533; DB14548; DB15954
442,Histamine H1 receptor,HRH1,510296.0,Z34897,P35367,HRH1_HUMAN,3RZE; 7DFL; 8YN2,HRH1,HRH1,HGNC:5182,Humans,DB00215; DB00245; DB00246; DB00283; DB00321; DB00334; DB00341; DB00342; DB00354; DB00363; DB00366; DB00370; DB00392; DB00405; DB00408; DB00420; DB00427; DB00433; DB00434; DB00455; DB00458; DB00477; DB00502; DB00540; DB00543; DB00555; DB00557; DB00568; DB00637; DB00656; DB00715; DB00719; DB00726; DB00734; DB00737; DB00748; DB00751; DB00767; DB00768; DB00777; DB00792; DB00797; DB00835; DB00885; DB00902; DB00912; DB00920; DB00934; DB00950; DB00967; DB00972; DB00985; DB01069; DB01071; DB01075; DB01084; DB01106; DB01114; DB01142; DB01146; DB01151; DB01173; DB01175; DB01176; DB01224; DB01237; DB01238; DB01239; DB01246; DB01267; DB01403; DB01615; DB01619; DB01620; DB01624; DB04837; DB04841; DB04890; DB04905; DB04946; DB05079; DB05080; DB05345; DB05381; DB05492; DB05738; DB06016; DB06148; DB06153; DB06216; DB06229; DB06282; DB06457; DB06678; DB06691; DB06698; DB06766; DB07615; DB08799; DB08800; DB08801; DB08802; DB08922; DB08936; DB09007; DB09016; DB09128; DB09167; DB09185; DB09195; DB09488; DB09555; DB11235; DB11591; DB11614; DB11725; DB11742; DB12523; DB12806; DB12877; DB13489; DB13679; DB13808; DB13820; DB14185; DB15092; DB15971; DB19381; DB20379; DB20429
451,5-hydroxytryptamine receptor 2A,HTR2A,36431.0,S42168,P28223,5HT2A_HUMAN,6A93; 6A94; 6WGT; 6WH4; 6WHA; 7RAN; 7VOD; 7VOE; 7WC4; 7WC5; 7WC6; 7WC7; 7WC8; 7WC9; 8JT8; 8UWL; 8V6U; 8ZMG,HTR2A,HTR2A,HGNC:5293,Humans,DB00246; DB00247; DB00248; DB00315; DB00320; DB00321; DB00334; DB00363; DB00370; DB00408; DB00409; DB00420; DB00434; DB00458; DB00477; DB00502; DB00540; DB00543; DB00555; DB00574; DB00589; DB00604; DB00623; DB00656; DB00679; DB00696; DB00714; DB00715; DB00726; DB00734; DB00751; DB00777; DB00805; DB00843; DB00875; DB00924; DB00933; DB00934; DB01079; DB01142; DB01149; DB01151; DB01175; DB01184; DB01186; DB01200; DB01224; DB01238; DB01239; DB01242; DB01267; DB01392; DB01403; DB01442; DB01445; DB01454; DB01465; DB01467; DB01484; DB01488; DB01528; DB01537; DB01614; DB01618; DB01621; DB01623; DB01624; DB04325; DB04599; DB04829; DB04842; DB04908; DB04946; DB05079; DB05227; DB05316; DB05492; DB05687; DB06016; DB06077; DB06109; DB06144; DB06148; DB06153; DB06216; DB06229; DB06288; DB06446; DB06512; DB08653; DB08810; DB08815; DB08839; DB08922; DB08927; DB09000; DB09016; DB09061; DB09128; DB09167; DB09194; DB09195; DB09196; DB09223; DB09225; DB09286; DB12110; DB12163; DB12177; DB12188; DB12465; DB12555; DB12693; DB13080; DB13094; DB13520; DB13665; DB13940; DB13948; DB14009; DB14010; DB14011; DB14185; DB16214; DB16351; DB17056; DB18793; DB19083; DB19706; DB19807; DB19867; DB19907; DB19963; DB19972; DB20635; DB20960
452,Somatostatin receptor type 1,SSTR1,307434.0,M81829,P30872,SSR1_HUMAN,8XIO; 8XIP,SSTR1,SSTR1,HGNC:11330,Humans,DB06663; DB09099; DB13985; DB15494
453,Mast/stem cell growth factor receptor Kit,KIT,34085.0,X06182,P10721,KIT_HUMAN,1PKG; 1T45; 1T46; 2E9W; 2EC8; 2IUH; 2VIF; 3G0E; 3G0F; 4HVS; 4K94; 4K9E; 4PGZ; 4U0I; 6GQJ; 6GQK; 6GQL; 6GQM; 6HH1; 6ITT; 6ITV; 6KLA; 6MOB; 6XV9; 6XVA; 6XVB; 7KHG; 7KHJ; 7KHK; 7ZW8; 7ZY6; 8DFM; 8DFP; 8DFQ; 8PQ9; 8PQA; 8PQB; 8PQC; 8PQD; 8PQE; 8PQF; 8PQG,KIT,KIT,HGNC:6342,Humans,DB00398; DB00619; DB01254; DB01268; DB01962; DB04868; DB05146; DB05332; DB05575; DB05913; DB06080; DB06436; DB06589; DB06595; DB08339; DB08875; DB08896; DB08901; DB09078; DB09103; DB11741; DB11800; DB12010; DB12147; DB12742; DB12978; DB14840; DB15233; DB17140; DB18041
454,"Glutamate receptor ionotropic, NMDA 2C",GRIN2C,1196449.0,L76224,Q14957,NMDE3_HUMAN,8E92; 8E93; 8E94; 8E97; 8E98; 8E99,GRIN2C,GRIN2C,HGNC:4587,Humans,DB00142; DB00145; DB00454; DB01520
459,Activin receptor type-1-like,ACVRL1,402197.0,Z22533,P37023,ACVL1_HUMAN,2LCR; 3MY0; 4FAO; 6SF1; 6SF2; 6SF3; 7PPC,ACVRL1,ACVRL1,HGNC:175,Humans,DB00171
460,5-hydroxytryptamine receptor 1F,HTR1F,307420.0,L05597,P30939,5HT1F_HUMAN,7EXD,HTR1F,HTR1F,HGNC:5292,Humans,DB00216; DB00247; DB00315; DB00320; DB00669; DB00696; DB00952; DB00953; DB06148; DB11732; DB13520
467,Interferon gamma receptor 2,IFNGR2,463550.0,U05875,P38484,INGR2_HUMAN,5EH1; 6E3K; 6E3L,IFNGR2,IFNGR2,HGNC:5440,Humans,DB00033; DB11976; DB15753
471,Gamma-aminobutyric acid receptor subunit alpha-5,GABRA5,182916.0,L08485,P31644,GBRA5_HUMAN,5O8F; 5OJM; 6A96; 8BEJ; 8BGI; 8BHA; 8BHB; 8BHG; 8BHI; 8BHK; 8BHM; 8BHO; 8BHQ; 8BHR; 8BHS,GABRA5,GABRA5,HGNC:4079,Humans,DB00241; DB00306; DB00312; DB00371; DB00395; DB00402; DB00418; DB00463; DB00599; DB00794; DB00849; DB00898; DB01198; DB01205; DB01351; DB01352; DB01353; DB01354; DB01355; DB01483; DB01496; DB01567; DB02530; DB11877
475,Prostacyclin receptor,PTGIR,495043.0,L29016,P43119,PI2R_HUMAN,8X79; 8X7A,PTGIR,PTGIR,HGNC:9602,Humans,DB00374; DB00929; DB01088; DB01160; DB01240; DB05229; DB11362; DB11629; DB12462; DB18464; DB20127; DB20381; DB20932; DB20983
476,5-hydroxytryptamine receptor 1E,HTR1E,177774.0,M91467,P28566,5HT1E_HUMAN,7E33; 8UGY; 8UH3,HTR1E,HTR1E,HGNC:5291,Humans,DB00216; DB00246; DB00247; DB00315; DB00320; DB00363; DB00408; DB00953; DB01224; DB01238; DB12110; DB13520; DB14185
478,Gamma-aminobutyric acid receptor subunit alpha-4,GABRA4,905393.0,U30461,P48169,GBRA4_HUMAN,7QN5; 7QN7; 7QN9; 7QNA; 7QNC,GABRA4,GABRA4,HGNC:4078,Humans,DB00241; DB00306; DB00312; DB00371; DB00418; DB00463; DB00599; DB00794; DB00849; DB00898; DB01351; DB01352; DB01353; DB01354; DB01355; DB01483; DB01496
490,Thyrotropin receptor,TSHR,903760.0,M73747,P16473,TSHR_HUMAN,2XWT; 3G04; 7T9I; 7T9M; 7T9N; 7UTZ; 7XW5; 7XW6; 7XW7,TSHR,TSHR,HGNC:12373,Humans,DB00024
499,Low-density lipoprotein receptor,LDLR,307121.0,L00352,P01130,LDLR_HUMAN,1AJJ; 1D2J; 1F5Y; 1F8Z; 1HJ7; 1HZ8; 1I0U; 1IJQ; 1LDL; 1LDR; 1N7D; 1XFE; 2FCW; 2KRI; 2LGP; 2M7P; 2MG9; 2W2M; 2W2N; 2W2O; 2W2P; 2W2Q; 3BPS; 3GCW; 3GCX; 3M0C; 3P5B; 3P5C; 3SO6; 4NE9; 5OY9; 5OYL; 9BD8; 9BDE; 9BDT; 9COO,LDLR,LDLR,HGNC:6547,Humans,DB00707
501,Alpha-1A adrenergic receptor,ADRA1A,433201.0,D25235,P35348,ADA1A_HUMAN,7YM8; 7YMH; 7YMJ; 8HN1; 8THK; 8THL,ADRA1A,ADRA1A,HGNC:277,Humans,DB00211; DB00246; DB00248; DB00298; DB00321; DB00334; DB00346; DB00363; DB00368; DB00388; DB00408; DB00420; DB00449; DB00450; DB00457; DB00458; DB00477; DB00502; DB00540; DB00543; DB00555; DB00575; DB00590; DB00610; DB00622; DB00656; DB00661; DB00668; DB00679; DB00696; DB00699; DB00706; DB00723; DB00726; DB00734; DB00751; DB00777; DB00797; DB00800; DB00831; DB00852; DB00865; DB00875; DB00908; DB00925; DB00935; DB00964; DB01136; DB01142; DB01149; DB01162; DB01186; DB01200; DB01238; DB01253; DB01267; DB01295; DB01364; DB01403; DB01472; DB01579; DB01614; DB01622; DB01624; DB04855; DB04946; DB04948; DB05469; DB05492; DB06016; DB06144; DB06153; DB06207; DB06216; DB06229; DB06262; DB06555; DB06694; DB06706; DB06707; DB06711; DB08950; DB09128; DB09202; DB09239; DB11124; DB11428; DB12092; DB12278; DB13665; DB14185; DB15971; DB17056; DB19724; DB20389; DB20641; DB20666; DB20960; DB21230
509,Extracellular calcium-sensing receptor,CASR,599820.0,X81086,P41180,CASR_HUMAN,5FBH; 5FBK; 5K5S; 5K5T; 7DTT; 7DTU; 7DTV; 7DTW; 7E6T; 7E6U; 7M3E; 7M3F; 7M3G; 7M3J; 7SIL; 7SIM; 7SIN; 8SZF; 8SZG; 8SZH; 8SZI; 8WPG; 8WPU; 9ASB; 9AVG; 9AVL; 9AXF; 9AYF; 9C1P; 9C2F; 9J7I,CASR,CASR,HGNC:1514,Humans,DB00127; DB00994; DB01012; DB05255; DB05695; DB11093; DB11348; DB12865; DB14481; DB18096; DB18268
515,Melatonin receptor type 1A,MTNR1A,602130.0,U14108,P48039,MTR1A_HUMAN,6ME2; 6ME3; 6ME4; 6ME5; 7DB6; 7VGY; 7VGZ,MTNR1A,MTNR1A,HGNC:7463,Humans,DB00980; DB01065; DB02709; DB04275; DB06594; DB08190; DB09071; DB12288; DB16909
521,Endothelin-1 receptor,EDNRA,238636.0,S63938,P25101,EDNRA_HUMAN,8HCQ; 8XVI; 8XVJ; 8XVK; 8XVL,EDNRA,EDNRA,HGNC:3179,Humans,DB00559; DB00945; DB04674; DB04883; DB05290; DB05367; DB05407; DB06199; DB06268; DB06403; DB06460; DB06558; DB06629; DB06677; DB08932; DB12054; DB12548; DB15059; DB20151; DB20899
523,Gamma-aminobutyric acid receptor subunit alpha-3,GABRA3,386424.0,S62908,P34903,GBRA3_HUMAN,9CTP,GABRA3,GABRA3,HGNC:4077,Humans,DB00241; DB00306; DB00312; DB00371; DB00395; DB00402; DB00418; DB00425; DB00463; DB00599; DB00794; DB00849; DB00898; DB01198; DB01205; DB01351; DB01352; DB01353; DB01354; DB01355; DB01483; DB01496; DB01567; DB02530; DB04903; DB06579; DB12210; DB13993; DB13994
527,Glucagon receptor,GCGR,439690.0,U03469,P47871,GLR_HUMAN,2A83; 3CZF; 4ERS; 4L6R; 4LF3; 5EE7; 5XEZ; 6LMK; 6LML; 6WHC; 6WPW; 7V35; 8FU6; 8JIQ; 8JIT; 8JIU; 8JRU; 8JRV; 8WG8; 8YW5,GCGR,GCGR,HGNC:4192,Humans,DB00040; DB06099; DB11704; DB14779; DB14817; DB15065; DB15226; DB18998
533,5-hydroxytryptamine receptor 2C,HTR2C,338028.0,M81778,P28335,5HT2C_HUMAN,6BQG; 6BQH; 8DPF; 8DPG; 8DPH; 8DPI; 8ZMF,HTR2C,HTR2C,HGNC:5295,Humans,DB00193; DB00246; DB00247; DB00248; DB00320; DB00321; DB00334; DB00363; DB00370; DB00408; DB00420; DB00434; DB00458; DB00472; DB00477; DB00502; DB00540; DB00543; DB00574; DB00589; DB00623; DB00656; DB00696; DB00714; DB00726; DB00734; DB00777; DB00805; DB00875; DB00924; DB00934; DB01079; DB01142; DB01149; DB01151; DB01175; DB01186; DB01191; DB01200; DB01224; DB01238; DB01242; DB01267; DB01392; DB01403; DB01454; DB01537; DB04871; DB04884; DB04946; DB04948; DB05316; DB05492; DB06008; DB06016; DB06144; DB06148; DB06153; DB06216; DB06229; DB06446; DB06512; DB06594; DB08839; DB09000; DB09014; DB09185; DB09194; DB09195; DB12071; DB12110; DB12111; DB12163; DB12177; DB12290; DB12641; DB12693; DB12883; DB13520; DB13940; DB14010; DB14185; DB15971; DB16351; DB19907
556,Atrial natriuretic peptide receptor 1,NPR 1.00,28230.0,X15357,P16066,ANPRA_HUMAN,8TG9; 8TGA; 9BCL; 9BCN; 9BCO; 9BCP; 9BCQ; 9BCS; 9BCV,NPR 1.00,NPR 1.00,HGNC:7943,Humans,DB00325; DB00727; DB00883; DB01612; DB01613; DB04899; DB05034; DB12805; DB15355
557,Progesterone receptor,PGR,35652.0,X51730,P06401,PRGR_HUMAN,1A28; 1E3K; 1SQN; 1SR7; 1ZUC; 2C7A; 2OVH; 2OVM; 2W8Y; 3D90; 3G8O; 3HQ5; 3KBA; 3ZR7; 3ZRA; 3ZRB; 4A2J; 4APU; 4OAR; 5CC0,PGR,PGR,HGNC:8910,Humans,DB00294; DB00304; DB00351; DB00367; DB00378; DB00396; DB00421; DB00431; DB00588; DB00603; DB00648; DB00717; DB00764; DB00823; DB00834; DB00957; DB01395; DB01406; DB01428; DB01431; DB02746; DB02998; DB04787; DB05253; DB06680; DB06713; DB06730; DB06789; DB08867; DB08906; DB09123; DB09124; DB09389; DB11064; DB11219; DB11619; DB11971; DB12637; DB12941; DB13857; DB13867; DB14512; DB14583; DB15585; DB16221; DB19378
560,Muscarinic acetylcholine receptor M2,CHRM2,177990.0,M16404,P08172,ACM2_HUMAN,3UON; 4MQS; 4MQT; 5YC8; 5ZK3; 5ZK8; 5ZKB; 5ZKC; 6OIK; 6U1N; 7T8X; 7T90; 7T94; 7T96; 8J8R; 8J97; 8JAF,CHRM2,CHRM2,HGNC:1951,Humans,DB00202; DB00246; DB00280; DB00332; DB00334; DB00342; DB00363; DB00376; DB00383; DB00387; DB00392; DB00408; DB00411; DB00424; DB00434; DB00458; DB00462; DB00483; DB00496; DB00505; DB00508; DB00517; DB00565; DB00572; DB00622; DB00725; DB00728; DB00747; DB00767; DB00785; DB00804; DB00809; DB00835; DB00907; DB00934; DB00940; DB00986; DB01019; DB01036; DB01062; DB01069; DB01075; DB01085; DB01135; DB01142; DB01148; DB01151; DB01224; DB01226; DB01231; DB01238; DB01239; DB01336; DB01337; DB01338; DB01403; DB01409; DB01591; DB03128; DB04834; DB05752; DB06153; DB06702; DB06709; DB06787; DB08801; DB08897; DB09076; DB09089; DB09167; DB09185; DB09262; DB09300; DB11181; DB11235; DB11315; DB11504; DB12278; DB13262; DB13581; DB14185; DB14307; DB15357; DB19967
565,Interleukin-1 receptor type 1,IL1R1,33801.0,X16896,P14778,IL1R1_HUMAN,1G0Y; 1IRA; 1ITB; 4DEP; 4GAF,IL1R1,IL1R1,HGNC:5993,Humans,DB00026; DB05207; DB05303; DB10770
572,Alpha-2B adrenergic receptor,ADRA2B,178198.0,M34041,P18089,ADA2B_HUMAN,6K41; 6K42,ADRA2B,ADRA2B,HGNC:282,Humans,DB00246; DB00248; DB00292; DB00363; DB00368; DB00408; DB00457; DB00484; DB00502; DB00575; DB00589; DB00629; DB00668; DB00714; DB00726; DB00734; DB00797; DB00800; DB00925; DB00935; DB00964; DB01018; DB01136; DB01200; DB01224; DB01238; DB01267; DB01363; DB01392; DB01403; DB01577; DB04846; DB04855; DB04946; DB05271; DB05461; DB05492; DB06148; DB06153; DB06216; DB06229; DB06262; DB06694; DB08550; DB08950; DB09242; DB11124; DB11428; DB11477; DB13064; DB14185; DB20960; DB21271
581,D(3) dopamine receptor,DRD3,927342.0,U32499,P35462,DRD3_HUMAN,3PBL; 7CMU; 7CMV; 8IRT; 9F33; 9F34,DRD3,DRD3,HGNC:3024,Humans,DB00246; DB00248; DB00268; DB00320; DB00334; DB00363; DB00391; DB00408; DB00409; DB00413; DB00477; DB00490; DB00502; DB00543; DB00589; DB00714; DB00875; DB00988; DB01100; DB01184; DB01186; DB01200; DB01224; DB01235; DB01238; DB01239; DB01267; DB01392; DB01403; DB02565; DB04946; DB05271; DB05766; DB06016; DB06148; DB06216; DB06288; DB06454; DB06477; DB08868; DB09014; DB09128; DB09207; DB09223; DB09286; DB09289; DB11274; DB11376; DB12061; DB12478; DB13025; DB14185; DB14844; DB17056; DB18794; DB19663; DB20960; DB21425
610,Prostaglandin F2-alpha receptor,PTGFR,456564.0,L24470,P43088,PF2R_HUMAN,8IQ4; 8IQ6; 8IUK; 8IUL; 8IUM; 8XJK; 8XJL; 8XJM,PTGFR,PTGFR,HGNC:9600,Humans,DB00287; DB00429; DB00654; DB00905; DB00917; DB01160; DB02056; DB08819; DB11507; DB11519; DB11629; DB11660; DB12789
625,Growth hormone-releasing hormone receptor,GHRHR,183173.0,L01406,Q02643,GHRHR_HUMAN,2XDG; 7CZ5,GHRHR,GHRHR,HGNC:4266,Humans,DB00010; DB08869; DB19510
628,Granulocyte-macrophage colony-stimulating factor receptor subunit alpha,CSF2RA,32089.0,X17648,P15509,CSF2R_HUMAN,4NKQ; 4RS1,CSF2RA,CSF2RA,HGNC:2435,Humans,DB00020; DB05194; DB05386; DB10770; DB10772; DB11338
632,Kappa-type opioid receptor,OPRK1,532060.0,U11053,P41145,OPRK_HUMAN,4DJH; 6B73; 6VI4; 7T10; 7T11; 7UL2; 7UL3; 7UL5; 7Y1F; 7YIT; 7YMJ; 8DZP; 8DZQ; 8DZR; 8DZS; 8F7W; 8FEG; 8HNN; 8K2W; 8VVE; 8VVF; 8VVG; 9D61,OPRK1,OPRK1,HGNC:8154,Humans,DB00193; DB00289; DB00295; DB00318; DB00321; DB00327; DB00370; DB00396; DB00454; DB00497; DB00514; DB00555; DB00611; DB00647; DB00652; DB00704; DB00708; DB00813; DB00825; DB00836; DB00844; DB00854; DB00899; DB00921; DB01183; DB01209; DB01221; DB01238; DB01243; DB01439; DB01452; DB01462; DB01497; DB01535; DB01548; DB01565; DB01571; DB04815; DB05046; DB05104; DB05155; DB05443; DB06148; DB06204; DB06230; DB06274; DB06288; DB06409; DB06738; DB06800; DB08861; DB09173; DB09174; DB09209; DB09272; DB11130; DB11186; DB11490; DB11691; DB11938; DB12327; DB12341; DB12543; DB12704; DB13606; DB14146; DB16068; DB16072; DB16146; DB16967; DB19094; DB20043; DB20662; DB21136
635,Hydroxycarboxylic acid receptor 2,HCAR2,28975188.0,AY148884,Q8TDS4,HCAR2_HUMAN,7XK2; 7ZL9; 7ZLY; 8H2G; 8I7V; 8I7W; 8IHB; 8IHF; 8IHH; 8IHI; 8IJ3; 8IJA; 8IJB; 8IJD; 8IY9; 8IYH; 8IYW; 8J6I; 8J6J; 8J6L; 8J6P; 8J6Q; 8J6R; 8JER; 8JHN; 8JHY; 8JII; 8JIL; 8JIM; 8JZ7; 8K5B; 8K5C; 8K5D; 8UTD; 9IQT,HCAR2,GPR109A,HGNC:24827,Humans,DB00257; DB00627; DB05939; DB08949; DB12433; DB16884; DB18313
640,Glutamate receptor 1,GRIA1,183281.0,M64752,P42261,GRIA1_HUMAN,6X5Q,GRIA1,GRIA1,HGNC:4571,Humans,DB00142; DB00237; DB00555; DB00753; DB00898; DB01028; DB01189; DB01236; DB02057; DB02966; DB03759; DB04129; DB04982; DB05047; DB06247; DB08883; DB09289; DB13146; DB15012; DB20290; DB20448
641,"Glutamate receptor ionotropic, NMDA 3A",GRIN3A,20372905.0,AJ416950,Q8TCU5,NMD3A_HUMAN,8USW; 8USX; 8UUE,GRIN3A,GRIN3A,HGNC:16767,Humans,DB00142; DB00392; DB00514; DB00721; DB00898; DB00915; DB01159; DB01173; DB01221; DB01520; DB01549; DB03575; DB04926; DB06151
650,5-hydroxytryptamine receptor 7,HTR7,1857143.0,U68487,P34969,5HT7R_HUMAN,7XTC,HTR7,HTR7,HGNC:5302,Humans,DB00216; DB00246; DB00247; DB00248; DB00315; DB00321; DB00363; DB00408; DB00434; DB00458; DB00477; DB00502; DB00543; DB00589; DB00734; DB00751; DB00924; DB00934; DB00953; DB00988; DB01200; DB01224; DB01238; DB01267; DB01445; DB03784; DB04946; DB04948; DB06148; DB06216; DB06288; DB08815; DB08839; DB09000; DB09068; DB09128; DB09225; DB11274; DB12110; DB13385; DB13988; DB14185; DB17056; DB19639; DB20643; DB21193; DB21405
651,Interleukin-2 receptor subunit beta,IL2RB,307048.0,M26062,P14784,IL2RB_HUMAN,2B5I; 2ERJ; 3QAZ; 4GS7; 5M5E; 6E8K; 7S2S,IL2RB,IL2RB,HGNC:6009,Humans,DB00004; DB00041; DB00074; DB00111; DB16479; DB18740
654,Erythropoietin receptor,EPOR,182245.0,M60459,P19235,EPOR_HUMAN,1CN4; 1EBA; 1EBP; 1EER; 1ERN; 2JIX; 2MV6; 4Y5V; 4Y5X; 4Y5Y; 6E2Q; 6I4X; 6MOE; 6MOF; 6MOH; 6MOI; 6MOJ; 6MOK; 6MOL; 8VUI; 8VVM; 8VVO,EPOR,EPOR,HGNC:3416,Humans,DB00012; DB00016; DB00678; DB07637; DB08894; DB09107; DB13006
658,Interleukin-2 receptor subunit alpha,IL2RA,33813.0,X01057,P01589,IL2RA_HUMAN,1Z92; 2B5I; 2ERJ; 3IU3; 3NFP; 6VWU; 6YIO; 7F9W; 7ZMZ,IL2RA,IL2RA,HGNC:6008,Humans,DB00004; DB00041; DB00074; DB00111; DB15628; DB16411
659,5-hydroxytryptamine receptor 1D,HTR1D,177772.0,M89955,P28221,5HT1D_HUMAN,7E+32,HTR1D,HTR1D,HGNC:5289,Humans,DB00216; DB00246; DB00248; DB00315; DB00320; DB00321; DB00363; DB00408; DB00574; DB00589; DB00669; DB00696; DB00714; DB00726; DB00734; DB00918; DB00935; DB00952; DB00953; DB00998; DB01186; DB01200; DB01224; DB01238; DB01267; DB01392; DB01445; DB01465; DB01484; DB04948; DB06096; DB06578; DB08839; DB12110; DB12288; DB13520; DB14185; DB19706; DB19963; DB20150; DB20163; DB20494; DB20677
661,Interferon alpha/beta receptor 1,IFNAR1,306914.0,J03171,P17181,INAR1_HUMAN,3S98; 3SE3; 3SE4; 4PO6; 8Y31,IFNAR1,IFNAR1,HGNC:5432,Humans,DB00008; DB00011; DB00018; DB00022; DB00034; DB00060; DB00068; DB00069; DB00105; DB05258; DB05472; DB09122; DB11976; DB14999
663,Retinoic acid receptor alpha,RARA,36157.0,X06614,P10276,RARA_HUMAN,1DKF; 1DSZ; 3A9E; 3KMR; 3KMZ; 4DQM; 5K13; 6XWG; 7AOS; 7APO; 7QAA; 7WQQ; 9GFE; 9GFI,RARA,RARA,HGNC:9864,Humans,DB00210; DB00459; DB00523; DB00755; DB00799; DB00926; DB00982; DB01941; DB04942; DB05653; DB05785; DB12808
665,Activin receptor type-1B,ACVR1B,402189.0,Z22536,P36896,ACV1B_HUMAN,7MRZ; 7OLY,ACVR1B,ACVR1B,HGNC:172,Humans,DB00171; DB12010; DB12118
668,Mineralocorticoid receptor,NR3C2,307166.0,M16801,P08235,MCR_HUMAN,1Y9R; 1YA3; 2A3I; 2AA2; 2AA5; 2AA6; 2AA7; 2AAX; 2AB2; 2ABI; 2OAX; 3VHU; 3VHV; 3WFF; 3WFG; 4PF3; 4TNT; 4UDA; 4UDB; 5HCV; 5L7E; 5L7G; 5L7H; 5MWP; 5MWY; 6GEV; 6GG8; 6GGG; 6L88,NR3C2,NR3C2,HGNC:7979,Humans,DB00393; DB00396; DB00421; DB00588; DB00624; DB00687; DB00700; DB00860; DB01013; DB01023; DB01134; DB01395; DB02901; DB02998; DB04630; DB04652; DB06780; DB08906; DB11814; DB13867; DB13943; DB13944; DB13951; DB15114; DB15367; DB15418; DB15566; DB15972; DB16165; DB21519
675,Anti-Muellerian hormone type-2 receptor,AMHR2,1212944.0,X89013,Q16671,AMHR2_HUMAN,7L0J,AMHR2,AMHR2,HGNC:465,Humans,DB00171
687,Thyroid hormone receptor alpha,THRA,825639.0,X55074,P10827,THA_HUMAN,1NAV; 2H77; 2H79; 3HZF; 3ILZ; 3JZB; 4LNW; 4LNX; 7QDT; 8RQO,THRA,THRA,HGNC:11796,Humans,DB00279; DB00451; DB00509; DB01583; DB03176; DB03604; DB04855; DB05035; DB05235; DB09100
688,Free fatty acid receptor 1,FFAR1,2612946.0,AF024687,O14842,FFAR1_HUMAN,4PHU; 5KW2; 5TZR; 5TZY; 8EIT; 8EJC; 8EJK; 8T3V; 9K1C,FFAR1,FFAR1,HGNC:4498,Humans,DB00132; DB00159; DB12491; DB15046; DB15447
694,Beta-2 adrenergic receptor,ADRB2,29371.0,Y00106,P07550,ADRB2_HUMAN,1GQ4; 2R4R; 2R4S; 2RH1; 3D4S; 3KJ6; 3NY8; 3NY9; 3NYA; 3P0G; 3PDS; 3SN6; 4GBR; 4LDE; 4LDL; 4LDO; 4QKX; 5D5A; 5D5B; 5D6L; 5JQH; 5X7D; 6E67; 6KR8; 6MXT; 6N48; 6NI3; 6OBA; 6PRZ; 6PS0; 6PS1; 6PS2; 6PS3; 6PS4; 6PS5; 6PS6; 7BZ2; 7DHI; 7DHR; 7XK9; 7XKA; 8GDZ; 8GE1; 8GE2; 8GE3; 8GE4; 8GE5; 8GE6; 8GE7; 8GE8; 8GE9; 8GEA; 8GEB; 8GEC; 8GED; 8GEE; 8GEF; 8GEG; 8GEH; 8GEI; 8GEJ; 8GFV; 8GFW; 8GFX; 8GFY; 8GFZ; 8GG0; 8GG1; 8GG2; 8GG3; 8GG4; 8GG5; 8GG6; 8GG7; 8GG8; 8GG9; 8GGA; 8GGB; 8GGC; 8GGE; 8GGF; 8GGI; 8GGJ; 8GGK; 8GGL; 8GGM; 8GGN; 8GGO; 8GGP; 8GGQ; 8GGR; 8GGS; 8GGT; 8GGU; 8GGV; 8GGW; 8GGX; 8GGY; 8GGZ; 8GH0; 8GH1; 8JJ8; 8JJL; 8JJO; 8UHB; 8UNL; 8UNM; 8UNN; 8UNO; 8UNP; 8UNQ; 8UNR; 8UNS; 8UNT; 8UNU; 8UNV; 8UNW; 8UNX; 8UNY; 8UNZ; 8UO0; 8UO1; 8UO2; 8UO3; 8UO4; 8W1V; 8ZBE; 8ZCJ; 9CHU; 9CHV; 9CHX,ADRB2,ADRB2,HGNC:286,Humans,DB00127; DB00195; DB00221; DB00248; DB00264; DB00335; DB00368; DB00373; DB00397; DB00449; DB00489; DB00521; DB00571; DB00598; DB00612; DB00668; DB00816; DB00841; DB00852; DB00866; DB00867; DB00871; DB00901; DB00925; DB00938; DB00960; DB00983; DB01001; DB01064; DB01102; DB01136; DB01151; DB01182; DB01193; DB01203; DB01210; DB01214; DB01238; DB01274; DB01288; DB01291; DB01295; DB01359; DB01363; DB01364; DB01366; DB01407; DB01408; DB01580; DB01917; DB03566; DB04846; DB04861; DB04946; DB05039; DB05043; DB05590; DB05849; DB06216; DB06262; DB06483; DB06814; DB07543; DB08807; DB08808; DB09013; DB09080; DB09082; DB09185; DB09204; DB09273; DB11124; DB11587; DB11871; DB12100; DB12212; DB12248; DB12526; DB12752; DB12803; DB12846; DB13139; DB13624; DB15784; DB18759; DB20301; DB20693; DB20962
705,Cysteinyl leukotriene receptor 1,CYSLTR1,5353887.0,AF119711,Q9Y271,CLTR1_HUMAN,6RZ4; 6RZ5,CYSLTR1,CYSLTR1,HGNC:17451,Humans,DB00471; DB00549; DB00587; DB00716; DB01411; DB08855; DB09526; DB11858; DB13016; DB16227; DB20018; DB20883; DB20934
707,Retinoic acid receptor RXR-gamma,RXRG,1053069.0,U38480,P48443,RXRG_HUMAN,2GL8; 7A79,RXRG,RXRG,HGNC:10479,Humans,DB00162; DB00210; DB00307; DB00459; DB00523; DB00755; DB00926; DB01393; DB02746; DB03756; DB11806
710,High affinity immunoglobulin gamma Fc receptor I,FCGR1A,31332.0,X14356,P12314,FCGR1_HUMAN,3RJD; 4W4O; 4X4M; 4ZNE; 8DIN; 8DIR; 8DJ7,FCGR1A,FCGR1A,HGNC:3613,Humans,DB00002; DB00005; DB00028; DB00056; DB00087; DB00108; DB00110; DB00111; DB00112; DB00707; DB06607; DB11767; DB14962
711,Interferon gamma receptor 1,IFNGR1,306915.0,J03143,P15260,INGR1_HUMAN,1FG9; 1FYH; 1JRH; 6E3K; 6E3L,IFNGR1,IFNGR1,HGNC:5439,Humans,DB00033; DB15753
738,Neuronal acetylcholine receptor subunit alpha-2,CHRNA2,1458110.0,U62431,Q15822,ACHA2_HUMAN,5FJV,CHRNA2,CHRNA2,HGNC:1956,Humans,DB00122; DB00184; DB00411; DB00416; DB00472; DB00483; DB00504; DB00514; DB00565; DB00657; DB00721; DB00728; DB00732; DB00898; DB01135; DB01199; DB01226; DB01245; DB01336; DB01337; DB01338; DB01339; DB05712; DB05740; DB06402; DB07720; DB08960; DB09028; DB15096
739,Ryanodine receptor 1,RYR1,337722.0,J05200,P21817,RYR1_HUMAN,6UHI; 6UHS,RYR1,RYR1,HGNC:10483,Humans,DB00201; DB01219; DB04786; DB09085; DB21077
745,Glycine receptor subunit alpha-2,GLRA2,31849.0,X52008,P23416,GLRA2_HUMAN,5BKF; 5BKG; 7KUY; 7L31,GLRA2,GLRA2,HGNC:4327,Humans,DB00145; DB00431; DB00466; DB00898; DB01956; DB05417; DB06741; DB06743; DB06745; DB06746; DB06747; DB11582; DB15954
748,Fibroblast growth factor receptor 2,FGFR2,31374.0,X52832,P21802,FGFR2_HUMAN,1DJS; 1E0O; 1EV2; 1GJO; 1II4; 1IIL; 1NUN; 1OEC; 1WVZ; 2FDB; 2PSQ; 2PVF; 2PVY; 2PWL; 2PY3; 2PZ5; 2PZP; 2PZR; 2Q0B; 3B2T; 3CAF; 3CLY; 3CU1; 3DAR; 3EUU; 3OJ2; 3OJM; 3RI1; 4J23; 4J95; 4J96; 4J97; 4J98; 4J99; 4WV1,,FGFR2,HGNC:3689,Humans,DB00039; DB01109; DB01901; DB02058; DB02491; DB06244; DB08896; DB08901; DB09078; DB09079; DB10770; DB10772; DB11845; DB11886; DB12010; DB12147; DB12558; DB12903; DB13022; DB15102; DB15149; DB15685; DB15822; DB17587; DB20918
756,D(2) dopamine receptor,DRD2,181432.0,M30625,P14416,DRD2_HUMAN,5AER; 6CM4; 6LUQ; 6VMS; 7DFP; 7JVR; 8IRS; 8TZQ; 8U02,DRD2,DRD2,HGNC:3023,Humans,DB00182; DB00246; DB00248; DB00268; DB00298; DB00320; DB00334; DB00363; DB00372; DB00388; DB00391; DB00408; DB00409; DB00413; DB00420; DB00433; DB00450; DB00458; DB00477; DB00490; DB00502; DB00508; DB00540; DB00543; DB00555; DB00568; DB00589; DB00610; DB00623; DB00662; DB00679; DB00692; DB00696; DB00714; DB00715; DB00726; DB00734; DB00777; DB00797; DB00805; DB00831; DB00850; DB00852; DB00875; DB00915; DB00925; DB00933; DB00934; DB00968; DB00988; DB01038; DB01043; DB01063; DB01069; DB01100; DB01151; DB01175; DB01184; DB01186; DB01200; DB01221; DB01224; DB01233; DB01235; DB01238; DB01239; DB01253; DB01267; DB01295; DB01296; DB01364; DB01365; DB01392; DB01403; DB01425; DB01463; DB01549; DB01577; DB01614; DB01618; DB01621; DB01622; DB01623; DB01624; DB02565; DB04599; DB04821; DB04842; DB04844; DB04857; DB04888; DB04889; DB04924; DB04946; DB05271; DB05687; DB05766; DB05964; DB06016; DB06077; DB06109; DB06144; DB06148; DB06216; DB06229; DB06288; DB06421; DB06454; DB06477; DB06620; DB06711; DB06808; DB08815; DB08922; DB09018; DB09097; DB09128; DB09194; DB09207; DB09223; DB09224; DB09225; DB09286; DB09352; DB11160; DB11274; DB11376; DB11947; DB12061; DB12093; DB12188; DB12313; DB12478; DB12518; DB12579; DB12710; DB12998; DB13025; DB13511; DB13665; DB14185; DB14844; DB15492; DB15971; DB16021; DB16144; DB16602; DB16927; DB17056; DB18046; DB18794; DB19314; DB19663; DB19867; DB19875; DB19883; DB19975; DB20211; DB20244; DB20444; DB20674; DB20790; DB20952; DB20960; DB20962; DB20964; DB21277
759,Thromboxane A2 receptor,TBXA2R,533326.0,D38081,P21731,TA2R_HUMAN,8XJN; 8XJO,TBXA2R,TBXA2R,HGNC:11608,Humans,DB00770; DB01207; DB06739; DB09285; DB11507; DB11519; DB11629; DB12204; DB12321; DB12789; DB13036; DB19736; DB20141; DB20182; DB20183; DB20759; DB21162
760,"Glutamate receptor ionotropic, NMDA 2A",GRIN2A,558749.0,U09002,Q12879,NMDE1_HUMAN,3NFL; 5H8F; 5H8H; 5H8N; 5H8Q; 5I2K; 5I2N; 5KCJ; 5KDT; 5TP9; 5TPA; 6IRA; 6IRF; 6IRG; 6IRH; 7EOQ; 7EOR; 7EOS; 7EOT; 7EOU; 7EU7; 8E99; 8JIZ; 8JJ0; 8JJ1; 8JJ2; 8VUH; 8VUJ; 8VUL; 8VUN; 8VUQ; 8VUR; 8VUT,GRIN2A,GRIN2A,HGNC:4585,Humans,DB00127; DB00128; DB00142; DB00145; DB00454; DB00949; DB01159; DB01520; DB02655; DB03575; DB03759; DB04175; DB06151; DB11937; DB20240
767,Epidermal growth factor receptor,EGFR,757924.0,X00588,P00533,EGFR_HUMAN,1IVO; 1M14; 1M17; 1MOX; 1NQL; 1XKK; 1YY9; 1Z9I; 2EB2; 2EB3; 2GS2; 2GS6; 2GS7; 2ITN; 2ITO; 2ITP; 2ITQ; 2ITT; 2ITU; 2ITV; 2ITW; 2ITX; 2ITY; 2ITZ; 2J5E; 2J5F; 2J6M; 2JIT; 2JIU; 2JIV; 2KS1; 2M0B; 2M20; 2N5S; 2RF9; 2RFD; 2RFE; 2RGP; 3B2U; 3B2V; 3BEL; 3BUO; 3C09; 3G5V; 3G5Y; 3GOP; 3GT8; 3IKA; 3LZB; 3NJP; 3OB2; 3OP0; 3P0Y; 3PFV; 3POZ; 3QWQ; 3UG1; 3UG2; 3VJN; 3VJO; 3VRP; 3VRR; 3W2O; 3W2P; 3W2Q; 3W2R; 3W2S; 3W32; 3W33; 4G5J; 4G5P; 4HJO; 4I1Z; 4I20; 4I21; 4I22; 4I23; 4I24; 4JQ7; 4JQ8; 4JR3; 4JRV; 4KRL; 4KRM; 4KRO; 4KRP; 4LI5; 4LL0; 4LQM; 4LRM; 4R3P; 4R3R; 4R5S; 4RIW; 4RIX; 4RIY; 4RJ4; 4RJ5; 4RJ6; 4RJ7; 4RJ8; 4TKS; 4UIP; 4UV7; 4WD5; 4WKQ; 4WRG; 4ZAU; 4ZJV; 4ZSE; 5C8K; 5C8M; 5C8N; 5CAL; 5CAN; 5CAO; 5CAP; 5CAQ; 5CAS; 5CAU; 5CAV; 5CNN; 5CNO; 5CZH; 5CZI; 5D41; 5EDP; 5EDQ; 5EDR; 5EM5; 5EM6; 5EM7; 5EM8; 5FED; 5FEE; 5FEQ; 5GMP; 5GNK; 5GTY; 5GTZ; 5HCX; 5HCY; 5HCZ; 5HG5; 5HG7; 5HG8; 5HG9; 5HIB; 5HIC; 5J9Y; 5J9Z; 5JEB; 5LV6; 5SX4; 5SX5; 5U8L; 5UG8; 5UG9; 5UGA; 5UGB; 5UGC; 5UWD; 5WB7; 5WB8; 5X26; 5X27; 5X28; 5X2A; 5X2C; 5X2F; 5X2K; 5XDK; 5XDL; 5XGM; 5XGN; 5XWD; 5Y25; 5Y9T; 5YU9; 5ZTO; 5ZWJ; 6ARU; 6B3S; 6D8E; 6DUK; 6JRJ; 6JRK; 6JRX; 6JWL; 6JX0; 6JX4; 6JXT; 6JZ0; 6LUB; 6LUD; 6P1D; 6P1L; 6P8Q; 6S89; 6S8A; 6S9B; 6S9C; 6S9D; 6TFU; 6TFV; 6TFW; 6TFY; 6TFZ; 6TG0; 6TG1; 6V5N; 6V5P; 6V66; 6V6K; 6V6O; 6VH4; 6VHN; 6VHP; 6WA2; 6WAK; 6WXN; 6XL4; 6Z4B; 6Z4D; 7A2A; 7A6I; 7A6J; 7A6K; 7AEI; 7AEM; 7B85; 7ER2; 7JXI; 7JXK; 7JXL; 7JXM; 7JXP; 7JXQ; 7JXW; 7K1H; 7K1I; 7KXZ; 7KY0; 7LEN; 7LFR; 7LFS; 7LG8; 7LGS; 7LTX; 7OM4; 7OXB; 7SI1; 7SYD; 7SYE; 7SZ0; 7SZ1; 7SZ5; 7SZ7; 7T4I; 7T4J; 7TVD; 7U98; 7U99; 7U9A; 7UKV; 7UKW; 7VRA; 7VRE; 7ZYM; 7ZYN; 7ZYP; 7ZYQ; 8A27; 8A2A; 8A2B; 8A2D; 8D73; 8D76; 8DSW; 8EME; 8F1H; 8F1W; 8F1X; 8F1Y; 8F1Z; 8FV3; 8FV4; 8G63; 8GB4; 8GK5; 8H7X; 8HGO; 8HGP; 8HGS; 8HV1; 8HV2; 8HV3; 8HV4; 8HV5; 8HV6; 8HV7; 8HV8; 8HV9; 8HVA; 8HY7; 8KFQ; 8PNZ; 8PO0; 8PO1; 8PO2; 8PO3; 8PO4; 8S1M; 8SC7; 8TJL; 8TO3; 8TO4; 8UKV; 8UKW; 8UKX; 8WD4; 9D3V; 9D3W; 9EWS; 9EWT; 9FQP; 9FQS; 9FRD; 9GC4; 9GC5; 9GC6; 9GDV; 9H46; 9HBO,EGFR,EGFR,HGNC:3236,Humans,DB00002; DB00281; DB00317; DB00398; DB00530; DB00727; DB01259; DB01269; DB03496; DB04862; DB04879; DB04988; DB05101; DB05294; DB05374; DB05424; DB05524; DB05944; DB06021; DB06110; DB07602; DB07662; DB08052; DB08339; DB08462; DB08916; DB09330; DB09559; DB10772; DB11665; DB11731; DB11737; DB11828; DB11907; DB11963; DB12010; DB12036; DB12114; DB12174; DB12202; DB12267; DB12318; DB12682; DB12966; DB13164; DB14145; DB14944; DB14993; DB15035; DB15327; DB16216; DB16250; DB16390; DB16640; DB16695; DB16768; DB17179; DB18840; DB18925; DB21453; DB21508; DB21667
770,Mu-type opioid receptor,OPRM1,452073.0,L25119,P35372,OPRM_HUMAN,8EF5; 8EF6; 8EFB; 8EFL; 8EFO; 8EFQ; 8F7Q; 8F7R; 8K9K; 8K9L; 9MQH; 9MQI; 9MQJ,OPRM1,OPRM1,HGNC:8156,Humans,DB00193; DB00295; DB00318; DB00321; DB00327; DB00333; DB00454; DB00497; DB00504; DB00514; DB00611; DB00647; DB00652; DB00704; DB00708; DB00802; DB00813; DB00836; DB00844; DB00854; DB00899; DB00904; DB00913; DB00921; DB00956; DB01081; DB01183; DB01192; DB01209; DB01221; DB01227; DB01238; DB01433; DB01439; DB01444; DB01452; DB01462; DB01466; DB01497; DB01501; DB01535; DB01548; DB01551; DB01565; DB01571; DB05046; DB05492; DB05509; DB06204; DB06230; DB06274; DB06288; DB06409; DB06738; DB06793; DB06800; DB08856; DB08861; DB09049; DB09061; DB09089; DB09099; DB09173; DB09174; DB09181; DB09209; DB09272; DB09289; DB11130; DB11186; DB11691; DB12013; DB12327; DB12543; DB12668; DB12830; DB12886; DB13606; DB14009; DB14011; DB14146; DB14881; DB15465; DB16072; DB16146; DB19094; DB20128; DB20990
779,Vitamin D3 receptor,VDR,340203.0,J03258,P11473,VDR_HUMAN,1DB1; 1IE8; 1IE9; 1KB2; 1KB4; 1KB6; 1S0Z; 1S19; 1TXI; 1YNW; 2HAM; 2HAR; 2HAS; 2HB7; 2HB8; 3A2I; 3A2J; 3A3Z; 3A40; 3A78; 3AUQ; 3AUR; 3AX8; 3AZ1; 3AZ2; 3AZ3; 3B0T; 3CS4; 3CS6; 3KPZ; 3M7R; 3OGT; 3P8X; 3TKC; 3VHW; 3W0A; 3W0C; 3W0Y; 3WGP; 3WWR; 3X31; 3X36; 4G2I; 4ITE; 4ITF; 5GT4; 5V39; 5YSY; 5YT2; 7QPP; 8IQN; 8IQT,VDR,VDR,HGNC:12679,Humans,DB00136; DB00146; DB00153; DB00169; DB00910; DB01070; DB01436; DB02300; DB03451; DB04258; DB04540; DB04796; DB04891; DB05024; DB05295; DB06194; DB06410; DB07530; DB08742; DB11094; DB11672; DB14635; DB20243; DB20348; DB20716; DB21080
792,Estrogen receptor beta,ESR2,2911152.0,AB006590,Q92731,ESR2_HUMAN,1L2J; 1NDE; 1QKM; 1U3Q; 1U3R; 1U3S; 1U9E; 1X76; 1X78; 1X7B; 1X7J; 1YY4; 1YYE; 1ZAF; 2FSZ; 2GIU; 2I0G; 2JJ3; 2NV7; 2QTU; 2YJD; 2YLY; 2Z4B; 3OLL; 3OLS; 3OMO; 3OMP; 3OMQ; 4J24; 4J26; 4ZI1; 5TOA; 7XVY; 7XVZ; 7XWP; 7XWQ; 7XWR,ESR2,ESR2,HGNC:3468,Humans,DB00255; DB00286; DB00396; DB00481; DB00655; DB00675; DB00783; DB00882; DB01108; DB01196; DB01428; DB01524; DB01645; DB01708; DB01878; DB02746; DB02757; DB02983; DB03467; DB03860; DB03882; DB04020; DB04216; DB04468; DB04573; DB04574; DB04813; DB05052; DB05414; DB05882; DB05966; DB06202; DB06249; DB06401; DB06832; DB06875; DB06927; DB06937; DB06973; DB07009; DB07032; DB07036; DB07119; DB07150; DB07198; DB07230; DB07236; DB07638; DB07702; DB07757; DB07931; DB07933; DB08020; DB08047; DB09086; DB09535; DB11219; DB11674; DB12235; DB13182; DB13310; DB13869; DB13952; DB13953; DB13954; DB13955; DB13956; DB14511; DB14641; DB15690; DB16770; DB19957
793,Granulocyte colony-stimulating factor receptor,CSF3R,31697.0,X55721,Q99062,CSF3R_HUMAN,2D9Q,CSF3R,CSF3R,HGNC:2439,Humans,DB00019; DB00099; DB04868; DB05249; DB13144; DB13200; DB15001; DB16838; DB18704
794,Glucocorticoid receptor,NR3C1,31680.0,X03225,P04150,GCR_HUMAN,1M2Z; 1NHZ; 1P93; 3BQD; 3CLD; 3E7C; 3H52; 3K22; 3K23; 4CSJ; 4HN5; 4HN6; 4LSJ; 4MDD; 4P6W; 4P6X; 4UDC; 4UDD; 5CBX; 5CBY; 5CBZ; 5CC1; 5E69; 5E6A; 5E6B; 5E6C; 5E6D; 5EMC; 5EMP; 5EMQ; 5G3J; 5G5W; 5NFP; 5NFT; 5UC1; 5UC3; 5VA0; 5VA7; 6BQU; 6CFN; 6DXK; 6EL6; 6EL7; 6EL9; 6X6D; 6X6E; 6YMO; 6YO8; 6YOS; 7KRJ; 7KW7; 7PRV; 7PRW; 7PRX; 8A9G; 8FFV; 8FFW; 8VKZ,NR3C1,NR3C1,HGNC:7978,Humans,DB00180; DB00223; DB00240; DB00253; DB00288; DB00324; DB00351; DB00367; DB00394; DB00396; DB00421; DB00443; DB00547; DB00588; DB00591; DB00596; DB00620; DB00635; DB00663; DB00687; DB00717; DB00741; DB00764; DB00769; DB00834; DB00838; DB00846; DB00860; DB00873; DB00896; DB00959; DB01013; DB01047; DB01130; DB01185; DB01222; DB01234; DB01260; DB01380; DB01384; DB01395; DB01410; DB02210; DB04630; DB04652; DB05423; DB05442; DB05825; DB06349; DB06781; DB08867; DB08906; DB09091; DB09095; DB09383; DB11619; DB11921; DB12041; DB12280; DB12637; DB13003; DB13158; DB13843; DB13867; DB14512; DB14538; DB14539; DB14540; DB14541; DB14542; DB14543; DB14544; DB14583; DB14596; DB14631; DB14649; DB14669; DB14976; DB15114; DB15566; DB15972; DB16162; DB16221; DB18025; DB20551; DB21458
795,Gamma-aminobutyric acid receptor subunit alpha-1,GABRA1,31631.0,X13584,P14867,GBRA1_HUMAN,6CDU; 6D1S; 6D6T; 6D6U; 6HUG; 6HUJ; 6HUK; 6HUO; 6HUP; 6I53; 6X3S; 6X3T; 6X3U; 6X3V; 6X3W; 6X3X; 6X3Z; 6X40; 7PBD; 7PBZ; 7PC0; 7QNE; 7T0W; 7T0Z; 8DD2; 8DD3; 8SGO; 8SI9; 8SID; 8VQY; 8VRN; 9CRS; 9CRV; 9CSB; 9CT0; 9CTJ; 9CTP; 9CTV; 9CX7; 9CXA; 9CXB; 9CXC; 9CXD; 9DRX; 9EQG; 9H9E,GABRA1,GABRA1,HGNC:4075,Humans,DB00189; DB00237; DB00241; DB00273; DB00292; DB00306; DB00312; DB00349; DB00363; DB00371; DB00395; DB00402; DB00418; DB00425; DB00463; DB00466; DB00474; DB00543; DB00599; DB00753; DB00794; DB00837; DB00849; DB00898; DB00962; DB01028; DB01107; DB01154; DB01159; DB01174; DB01198; DB01205; DB01341; DB01346; DB01351; DB01352; DB01353; DB01354; DB01355; DB01381; DB01437; DB01483; DB01496; DB01567; DB01595; DB02530; DB05721; DB06119; DB06470; DB07776; DB11582; DB11859; DB12308; DB12458; DB12590; DB17063; DB19929; DB20375; DB21275
797,5-hydroxytryptamine receptor 1B,HTR1B,219679.0,D10995,P28222,5HT1B_HUMAN,4IAQ; 4IAR; 5V54; 6G79; 7C61,HTR1B,HTR1B,HGNC:5287,Humans,DB00216; DB00246; DB00247; DB00248; DB00315; DB00320; DB00321; DB00363; DB00408; DB00543; DB00571; DB00589; DB00623; DB00669; DB00696; DB00714; DB00904; DB00918; DB00935; DB00952; DB00953; DB00960; DB00998; DB01186; DB01200; DB01224; DB01238; DB01359; DB01392; DB04884; DB06096; DB06153; DB06216; DB08804; DB08807; DB08839; DB09068; DB12883; DB13520; DB14185; DB17052; DB19774; DB20163; DB20494
824,Metabotropic glutamate receptor 1,GRM1,945097.0,U31215,Q13255,GRM1_HUMAN,3KS9; 4OR2; 7DGD; 7DGE,GRM1,GRM1,HGNC:4593,Humans,DB00142; DB02999; DB04256; DB16073
826,"Glutamate receptor ionotropic, kainate 2",GRIK2,790532.0,U16126,Q13002,GRIK2_HUMAN,3QXM; 5CMM,GRIK2,GRIK2,HGNC:4580,Humans,DB00142; DB00237; DB00241; DB00306; DB00312; DB00418; DB00463; DB00599; DB00794; DB00849; DB01174; DB01351; DB01352; DB01353; DB01354; DB01355; DB01483; DB01496; DB02852; DB02999; DB03425
829,Glutamate receptor 2,GRIA2,493134.0,L20814,P42262,GRIA2_HUMAN,2WJW; 2WJX; 2XHD; 3R7X; 3RN8; 3RNN; 3UA8; 5H8S; 5YBF; 5YBG; 5ZG0; 5ZG1; 5ZG2; 5ZG3; 7F3O; 8I0B,GRIA2,GRIA2,HGNC:4572,Humans,DB00142; DB00237; DB00241; DB00306; DB00312; DB00418; DB00463; DB00599; DB00794; DB00849; DB00898; DB01174; DB01346; DB01351; DB01352; DB01353; DB01354; DB01355; DB01483; DB01496; DB01664; DB02057; DB02347; DB02818; DB02966; DB02999; DB03240; DB03319; DB03759; DB04000; DB04129; DB04152; DB04599; DB04798; DB04982; DB05047; DB05454; DB07455; DB07598; DB08303; DB08304; DB08305; DB08883; DB13146
833,Metabotropic glutamate receptor 4,GRM4,1160183.0,X80818,Q14833,GRM4_HUMAN,7E9H; 8JD4; 8JD5; 8JD6; 8WG9; 8WGB; 8WGC; 8WGD,GRM4,GRM4,HGNC:4596,Humans,DB00142
834,Metabotropic glutamate receptor 7,GRM7,1370111.0,X94552,Q14831,GRM7_HUMAN,3MQ4; 5C5C; 7EPC; 7EPD,GRM7,GRM7,HGNC:4599,Humans,DB00142
835,Metabotropic glutamate receptor 8,GRM8,1935043.0,U92459,O00222,GRM8_HUMAN,6BSZ; 6BT5; 6E5V,GRM8,GRM8,HGNC:4600,Humans,DB00142
836,Hydroxycarboxylic acid receptor 3,HCAR3,219867.0,D10923,P49019,HCAR3_HUMAN,8IHJ; 8IHK; 8JEF; 8JEI,HCAR3,GPR109B,HGNC:16824,Humans,DB00627; DB03225; DB08949
841,Ephrin type-A receptor 2,EPHA2,181944.0,M59371,P29317,EPHA2_HUMAN,1MQB; 2E8N; 2K9Y; 2KSO; 2X10; 2X11; 3C8X; 3CZU; 3FL7; 3HEI; 3HPN; 3KKA; 3MBW; 3MX0; 3SKJ; 4P2K; 4PDO; 4TRL; 5EK7; 5I9U; 5I9V; 5I9W; 5I9X; 5I9Y; 5I9Z; 5IA0; 5IA1; 5IA2; 5IA3; 5IA4; 5IA5; 5NJZ; 5NK0; 5NK1; 5NK2; 5NK3; 5NK4; 5NK5; 5NK6; 5NK7; 5NK8; 5NK9; 5NKA; 5NKB; 5NKC; 5NKD; 5NKE; 5NKF; 5NKG; 5NKH; 5NKI; 5NZ9; 6B9L; 6F7M; 6F7N; 6FNF; 6FNG; 6FNH; 6HES; 6HET; 6HEU; 6HEV; 6HEW; 6HEX; 6HEY; 6NJZ; 6NK0; 6NK1; 6NK2; 6NKP; 6Q7B; 6Q7C; 6Q7D; 6Q7E; 6Q7F; 6Q7G; 6RW2; 7B7N; 7CZE; 7CZF; 7KJA; 7KJB; 7KJC; 8BIN; 8BIO; 8BK0; 8BM8; 8BOC; 8BOD; 8BOF; 8BOG; 8BOH; 8BOI; 8BOK; 8BOM; 8QQY; 8T9B; 8TRS; 8TRT; 8TRV; 8TV1; 8TV5; 8XPV,EPHA2,EPHA2,HGNC:3386,Humans,DB01254; DB04395; DB08896; DB12010; DB14860
844,Oxytocin receptor,OXTR,34765.0,X64878,P30559,OXYR_HUMAN,6TPK; 7QVM; 7RYC,OXTR,OXTR,HGNC:8529,Humans,DB00035; DB00067; DB00107; DB01282; DB09059; DB11818; DB11934; DB12292; DB12643; DB13929; DB20573
848,Adrenocorticotropic hormone receptor,MC2R,28344.0,X65633,Q01718,ACTHR_HUMAN,8GY7,MC2R,MC2R,HGNC:6930,Humans,DB01284; DB01285; DB09334; DB11653
849,Neuronal acetylcholine receptor subunit alpha-4,CHRNA4,755648.0,L35901,P43681,ACHA4_HUMAN,2LLY; 5KXI; 6CNJ; 6CNK; 6UR8; 6USF; 8SSZ; 8ST0; 8ST1; 8ST2; 8ST3; 8ST4,CHRNA4,CHRNA4,HGNC:1958,Humans,DB00184; DB00241; DB00306; DB00312; DB00333; DB00416; DB00418; DB00463; DB00514; DB00564; DB00572; DB00599; DB00657; DB00747; DB00753; DB00783; DB00794; DB00849; DB00898; DB00915; DB00981; DB01090; DB01116; DB01174; DB01245; DB01273; DB01351; DB01352; DB01353; DB01354; DB01355; DB01483; DB01496; DB05458; DB05740; DB06044; DB07720; DB09028; DB12125; DB12244; DB12527; DB13952; DB13953; DB13954; DB13955; DB13956; DB16205; DB20434; DB21141
850,Neuronal acetylcholine receptor subunit beta-2,CHRNB2,32017.0,X53179,P17787,ACHB2_HUMAN,2K58; 2K59; 2KSR; 2LM2; 5KXI; 6CNJ; 6CNK; 6UR8; 6USF; 8SSZ; 8ST0; 8ST1; 8ST2; 8ST3; 8ST4,CHRNB2,CHRNB2,HGNC:1962,Humans,DB00184; DB00333; DB00416; DB00514; DB00572; DB00657; DB00747; DB00753; DB00898; DB00981; DB01245; DB01273; DB05458; DB05712; DB05740; DB05855; DB06044; DB07720; DB09028; DB11807; DB12125; DB12244; DB12527; DB16205; DB20434; DB21141
852,Platelet-derived growth factor receptor alpha,PDGFRA,189734.0,M21574,P16234,PGFRA_HUMAN,1GQ5; 5GRN; 5K5X; 6A32; 6JOI; 6JOJ; 6JOK; 6JOL; 7LBF; 7RAM; 8PQH; 8PQI; 8PQJ; 8PQK; 9GZH,PDGFRA,PDGFRA,HGNC:8803,Humans,DB00102; DB00619; DB01268; DB02567; DB05146; DB05332; DB06043; DB06436; DB06589; DB06595; DB08009; DB08052; DB08339; DB08896; DB08901; DB09078; DB09079; DB10772; DB11741; DB11800; DB11832; DB11845; DB12010; DB12147; DB12742; DB14840; DB14866; DB15233; DB17041
853,Macrophage colony-stimulating factor 1 receptor,CSF1R,553224.0,M25786,P07333,CSF1R_HUMAN,2I0V; 2I0Y; 2I1M; 2OGV; 3BEA; 3DPK; 3KRJ; 3KRL; 3LCD; 3LCO; 4DKD; 4HW7; 4LIQ; 4R7H; 4R7I; 4WRL; 4WRM; 6IG8; 6N33; 6T2W; 6WXJ; 7MFC; 8CGC; 8JOT; 8W1L,CSF1R,CSF1R,HGNC:2433,Humans,DB00619; DB01268; DB06080; DB07167; DB07202; DB08896; DB12010; DB12147; DB12978; DB15106; DB16388; DB16838; DB17520; DB18918; DB18972
857,Glucagon-like peptide 1 receptor,GLP1R,405082.0,U01104,P43220,GLP1R_HUMAN,3C59; 3C5T; 3IOL; 4ZGM; 5E94; 5NX2; 5OTT; 5OTU; 5OTV; 5OTW; 5OTX; 5VEW; 5VEX; 6B3J; 6GB1; 6ORV; 6VCB; 6X18; 6X19; 6X1A; 6XOX; 7C2E; 7DUQ; 7DUR; 7E14; 7EVM; 7FIM; 7KI0; 7KI1; 7LCI; 7LCJ; 7LCK; 7LLL; 7LLY; 7RG9; 7RGP; 7RTB; 7S15; 7S1M; 7S3I; 7VBH; 7VBI; 7X8R; 7X8S; 8JIP; 8JIR; 8JIS; 8WG7; 8YW3; 9IVG; 9IVM; 9J1P,GLP1R,GLP1R,HGNC:4324,Humans,DB00040; DB01276; DB01278; DB06655; DB09043; DB09045; DB09265; DB13928; DB14027; DB14806; DB14817; DB15171; DB15650; DB16043; DB16697; DB18964; DB18998; DB21631
858,Insulin-like growth factor 1 receptor,IGF1R,804990.0,X04434,P08069,IGF1R_HUMAN,1IGR; 1JQH; 1K3A; 1M7N; 1P4O; 2OJ9; 2ZM3; 3D94; 3F5P; 3I81; 3LVP; 3LW0; 3NW5; 3NW6; 3NW7; 3O23; 3QQU; 4D2R; 4XSS; 5FXQ; 5FXR; 5FXS; 5HZN; 5U8Q; 5U8R; 6JK8; 6VWG; 6VWH; 6VWI; 6VWJ; 7PH8; 7S0Q; 7S8V; 7U23; 7V3P; 7XGD; 7XLC; 7YRR; 8PYI; 8PYJ; 8PYK; 8PYL; 8PYM; 8PYN; 8TAN,IGF1R,IGF1R,HGNC:5465,Humans,DB00030; DB00046; DB00047; DB00071; DB01277; DB01306; DB01307; DB01309; DB04395; DB05023; DB05184; DB05897; DB06075; DB06343; DB07156; DB07474; DB08804; DB09098; DB09456; DB09564; DB11564; DB11567; DB11568; DB11840; DB12250; DB12267; DB12802; DB14751; DB15236; DB15399; DB16637; DB16693
859,Receptor activity-modifying protein 1,RAMP1,3171910.0,AJ001014,O60894,RAMP1_HUMAN,2YX8; 3N7P; 3N7R; 3N7S; 4RWG; 5V6Y; 6D1U; 6E3Y; 6UMG; 6ZHO; 6ZIS; 7KNT; 7KNU; 7P0F; 7P0I; 7TYF; 7TYW; 8AX5; 8AX6; 8AX7; 9AUC,RAMP1,RAMP1,HGNC:9843,Humans,DB01278
860,Receptor activity-modifying protein 2,RAMP2,3171912.0,AJ001015,O60895,RAMP2_HUMAN,2XVT; 3AQE; 3AQF; 4RWF; 6UUN; 6V2E; 7TYH; 7TYX; 7TYY,RAMP2,RAMP2,HGNC:9844,Humans,DB01278
861,Receptor activity-modifying protein 3,RAMP3,3171914.0,AJ001016,O60896,RAMP3_HUMAN,6UUS; 6UVA; 7TZF; 8F0K; 8F2A; 8F2B,RAMP3,RAMP3,HGNC:9845,Humans,DB01278
901,Low affinity immunoglobulin gamma Fc region receptor III-B,FCGR3B,31322.0,X16863,O75015,FCG3B_HUMAN,1E4J; 1E4K; 1FNL; 1T83; 1T89; 6EAQ,FCGR3B,FCGR3B,HGNC:3620,Humans,DB00002; DB00005; DB00028; DB00056; DB00075; DB00087; DB00092; DB00108; DB00110; DB00111; DB06607; DB11767
911,C-C chemokine receptor type 5,CCR5,1262811.0,X91492,P51681,CCR5_HUMAN,2L87; 2MZX; 2RLL; 2RRS; 4MBS; 5UIW; 5YD3; 5YD4; 5YD5; 5YY4; 6FGP; 6MEO; 6MET; 7F1Q; 7F1R; 7F1S; 7NJZ; 7NW3; 7O7F; 8AS2; 8AS3,CCR5,CCR5,HGNC:1606,Humans,DB04835; DB05906; DB05941; DB06497; DB06652; DB11758; DB11804; DB12698; DB12960; DB14813; DB15748; DB16240; DB19773; DB28444
915,Hepatocyte growth factor receptor,MET,307196.0,J02958,P08581,MET_HUMAN,1FYR; 1R0P; 1R1W; 1SHY; 1SSL; 2G15; 2RFN; 2RFS; 2UZX; 2UZY; 2WD1; 2WGJ; 2WKM; 3A4P; 3BUX; 3C1X; 3CCN; 3CD8; 3CE3; 3CTH; 3CTJ; 3DKC; 3DKF; 3DKG; 3EFJ; 3EFK; 3F66; 3F82; 3I5N; 3L8V; 3LQ8; 3Q6U; 3Q6W; 3QTI; 3R7O; 3RHK; 3U6H; 3U6I; 3VW8; 3ZBX; 3ZC5; 3ZCL; 3ZXZ; 3ZZE; 4AOI; 4AP7; 4DEG; 4DEH; 4DEI; 4EEV; 4GG5; 4GG7; 4IWD; 4K3J; 4KNB; 4MXC; 4O3T; 4O3U; 4R1V; 4R1Y; 4XMO; 4XYF; 5DG5; 5EOB; 5EYC; 5EYD; 5HLW; 5HNI; 5HO6; 5HOA; 5HOR; 5HTI; 5LSP; 5T3Q; 5UAB; 5UAD; 5YA5; 6GCU; 6I04; 6SD9; 6SDC; 6SDD; 6SDE; 6UBW; 6WVZ; 7B3Q; 7B3T; 7B3V; 7B3W; 7B3Z; 7B40; 7B41; 7B42; 7B43; 7B44; 7MO7; 7MO8; 7MO9; 7MOA; 7MOB; 7V3R; 7V3S; 7Y4T; 7Y4U; 8AN8; 8ANS; 8AU3; 8AU5; 8AW1; 8GVJ; 8K78; 8OUU; 8OUV; 8OV7; 8OVZ; 8OW3; 8OWG; 9C1R; 9IVB,MET,MET,HGNC:7029,Humans,DB01268; DB02152; DB06314; DB06896; DB06995; DB06997; DB07369; DB07969; DB08079; DB08791; DB08865; DB08875; DB11791; DB11800; DB11977; DB12010; DB12048; DB12064; DB12200; DB12267; DB12307; DB12381; DB12742; DB12795; DB12848; DB13113; DB14860; DB15036; DB15104; DB15133; DB15382; DB15639; DB16695; DB16823; DB17191; DB17525; DB18918; DB19174
917,Growth factor receptor-bound protein 2,GRB2,181976.0,M96995,P62993,GRB2_HUMAN,1AZE; 1BM2; 1BMB; 1CJ1; 1FHS; 1FYR; 1GCQ; 1GFC; 1GFD; 1GHU; 1GRI; 1IO6; 1JYQ; 1JYR; 1JYU; 1QG1; 1TZE; 1X0N; 1ZFP; 2AOA; 2AOB; 2H46; 2H5K; 2HUW; 2VVK; 2VWF; 2W0Z; 3C7I; 3IMD; 3IMJ; 3IN7; 3IN8; 3KFJ; 3MXC; 3MXY; 3N7Y; 3N84; 3N8M; 3OV1; 3OVE; 3S8L; 3S8N; 3S8O; 3WA4; 4P9V; 4P9Z; 5CDW; 6ICG; 6ICH; 6SDF; 6VK2; 6WM1; 6WO2; 7MPH; 8DGO,GRB2,GRB2,HGNC:4566,Humans,DB00061; DB03276
919,C-X-C chemokine receptor type 4,CXCR4,189314.0,L01639,P61073,CXCR4_HUMAN,2K03; 2K04; 2K05; 2N55; 3ODU; 3OE0; 3OE6; 3OE8; 3OE9; 4RWS; 8GP3; 8I0Q; 8K3Z; 8U4N; 8U4O; 8U4P; 8U4Q; 8U4R; 8U4S; 8U4T; 8YU7; 8ZPL; 8ZPM; 8ZPN,CXCR4,CXCR4,HGNC:2561,Humans,DB00181; DB00452; DB05501; DB05625; DB06809; DB11970; DB12018; DB12698; DB12715; DB14939; DB15265; DB15370; DB15748; DB16456
924,Adenosine receptor A2a,ADORA2A,177892.0,M97370,P29274,AA2AR_HUMAN,2YDO; 2YDV; 3EML; 3PWH; 3QAK; 3REY; 3RFM; 3UZA; 3UZC; 3VG9; 3VGA; 4EIY; 4UG2; 4UHR; 5G53; 5IU4; 5IU7; 5IU8; 5IUA; 5IUB; 5JTB; 5K2A; 5K2B; 5K2C; 5K2D; 5MZJ; 5MZP; 5N2R; 5NLX; 5NM2; 5NM4; 5OLG; 5OLH; 5OLO; 5OLV; 5OLZ; 5OM1; 5OM4; 5UIG; 5UVI; 5VRA; 5WF5; 5WF6; 6AQF; 6GDG; 6GT3; 6JZH; 6LPJ; 6LPK; 6LPL; 6MH8; 6PS7; 6S0L; 6S0Q; 6WQA; 6ZDR; 6ZDV; 7ARO; 7EZC; 7PX4; 7PYR; 7RM5; 7T32; 8A2O; 8A2P; 8C9W; 8CIC; 8CU6; 8CU7; 8DU3; 8GNE; 8GNG; 8JWY; 8JWZ; 8PWN; 8RQQ; 8RVW; 8RW0; 8RW4; 8RW7; 8RWC; 8RWD; 8RWE; 8RWH; 8RWI; 8RWX; 8UGW; 8WDT; 9FUP,ADORA2A,ADORA2A,HGNC:263,Humans,DB00201; DB00277; DB00358; DB00555; DB00640; DB00651; DB00683; DB00806; DB00824; DB01303; DB01412; DB02282; DB04853; DB04932; DB05009; DB05191; DB06213; DB06625; DB07954; DB08770; DB09273; DB11757; DB11864; DB12203; DB12295; DB12443; DB12569; DB12691; DB12919; DB12946; DB14132; DB16125; DB16192; DB17080; DB17506; DB18811; DB19129; DB20226; DB20667
928,Proteinase-activated receptor 1,F2R,339677.0,M62424,P25116,PAR1_HUMAN,1NRN; 1NRO; 1NRP; 1NRQ; 1NRR; 3BEF; 3HKI; 3HKJ; 3LU9; 3VW7; 8XOR; 8XOS,F2R,F2R,HGNC:3537,Humans,DB00086; DB05361; DB09030; DB11300; DB11839; DB12046
942,Low-density lipoprotein receptor-related protein 2,LRP2,1809240.0,U33837,P98164,LRP2_HUMAN,2M0P,LRP2,LRP2,HGNC:6694,Humans,DB00013; DB00030; DB16662
945,5-hydroxytryptamine receptor 6,HTR6,1162924.0,L41147,P50406,5HT6R_HUMAN,7XTB; 7YS6; 8JLZ,HTR6,HTR6,HGNC:5301,Humans,DB00246; DB00321; DB00334; DB00363; DB00408; DB00458; DB00477; DB00502; DB00543; DB00924; DB01142; DB01224; DB01238; DB01445; DB01460; DB01488; DB04829; DB04946; DB05042; DB05993; DB06140; DB06144; DB06148; DB06216; DB08839; DB09225; DB11725; DB12110; DB12229; DB12680; DB14010; DB14185; DB15971; DB16214; DB17056; DB19963; DB20643; DB21016
949,Tumor necrosis factor receptor superfamily member 1B,TNFRSF1B,189186.0,M32315,P20333,TNR1B_HUMAN,1CA9; 3ALQ; 8HLB; 9CU8,TNFRSF1B,TNFRSF1B,HGNC:11917,Humans,DB11626
968,Histamine H3 receptor,HRH3,5031291.0,AF140538,Q9Y5N1,HRH3_HUMAN,7F61; 8YN5; 8YN6; 8YN7; 8YN8; 8YUU; 8YUV,HRH3,HRH3,HGNC:5184,Humans,DB00768; DB01238; DB05080; DB05381; DB06698; DB11642; DB11910; DB12299; DB12806; DB12900; DB12929; DB14835; DB15120; DB15192; DB16893; DB17087; DB19761; DB20379; DB20644
974,Metabotropic glutamate receptor 2,GRM2,999416.0,L35318,Q14416,GRM2_HUMAN,4XAQ; 4XAS; 5CNI; 5CNJ; 5KZN; 5KZQ; 7E9G; 7EPA; 7EPB; 7EPD; 7MTQ; 7MTR; 7MTS; 8JCU; 8JCV; 8JCW; 8JCX; 8JCY; 8JCZ; 8JD0; 8JD1; 8JD2; 8JD3; 8JD4; 8JD5; 8WG9; 8WGB; 8WGC; 8WGD,GRM2,GRM2,HGNC:4594,Humans,DB02999; DB04256; DB04870; DB05096; DB11923; DB12059; DB13016; DB19742; DB21031
977,Insulin receptor substrate 1,IRS1,246466.0,S85963,P35568,IRS1_HUMAN,1IRS; 1K3A; 1QQG; 2Z8C; 5U1M; 6BNT; 7PPL; 7PPM,IRS1,IRS1,HGNC:6125,Humans,DB08513; DB17490
995,fMet-Leu-Phe receptor,FPR1,189184.0,M37128,P21462,FPR1_HUMAN,7EUO; 7T6T; 7VFX; 7WVU,FPR1,FPR1,HGNC:3826,Humans,DB00716; DB11656
1007,Peroxisome proliferator-activated receptor delta,PPARD,190230.0,L07592,Q03181,PPARD_HUMAN,1GWX; 1Y0S; 2AWH; 2B50; 2BAW; 2ENV; 2GWX; 2J14; 2Q5G; 2XYJ; 2XYW; 2XYX; 2ZNP; 2ZNQ; 3D5F; 3DY6; 3ET2; 3GWX; 3GZ9; 3OZ0; 3PEQ; 3SP9; 3TKM; 5U3Q; 5U3R; 5U3S; 5U3T; 5U3U; 5U3V; 5U3W; 5U3X; 5U3Y; 5U3Z; 5U40; 5U41; 5U42; 5U43; 5U44; 5U45; 5U46; 5XMX; 5Y7X; 5ZXI; 6A6P; 7F80; 7VWE; 7VWF; 7VWG; 7VWH; 7W0G; 7WGL; 7WGN; 8HF8; 8HUL; 8HUO,PPARD,PPARD,HGNC:9235,Humans,DB00132; DB00159; DB00197; DB00313; DB00374; DB00605; DB01393; DB02746; DB03338; DB04224; DB04801; DB05187; DB05188; DB05416; DB07070; DB07691; DB07724; DB08078; DB09006; DB09462; DB12390; DB13873; DB13961; DB14801; DB16027; DB16332
1012,Beta-3 adrenergic receptor,ADRB3,178896.0,M29932,P13945,ADRB3_HUMAN,9IJD; 9IJE,ADRB3,ADRB3,HGNC:288,Humans,DB00320; DB00368; DB00376; DB00571; DB00866; DB00871; DB00901; DB00938; DB00960; DB00983; DB01001; DB01064; DB01102; DB01288; DB01363; DB01407; DB01580; DB02733; DB04846; DB04861; DB05343; DB05395; DB05981; DB06190; DB06262; DB06483; DB08807; DB08808; DB08893; DB11124; DB12080; DB12858; DB13530; DB13559; DB13757; DB13777; DB13781; DB14895; DB16112; DB19785; DB20910; DB21607
1023,Transient receptor potential cation channel subfamily V member 1,TRPV1,8977866.0,AJ277028,Q8NER1,TRPV1_HUMAN,6L93; 8GF8; 8GF9; 8GFA; 8JQR; 8X94; 8YCP,TRPV1,TRPV1,HGNC:12716,Humans,DB00132; DB00159; DB00168; DB00193; DB00316; DB01744; DB02955; DB06515; DB06774; DB09061; DB09120; DB09288; DB11131; DB11324; DB11345; DB11883; DB12428; DB12875; DB14009; DB14011; DB14050; DB15333
1036,Interleukin-3 receptor subunit alpha,IL3RA,186331.0,M74782,P26951,IL3RA_HUMAN,4JZJ; 5UV8; 5UWC; 6NMY,IL3RA,IL3RA,HGNC:6012,Humans,DB00020; DB14731; DB19130
1039,High affinity nerve growth factor receptor,NTRK1,339918.0,M23102,P04629,NTRK1_HUMAN,1HE7; 1SHC; 1WWA; 1WWW; 2IFG; 2N90; 4AOJ; 4CRP; 4F0I; 4GT5; 4PMM; 4PMP; 4PMS; 4PMT; 4YNE; 4YPS; 5H3Q; 5I8A; 5JFS; 5JFV; 5JFW; 5JFX; 5KMI; 5KMJ; 5KMK; 5KML; 5KMM; 5KMN; 5KMO; 5KVT; 5WR7; 6D1Y; 6D1Z; 6D20; 6D22; 6DKB; 6DKG; 6DKI; 6DKW; 6IQN; 6J5L; 6NPT; 6NSP; 6NSS; 6PL1; 6PL2; 6PL3; 6PL4; 6PMA; 6PMB; 6PMC; 6PME; 7N3T; 7VKM; 7VKN; 7VKO; 7XAF; 7XBI; 8J5W; 8J5X; 8J61; 8J63; 8YTD; 8YTE,NTRK1,NTRK1,HGNC:8031,Humans,DB00321; DB08896; DB11986; DB12010; DB12130; DB12441; DB13926; DB14723; DB14896; DB15822; DB16056; DB16280; DB16826; DB17191; DB18711; DB21536
1044,Trace amine-associated receptor 1,TAAR1,14600074.0,AF380185,Q96RJ0,TAAR1_HUMAN,8JLN; 8JLO; 8JLP; 8JLQ; 8JLR; 8JSO; 8UHB; 8W87; 8W88; 8W89; 8W8A; 8WC8; 8WCA; 8ZSJ; 8ZSP; 8ZSS; 9JKQ,TAAR1,TAAR1,HGNC:17734,Humans,DB00182; DB01255; DB01576; DB01577; DB06714; DB08841; DB09352; DB15665
1122,Transient receptor potential cation channel subfamily A member 1,TRPA1,3287188.0,Y10601,O75762,TRPA1_HUMAN,3J9P; 6HC8; 6PQO; 6PQP; 6PQQ; 6V9V; 6V9W; 6V9X; 6V9Y; 6WJ5; 6X2J; 7JUP; 7OR0; 7OR1,TRPA1,TRPA1,HGNC:497,Humans,DB00825; DB01744; DB03587; DB03843; DB04381; DB09061; DB09543; DB11148; DB11345; DB11755; DB12765; DB13716; DB14009; DB14011; DB14050; DB14184; DB14212; DB19255
1124,Epithelial discoidin domain-containing receptor 1,DDR1,306475.0,L20817,Q08345,DDR1_HUMAN,3ZOS; 4AG4; 4BKJ; 4CKR; 5BVK; 5BVN; 5BVO; 5BVW; 5FDP; 5FDX; 5SAU; 5SAV; 5SAW; 5SAX; 5SAY; 5SAZ; 5SB0; 5SB1; 5SB2; 6BRJ; 6BSD; 6FEW; 6FEX; 6FIL; 6FIN; 6FIO; 6FIQ; 6GWR; 6HP9; 6Y23; 7BCM; 7BE6; 7FEH; 8PE9,DDR1,DDR1,HGNC:2730,Humans,DB00619; DB12010; DB15822
1139,Tumor necrosis factor receptor superfamily member 1A,TNFRSF1A,37224.0,X55313,P19438,TNR1A_HUMAN,1EXT; 1FT4; 1ICH; 1NCF; 1TNR; 7K7A; 7KP7; 7KP8; 7KPB; 8P6Q,TNFRSF1A,TNFRSF1A,HGNC:11916,Humans,DB03507; DB11626
1158,Gastrin/cholecystokinin type B receptor,CCKBR,306489.0,L08112,P32239,GASR_HUMAN,1L4T; 7F8V; 7F8W; 7XOW; 8IA7,CCKBR,CCKBR,HGNC:1571,Humans,DB00183; DB00403; DB04856; DB08862; DB09142; DB12355; DB20305; DB20647; DB21121
1161,Endothelial protein C receptor,PROCR,565268.0,L35545,Q9UNN8,EPCR_HUMAN,1L8J; 1LQV; 3JTC; 4V3D; 4V3E; 6SNY; 7OKS; 7OKT; 7OKU; 7OKV; 7Q5D; 8C44,PROCR,PROCR,HGNC:9452,Humans,DB00055; DB04327; DB11328
1164,Toll-like receptor 2,TLR2,3132528.0,AF051152,O60603,TLR2_HUMAN,1FYW; 1FYX; 1O77; 2Z7X; 2Z80; 6NIG; 8AR0,TLR2,TLR2,HGNC:11848,Humans,DB00045; DB00210; DB03963; DB05475; DB11601; DB16474; DB20763
1171,Toll-like receptor 9,TLR9,8099652.0,AF259262,Q9NR96,TLR9_HUMAN,8AR3,TLR9,TLR9,HGNC:15633,Humans,DB00608; DB01611; DB05463; DB05475; DB05530; DB16341; DB16485
1186,Transient receptor potential cation channel subfamily M member 8,TRPM8,20147036.0,AY090109,Q7Z2W7,TRPM8_HUMAN,8BDC,TRPM8,TRPM8,HGNC:17961,Humans,DB00825; DB01744; DB03852; DB09061; DB11345; DB11755; DB14009; DB14011; DB14123; DB14183; DB14187; DB15450; DB19202
1192,Metabotropic glutamate receptor 5,GRM5,1408052.0,D28538,P41594,GRM5_HUMAN,3LMK; 4OO9; 5CGC; 5CGD; 6N4X; 6N4Y; 6N50; 6N51; 6N52; 7FD8; 7FD9; 8T6J; 8T7H; 8T8M; 8TAO; 8X0B; 8X0C; 8X0D; 8X0E; 8X0F; 8X0G; 8X0H,GRM5,GRM5,HGNC:4597,Humans,DB00659; DB02999; DB04256; DB05070; DB06201; DB11833; DB12733; DB12931; DB13004; DB16943; DB17078; DB21403
1196,Tumor necrosis factor receptor superfamily member 5,CD40,29851.0,X60592,P25942,TNR5_HUMAN,1CZZ; 1D00; 1FLL; 1LB6; 3QD6; 5DMI; 5DMJ; 5IHL; 6FAX; 6PE8; 6PE9; 7P3I; 8YX1; 8YX9,CD40,CD40,HGNC:11919,Humans,DB06360; DB12589
1203,Fibroblast growth factor receptor 4,FGFR4,31372.0,X57205,P22455,FGFR4_HUMAN,4QQ5; 4QQC; 4QQJ; 4QQT; 4QRC; 4R6V; 4TYE; 4TYG; 4TYI; 4TYJ; 4UXQ; 4XCU; 5JKG; 5NUD; 5NWZ; 5XFF; 5XFJ; 6IUO; 6IUP; 6J6Y; 6JPE; 6JPJ; 6NVG; 6NVH; 6NVI; 6NVJ; 6NVK; 6V9C; 6YI8; 7DTZ; 7F3M; 7N1J; 7TYD; 7V29; 7VJL; 7WCT; 7WCW; 7WCX; 7YBO; 7YBP; 7YBX; 7YC1; 7YC3; 7YSW; 8KH6; 8KH7; 8KH8; 8KH9; 8W5C; 8XLQ,FGFR4,FGFR4,HGNC:3691,Humans,DB01109; DB08901; DB09078; DB11886; DB12147; DB15102; DB15149; DB15169; DB16167; DB16845
1288,Triggering receptor expressed on myeloid cells 1,TREM1,8050527.0,AF196329,Q9NP99,TREM1_HUMAN,1Q8M; 1SMO,TREM1,TREM1,HGNC:17760,Humans,DB01694
1598,Oxysterols receptor LXR-beta,NR1H2,641962.0,U07132,P55055,NR1H2_HUMAN,1P8D; 1PQ6; 1PQ9; 1PQC; 1UPV; 1UPW; 3KFC; 3L0E; 4DK7; 4DK8; 4NQA; 4RAK; 5HJP; 5I4V; 5JY3; 5KYA; 5KYJ; 6JIO; 6K9G; 6K9H; 6K9M; 6S4N; 6S4T; 6S4U; 6S5K,NR1H2,NR1H2,HGNC:7965,Humans,DB02325; DB03791; DB03848; DB07080; DB07082; DB11994; DB13174
1777,Bile acid receptor,NR1H4,1546084.0,U68233,Q96RI1,NR1H4_HUMAN,1OSH; 3BEJ; 3DCT; 3DCU; 3FLI; 3FXV; 3GD2; 3HC5; 3HC6; 3L1B; 3OKH; 3OKI; 3OLF; 3OMK; 3OMM; 3OOF; 3OOK; 3P88; 3P89; 3RUT; 3RUU; 3RVF; 4OIV; 4QE8; 4WVD; 5IAW; 5ICK; 5Q0I; 5Q0J; 5Q0K; 5Q0L; 5Q0M; 5Q0N; 5Q0O; 5Q0P; 5Q0Q; 5Q0R; 5Q0S; 5Q0T; 5Q0U; 5Q0V; 5Q0W; 5Q0X; 5Q0Y; 5Q0Z; 5Q10; 5Q11; 5Q12; 5Q13; 5Q14; 5Q15; 5Q16; 5Q17; 5Q18; 5Q19; 5Q1A; 5Q1B; 5Q1C; 5Q1D; 5Q1E; 5Q1F; 5Q1G; 5Q1H; 5Q1I; 5WZX; 5Y1J; 5Y44; 5Y49; 5YXB; 5YXD; 5YXJ; 5YXL; 5Z12; 6A5W; 6A5X; 6A5Y; 6A5Z; 6A60; 6HL0; 6HL1; 6ITM; 7D42; 7TRB; 7VUE; 8HBM; 8HD3,NR1H4,NR1H4,HGNC:7967,Humans,DB00132; DB01586; DB02509; DB02545; DB02659; DB03619; DB04348; DB04557; DB05990; DB06777; DB08220; DB11605; DB12276; DB12719; DB13808; DB15168; DB15416; DB16045; DB16255; DB16343; DB18782
1861,TGF-beta receptor type-2,TGFBR2,339570.0,M85079,P37173,TGFR2_HUMAN,1KTZ; 1M9Z; 1PLO; 2PJY; 3KFD; 4P7U; 4XJJ; 5E8V; 5E8Y; 5E91; 5E92; 5QIN; 5TX4; 5TY4; 7DV6; 8G4K; 8YGZ; 9B9F; 9E9G; 9FDY; 9FK5; 9FKP,TGFBR2,TGFBR2,HGNC:11773,Humans,DB10770; DB10772; DB12010
2088,Estrogen-related receptor gamma,ESRRG,4092075.0,AF094518,P62508,ERR3_HUMAN,1KV6; 1TFC; 1VJB; 2E2R; 2EWP; 2GP7; 2GPO; 2GPP; 2GPU; 2GPV; 2P7A; 2P7G; 2P7Z; 2ZAS; 2ZBS; 2ZKC; 5YSO; 6A6K; 6I61; 6I62; 6I63; 6I64; 6I65; 6I66; 6I67; 6K3N; 6KNR; 6XXC; 6XY5; 6Y18; 6Y1D; 6Y3W; 6Y58; 8B4Q; 8BJG; 8BJN; 8BM5; 8IFO,ESRRG,ESRRG,HGNC:3474,Humans,DB00197; DB00253; DB00255; DB00288; DB00394; DB00547; DB00596; DB00663; DB00675; DB00846; DB00995; DB01047; DB01130; DB01260; DB01380; DB02659; DB04468; DB06786; DB06884; DB06902; DB06973; DB07485; DB13952; DB13953; DB13954; DB13955; DB13956; DB14596
2097,Low affinity immunoglobulin gamma Fc region receptor III-A,FCGR3A,31324.0,X52645,P08637,FCG3A_HUMAN,3AY4; 3SGJ; 3SGK; 3WN5; 5BW7; 5D6D; 5ML9; 5MN2; 5VU0; 5XJE; 5XJF; 5YC5; 7SEG; 7URU,FCGR3A,FCGR3A,HGNC:3619,Humans,DB00002; DB00005; DB00028; DB00056; DB00087; DB00092; DB00110; DB00111; DB00112; DB06607; DB11767; DB12023; DB16695
2098,Low affinity immunoglobulin gamma Fc region receptor II-a,FCGR2A,182474.0,M31932,P12318,FCG2A_HUMAN,1FCG; 1H9V; 3D5O; 3RY4; 3RY5; 3RY6; 8CHA,FCGR2A,FCGR2A,HGNC:3616,Humans,DB00002; DB00005; DB00028; DB00054; DB00087; DB00111; DB00112; DB06607; DB11767; DB17728
2099,Low affinity immunoglobulin gamma Fc region receptor II-b,FCGR2B,4099445.0,U87560,P31994,FCG2B_HUMAN,2FCB; 3WJJ; 5OCC,FCGR2B,FCGR2B,HGNC:3618,Humans,DB00005; DB00028; DB00054; DB00081; DB00087; DB00098; DB00110; DB00111; DB00112; DB11767; DB17991
2100,Low affinity immunoglobulin gamma Fc region receptor II-c,FCGR2C,32074.0,X17652,P31995,FCG2C_HUMAN,3WJL; 6YAX,FCGR2C,FCGR2C,HGNC:15626,Humans,DB00005; DB00028; DB00087; DB00111; DB00112
2102,Cytokine receptor common subunit gamma,IL2RG,219890.0,D11086,P31785,IL2RG_HUMAN,2B5I; 2ERJ; 3BPL; 3QAZ; 3QB7; 4GS7; 5M5E; 6OEL; 7S2R; 8ENT; 8EPA; 9JQT,IL2RG,IL2RG,HGNC:6010,Humans,DB00041; DB05943; DB16479; DB18740
2110,Prolow-density lipoprotein receptor-related protein 1,LRP1,34339.0,X13916,Q07954,LRP1_HUMAN,1CR8; 1D2L; 1J8E; 2FYJ; 2FYL; 2KNX; 2KNY,LRP1,LRP1,HGNC:6692,Humans,DB00025; DB00100; DB06245; DB13133; DB13152; DB13998; DB13999
2115,Cytokine receptor common subunit beta,CSF2RB,487425.0,M59941,P32927,IL3RB_HUMAN,1C8P; 1EGJ; 1GH7; 2GYS; 2NA8; 2NA9; 4NKQ; 5DWU; 8TLD,CSF2RB,CSF2RB,HGNC:2436,Humans,DB00020; DB05264; DB05943
2118,Asialoglycoprotein receptor 2,ASGR2,179081.0,M11025,P07307,ASGR2_HUMAN,8URF,ASGR2,ASGR2,HGNC:743,Humans,DB00025; DB13998; DB13999
2131,Fibroblast growth factor receptor 1,FGFR1,31368.0,X51803,P11362,FGFR1_HUMAN,1AGW; 1CVS; 1EVT; 1FGI; 1FGK; 1FQ9; 1XR0; 2CR3; 2FGI; 3C4F; 3DPK; 3GQI; 3GQL; 3JS2; 3KRJ; 3KRL; 3KXX; 3KY2; 3OJV; 3RHX; 3TT0; 4F63; 4F64; 4F65; 4NK9; 4NKA; 4NKS; 4RWI; 4RWJ; 4RWK; 4RWL; 4UWB; 4UWC; 4UWY; 4V01; 4V04; 4V05; 4WUN; 4ZSA; 5A46; 5A4C; 5AM6; 5AM7; 5B7V; 5EW8; 5FLF; 5O49; 5O4A; 5UQ0; 5UR1; 5VND; 5W21; 5W59; 5Z0S; 5ZV2; 6C18; 6C19; 6C1B; 6C1C; 6C1O; 6ITJ; 6MZQ; 6MZW; 6NVL; 6P68; 6P69; 7OZB; 7OZD; 7OZF; 7WCL; 7YSH; 8JMZ; 8JQI; 8XLO; 8XZ7; 8Y22; 8YKI; 9CD5,FGFR1,FGFR1,HGNC:3688,Humans,DB00039; DB00398; DB01109; DB02058; DB02567; DB05014; DB05332; DB06436; DB07525; DB07840; DB07959; DB08339; DB08577; DB08896; DB08901; DB09078; DB09079; DB11845; DB11886; DB12010; DB12072; DB12147; DB12247; DB12903; DB14889; DB15102; DB15106; DB15149; DB15685; DB15822; DB17041; DB18442
2133,Fibroblast growth factor receptor 3,FGFR3,182569.0,M58051,P22607,FGFR3_HUMAN,1RY7; 2LZL; 4K33; 6LVM; 6PNX; 7DHL; 7YSU; 8UDT; 8UDU; 8UDV; 9CD7,FGFR3,FGFR3,HGNC:3690,Humans,DB05014; DB05928; DB06589; DB08577; DB08901; DB09078; DB09079; DB09283; DB11845; DB11865; DB11886; DB12010; DB12147; DB12558; DB12903; DB15102; DB15149; DB15685; DB17587
2134,Glucagon-like peptide 2 receptor,GLP2R,4324491.0,AF105367,O95838,GLP2R_HUMAN,7D68,GLP2R,GLP2R,HGNC:4325,Humans,DB00040; DB08900
2147,Somatostatin receptor type 5,SSTR5,431095.0,L14865,P35346,SSR5_HUMAN,8X8L; 8X8N; 8ZBE; 8ZCJ,SSTR5,SSTR5,HGNC:11334,Humans,DB04894; DB06663; DB06791; DB09099; DB13985; DB15494
2222,Substance-K receptor,TACR2,189135.0,M57414,P21452,NK2R_HUMAN,7XWO,TACR2,TACR2,HGNC:11527,Humans,DB06660; DB12042; DB12538; DB13083
2258,Succinate receptor 1,SUCNR1,13517983.0,AF348078,Q9BXA5,SUCR1_HUMAN,8JPN; 8JPP; 8WOG; 8WP1; 8YKV; 8YKW; 8YKX,SUCNR1,SUCNR1,HGNC:4542,Humans,DB00139
2340,Gamma-aminobutyric acid type B receptor subunit 2,GABBR2,3776098.0,AJ012188,O75899,GABR2_HUMAN,4F11; 4F12; 4MQE; 4MQF; 4MR7; 4MR8; 4MR9; 4MRM; 4MS1; 4MS3; 4MS4; 4PAS; 6M8R; 6OCP; 6UO8; 6UO9; 6UOA; 6VJM; 6W2X; 6WIV; 7C7Q; 7C7S; 7CA3; 7CA5; 7CUM; 7EB2,GABBR2,GABBR2,HGNC:4507,Humans,DB00181; DB00363; DB00837; DB00996; DB01440; DB02530; DB05010; DB05404; DB08891; DB08892; DB11920
2341,Neuronal acetylcholine receptor subunit alpha-7,CHRNA7,496607.0,X70297,P36544,ACHA7_HUMAN,2MAW; 5AFH; 5AFJ; 5AFK; 5AFL; 5AFM; 5AFN; 7EKI; 7EKP; 7EKT; 7KOO; 7KOQ; 7KOX; 7RPM; 8C9X; 8CAU; 8CE4; 8CI1; 8CI2; 8F4V; 8P1H; 8UT1; 8UTB; 8UZJ; 8V80; 8V82; 8V86; 8V88; 8V89; 8V8A; 8V8C; 8V8D,CHRNA7,CHRNA7,HGNC:1960,Humans,DB00122; DB00184; DB00193; DB00241; DB00246; DB00306; DB00312; DB00333; DB00418; DB00463; DB00514; DB00599; DB00657; DB00674; DB00794; DB00849; DB00898; DB00915; DB01043; DB01174; DB01199; DB01221; DB01273; DB01351; DB01352; DB01353; DB01354; DB01355; DB01483; DB01496; DB01520; DB03128; DB05137; DB05586; DB05708; DB05712; DB05740; DB06090; DB07720; DB08823; DB09028; DB09061; DB11726; DB11867; DB12056; DB12145; DB13648; DB14006; DB14009; DB14011; DB14854; DB18707; DB19040; DB19353
2342,Metabotropic glutamate receptor 3,GRM3,1171564.0,X77748,Q14832,GRM3_HUMAN,3SM9; 4XAR; 5CNK; 5CNM; 6B7H; 7WI6; 7WI8; 7WIH; 8JCU; 8JCV; 8JCW; 8JCX; 8JCY; 8JCZ; 8JD0; 8JD1; 8JD2; 8JD3; 9II2; 9II3,GRM3,GRM3,HGNC:4595,Humans,DB02999; DB04256; DB04870; DB05096; DB11923; DB19650; DB19742; DB21031
2343,Neuronal acetylcholine receptor subunit alpha-9,CHRNA9,6688136.0,AJ243342,Q9UGM1,ACHA9_HUMAN,4D01; 4UXU; 4UY2; 6HY7,CHRNA9,CHRNA9,HGNC:14079,Humans,DB00184; DB00898; DB05069; DB05137; DB05740; DB08837
2344,Gamma-aminobutyric acid receptor subunit beta-1,GABRB1,31635.0,X14767,P18505,GBRB1_HUMAN,9CTV; 9CXB; 9CXD,GABRB1,GABRB1,HGNC:4081,Humans,DB00363; DB00431; DB00898; DB01567
2345,Gamma-aminobutyric acid receptor subunit beta-3,GABRB3,182925.0,M82919,P28472,GBRB3_HUMAN,4COF; 5O8F; 5OJM; 6A96; 6HUG; 6HUJ; 6HUK; 6HUO; 6HUP; 6I53; 6QFA; 7PBD; 7PBZ; 7PC0; 7QN5; 7QN6; 7QN7; 7QN8; 7QN9; 7QNA; 7QNB; 7QNC; 7QND; 7QNE; 8PVB; 9CSB; 9CTJ; 9CX7; 9CXA; 9CXC; 9EQG,GABRB3,GABRB3,HGNC:4083,Humans,DB00431; DB00592; DB00818; DB00898; DB01567; DB06716; DB12458
2346,Gamma-aminobutyric acid receptor subunit beta-2,GABRB2,455946.0,S67368,P47870,GBRB2_HUMAN,6D6T; 6D6U; 6X3S; 6X3T; 6X3U; 6X3V; 6X3W; 6X3X; 6X3Z; 6X40; 7T0W; 7T0Z; 8DD2; 8DD3; 8SGO; 8SI9; 8SID; 8VQY; 8VRN; 9CRS; 9CRV; 9CSB; 9CT0; 9CTJ; 9CTP; 9CTV; 9CXA; 9CXB; 9CXC; 9CXD; 9DRX,GABRB2,GABRB2,HGNC:4082,Humans,DB00189; DB00395; DB00818; DB00898; DB01381; DB01567; DB02530; DB06716; DB11582; DB11859; DB12308; DB17063; DB21275
2371,Neuromedin-K receptor,TACR3,,M89473,P29371,NK3R_HUMAN,8JBF; 8JBG; 8JBH,TACR3,TACR3,HGNC:11528,Humans,DB04872; DB06429; DB11692; DB15669; DB18968
2375,Prostaglandin E2 receptor EP3 subtype,PTGER3,,S69200,P43115,PE2R3_HUMAN,6AK3; 6M9T; 7WU9; 8GDC,PTGER3,PTGER3,HGNC:9595,Humans,DB00770; DB00905; DB00917; DB00929; DB02056; DB05027; DB08964; DB09211; DB11113; DB11507; DB11519; DB12789; DB20983
2378,Nociceptin receptor,OPRL1,,X77130,P41146,OPRX_HUMAN,4EA3; 5DHG; 5DHH; 8F7X,OPRL1,OPRL1,HGNC:8155,Humans,DB00921; DB01497; DB05132; DB05492; DB16013; DB16048; DB17033; DB20128
2418,Neuropeptide Y receptor type 4,NPY4R,,U35232,P50391,NPY4R_HUMAN,7X9C,NPY4R,PPYR1,HGNC:9329,Humans,DB05004; DB05045; DB05085
2419,Neuropeptide Y receptor type 2,NPY2R,,U36269,P49146,NPY2R_HUMAN,7X9B; 7YON; 7YOO; 8K6N,NPY2R,NPY2R,HGNC:7957,Humans,DB00847; DB05004; DB05045; DB11788
2420,Interleukin-4 receptor subunit alpha,IL4R,,X52425,P24394,IL4RA_HUMAN,1IAR; 1IRS; 3BPL; 3BPN; 3BPO; 5E4E; 6OEL; 6WGL; 8K4Q,IL4R,IL4R,HGNC:6015,Humans,DB05078; DB12159; DB17345
2421,Interleukin-13 receptor subunit alpha-2,IL13RA2,,X95302,Q14627,I13R2_HUMAN,3LB6,IL13RA2,IL13RA2,HGNC:5975,Humans,DB05078
2426,Atrial natriuretic peptide receptor 3,NPR 3.00,,X52282,P17342,ANPRC_HUMAN,1JDN; 1JDP; 1YK0; 1YK1,NPR 3.00,NPR 3.00,HGNC:7945,Humans,DB04899
2432,Sphingosine 1-phosphate receptor 5,S1PR5,,AF331840,Q9H228,S1PR5_HUMAN,7EW1; 7YXA,S1PR5,EDG8,HGNC:14299,Humans,DB08868; DB11819; DB12371; DB12612; DB14766
2442,Toll-like receptor 4,TLR4,,U93091,O00206,TLR4_HUMAN,2Z62; 2Z63; 2Z65; 2Z66; 3FXI; 3UL7; 3UL8; 3UL9; 3ULA; 4G8A; 5NAM; 5NAO; 8WO1; 8WTA,TLR4,TLR4,HGNC:11850,Humans,DB00924; DB01183; DB02767; DB03017; DB04933; DB05475; DB05943; DB06447; DB08231; DB11193; DB13615; DB17244; DB20763
2447,Melanocyte-stimulating hormone receptor,MC1R,,X65634,Q01726,MSHR_HUMAN,7F4D; 7F4F; 7F4H; 7F4I,MC1R,MC1R,HGNC:6929,Humans,DB04931; DB05479; DB11653; DB18007
2451,Neuropeptide Y receptor type 1,NPY1R,,M88461,P25929,NPY1R_HUMAN,5ZBQ; 7VGX; 7X9A; 8K6M; 8K6O,NPY1R,NPY1R,HGNC:7956,Humans,DB05004; DB11788
2453,Ephrin type-B receptor 4,EPHB4,,U07695,P54760,EPHB4_HUMAN,2BBA; 2E7H; 2HLE; 2QKQ; 2VWU; 2VWV; 2VWW; 2VWX; 2VWY; 2VWZ; 2VX0; 2VX1; 2X9F; 2XVD; 2YN8; 3ZEW; 4AW5; 4BB4; 6FNI; 6FNJ; 6FNK; 6FNL; 6FNM,EPHB4,EPHB4,HGNC:3395,Humans,DB01254; DB07249; DB07250; DB07251; DB07252; DB07253; DB07254; DB07255; DB07256; DB11973; DB12010
2463,C-C chemokine receptor type 9,CCR9,,AJ132337,P51686,CCR9_HUMAN,5LWE,CCR9,CCR9,HGNC:1610,Humans,DB15250
2859,Interleukin-6 receptor subunit alpha,IL6R,,X12830,P08887,IL6RA_HUMAN,1N26; 1P9M; 2ARW; 5FUC; 7DC8; 8D82; 8IOW; 8QY5; 8QY6,IL6R,IL6R,HGNC:6019,Humans,DB06273; DB11767; DB15762
3223,Anthrax toxin receptor 2,ANTXR2,,AY233452,P58335,ANTR2_HUMAN,1SHT; 1SHU; 1T6B; 1TZN; 7N1O; 8FT6; 8FT8; 8FZ4; 8FZU; 8FZV; 9DOC,ANTXR2,ANTXR2,HGNC:21732,Humans,DB05945
3375,Scavenger receptor cysteine-rich type 1 protein M130,CD163,,BC051281,Q86VB7,C163A_HUMAN,8XMK; 8XMP; 8XMQ; 8XMW; 9FHB; 9FMU; 9FNO,CD163,CD163,HGNC:1631,Humans,DB05389
3376,Leptin receptor,LEPR,,U43168,P48357,LEPR_HUMAN,3V6O; 6E2P; 7Z3Q; 8AVE; 8AVF; 8AVO; 8X80; 8X81; 8X85,LEPR,LEPR,HGNC:6554,Humans,DB05098; DB09046
3378,Glucose-dependent insulinotropic receptor,GPR119,,AB083584,Q8TDV5,GP119_HUMAN,7WCM; 7WCN; 7XZ5; 7XZ6; 8VHF; 8ZR5; 8ZRK,GPR119,GPR119,HGNC:19060,Humans,DB05166; DB11773; DB12084; DB12345; DB12627; DB13171; DB14043; DB16495
3379,Angiopoietin-1 receptor,TEK,,L06139,Q02763,TIE2_HUMAN,1FVR; 2GY5; 2GY7; 2OO8; 2OSC; 2P4I; 2WQB; 3BEA; 3L8P; 4K0V; 4X3J; 5MYA; 5MYB; 5UTK; 6MWE; 7E72,TEK,TEK,HGNC:11724,Humans,DB05294; DB08221; DB08875; DB08896; DB08901; DB12010; DB13005; DB14840; DB16294; DB16353; DB17191; DB18155
3383,Growth hormone secretagogue receptor type 1,GHSR,,U60179,Q92847,GHSR_HUMAN,6KO5; 7F9Y; 7F9Z; 7NA7; 7NA8; 7W2Z; 8JSR,GHSR,GHSR,HGNC:4267,Humans,DB06645; DB12128; DB12370; DB13074; DB14870; DB15205; DB15488; DB18214; DB18252; DB20892
3387,C-C chemokine receptor type 2,CCR2,,U03882,P41597,CCR2_HUMAN,2MLO; 2MLQ; 5T1A; 7P8X; 7XA3,CCR2,CCR2,HGNC:1603,Humans,DB05130; DB05159; DB05383; DB11758; DB11990; DB12520; DB15748; DB16066; DB16240; DB28444
3399,Free fatty acid receptor 4,FFAR4,,AY288417,Q5NUL3,FFAR4_HUMAN,8G59; 8H4I; 8H4K; 8H4L; 8ID3; 8ID4; 8ID6; 8ID8; 8ID9; 8IYS; 8T3O; 8T3Q,FFAR4,GPR120,HGNC:19061,Humans,DB05532; DB05793; DB13961
3405,Folate receptor alpha,FOLR1,,M28099,P15328,FOLR1_HUMAN,4KM6; 4KM7; 4KMX; 4LRH; 5IZQ,FOLR1,FOLR1,HGNC:3791,Humans,DB00158; DB00205; DB05168; DB05595; DB06178; DB11810; DB12266; DB12489; DB12559; DB15413
3416,Transient receptor potential cation channel subfamily V member 3,TRPV3,,AJ487035,Q8NET8,TRPV3_HUMAN,6H9J; 6HA6; 6MHO; 6MHS; 6MHV; 6MHW; 6MHX; 6OT2; 6OT5; 6UW4; 6UW6; 6UW8; 6UW9; 7QQN; 7XJ0; 7XJ1; 7XJ2; 7XJ3; 8GKA; 8GKG; 8V6K; 8V6L; 8V6M; 8V6N; 8V6O,TRPV3,TRPV3,HGNC:18084,Humans,DB00825; DB01744; DB09061; DB09086; DB11288; DB11345; DB11755; DB14009; DB14011; DB14184; DB16404
3426,Type-2 angiotensin II receptor,AGTR2,,U20860,P50052,AGTR2_HUMAN,5UNF; 5UNG; 5UNH; 5XJM; 6JOD; 7C6A; 7JNI,AGTR2,AGTR2,HGNC:338,Humans,DB01349; DB05739; DB06763; DB11842; DB12548; DB16266; DB18038
3433,Tumor necrosis factor receptor superfamily member 10B,TNFRSF10B,,AF016849,O14763,TR10B_HUMAN,1D0G; 1D4V; 1DU3; 1ZA3; 2H9G; 3X3F; 4I9X; 4N90; 4OD2; 6NHW; 6NHY; 6T3J; 8DPX,TNFRSF10B,TNFRSF10B,HGNC:11905,Humans,DB05895; DB06599; DB17493
3440,Thrombopoietin receptor,MPL,,M90102,P40238,TPOR_HUMAN,8G04,MPL,MPL,HGNC:7217,Humans,DB05332; DB05930; DB06210; DB06436; DB06534; DB11995; DB13125
3446,G-protein coupled estrogen receptor 1,GPER1,,BC011634,Q99527,GPER1_HUMAN,8XOF; 8XOG; 8XOH; 8XOI; 8XOJ,GPER1,GPER,HGNC:4485,Humans,DB00783; DB01645; DB05939; DB13952; DB13953; DB13954; DB13955; DB13956; DB16547; DB18091
3447,Anthrax toxin receptor 1,ANTXR1,,BC012074,Q9H6X2,ANTR1_HUMAN,3N2N; 6ADL; 6ADM; 6ADR; 6CX1,ANTXR1,ANTXR1,HGNC:21014,Humans,DB05945
3461,Tumor necrosis factor receptor superfamily member 11A,TNFRSF11A,,AF018253,Q9Y6Q6,TNR11_HUMAN,1LB5,TNFRSF11A,TNFRSF11A,HGNC:11908,Humans,DB05959
3463,Tumor necrosis factor receptor superfamily member 9,TNFRSF9,,BC006196,Q07011,TNR9_HUMAN,6A3V; 6A3W; 6BWV; 6CPR; 6CU0; 6MGP; 6MHR; 6MI2; 6Y8K; 7D4B; 7YXU; 8GYE; 8OZ3,TNFRSF9,TNFRSF9,HGNC:11924,Humans,DB12077
3465,Low affinity immunoglobulin epsilon Fc receptor,FCER2,,BC062591,P06734,FCER2_HUMAN,1T8C; 1T8D; 2H2R; 2H2T; 4EZM; 4G96; 4G9A; 4GI0; 4GJ0; 4GJX; 4GK1; 4GKO; 4J6J; 4J6K; 4J6L; 4J6M; 4J6N; 4J6P; 4J6Q; 4KI1; 5LGK; 6Y0L; 6Y0M,FCER2,FCER2,HGNC:3612,Humans,DB06162
3468,KiSS-1 receptor,KISS1R,,AY253982,Q969F8,KISSR_HUMAN,7YQE; 8XGO; 8XGS; 8XGU; 8ZJD; 8ZJE,KISS1R,KISS1R,HGNC:4510,Humans,DB05967; DB16210
3471,Interleukin-5 receptor subunit alpha,IL5RA,,AY642135,Q01344,IL5RA_HUMAN,1OBX; 1OBZ; 3QT2; 3VA2; 6H41; 8TLD,IL5RA,IL5RA,HGNC:6017,Humans,DB01093; DB12023
3472,Activin receptor type-2A,ACVR2A,,BC069707,P27037,AVR2A_HUMAN,3Q4T; 3SOC; 4ASX; 5NH3; 7U5P,ACVR2A,ACVR2A,HGNC:173,Humans,DB12118
3478,Melanin-concentrating hormone receptor 1,MCHR1,,U71092,Q99705,MCHR1_HUMAN,8WSS; 8WWH; 8WWI; 8WWJ; 8WWK; 8WWL; 8WWM; 8WWN; 8YNT,MCHR1,MCHR1,HGNC:4479,Humans,DB00502; DB06027; DB14787
3479,Tumor necrosis factor receptor superfamily member 8,TNFRSF8,,AY498860,P28908,TNR8_HUMAN,1D01,TNFRSF8,TNFRSF8,HGNC:11923,Humans,DB05550; DB06324; DB08870
3490,Leukotriene B4 receptor 1,LTB4R,,BC004545,Q15722,LT4R1_HUMAN,7K15; 7VKT,LTB4R,LTB4R,HGNC:6713,Humans,DB05851; DB06248; DB09285; DB12850; DB12961; DB13053; DB17101; DB20531
3508,Parathyroid hormone/parathyroid hormone-related peptide receptor,PTH1R,,BC112247,Q03431,PTH1R_HUMAN,1BL1; 3C4M; 3H3G; 3L2J; 4Z8J; 5EMB; 6NBF; 6NBH; 6NBI; 7UZO; 7UZP; 7VVJ; 7VVK; 7VVL; 7VVM; 7VVN; 7VVO; 7Y35; 7Y36; 8BIA; 8BJ0; 8D51; 8D52; 8FLQ; 8FLR; 8FLS; 8FLT; 8FLU; 8GW8; 8HA0; 8HAF; 8HAO; 8JR9; 9JR2; 9JR3,PTH1R,PTHR1,HGNC:9608,Humans,DB05084; DB05829; DB06285; DB14946; DB18676
3509,C-C chemokine receptor type 1,CCR1,,BC064991,P32246,CCR1_HUMAN,7VL8; 7VL9; 7VLA,CCR1,CCR1,HGNC:1602,Humans,DB06505; DB12002; DB12963; DB14941
3513,B2 bradykinin receptor,BDKRB2,,BC074895,P30411,BKRB2_HUMAN,7F2O; 7F6H; 7F6I,BDKRB2,BDKRB2,HGNC:1030,Humans,DB05038; DB06196; DB06549; DB12126; DB15646; DB20063
3518,Toll-like receptor 8,TLR8,,BC101077,Q9NR97,TLR8_HUMAN,3W3G; 3W3J; 3W3K; 3W3L; 3W3M; 3W3N; 3WN4; 4QBZ; 4QC0; 4R07; 4R08; 4R09; 4R0A; 4R6A; 5AWA; 5AWB; 5AWC; 5AWD; 5AZ5; 5HDH; 5WYX; 5WYZ; 5Z14; 5Z15; 6KYA; 6TY5; 6V9U; 6WML; 6ZJZ; 7CRF; 7R52; 7R53; 7R54; 7RC9; 7YTX; 8PFI; 9MHW; 9MHX; 9MHY,TLR8,TLR8,HGNC:15632,Humans,DB00724; DB06530; DB12303; DB16324; DB16580; DB19590
3521,Motilin receptor,MLNR,,AL137000,O43193,MTLR_HUMAN,8IBU; 8IBV,MLNR,MLNR,HGNC:4495,Humans,DB00199; DB05946; DB06587; DB12567
3522,Prostaglandin E2 receptor EP4 subtype,PTGER4,,BC113523,P35408,PE2R4_HUMAN,5YHL; 5YWY; 7D7M; 8GCM; 8GCP; 8GD9; 8GDA; 8GDB,PTGER4,PTGER4,HGNC:9596,Humans,DB00770; DB00917; DB00929; DB02056; DB09211; DB11113; DB12789; DB12836; DB16315; DB20983; DB21421
3528,Somatostatin receptor type 2,SSTR2,,BC095495,P30874,SSR2_HUMAN,7T10; 7T11; 7UL5; 7WIC; 7WIG; 7WJ5; 7XAT; 7XAU; 7XAV; 7XMR; 7Y24; 7Y26; 7Y27; 7YAC; 7YAE,SSTR2,SSTR2,HGNC:11331,Humans,DB00104; DB04894; DB06663; DB06791; DB09099; DB13925; DB13985; DB15494; DB15873; DB16144; DB16277; DB18351
3529,Somatostatin receptor type 3,SSTR3,,BC096829,P32745,SSR3_HUMAN,8XIQ; 8XIR,SSTR3,SSTR3,HGNC:11332,Humans,DB06663; DB09099; DB13985; DB15494
3552,C-X-C chemokine receptor type 1,CXCR1,559050.0,L19591,P25024,CXCR1_HUMAN,1ILP; 1ILQ; 2LNL; 6XMN; 8IC0,CXCR1,,HGNC:6026,Humans,DB01009; DB01050; DB08951; DB08955; DB11711; DB12614; DB19210
3561,Prostaglandin D2 receptor 2,PTGDR2,4204216.0,AB008535,Q9Y5Y4,PD2R2_HUMAN,6D26; 6D27; 7M8W; 8XXU; 8XXV; 9IYB,PTGDR2,,HGNC:4502,Humans,DB00328; DB00605; DB00770; DB00917; DB01088; DB02056; DB04828; DB11629; DB11658; DB11900; DB11946; DB12011; DB12272; DB12524; DB12562; DB12789; DB13036; DB16053
3584,Neuronal acetylcholine receptor subunit beta-4,CHRNB4,1458126.0,U62439,P30926,ACHB4_HUMAN,6PV7; 6PV8,CHRNB4,,HGNC:1964,Humans,DB00184; DB00472; DB00514; DB00898; DB01090; DB01227; DB07720; DB09028
3585,Neuronal acetylcholine receptor subunit alpha-3,CHRNA3,177898.0,M86383,P32297,ACHA3_HUMAN,4ZK4; 5SYO; 5TVC; 6PV7; 6PV8,CHRNA3,,HGNC:1957,Humans,DB00184; DB00333; DB00472; DB00514; DB00848; DB00898; DB00915; DB01090; DB01156; DB01227; DB01273; DB05710; DB05712; DB06402; DB07720; DB09028; DB15096
3588,Neuronal acetylcholine receptor subunit beta-3,CHRNB3,1458124.0,U62438,Q05901,ACHB3_HUMAN,8A5U,CHRNB3,,HGNC:1963,Humans,DB00184; DB00898
3592,Gamma-aminobutyric acid receptor subunit gamma-2,GABRG2,31637.0,X15376,P18507,GBRG2_HUMAN,6D6T; 6D6U; 6HUG; 6HUJ; 6HUK; 6HUO; 6HUP; 6I53; 6X3S; 6X3T; 6X3U; 6X3V; 6X3W; 6X3X; 6X3Z; 6X40; 7QNB; 7QNE; 7T0W; 7T0Z; 8DD2; 8DD3; 8SGO; 8SI9; 8SID; 8VQY; 8VRN; 9CRS; 9CRV; 9CSB; 9CT0; 9CTJ; 9CTP; 9CTV; 9CX7; 9CXA; 9CXB; 9CXC; 9CXD; 9DRX; 9EQG,GABRG2,,HGNC:4087,Humans,DB00395; DB00425; DB01205; DB01381; DB01567; DB02530; DB11582; DB11859; DB12308; DB12458; DB17063; DB21275
3596,Gamma-aminobutyric acid receptor subunit pi,GABRP,2197001.0,U95367,O00591,GBRP_HUMAN,8VSZ; 8VV0,GABRP,,HGNC:4089,Humans,DB00898; DB01567
3599,Gamma-aminobutyric acid receptor subunit delta,GABRD,2388693.0,AF016917,O14764,GBRD_HUMAN,7QN5; 7QN6; 7QN7; 7QN8; 7QN9; 7QNC; 7QND,GABRD,,HGNC:4084,Humans,DB00898; DB01567; DB06554; DB11859
3605,BDNF/NT-3 growth factors receptor,NTRK2,530791.0,U12140,Q16620,NTRK2_HUMAN,1HCF; 1WWB; 2MFQ; 4ASZ; 4AT3; 4AT4; 4AT5; 5MO9; 8OYD,NTRK2,,HGNC:8032,Humans,DB00321; DB08875; DB11823; DB11986; DB12010; DB12130; DB14723; DB16056; DB16826; DB18711
3623,Cation-independent mannose-6-phosphate receptor,IGF2R,33055.0,Y00285,P11717,MPRI_HUMAN,1E6F; 1GP0; 1GP3; 1GQB; 1JPL; 1JWG; 1LF8; 2CNJ; 2L29; 2L2A; 2M68; 2M6T; 2V5N; 2V5O; 2V5P; 5IEI; 6N5X; 6N5Y; 6P8I; 6V02; 6Z30; 6Z31; 6Z32; 8AFZ,IGF2R,,HGNC:5467,Humans,DB01272; DB01277; DB02900; DB11848; DB13173; DB14751; DB16099; DB16708
3721,Aryl hydrocarbon receptor,AHR,533324.0,D16354,P35869,AHR_HUMAN,5NJ8; 7ZUB; 8QMO,AHR,,HGNC:348,Humans,DB00338; DB00379; DB00393; DB00499; DB01076; DB01097; DB01404; DB02052; DB02709; DB04216; DB05332; DB06083; DB06436; DB06732; DB07715; DB08624; DB08995; DB11937; DB12116; DB12328; DB12379; DB13009; DB16862; DB21742
3722,Steroid hormone receptor ERR1,ESRRA,36609.0,X51416,P11474,ERR1_HUMAN,1XB7; 2PJL; 3D24; 3K6P; 7E2E,ESRRA,,HGNC:3471,Humans,DB00197; DB00253; DB00255; DB00288; DB00394; DB00547; DB00596; DB00663; DB00846; DB00896; DB00995; DB01047; DB01130; DB01260; DB01380; DB01645; DB02789; DB04468; DB06732; DB06786; DB06833; DB07776; DB13182; DB14596; DB15334; DB19168; DB21137
3778,T cell receptor alpha chain constant,TRAC,,,P01848,TRAC_HUMAN,1AO7; 1BD2; 1FYT; 1J8H; 1KGC; 1MI5; 1OGA; 1QRN; 1QSF; 1YMM; 1ZGL; 2AK4; 2BNQ; 2BNR; 2BNU; 2CDF; 2CDG; 2ESV; 2EYR; 2EYS; 2EYT; 2F53; 2F54; 2GJ6; 2IAL; 2IAM; 2IAN; 2NX5; 2P5E; 2P5W; 2PO6; 2PYE; 2PYF; 2VLJ; 2VLK; 2VLM; 2VLR; 2XN9; 2XNA; 3ARB; 3ARD; 3ARE; 3ARF; 3ARG; 3D39; 3DX9; 3DXA; 3FFC; 3GSN; 3HE7; 3HG1; 3KPR; 3KPS; 3KXF; 3O4L; 3O6F; 3O8X; 3O9W; 3PWP; 3QDG; 3QDJ; 3QDM; 3QEQ; 3QEU; 3QIB; 3QJF; 3QUX; 3SCM; 3SDA; 3SDC; 3SDD; 3SDX; 3SJV; 3SKN; 3T0E; 3TN0; 3TVM; 4APQ; 4C56; 4G8E; 4G8F; 4IRS; 4JFD; 4JFE; 4JFF; 4JFH; 4JRX; 4JRY; 4MVB; 4MXQ; 4N0C; 4N5E; 4NHU; 4ONH; 4P4K; 4PRH; 4PRI; 4PRP; 4UDT; 4UDU; 4WW1; 4WW2; 4WWK; 4X6B; 4X6C; 4X6D; 4Y16; 4Y2D; 4Y4F; 4Y4H; 4Y4K; 4ZDH; 5BRZ; 5BS0; 5C07; 5C08; 5C09; 5C0A; 5C0B; 5C0C; 5EU6; 5FK9; 5FKA; 5HHM; 5HHO; 5HYJ; 5JZI; 5KS9; 5KSA; 5KSB; 5NQK; 6DKP; 6JXR; 7FJD; 7FJE; 7FJF; 7NDT; 7RYL; 7RYM; 7RYN; 7RYO; 7T2B; 7T2C; 7T2D; 8RRO; 8TW4; 8Y6X; 8YIV; 8YJ2; 8YJ3; 9BBC; 9C3E,TRAC,,HGNC:12029,Humans,DB02740
3779,T cell receptor beta constant 1,TRBC1,338835.0,M12887,P01850,TRBC1_HUMAN,1AO7; 1FYT; 1J8H; 1KGC; 1KTK; 1MI5; 1OGA; 1YMM; 1ZGL; 2AK4; 2AXH; 2BNQ; 2BNR; 2BNU; 2CDE; 2CDF; 2CDG; 2ESV; 2F53; 2F54; 2GJ6; 2IAL; 2IAM; 2IAN; 2NTS; 2NW2; 2NX5; 2P5E; 2P5W; 2PO6; 2PYE; 2PYF; 2VLJ; 2VLK; 2VLM; 2VLR; 2XN9; 2XNA; 3ARB; 3ARD; 3ARE; 3ARF; 3ARG; 3D39; 3D3V; 3DX9; 3DXA; 3FFC; 3HE6; 3HG1; 3KPR; 3KPS; 3O4L; 3TN0; 4G8E; 4G8F; 4GG6; 4GG8; 4IIQ; 4JFD; 4JFE; 4JFF; 4JFH; 4JRX; 4JRY; 4L4T; 4L4V; 4L9L; 4LCC; 4LCW; 4MJI; 4MNQ; 4NQC; 4NQD; 4NQE; 4OZF; 4OZG; 4OZH; 4OZI; 4P46; 4PRH; 4PRI; 4PRP; 4X6B; 4X6C; 4X6D; 4ZDH; 7RYL; 7RYM; 7RYN; 7RYO; 7T2B; 7T2C; 7T2D; 8RRO; 9BBC,TRBC1,,HGNC:12156,Humans,DB02740
3781,Oxysterols receptor LXR-alpha,NR1H3,726513.0,U22662,Q13133,NR1H3_HUMAN,1UHL; 3IPQ; 3IPS; 3IPU; 5AVI; 5AVL; 5HJS,NR1H3,,HGNC:7966,Humans,DB03791; DB07080; DB07929; DB08063; DB08175; DB11994; DB13174
3782,TGF-beta receptor type-1,TGFBR1,431035.0,L11695,P36897,TGFR1_HUMAN,1B6C; 1IAS; 1PY5; 1RW8; 1VJY; 2L5S; 2PJY; 2WOT; 2WOU; 2X7O; 3FAA; 3GXL; 3HMM; 3KCF; 3KFD; 3TZM; 4X0M; 4X2F; 4X2G; 4X2J; 4X2K; 4X2N; 5E8S; 5E8T; 5E8U; 5E8W; 5E8X; 5E8Z; 5E90; 5FRI; 5QIK; 5QIL; 5QIM; 5QTZ; 5QU0; 5USQ; 6B8Y; 6MAC; 8YHF; 8YHL; 9B9F; 9F6X; 9FK5,TGFBR1,,HGNC:11772,Humans,DB03921; DB04434; DB04480; DB07152; DB07267; DB08450; DB11911; DB12010; DB15310; DB16064; DB21463
4020,Very low-density lipoprotein receptor,VLDLR,409426.0,L20470,P98155,VLDLR_HUMAN,1V9U; 3DPR; 6BYV; 8IHP; 8UA4; 8UA8; 8UFB; 8UFC; 8X0K; 8X0L; 8X0M; 8XI4; 8XI5; 8YS2; 8YS4; 8YVZ; 8YW0; 8YW1; 8YW2,VLDLR,,HGNC:12698,Humans,DB03017
4140,Ephrin type-A receptor 7,EPHA7,551608.0,L36642,Q15375,EPHA7_HUMAN,2REI; 3DKO; 3H8M; 3NRU; 7EEC; 7EED; 7EEF,EPHA7,,HGNC:3390,Humans,DB07970; DB12010
4247,Poliovirus receptor,PVR,190205.0,M24407,P15151,PVR_HUMAN,1DGI; 1NN8; 3EPC; 3EPD; 3EPF; 3J8F; 3J9F; 3UDW; 3URO; 4FQP; 6ARQ; 6ISC; 6O3O,PVR,,HGNC:9705,Humans,DB03203; DB08231
4339,Hepatitis B virus receptor binding protein,,46326410.0,AY570731,Q6PYX1,Q6PYX1_HUMAN,4NHG; 4NHH; 4QGT,,,,Humans,DB08545
4494,Cation-dependent mannose-6-phosphate receptor,M6PR,,,P20645,MPRD_HUMAN,1JUQ,M6PR,,HGNC:6752,Humans,DB01272; DB02755; DB02900
4549,Ephrin type-B receptor 2,EPHB2,,,P29323,EPHB2_HUMAN,1B4F; 1F0M; 2QBX; 3ZFM; 8EBL,EPHB2,,HGNC:3393,Humans,DB04395; DB12010; DB12843; DB13930; DB21490
4661,Acetylcholine receptor subunit alpha,CHRNA1,,,P02708,ACHA_HUMAN,4ZJS; 5HBT,CHRNA1,,HGNC:1955,Humans,DB00555; DB00565; DB01245; DB08838
4688,5-hydroxytryptamine receptor 5A,HTR5A,,,P47898,5HT5A_HUMAN,7UM4; 7UM5; 7UM6; 7UM7; 7X5H,HTR5A,,HGNC:5300,Humans,DB00246; DB00408; DB01238; DB01445; DB06216; DB08839; DB13520
4703,Parathyroid hormone 2 receptor,PTH2R,,,P49190,PTH2R_HUMAN,7F16,PTH2R,,HGNC:9609,Humans,DB05829; DB20016
4735,Interleukin-1 receptor antagonist protein,IL1RN,,,P18510,IL1RA_HUMAN,1ILR; 1ILT; 1IRA; 1IRP; 2IRT,IL1RN,,HGNC:6000,Humans,DB06372
4741,Discoidin domain-containing receptor 2,DDR2,,,Q16832,DDR2_HUMAN,2WUH; 2Z4F; 6FER; 7AZB,DDR2,,HGNC:2731,Humans,DB00619; DB08896; DB12010
795,Gamma-aminobutyric acid receptor subunit alpha-1,GABRA1,31631.0,X13584,P14867,GBRA1_HUMAN,6CDU; 6D1S; 6D6T; 6D6U; 6HUG; 6HUJ; 6HUK; 6HUO; 6HUP; 6I53; 6X3S; 6X3T; 6X3U; 6X3V; 6X3W; 6X3X; 6X3Z; 6X40; 7PBD; 7PBZ; 7PC0; 7QNE; 7T0W; 7T0Z; 8DD2; 8DD3; 8SGO; 8SI9; 8SID; 8VQY; 8VRN; 9CRS; 9CRV; 9CSB; 9CT0; 9CTJ; 9CTP; 9CTV; 9CX7; 9CXA; 9CXB; 9CXC; 9CXD; 9DRX; 9EQG; 9H9E,GABRA1,GABRA1,HGNC:4075,Humans,DB00186; DB00189; DB00228; DB00231; DB00237; DB00241; DB00292; DB00306; DB00312; DB00349; DB00371; DB00402; DB00404; DB00463; DB00475; DB00543; DB00546; DB00555; DB00603; DB00628; DB00683; DB00690; DB00753; DB00794; DB00801; DB00818; DB00829; DB00842; DB00897; DB01028; DB01043; DB01107; DB01159; DB01189; DB01205; DB01215; DB01236; DB01437; DB01489; DB01511; DB01544; DB01545; DB01553; DB01558; DB01559; DB01587; DB01588; DB01589; DB01594; DB01595; DB01708; DB01956; DB05087; DB09017; DB09118; DB09166; DB11582; DB11859; DB11901; DB12404; DB12537; DB13335; DB13437; DB13643; DB13837; DB13872; DB14028; DB14672; DB14715; DB14719; DB15489; DB15490
381,Gamma-aminobutyric acid receptor subunit alpha-2,GABRA2,386422.0,S62907,P47869,GBRA2_HUMAN,9CRV; 9CSB; 9CT0; 9CTJ; 9CTV; 9CX7; 9CXB; 9CXC,GABRA2,GABRA2,HGNC:4076,Humans,DB00186; DB00189; DB00228; DB00231; DB00237; DB00241; DB00292; DB00306; DB00312; DB00349; DB00371; DB00402; DB00404; DB00463; DB00475; DB00543; DB00546; DB00555; DB00603; DB00628; DB00683; DB00690; DB00753; DB00794; DB00801; DB00818; DB00829; DB00842; DB00897; DB01028; DB01043; DB01107; DB01159; DB01189; DB01205; DB01215; DB01236; DB01437; DB01489; DB01511; DB01544; DB01545; DB01553; DB01558; DB01559; DB01587; DB01588; DB01589; DB01594; DB01595; DB01708; DB01956; DB05087; DB09017; DB09118; DB09166; DB11582; DB11859; DB11901; DB12404; DB12537; DB13335; DB13437; DB13643; DB13837; DB13872; DB14028; DB14672; DB14715; DB14719; DB15489; DB15490
523,Gamma-aminobutyric acid receptor subunit alpha-3,GABRA3,386424.0,S62908,P34903,GBRA3_HUMAN,9CTP,GABRA3,GABRA3,HGNC:4077,Humans,DB00186; DB00189; DB00228; DB00231; DB00237; DB00241; DB00292; DB00306; DB00312; DB00349; DB00371; DB00402; DB00404; DB00463; DB00475; DB00543; DB00546; DB00555; DB00603; DB00628; DB00683; DB00690; DB00753; DB00794; DB00801; DB00818; DB00829; DB00842; DB00897; DB01028; DB01043; DB01107; DB01159; DB01189; DB01205; DB01215; DB01236; DB01437; DB01489; DB01511; DB01544; DB01545; DB01553; DB01558; DB01559; DB01587; DB01588; DB01589; DB01594; DB01595; DB01708; DB01956; DB05087; DB09017; DB09118; DB09166; DB11582; DB11859; DB11901; DB12404; DB12537; DB13335; DB13437; DB13643; DB13837; DB13872; DB14028; DB14672; DB14715; DB14719; DB15489; DB15490
478,Gamma-aminobutyric acid receptor subunit alpha-4,GABRA4,905393.0,U30461,P48169,GBRA4_HUMAN,7QN5; 7QN7; 7QN9; 7QNA; 7QNC,GABRA4,GABRA4,HGNC:4078,Humans,DB00186; DB00189; DB00228; DB00231; DB00237; DB00241; DB00292; DB00306; DB00312; DB00349; DB00371; DB00402; DB00404; DB00463; DB00475; DB00543; DB00546; DB00555; DB00603; DB00628; DB00683; DB00690; DB00753; DB00794; DB00801; DB00818; DB00829; DB00842; DB00897; DB01028; DB01043; DB01107; DB01159; DB01189; DB01205; DB01215; DB01236; DB01437; DB01489; DB01511; DB01544; DB01545; DB01553; DB01558; DB01559; DB01587; DB01588; DB01589; DB01594; DB01595; DB01708; DB01956; DB05087; DB09017; DB09118; DB09166; DB11582; DB11859; DB11901; DB12404; DB12537; DB13335; DB13437; DB13643; DB13837; DB13872; DB14028; DB14672; DB14715; DB14719; DB15489; DB15490
471,Gamma-aminobutyric acid receptor subunit alpha-5,GABRA5,182916.0,L08485,P31644,GBRA5_HUMAN,5O8F; 5OJM; 6A96; 8BEJ; 8BGI; 8BHA; 8BHB; 8BHG; 8BHI; 8BHK; 8BHM; 8BHO; 8BHQ; 8BHR; 8BHS,GABRA5,GABRA5,HGNC:4079,Humans,DB00186; DB00189; DB00228; DB00231; DB00237; DB00241; DB00292; DB00306; DB00312; DB00349; DB00371; DB00402; DB00404; DB00463; DB00475; DB00543; DB00546; DB00555; DB00603; DB00628; DB00683; DB00690; DB00753; DB00794; DB00801; DB00818; DB00829; DB00842; DB00897; DB01028; DB01043; DB01107; DB01159; DB01189; DB01205; DB01215; DB01236; DB01437; DB01489; DB01511; DB01544; DB01545; DB01553; DB01558; DB01559; DB01587; DB01588; DB01589; DB01594; DB01595; DB01708; DB01956; DB05087; DB09017; DB09118; DB09166; DB11582; DB11859; DB11901; DB12404; DB12537; DB13335; DB13437; DB13643; DB13837; DB13872; DB14028; DB14672; DB14715; DB14719; DB15489; DB15490
2344,Gamma-aminobutyric acid receptor subunit beta-1,GABRB1,31635.0,X14767,P18505,GBRB1_HUMAN,9CTV; 9CXB; 9CXD,GABRB1,GABRB1,HGNC:4081,Humans,DB00186; DB00189; DB00228; DB00231; DB00237; DB00241; DB00292; DB00306; DB00312; DB00349; DB00371; DB00402; DB00404; DB00463; DB00475; DB00543; DB00546; DB00555; DB00603; DB00628; DB00683; DB00690; DB00753; DB00794; DB00801; DB00818; DB00829; DB00842; DB00897; DB01028; DB01043; DB01107; DB01159; DB01189; DB01205; DB01215; DB01236; DB01437; DB01489; DB01511; DB01544; DB01545; DB01553; DB01558; DB01559; DB01587; DB01588; DB01589; DB01594; DB01595; DB01708; DB01956; DB05087; DB09017; DB09118; DB09166; DB11582; DB11859; DB11901; DB12404; DB12537; DB13335; DB13437; DB13643; DB13837; DB13872; DB14028; DB14672; DB14715; DB14719; DB15489; DB15490
2346,Gamma-aminobutyric acid receptor subunit beta-2,GABRB2,455946.0,S67368,P47870,GBRB2_HUMAN,6D6T; 6D6U; 6X3S; 6X3T; 6X3U; 6X3V; 6X3W; 6X3X; 6X3Z; 6X40; 7T0W; 7T0Z; 8DD2; 8DD3; 8SGO; 8SI9; 8SID; 8VQY; 8VRN; 9CRS; 9CRV; 9CSB; 9CT0; 9CTJ; 9CTP; 9CTV; 9CXA; 9CXB; 9CXC; 9CXD; 9DRX,GABRB2,GABRB2,HGNC:4082,Humans,DB00186; DB00189; DB00228; DB00231; DB00237; DB00241; DB00292; DB00306; DB00312; DB00349; DB00371; DB00402; DB00404; DB00463; DB00475; DB00543; DB00546; DB00555; DB00603; DB00628; DB00683; DB00690; DB00753; DB00794; DB00801; DB00818; DB00829; DB00842; DB00897; DB01028; DB01043; DB01107; DB01159; DB01189; DB01205; DB01215; DB01236; DB01437; DB01489; DB01511; DB01544; DB01545; DB01553; DB01558; DB01559; DB01587; DB01588; DB01589; DB01594; DB01595; DB01708; DB01956; DB05087; DB09017; DB09118; DB09166; DB11582; DB11859; DB11901; DB12404; DB12537; DB13335; DB13437; DB13643; DB13837; DB13872; DB14028; DB14672; DB14715; DB14719; DB15489; DB15490
2345,Gamma-aminobutyric acid receptor subunit beta-3,GABRB3,182925.0,M82919,P28472,GBRB3_HUMAN,4COF; 5O8F; 5OJM; 6A96; 6HUG; 6HUJ; 6HUK; 6HUO; 6HUP; 6I53; 6QFA; 7PBD; 7PBZ; 7PC0; 7QN5; 7QN6; 7QN7; 7QN8; 7QN9; 7QNA; 7QNB; 7QNC; 7QND; 7QNE; 8PVB; 9CSB; 9CTJ; 9CX7; 9CXA; 9CXC; 9EQG,GABRB3,GABRB3,HGNC:4083,Humans,DB00186; DB00189; DB00228; DB00231; DB00237; DB00241; DB00292; DB00306; DB00312; DB00349; DB00371; DB00402; DB00404; DB00463; DB00475; DB00543; DB00546; DB00555; DB00603; DB00628; DB00683; DB00690; DB00753; DB00794; DB00801; DB00818; DB00829; DB00842; DB00897; DB01028; DB01043; DB01107; DB01159; DB01189; DB01205; DB01215; DB01236; DB01437; DB01489; DB01511; DB01544; DB01545; DB01553; DB01558; DB01559; DB01587; DB01588; DB01589; DB01594; DB01595; DB01708; DB01956; DB05087; DB09017; DB09118; DB09166; DB11582; DB11859; DB11901; DB12404; DB12537; DB13335; DB13437; DB13643; DB13837; DB13872; DB14028; DB14672; DB14715; DB14719; DB15489; DB15490
3599,Gamma-aminobutyric acid receptor subunit delta,GABRD,2388693.0,AF016917,O14764,GBRD_HUMAN,7QN5; 7QN6; 7QN7; 7QN8; 7QN9; 7QNC; 7QND,GABRD,,HGNC:4084,Humans,DB00186; DB00189; DB00228; DB00231; DB00237; DB00241; DB00292; DB00306; DB00312; DB00349; DB00371; DB00402; DB00404; DB00463; DB00475; DB00543; DB00546; DB00555; DB00603; DB00628; DB00683; DB00690; DB00753; DB00794; DB00801; DB00818; DB00829; DB00842; DB00897; DB01028; DB01043; DB01107; DB01159; DB01189; DB01205; DB01215; DB01236; DB01437; DB01489; DB01511; DB01544; DB01545; DB01553; DB01558; DB01559; DB01587; DB01588; DB01589; DB01594; DB01595; DB01708; DB01956; DB05087; DB09017; DB09118; DB09166; DB11582; DB11859; DB11901; DB12404; DB12537; DB13335; DB13437; DB13643; DB13837; DB13872; DB14028; DB14672; DB14715; DB14719; DB15489; DB15490
3592,Gamma-aminobutyric acid receptor subunit gamma-2,GABRG2,31637.0,X15376,P18507,GBRG2_HUMAN,6D6T; 6D6U; 6HUG; 6HUJ; 6HUK; 6HUO; 6HUP; 6I53; 6X3S; 6X3T; 6X3U; 6X3V; 6X3W; 6X3X; 6X3Z; 6X40; 7QNB; 7QNE; 7T0W; 7T0Z; 8DD2; 8DD3; 8SGO; 8SI9; 8SID; 8VQY; 8VRN; 9CRS; 9CRV; 9CSB; 9CT0; 9CTJ; 9CTP; 9CTV; 9CX7; 9CXA; 9CXB; 9CXC; 9CXD; 9DRX; 9EQG,GABRG2,,HGNC:4087,Humans,DB00186; DB00189; DB00228; DB00231; DB00237; DB00241; DB00292; DB00306; DB00312; DB00349; DB00371; DB00402; DB00404; DB00463; DB00475; DB00543; DB00546; DB00555; DB00603; DB00628; DB00683; DB00690; DB00753; DB00794; DB00801; DB00818; DB00829; DB00842; DB00897; DB01028; DB01043; DB01107; DB01159; DB01189; DB01205; DB01215; DB01236; DB01437; DB01489; DB01511; DB01544; DB01545; DB01553; DB01558; DB01559; DB01587; DB01588; DB01589; DB01594; DB01595; DB01708; DB01956; DB05087; DB09017; DB09118; DB09166; DB11582; DB11859; DB11901; DB12404; DB12537; DB13335; DB13437; DB13643; DB13837; DB13872; DB14028; DB14672; DB14715; DB14719; DB15489; DB15490
3596,Gamma-aminobutyric acid receptor subunit pi,GABRP,2197001.0,U95367,O00591,GBRP_HUMAN,8VSZ; 8VV0,GABRP,,HGNC:4089,Humans,DB00186; DB00189; DB00228; DB00231; DB00237; DB00241; DB00292; DB00306; DB00312; DB00349; DB00371; DB00402; DB00404; DB00463; DB00475; DB00543; DB00546; DB00555; DB00603; DB00628; DB00683; DB00690; DB00753; DB00794; DB00801; DB00818; DB00829; DB00842; DB00897; DB01028; DB01043; DB01107; DB01159; DB01189; DB01205; DB01215; DB01236; DB01437; DB01489; DB01511; DB01544; DB01545; DB01553; DB01558; DB01559; DB01587; DB01588; DB01589; DB01594; DB01595; DB01708; DB01956; DB05087; DB09017; DB09118; DB09166; DB11582; DB11859; DB11901; DB12404; DB12537; DB13335; DB13437; DB13643; DB13837; DB13872; DB14028; DB14672; DB14715; DB14719; DB15489; DB15490
4796,Transferrin receptor protein 1,TFRC,,,P02786,TFR1_HUMAN,1CX8; 1DE4; 1SUV; 2NSU; 3KAS; 3S9L; 3S9M; 3S9N; 6D03; 6D04; 6D05; 6GSR; 6H5I; 6OKD; 6W3H; 6WRV; 6WRW; 6WRX; 6Y76; 7ZQS; 8P0Z,TFRC,,HGNC:11763,Humans,DB13257; DB15617
365,"Glutamate receptor ionotropic, NMDA 1",GRIN1,219920.0,D13515,Q05586,NMDZ1_HUMAN,2HQW; 2NR1; 3BYA; 5H8F; 5H8H; 5H8N; 5H8Q; 5I2K; 5I2N; 5KCJ; 5KDT; 5TP9; 5TPA; 6IRA; 6IRF; 6IRG; 6IRH; 7EOQ; 7EOR; 7EOS; 7EOT; 7EOU; 7EU7; 7EU8; 7YFF; 7YFL; 7YFM; 7YFO; 7YFR; 8E92; 8E93; 8E94; 8E96; 8E97; 8E98; 8E99; 8JIZ; 8JJ0; 8JJ1; 8JJ2; 8UUE; 8VUL; 8VUN; 8VUQ; 8VUR; 8VUS; 8VUT; 8VUU; 8VUV; 8Y1V; 9D37; 9D38; 9D39; 9D3A; 9D3B; 9D3C; 9GIB; 9GIC; 9GID; 9GIE; 9GIF; 9GIG; 9GJ1,GRIN1,GRIN1,HGNC:4584,Humans,DB00228; DB00659; DB01043; DB01238; DB06741; DB09409; DB09481; DB13146
760,"Glutamate receptor ionotropic, NMDA 2A",GRIN2A,558749.0,U09002,Q12879,NMDE1_HUMAN,3NFL; 5H8F; 5H8H; 5H8N; 5H8Q; 5I2K; 5I2N; 5KCJ; 5KDT; 5TP9; 5TPA; 6IRA; 6IRF; 6IRG; 6IRH; 7EOQ; 7EOR; 7EOS; 7EOT; 7EOU; 7EU7; 8E99; 8JIZ; 8JJ0; 8JJ1; 8JJ2; 8VUH; 8VUJ; 8VUL; 8VUN; 8VUQ; 8VUR; 8VUT,GRIN2A,GRIN2A,HGNC:4585,Humans,DB00228; DB00659; DB01043; DB01238; DB06741; DB09409; DB09481; DB13146
417,"Glutamate receptor ionotropic, NMDA 2B",GRIN2B,1899202.0,U90278,Q13224,NMDE2_HUMAN,5EWJ; 5EWL; 5EWM; 7EU8; 7KL0; 7KL1; 7KL2; 7UIS; 7UJP; 7UJQ; 7UJR; 7UJS; 7UJT; 8VUU; 8VUV; 9D37; 9D38; 9D39; 9D3A; 9D3B; 9D3C,GRIN2B,GRIN2B,HGNC:4586,Humans,DB00228; DB00659; DB01043; DB01238; DB06741; DB09409; DB09481; DB13146
454,"Glutamate receptor ionotropic, NMDA 2C",GRIN2C,1196449.0,L76224,Q14957,NMDE3_HUMAN,8E92; 8E93; 8E94; 8E97; 8E98; 8E99,GRIN2C,GRIN2C,HGNC:4587,Humans,DB00228; DB00659; DB01043; DB01238; DB06741; DB09409; DB09481; DB13146
396,"Glutamate receptor ionotropic, NMDA 2D",GRIN2D,2444026.0,U77783,O15399,NMDE4_HUMAN,7YFF; 7YFL; 7YFM; 7YFO; 7YFR; 8E96; 8Y1V; 9D37; 9D38; 9D39; 9D3A; 9D3B; 9D3C,GRIN2D,GRIN2D,HGNC:4588,Humans,DB00228; DB00659; DB01043; DB01238; DB06741; DB09409; DB09481; DB13146
641,"Glutamate receptor ionotropic, NMDA 3A",GRIN3A,20372905.0,AJ416950,Q8TCU5,NMD3A_HUMAN,8USW; 8USX; 8UUE,GRIN3A,GRIN3A,HGNC:16767,Humans,DB00228; DB00659; DB01043; DB01238; DB06741; DB09409; DB09481; DB13146
433,Glycine receptor subunit alpha-1,GLRA1,31851.0,X52009,P23415,GLRA1_HUMAN,1MOT; 1VRY; 2M6B; 2M6I; 4X5T; 8DN2; 8DN3; 8DN4; 8DN5,GLRA1,GLRA1,HGNC:4326,Humans,DB05885; DB09061; DB14009; DB14011
55,Glycine receptor subunit beta,GLRB,992687.0,U33267,P48167,GLRB_HUMAN,5BKF; 5BKG; 7KUY; 7L31; 8DN2; 8DN3; 8DN4; 8DN5,GLRB,GLRB,HGNC:4329,Humans,DB05885; DB09061; DB14009; DB14011
291,5-hydroxytryptamine receptor 1A,HTR1A,189928.0,M28269,P08908,5HT1A_HUMAN,7E2X; 7E2Y; 7E2Z; 8FY8; 8FYE; 8FYL; 8FYT; 8FYX; 8JSP; 8JT6; 8PJK; 8PKM; 8W8B,HTR1A,HTR1A,HGNC:5286,Humans,DB01049; DB01239; DB09304; DB11273; DB13025; DB13345
797,5-hydroxytryptamine receptor 1B,HTR1B,219679.0,D10995,P28222,5HT1B_HUMAN,4IAQ; 4IAR; 5V54; 6G79; 7C61,HTR1B,HTR1B,HGNC:5287,Humans,DB01049; DB01239; DB09304; DB11273; DB13025; DB13345
659,5-hydroxytryptamine receptor 1D,HTR1D,177772.0,M89955,P28221,5HT1D_HUMAN,7E+32,HTR1D,HTR1D,HGNC:5289,Humans,DB01049; DB01239; DB09304; DB11273; DB13025; DB13345
476,5-hydroxytryptamine receptor 1E,HTR1E,177774.0,M91467,P28566,5HT1E_HUMAN,7E33; 8UGY; 8UH3,HTR1E,HTR1E,HGNC:5291,Humans,DB01049; DB01239; DB09304; DB11273; DB13025; DB13345
460,5-hydroxytryptamine receptor 1F,HTR1F,307420.0,L05597,P30939,5HT1F_HUMAN,7EXD,HTR1F,HTR1F,HGNC:5292,Humans,DB01049; DB01239; DB09304; DB11273; DB13025; DB13345
451,5-hydroxytryptamine receptor 2A,HTR2A,36431.0,S42168,P28223,5HT2A_HUMAN,6A93; 6A94; 6WGT; 6WH4; 6WHA; 7RAN; 7VOD; 7VOE; 7WC4; 7WC5; 7WC6; 7WC7; 7WC8; 7WC9; 8JT8; 8UWL; 8V6U; 8ZMG,HTR2A,HTR2A,HGNC:5293,Humans,DB01049; DB01239; DB09304; DB11273; DB13025; DB13345
393,5-hydroxytryptamine receptor 2B,HTR2B,475198.0,X77307,P41595,5HT2B_HUMAN,4IB4; 4NC3; 5TUD; 5TVN; 6DRX; 6DRY; 6DRZ; 6DS0; 7SRQ; 7SRR; 7SRS,HTR2B,HTR2B,HGNC:5294,Humans,DB01049; DB01239; DB09304; DB11273; DB13025; DB13345
533,5-hydroxytryptamine receptor 2C,HTR2C,338028.0,M81778,P28335,5HT2C_HUMAN,6BQG; 6BQH; 8DPF; 8DPG; 8DPH; 8DPI; 8ZMF,HTR2C,HTR2C,HGNC:5295,Humans,DB01049; DB01239; DB09304; DB11273; DB13025; DB13345
311,5-hydroxytryptamine receptor 3A,HTR3A,681914.0,D49394,P46098,5HT3A_HUMAN,8AXD; 8BL8; 8BLA; 8BLB,HTR3A,HTR3A,HGNC:5297,Humans,DB01049; DB01239; DB09304; DB11273; DB13025; DB13345
84,5-hydroxytryptamine receptor 4,HTR4,2661757.0,Y12505,Q13639,5HT4R_HUMAN,5EM9; 7XT8; 7XT9; 7XTA,HTR4,HTR4,HGNC:5299,Humans,DB01049; DB01239; DB09304; DB11273; DB13025; DB13345
945,5-hydroxytryptamine receptor 6,HTR6,1162924.0,L41147,P50406,5HT6R_HUMAN,7XTB; 7YS6; 8JLZ,HTR6,HTR6,HGNC:5301,Humans,DB01049; DB01239; DB09304; DB11273; DB13025; DB13345
650,5-hydroxytryptamine receptor 7,HTR7,1857143.0,U68487,P34969,5HT7R_HUMAN,7XTC,HTR7,HTR7,HGNC:5302,Humans,DB01049; DB01239; DB09304; DB11273; DB13025; DB13345
501,Alpha-1A adrenergic receptor,ADRA1A,433201.0,D25235,P35348,ADA1A_HUMAN,7YM8; 7YMH; 7YMJ; 8HN1; 8THK; 8THL,ADRA1A,ADRA1A,HGNC:277,Humans,DB00243; DB00320; DB00346; DB00370; DB00433; DB00457; DB00477; DB00490; DB00543; DB00598; DB00692; DB00697; DB00715; DB00841; DB00934; DB01151; DB01175; DB01224; DB06148; DB06764; DB08922; DB09167; DB09194; DB09195; DB09203; DB09204; DB09286; DB13025
289,Alpha-2A adrenergic receptor,ADRA2A,178196.0,M23533,P08913,ADA2A_HUMAN,1HLL; 1HO9; 1HOD; 1HOF; 6K42; 6KUX; 6KUY; 7EJ0; 7EJ8; 7EJA; 7EJK; 7W6P; 7W7E; 9CBL; 9CBM,ADRA2A,ADRA2A,HGNC:281,Humans,DB00193; DB00217; DB00320; DB00397; DB00433; DB00477; DB00540; DB00543; DB00692; DB00697; DB00715; DB00934; DB01151; DB01175; DB01186; DB06678; DB06707; DB06764; DB09167; DB09194; DB09195; DB09202; DB09304; DB11477; DB13025
572,Alpha-2B adrenergic receptor,ADRA2B,178198.0,M34041,P18089,ADA2B_HUMAN,6K41; 6K42,ADRA2B,ADRA2B,HGNC:282,Humans,DB00193; DB00217; DB00320; DB00397; DB00433; DB00477; DB00540; DB00543; DB00692; DB00697; DB00715; DB00934; DB01151; DB01175; DB01186; DB06678; DB06707; DB06764; DB09167; DB09194; DB09195; DB09202; DB09304; DB11477; DB13025
342,Alpha-2C adrenergic receptor,ADRA2C,178194.0,J03853,P18825,ADA2C_HUMAN,6KUW,ADRA2C,ADRA2C,HGNC:283,Humans,DB00193; DB00217; DB00320; DB00397; DB00433; DB00477; DB00540; DB00543; DB00692; DB00697; DB00715; DB00934; DB01151; DB01175; DB01186; DB06678; DB06707; DB06764; DB09167; DB09194; DB09195; DB09202; DB09304; DB11477; DB13025
172,Beta-1 adrenergic receptor,ADRB1,178200.0,J03019,P08588,ADRB1_HUMAN,2LSQ; 7BTS; 7BU6; 7BU7; 7BVQ,ADRB1,ADRB1,HGNC:285,Humans,DB00182; DB00217; DB00264; DB00334; DB00540; DB00715; DB00726; DB00785; DB00867; DB01049; DB01118; DB01365; DB06726; DB11273; DB11278; DB13345
694,Beta-2 adrenergic receptor,ADRB2,29371.0,Y00106,P07550,ADRB2_HUMAN,1GQ4; 2R4R; 2R4S; 2RH1; 3D4S; 3KJ6; 3NY8; 3NY9; 3NYA; 3P0G; 3PDS; 3SN6; 4GBR; 4LDE; 4LDL; 4LDO; 4QKX; 5D5A; 5D5B; 5D6L; 5JQH; 5X7D; 6E67; 6KR8; 6MXT; 6N48; 6NI3; 6OBA; 6PRZ; 6PS0; 6PS1; 6PS2; 6PS3; 6PS4; 6PS5; 6PS6; 7BZ2; 7DHI; 7DHR; 7XK9; 7XKA; 8GDZ; 8GE1; 8GE2; 8GE3; 8GE4; 8GE5; 8GE6; 8GE7; 8GE8; 8GE9; 8GEA; 8GEB; 8GEC; 8GED; 8GEE; 8GEF; 8GEG; 8GEH; 8GEI; 8GEJ; 8GFV; 8GFW; 8GFX; 8GFY; 8GFZ; 8GG0; 8GG1; 8GG2; 8GG3; 8GG4; 8GG5; 8GG6; 8GG7; 8GG8; 8GG9; 8GGA; 8GGB; 8GGC; 8GGE; 8GGF; 8GGI; 8GGJ; 8GGK; 8GGL; 8GGM; 8GGN; 8GGO; 8GGP; 8GGQ; 8GGR; 8GGS; 8GGT; 8GGU; 8GGV; 8GGW; 8GGX; 8GGY; 8GGZ; 8GH0; 8GH1; 8JJ8; 8JJL; 8JJO; 8UHB; 8UNL; 8UNM; 8UNN; 8UNO; 8UNP; 8UNQ; 8UNR; 8UNS; 8UNT; 8UNU; 8UNV; 8UNW; 8UNX; 8UNY; 8UNZ; 8UO0; 8UO1; 8UO2; 8UO3; 8UO4; 8W1V; 8ZBE; 8ZCJ; 9CHU; 9CHV; 9CHX,ADRB2,ADRB2,HGNC:286,Humans,DB00182; DB00217; DB00264; DB00334; DB00540; DB00715; DB00726; DB00785; DB00867; DB01049; DB01118; DB01365; DB06726; DB11273; DB11278; DB13345
1012,Beta-3 adrenergic receptor,ADRB3,178896.0,M29932,P13945,ADRB3_HUMAN,9IJD; 9IJE,ADRB3,ADRB3,HGNC:288,Humans,DB00182; DB00217; DB00264; DB00334; DB00540; DB00715; DB00726; DB00785; DB00867; DB01049; DB01118; DB01365; DB06726; DB11273; DB11278; DB13345
451,5-hydroxytryptamine receptor 2A,HTR2A,36431.0,S42168,P28223,5HT2A_HUMAN,6A93; 6A94; 6WGT; 6WH4; 6WHA; 7RAN; 7VOD; 7VOE; 7WC4; 7WC5; 7WC6; 7WC7; 7WC8; 7WC9; 8JT8; 8UWL; 8V6U; 8ZMG,HTR2A,HTR2A,HGNC:5293,Humans,DB00477; DB08804
393,5-hydroxytryptamine receptor 2B,HTR2B,475198.0,X77307,P41595,5HT2B_HUMAN,4IB4; 4NC3; 5TUD; 5TVN; 6DRX; 6DRY; 6DRZ; 6DS0; 7SRQ; 7SRR; 7SRS,HTR2B,HTR2B,HGNC:5294,Humans,DB00477; DB08804
533,5-hydroxytryptamine receptor 2C,HTR2C,338028.0,M81778,P28335,5HT2C_HUMAN,6BQG; 6BQH; 8DPF; 8DPG; 8DPH; 8DPI; 8ZMF,HTR2C,HTR2C,HGNC:5295,Humans,DB00477; DB08804
501,Alpha-1A adrenergic receptor,ADRA1A,433201.0,D25235,P35348,ADA1A_HUMAN,7YM8; 7YMH; 7YMJ; 8HN1; 8THK; 8THL,ADRA1A,ADRA1A,HGNC:277,Humans,DB00182; DB00268; DB01049; DB01069; DB01365; DB01576; DB09205; DB09229; DB11273; DB11278; DB11577; DB13345
289,Alpha-2A adrenergic receptor,ADRA2A,178196.0,M23533,P08913,ADA2A_HUMAN,1HLL; 1HO9; 1HOD; 1HOF; 6K42; 6KUX; 6KUY; 7EJ0; 7EJ8; 7EJA; 7EJK; 7W6P; 7W7E; 9CBL; 9CBM,ADRA2A,ADRA2A,HGNC:281,Humans,DB00182; DB00268; DB01049; DB01069; DB01365; DB01576; DB09205; DB09229; DB11273; DB11278; DB11577; DB13345
572,Alpha-2B adrenergic receptor,ADRA2B,178198.0,M34041,P18089,ADA2B_HUMAN,6K41; 6K42,ADRA2B,ADRA2B,HGNC:282,Humans,DB00182; DB00268; DB01049; DB01069; DB01365; DB01576; DB09205; DB09229; DB11273; DB11278; DB11577; DB13345
342,Alpha-2C adrenergic receptor,ADRA2C,178194.0,J03853,P18825,ADA2C_HUMAN,6KUW,ADRA2C,ADRA2C,HGNC:283,Humans,DB00182; DB00268; DB01049; DB01069; DB01365; DB01576; DB09205; DB09229; DB11273; DB11278; DB11577; DB13345
20,D(1A) dopamine receptor,DRD1,30397.0,X55760,P21728,DRD1_HUMAN,7CKW; 7CKX; 7CKY; 7CKZ; 7CRH; 7F0T; 7F1O; 7F1Z; 7F23; 7F24; 7JOZ; 7JV5; 7JVP; 7JVQ; 7LJC; 7LJD; 7X2C; 7X2D; 7X2F; 8IRR; 8JXR; 8JXS,DRD1,DRD1,HGNC:3020,Humans,DB00248; DB00334; DB00408; DB00458; DB00477; DB00555; DB00568; DB00696; DB00715; DB00726; DB00988; DB06148; DB09097; DB09225; DB11274; DB11584
145,D(1B) dopamine receptor,DRD5,32049.0,X58454,P21918,DRD5_HUMAN,8IRV,DRD5,DRD5,HGNC:3026,Humans,DB00248; DB00334; DB00408; DB00458; DB00477; DB00555; DB00568; DB00696; DB00715; DB00726; DB00988; DB06148; DB09097; DB09225; DB11274; DB11584
92,Muscarinic acetylcholine receptor M1,CHRM1,34451.0,X52068,P11229,ACM1_HUMAN,5CXV; 6OIJ; 6WJC; 6ZFZ; 6ZG4; 6ZG9,CHRM1,CHRM1,HGNC:1950,Humans,DB00321; DB00340; DB00366; DB00454; DB00540; DB00543; DB00568; DB00715; DB00726; DB00777; DB01221; DB09194; DB11855; DB15968; DB19325
560,Muscarinic acetylcholine receptor M2,CHRM2,177990.0,M16404,P08172,ACM2_HUMAN,3UON; 4MQS; 4MQT; 5YC8; 5ZK3; 5ZK8; 5ZKB; 5ZKC; 6OIK; 6U1N; 7T8X; 7T90; 7T94; 7T96; 8J8R; 8J97; 8JAF,CHRM2,CHRM2,HGNC:1951,Humans,DB00321; DB00340; DB00366; DB00454; DB00540; DB00543; DB00568; DB00715; DB00726; DB00777; DB01221; DB09194; DB11855; DB15968; DB19325
45,Muscarinic acetylcholine receptor M3,CHRM3,32324.0,X15266,P20309,ACM3_HUMAN,2CSA; 8E9W; 8E9Y; 8E9Z; 8EA0,CHRM3,CHRM3,HGNC:1952,Humans,DB00321; DB00340; DB00366; DB00454; DB00540; DB00543; DB00568; DB00715; DB00726; DB00777; DB01221; DB09194; DB11855; DB15968; DB19325
405,Muscarinic acetylcholine receptor M4,CHRM4,61970253.0,M16405,P08173,ACM4_HUMAN,5DSG; 6D9H; 6KP6; 7LD3; 7LD4; 7TRK; 7TRP; 7TRQ; 7TRS; 7V68; 7V69; 7V6A; 8E9X; 8FX5; 8IYH; 8IYW; 8JER; 8JHN,CHRM4,CHRM4,HGNC:1953,Humans,DB00321; DB00340; DB00366; DB00454; DB00540; DB00543; DB00568; DB00715; DB00726; DB00777; DB01221; DB09194; DB11855; DB15968; DB19325
247,Muscarinic acetylcholine receptor M5,CHRM5,177988.0,M80333,P08912,ACM5_HUMAN,6OL9,CHRM5,CHRM5,HGNC:1954,Humans,DB00321; DB00340; DB00366; DB00454; DB00540; DB00543; DB00568; DB00715; DB00726; DB00777; DB01221; DB09194; DB11855; DB15968; DB19325
4832,Membrane-associated progesterone receptor component 1,PGRMC1,,,O00264,PGRC1_HUMAN,4X8Y,PGRMC1,,HGNC:16090,Humans,DB00514
4832,Membrane-associated progesterone receptor component 1,PGRMC1,,,O00264,PGRC1_HUMAN,4X8Y,PGRMC1,,HGNC:16090,Humans,DB00540; DB01104
156,Sigma non-opioid intracellular receptor 1,SIGMAR1,1783387.0,U75283,Q99720,SGMR1_HUMAN,5HK1; 5HK2; 6DJZ; 6DK0; 6DK1,SIGMAR1,OPRS1,HGNC:8157,Humans,DB00540; DB01104
365,"Glutamate receptor ionotropic, NMDA 1",GRIN1,219920.0,D13515,Q05586,NMDZ1_HUMAN,2HQW; 2NR1; 3BYA; 5H8F; 5H8H; 5H8N; 5H8Q; 5I2K; 5I2N; 5KCJ; 5KDT; 5TP9; 5TPA; 6IRA; 6IRF; 6IRG; 6IRH; 7EOQ; 7EOR; 7EOS; 7EOT; 7EOU; 7EU7; 7EU8; 7YFF; 7YFL; 7YFM; 7YFO; 7YFR; 8E92; 8E93; 8E94; 8E96; 8E97; 8E98; 8E99; 8JIZ; 8JJ0; 8JJ1; 8JJ2; 8UUE; 8VUL; 8VUN; 8VUQ; 8VUR; 8VUS; 8VUT; 8VUU; 8VUV; 8Y1V; 9D37; 9D38; 9D39; 9D3A; 9D3B; 9D3C; 9GIB; 9GIC; 9GID; 9GIE; 9GIF; 9GIG; 9GJ1,GRIN1,GRIN1,HGNC:4584,Humans,DB00193; DB00289; DB00312; DB00333; DB00418; DB00647; DB00843; DB00874; DB01069; DB01174; DB01708; DB04896; DB06738; DB11823
760,"Glutamate receptor ionotropic, NMDA 2A",GRIN2A,558749.0,U09002,Q12879,NMDE1_HUMAN,3NFL; 5H8F; 5H8H; 5H8N; 5H8Q; 5I2K; 5I2N; 5KCJ; 5KDT; 5TP9; 5TPA; 6IRA; 6IRF; 6IRG; 6IRH; 7EOQ; 7EOR; 7EOS; 7EOT; 7EOU; 7EU7; 8E99; 8JIZ; 8JJ0; 8JJ1; 8JJ2; 8VUH; 8VUJ; 8VUL; 8VUN; 8VUQ; 8VUR; 8VUT,GRIN2A,GRIN2A,HGNC:4585,Humans,DB00193; DB00289; DB00312; DB00333; DB00418; DB00647; DB00843; DB00874; DB01069; DB01174; DB01708; DB04896; DB06738; DB11823
417,"Glutamate receptor ionotropic, NMDA 2B",GRIN2B,1899202.0,U90278,Q13224,NMDE2_HUMAN,5EWJ; 5EWL; 5EWM; 7EU8; 7KL0; 7KL1; 7KL2; 7UIS; 7UJP; 7UJQ; 7UJR; 7UJS; 7UJT; 8VUU; 8VUV; 9D37; 9D38; 9D39; 9D3A; 9D3B; 9D3C,GRIN2B,GRIN2B,HGNC:4586,Humans,DB00193; DB00289; DB00312; DB00333; DB00418; DB00647; DB00843; DB00874; DB01069; DB01174; DB01708; DB04896; DB06738; DB11823
454,"Glutamate receptor ionotropic, NMDA 2C",GRIN2C,1196449.0,L76224,Q14957,NMDE3_HUMAN,8E92; 8E93; 8E94; 8E97; 8E98; 8E99,GRIN2C,GRIN2C,HGNC:4587,Humans,DB00193; DB00289; DB00312; DB00333; DB00418; DB00647; DB00843; DB00874; DB01069; DB01174; DB01708; DB04896; DB06738; DB11823
396,"Glutamate receptor ionotropic, NMDA 2D",GRIN2D,2444026.0,U77783,O15399,NMDE4_HUMAN,7YFF; 7YFL; 7YFM; 7YFO; 7YFR; 8E96; 8Y1V; 9D37; 9D38; 9D39; 9D3A; 9D3B; 9D3C,GRIN2D,GRIN2D,HGNC:4588,Humans,DB00193; DB00289; DB00312; DB00333; DB00418; DB00647; DB00843; DB00874; DB01069; DB01174; DB01708; DB04896; DB06738; DB11823
641,"Glutamate receptor ionotropic, NMDA 3A",GRIN3A,20372905.0,AJ416950,Q8TCU5,NMD3A_HUMAN,8USW; 8USX; 8UUE,GRIN3A,GRIN3A,HGNC:16767,Humans,DB00193; DB00289; DB00312; DB00333; DB00418; DB00647; DB00843; DB00874; DB01069; DB01174; DB01708; DB04896; DB06738; DB11823
451,5-hydroxytryptamine receptor 2A,HTR2A,36431.0,S42168,P28223,5HT2A_HUMAN,6A93; 6A94; 6WGT; 6WH4; 6WHA; 7RAN; 7VOD; 7VOE; 7WC4; 7WC5; 7WC6; 7WC7; 7WC8; 7WC9; 8JT8; 8UWL; 8V6U; 8ZMG,HTR2A,HTR2A,HGNC:5293,Humans,DB01221; DB06678
393,5-hydroxytryptamine receptor 2B,HTR2B,475198.0,X77307,P41595,5HT2B_HUMAN,4IB4; 4NC3; 5TUD; 5TVN; 6DRX; 6DRY; 6DRZ; 6DS0; 7SRQ; 7SRR; 7SRS,HTR2B,HTR2B,HGNC:5294,Humans,DB01221; DB06678
533,5-hydroxytryptamine receptor 2C,HTR2C,338028.0,M81778,P28335,5HT2C_HUMAN,6BQG; 6BQH; 8DPF; 8DPG; 8DPH; 8DPI; 8ZMF,HTR2C,HTR2C,HGNC:5295,Humans,DB01221; DB06678
291,5-hydroxytryptamine receptor 1A,HTR1A,189928.0,M28269,P08908,5HT1A_HUMAN,7E2X; 7E2Y; 7E2Z; 8FY8; 8FYE; 8FYL; 8FYT; 8FYX; 8JSP; 8JT6; 8PJK; 8PKM; 8W8B,HTR1A,HTR1A,HGNC:5286,Humans,DB00334; DB01221; DB12540
797,5-hydroxytryptamine receptor 1B,HTR1B,219679.0,D10995,P28222,5HT1B_HUMAN,4IAQ; 4IAR; 5V54; 6G79; 7C61,HTR1B,HTR1B,HGNC:5287,Humans,DB00334; DB01221; DB12540
659,5-hydroxytryptamine receptor 1D,HTR1D,177772.0,M89955,P28221,5HT1D_HUMAN,7E+32,HTR1D,HTR1D,HGNC:5289,Humans,DB00334; DB01221; DB12540
476,5-hydroxytryptamine receptor 1E,HTR1E,177774.0,M91467,P28566,5HT1E_HUMAN,7E33; 8UGY; 8UH3,HTR1E,HTR1E,HGNC:5291,Humans,DB00334; DB01221; DB12540
460,5-hydroxytryptamine receptor 1F,HTR1F,307420.0,L05597,P30939,5HT1F_HUMAN,7EXD,HTR1F,HTR1F,HGNC:5292,Humans,DB00334; DB01221; DB12540
4926,Steroid hormone receptor ERR2,ESRRB,,,O95718,ERR2_HUMAN,1LO1; 6LIT; 6LN4,ESRRB,,HGNC:3473,Humans,DB00253; DB00255; DB00288; DB00394; DB00547; DB00596; DB00663; DB00846; DB00995; DB01047; DB01130; DB01260; DB01380; DB01645; DB06786; DB07776; DB14596
5027,Transient receptor potential cation channel subfamily V member 6,TRPV6,,,Q9H1D0,TRPV6_HUMAN,6BO8; 6BO9; 6BOA; 6D7S; 6D7T; 6E2F; 7K4A; 7K4B; 7K4C; 7K4D; 7K4E; 7K4F; 7S88; 7S89; 7S8B; 7S8C; 8FOA; 8FOB; 8SP8; 9CUH; 9CUI; 9CUJ; 9CUK,TRPV6,,HGNC:14006,Humans,DB15366
5220,Ryanodine receptor 2,RYR2,,,Q92736,RYR2_HUMAN,4JKQ; 6Y4O; 6Y4P; 7KL5; 7U9Q; 7U9R; 7U9T; 7U9X; 7U9Z; 7UA1; 7UA3; 7UA4; 7UA5; 7UA9; 8UQ2; 8UQ3; 8UQ4; 8UQ5; 8UXC; 8UXE; 8UXF; 8UXG; 8UXH; 8UXI; 8UXL; 8UXM,RYR2,,HGNC:10484,Humans,DB01195; DB09085
5438,Adhesion G-protein coupled receptor D1,ADGRD1,,,Q6QNK2,AGRD1_HUMAN,7EPT; 7WU2; 8X9S; 8X9T; 8X9U; 9IV1; 9IV2,ADGRD1,,HGNC:19893,Humans,DB12637
5489,Platelet-activating factor receptor,PTAFR,,,P25105,PTAFR_HUMAN,5ZKP; 5ZKQ; 8XYD,PTAFR,,HGNC:9582,Humans,DB00208; DB02261; DB06251; DB09166; DB11614; DB19947; DB20750; DB20751; DB20815; DB20830; DB21252; DB21304
5490,G-protein coupled receptor 35,GPR35,,,Q9HC97,GPR35_HUMAN,8H8J,GPR35,,HGNC:4492,Humans,DB00695; DB11156; DB11937
5634,Ephrin type-A receptor 5,EPHA5,,,P54756,EPHA5_HUMAN,2R2P; 4ET7,EPHA5,,HGNC:3389,Humans,DB01254; DB12010
5835,G-protein coupled bile acid receptor 1,GPBAR1,,,Q8TDU6,GPBAR_HUMAN,7BW0; 7CFM; 7CFN; 7XTQ; 9GYO,GPBAR1,,HGNC:19680,Humans,DB02659; DB03619; DB04348; DB06777
5849,G-protein coupled receptor 55,GPR55,,,Q9Y2T6,GPR55_HUMAN,8ZX4; 8ZX5; 9GE2; 9GE3; 9IY8; 9IYA,GPR55,,HGNC:4511,Humans,DB06155; DB09061; DB11755; DB14009; DB14011; DB14043; DB16495
5878,B1 bradykinin receptor,BDKRB1,,,P46663,BKRB1_HUMAN,7EIB,BDKRB1,,HGNC:1029,Humans,DB00178; DB01197; DB01593; DB09477; DB14487; DB14533; DB14548; DB19469
5908,Orexin/Hypocretin receptor type 1,HCRTR1,,,O43613,OX1R_HUMAN,4ZJ8; 4ZJC; 6TO7; 6TOD; 6TOS; 6TOT; 6TP3; 6TP4; 6TP6; 6TQ4; 6TQ6; 6TQ7; 6TQ9; 6V9S,HCRTR1,,HGNC:4848,Humans,DB06673; DB09034; DB11951; DB14822; DB15031; DB21562
5909,Orexin receptor type 2,HCRTR2,,,O43614,OX2R_HUMAN,4S0V; 5WQC; 5WS3; 6TPG; 6TPJ; 6TPN; 7L1U; 7L1V; 7SQO; 7SR8; 7XRR,HCRTR2,,HGNC:4849,Humans,DB09034; DB11951; DB15031; DB16962; DB21755
8760,Sphingosine 1-phosphate receptor 1,S1PR1,,,P21453,S1PR1_HUMAN,3V2W; 3V2Y; 7EO2; 7EO4; 7EVY; 7EVZ; 7EW0; 7EW7; 7TD3; 7TD4; 7VIE; 7VIF; 7VIG; 7VIH; 7WF7; 8G94; 8YIC,S1PR1,,HGNC:3165,Humans,DB08868; DB11819; DB11987; DB12016; DB12371; DB12612; DB14766; DB15214; DB16123; DB18151
8764,Corticotropin-releasing factor receptor 1,CRHR1,,,P34998,CRFR1_HUMAN,2L27; 3EHS; 3EHT; 3EHU; 4K5Y; 4Z9G; 6P9X; 6PB0; 8GTG; 8GTI; 8GTM,CRHR1,,HGNC:2357,Humans,DB06402; DB09067; DB12512; DB12572; DB12910; DB18518; DB18545
8765,Thyrotropin-releasing hormone receptor,TRHR,,,P34981,TRFR_HUMAN,7WKD; 7X1T; 7X1U; 7XW9,TRHR,,HGNC:12299,Humans,DB09421; DB20206
795,Gamma-aminobutyric acid receptor subunit alpha-1,GABRA1,31631.0,X13584,P14867,GBRA1_HUMAN,6CDU; 6D1S; 6D6T; 6D6U; 6HUG; 6HUJ; 6HUK; 6HUO; 6HUP; 6I53; 6X3S; 6X3T; 6X3U; 6X3V; 6X3W; 6X3X; 6X3Z; 6X40; 7PBD; 7PBZ; 7PC0; 7QNE; 7T0W; 7T0Z; 8DD2; 8DD3; 8SGO; 8SI9; 8SID; 8VQY; 8VRN; 9CRS; 9CRV; 9CSB; 9CT0; 9CTJ; 9CTP; 9CTV; 9CX7; 9CXA; 9CXB; 9CXC; 9CXD; 9DRX; 9EQG; 9H9E,GABRA1,GABRA1,HGNC:4075,Humans,DB00186; DB00231; DB00334; DB00349; DB00404; DB00475; DB00546; DB00555; DB00628; DB00683; DB00690; DB00801; DB00829; DB00842; DB00897; DB00909; DB01068; DB01215; DB01489; DB01511; DB01544; DB01545; DB01553; DB01558; DB01559; DB01587; DB01588; DB01589; DB01594; DB01595; DB06579; DB09017; DB09166; DB12404; DB12537; DB13335; DB13437; DB13643; DB13837; DB13872; DB13983; DB14028; DB14672; DB14715; DB14719; DB15489
381,Gamma-aminobutyric acid receptor subunit alpha-2,GABRA2,386422.0,S62907,P47869,GBRA2_HUMAN,9CRV; 9CSB; 9CT0; 9CTJ; 9CTV; 9CX7; 9CXB; 9CXC,GABRA2,GABRA2,HGNC:4076,Humans,DB00186; DB00231; DB00334; DB00349; DB00404; DB00475; DB00546; DB00555; DB00628; DB00683; DB00690; DB00801; DB00829; DB00842; DB00897; DB00909; DB01068; DB01215; DB01489; DB01511; DB01544; DB01545; DB01553; DB01558; DB01559; DB01587; DB01588; DB01589; DB01594; DB01595; DB06579; DB09017; DB09166; DB12404; DB12537; DB13335; DB13437; DB13643; DB13837; DB13872; DB13983; DB14028; DB14672; DB14715; DB14719; DB15489
523,Gamma-aminobutyric acid receptor subunit alpha-3,GABRA3,386424.0,S62908,P34903,GBRA3_HUMAN,9CTP,GABRA3,GABRA3,HGNC:4077,Humans,DB00186; DB00231; DB00334; DB00349; DB00404; DB00475; DB00546; DB00555; DB00628; DB00683; DB00690; DB00801; DB00829; DB00842; DB00897; DB00909; DB01068; DB01215; DB01489; DB01511; DB01544; DB01545; DB01553; DB01558; DB01559; DB01587; DB01588; DB01589; DB01594; DB01595; DB06579; DB09017; DB09166; DB12404; DB12537; DB13335; DB13437; DB13643; DB13837; DB13872; DB13983; DB14028; DB14672; DB14715; DB14719; DB15489
471,Gamma-aminobutyric acid receptor subunit alpha-5,GABRA5,182916.0,L08485,P31644,GBRA5_HUMAN,5O8F; 5OJM; 6A96; 8BEJ; 8BGI; 8BHA; 8BHB; 8BHG; 8BHI; 8BHK; 8BHM; 8BHO; 8BHQ; 8BHR; 8BHS,GABRA5,GABRA5,HGNC:4079,Humans,DB00186; DB00231; DB00334; DB00349; DB00404; DB00475; DB00546; DB00555; DB00628; DB00683; DB00690; DB00801; DB00829; DB00842; DB00897; DB00909; DB01068; DB01215; DB01489; DB01511; DB01544; DB01545; DB01553; DB01558; DB01559; DB01587; DB01588; DB01589; DB01594; DB01595; DB06579; DB09017; DB09166; DB12404; DB12537; DB13335; DB13437; DB13643; DB13837; DB13872; DB13983; DB14028; DB14672; DB14715; DB14719; DB15489
3592,Gamma-aminobutyric acid receptor subunit gamma-2,GABRG2,31637.0,X15376,P18507,GBRG2_HUMAN,6D6T; 6D6U; 6HUG; 6HUJ; 6HUK; 6HUO; 6HUP; 6I53; 6X3S; 6X3T; 6X3U; 6X3V; 6X3W; 6X3X; 6X3Z; 6X40; 7QNB; 7QNE; 7T0W; 7T0Z; 8DD2; 8DD3; 8SGO; 8SI9; 8SID; 8VQY; 8VRN; 9CRS; 9CRV; 9CSB; 9CT0; 9CTJ; 9CTP; 9CTV; 9CX7; 9CXA; 9CXB; 9CXC; 9CXD; 9DRX; 9EQG,GABRG2,,HGNC:4087,Humans,DB00186; DB00231; DB00334; DB00349; DB00404; DB00475; DB00546; DB00555; DB00628; DB00683; DB00690; DB00801; DB00829; DB00842; DB00897; DB00909; DB01068; DB01215; DB01489; DB01511; DB01544; DB01545; DB01553; DB01558; DB01559; DB01587; DB01588; DB01589; DB01594; DB01595; DB06579; DB09017; DB09166; DB12404; DB12537; DB13335; DB13437; DB13643; DB13837; DB13872; DB13983; DB14028; DB14672; DB14715; DB14719; DB15489
4796,Transferrin receptor protein 1,TFRC,,,P02786,TFR1_HUMAN,1CX8; 1DE4; 1SUV; 2NSU; 3KAS; 3S9L; 3S9M; 3S9N; 6D03; 6D04; 6D05; 6GSR; 6H5I; 6OKD; 6W3H; 6WRV; 6WRW; 6WRX; 6Y76; 7ZQS; 8P0Z,TFRC,,HGNC:11763,Humans,DB01592; DB13949; DB14488; DB14489; DB14490; DB14491; DB14501; DB14520
8911,Proteinase-activated receptor 4,F2RL3,,,Q96RI0,PAR4_HUMAN,2ZPK; 3QDZ,F2RL3,,HGNC:3540,Humans,DB11300
8934,Calcitonin gene-related peptide type 1 receptor,CALCRL,,,Q16602,CALRL_HUMAN,3AQF; 3N7P; 3N7R; 3N7S; 4RWF; 4RWG; 5V6Y; 6D1U; 6E3Y; 6UMG; 6UUN; 6UUS; 6UVA; 6V2E; 6ZHO; 6ZIS; 7KNT; 7KNU; 7P0F; 7P0I; 8AX5; 8AX6; 8AX7,CALCRL,,HGNC:16709,Humans,DB04869; DB12228; DB12424; DB12457; DB14039; DB14041; DB14042; DB15328; DB15688; DB16098
9162,G-protein coupled receptor 12,GPR12,,,P47775,GPR12_HUMAN,7Y3G,GPR12,,HGNC:4466,Humans,DB09061; DB14009; DB14011
9167,Transient receptor potential cation channel subfamily V member 2,TRPV2,,,Q9Y5S1,TRPV2_HUMAN,2F37,TRPV2,,HGNC:18082,Humans,DB09061; DB11755; DB14009; DB14011; DB14050
9168,Transient receptor potential cation channel subfamily V member 4,TRPV4,,,Q9HBA0,TRPV4_HUMAN,4DX1; 4DX2; 7AA5; 8FC7; 8FC8; 8FC9; 8FCA; 8FCB; 8JU5; 8JU6; 8JVI; 8JVJ; 8T1B; 8T1C; 8T1D; 8T1E; 8T1F,TRPV4,,HGNC:18083,Humans,DB00265; DB04272; DB09061; DB11148; DB14009; DB14011; DB17045
9282,Bone morphogenetic protein receptor type-1A,BMPR1A,,,P36894,BMR1A_HUMAN,1ES7; 1REW; 2GOO; 2H62; 2H64; 2K3G; 2QJ9; 2QJA; 2QJB; 3NH7; 3QB4,BMPR1A,,HGNC:1076,Humans,DB11639
9283,Somatostatin receptor type 4,SSTR4,,,P31391,SSR4_HUMAN,7XMS; 7XMT,SSTR4,,HGNC:11333,Humans,DB09099; DB13985
9292,Bone morphogenetic protein receptor type-2,BMPR2,,,Q13873,BMPR2_HUMAN,2HLQ; 3G2F; 6UNP; 7PPA; 7PPB; 7PPC; 7U5O,BMPR2,,HGNC:1078,Humans,DB11639; DB12010
9301,Macrophage mannose receptor 1,MRC1,,,P22897,MRC1_HUMAN,1EGG; 1EGI; 5XTS; 5XTW; 6INN; 6INO; 6INU; 6INV; 6IOE; 7JUB; 7JUC; 7JUD; 7JUE; 7JUF; 7JUG; 7JUH; 7L61; 7L62; 7L63; 7L64; 7L65; 7L66; 7L67; 7L68,MRC1,,HGNC:7228,Humans,DB09266
20,D(1A) dopamine receptor,DRD1,30397.0,X55760,P21728,DRD1_HUMAN,7CKW; 7CKX; 7CKY; 7CKZ; 7CRH; 7F0T; 7F1O; 7F1Z; 7F23; 7F24; 7JOZ; 7JV5; 7JVP; 7JVQ; 7LJC; 7LJD; 7X2C; 7X2D; 7X2F; 8IRR; 8JXR; 8JXS,DRD1,DRD1,HGNC:3020,Humans,DB01049; DB08804; DB11275; DB13345
145,D(1B) dopamine receptor,DRD5,32049.0,X58454,P21918,DRD5_HUMAN,8IRV,DRD5,DRD5,HGNC:3026,Humans,DB01049; DB08804; DB11275; DB13345
756,D(2) dopamine receptor,DRD2,181432.0,M30625,P14416,DRD2_HUMAN,5AER; 6CM4; 6LUQ; 6VMS; 7DFP; 7JVR; 8IRS; 8TZQ; 8U02,DRD2,DRD2,HGNC:3023,Humans,DB01049; DB08804; DB11275; DB13345
581,D(3) dopamine receptor,DRD3,927342.0,U32499,P35462,DRD3_HUMAN,3PBL; 7CMU; 7CMV; 8IRT; 9F33; 9F34,DRD3,DRD3,HGNC:3024,Humans,DB01049; DB08804; DB11275; DB13345
389,D(4) dopamine receptor,DRD4,291946.0,L12398,P21917,DRD4_HUMAN,5WIU; 5WIV,DRD4,DRD4,HGNC:3025,Humans,DB01049; DB08804; DB11275; DB13345
9369,Bone morphogenetic protein receptor type-1B,BMPR1B,,,O00238,BMR1B_HUMAN,3MDY,BMPR1B,,HGNC:1077,Humans,DB12010
9390,Ephrin type-A receptor 1,EPHA1,,,P21709,EPHA1_HUMAN,2K1K; 2K1L; 3HIL; 3KKA,EPHA1,,HGNC:3385,Humans,DB12010
9391,Ephrin type-A receptor 3,EPHA3,,,P29320,EPHA3_HUMAN,2GSF; 2QO2; 2QO7; 2QO9; 2QOB; 2QOC; 2QOD; 2QOF; 2QOI; 2QOK; 2QOL; 2QON; 2QOO; 2QOQ; 3DZQ; 3FXX; 3FY2; 4G2F; 4GK2; 4GK3; 4GK4; 4L0P; 4P4C; 4P5Q; 4P5Z; 4TWN; 4TWO; 6IN0,EPHA3,,HGNC:3387,Humans,DB12010
9392,Ephrin type-A receptor 4,EPHA4,,,P54764,EPHA4_HUMAN,2LW8; 2WO1; 2WO2; 2WO3; 3CKH; 3GXU; 4BK4; 4BK5; 4BKA; 4BKF; 4M4P; 4M4R; 4W4Z; 4W50; 5JR2; 7OFV; 9CY8,EPHA4,,HGNC:3388,Humans,DB12010
9394,Ephrin type-A receptor 8,EPHA8,,,P29322,EPHA8_HUMAN,1UCV; 1X5L; 3KUL,EPHA8,,HGNC:3391,Humans,DB12010
9395,Ephrin type-B receptor 1,EPHB1,,,P54762,EPHB1_HUMAN,2DJS; 2EAO; 3ZFX; 5MJA; 5MJB; 6UMW; 7KPL; 7KPM,EPHB1,,HGNC:3392,Humans,DB09093; DB12010
9396,Ephrin type-B receptor 6,EPHB6,,,O15197,EPHB6_HUMAN,7K7J,EPHB6,,HGNC:3396,Humans,DB12010
9405,Insulin receptor-related protein,INSRR,,,P14616,INSRR_HUMAN,7PL4; 7TYJ; 7TYK; 7TYM,INSRR,,HGNC:6093,Humans,DB12010
9444,Macrophage-stimulating protein receptor,MST1R,,,Q04912,RON_HUMAN,3PLS; 4FWW; 4QT8; 8ZKD,MST1R,,HGNC:7381,Humans,DB08865; DB12010
9455,NT-3 growth factor receptor,NTRK3,,,Q16288,NTRK3_HUMAN,1WWC; 3V5Q; 4YMJ; 6KZC; 6KZD,NTRK3,,HGNC:8033,Humans,DB11986; DB12010; DB12130; DB14723; DB15822; DB16056; DB16826; DB17140; DB17191; DB18711
9501,Interleukin-1 receptor type 2,IL1R2,,,P27930,IL1R2_HUMAN,3O4O,IL1R2,,HGNC:5994,Humans,DB05545
9598,B-cell antigen receptor complex-associated protein beta chain,CD79B,,,P40259,CD79B_HUMAN,3KG5; 7WSO; 7WSP; 7XQ8; 7XT6,CD79B,,HGNC:1699,Humans,DB12240
9604,Melanocortin receptor 4,MC4R,,,P32245,MC4R_HUMAN,6W25; 7AUE; 7F53; 7F54; 7F55; 7F58; 7PIU; 7PIV; 8QJ2; 8WKY; 8WKZ,MC4R,,HGNC:6932,Humans,DB04931; DB06800; DB11653; DB11700; DB12056
9607,Melanocortin receptor 3,MC3R,,,P41968,MC3R_HUMAN,8IOC; 8KIG,MC3R,,HGNC:6931,Humans,DB11653
9610,Melanocortin receptor 5,MC5R,,,P33032,MC5R_HUMAN,8INR; 8IOD,MC5R,,HGNC:6933,Humans,DB11653
9827,Transient receptor potential cation channel subfamily M member 4,TRPM4,,,Q8TD43,TRPM4_HUMAN,5WP6; 6BQR; 6BQV; 6BWI; 8RCR; 8RCU; 8RD9; 9B8W; 9B8X; 9B8Y; 9B8Z; 9B90; 9B91; 9B92; 9B93; 9B94,TRPM4,,HGNC:17993,Humans,DB01016; DB16833
346,"Glutamate receptor ionotropic, kainate 1",GRIK1,455448.0,L19058,P39086,GRIK1_HUMAN,2ZNS; 2ZNT; 2ZNU; 3FUZ; 3FV1; 3FV2; 3FVG; 3FVK; 3FVN; 3FVO; 4MF3,GRIK1,GRIK1,HGNC:4579,Humans,DB00273
826,"Glutamate receptor ionotropic, kainate 2",GRIK2,790532.0,U16126,Q13002,GRIK2_HUMAN,3QXM; 5CMM,GRIK2,GRIK2,HGNC:4580,Humans,DB00273
687,Thyroid hormone receptor alpha,THRA,825639.0,X55074,P10827,THA_HUMAN,1NAV; 2H77; 2H79; 3HZF; 3ILZ; 3JZB; 4LNW; 4LNX; 7QDT; 8RQO,THRA,THRA,HGNC:11796,Humans and other mammals,DB01118
315,Thyroid hormone receptor beta,THRB,31207.0,X04707,P10828,THB_HUMAN,1BSX; 1N46; 1NAX; 1NQ0; 1NQ1; 1NQ2; 1NUO; 1Q4X; 1R6G; 1XZX; 1Y0X; 2J4A; 2NLL; 2PIN; 3D57; 3GWS; 3IMY; 3JZC; 4ZO1; 6KKB; 6KKE; 6KNU; 6KNV; 6KNW; 7WLX; 7WMG; 7WMH; 7WMJ; 7WML; 7WMN; 7WMO; 8RQN,THRB,THRB,HGNC:11799,Humans and other mammals,DB01118
9994,Peroxisome proliferator-activated receptor gamma coactivator 1-beta,PPARGC1B,,,Q86YN6,PRGC2_HUMAN,3SP6; 6D0Y,PPARGC1B,,HGNC:30022,Humans,DB01118
311,5-hydroxytryptamine receptor 3A,HTR3A,681914.0,D49394,P46098,5HT3A_HUMAN,8AXD; 8BL8; 8BLA; 8BLB,HTR3A,HTR3A,HGNC:5297,Humans,DB00246
10173,Sphingosine 1-phosphate receptor 3,S1PR3,,,Q99500,S1PR3_HUMAN,7C4S; 7EW2; 7EW3; 7EW4,S1PR3,,HGNC:3167,Humans,DB08868; DB14766
10176,Sphingosine 1-phosphate receptor 4,S1PR4,,,O95977,S1PR4_HUMAN,2DCO,S1PR4,,HGNC:3170,Humans,DB08868; DB14766
738,Neuronal acetylcholine receptor subunit alpha-2,CHRNA2,1458110.0,U62431,Q15822,ACHA2_HUMAN,5FJV,CHRNA2,CHRNA2,HGNC:1956,Humans,DB00202; DB00237; DB00565
3585,Neuronal acetylcholine receptor subunit alpha-3,CHRNA3,177898.0,M86383,P32297,ACHA3_HUMAN,4ZK4; 5SYO; 5TVC; 6PV7; 6PV8,CHRNA3,,HGNC:1957,Humans,DB00202; DB00237; DB00565
849,Neuronal acetylcholine receptor subunit alpha-4,CHRNA4,755648.0,L35901,P43681,ACHA4_HUMAN,2LLY; 5KXI; 6CNJ; 6CNK; 6UR8; 6USF; 8SSZ; 8ST0; 8ST1; 8ST2; 8ST3; 8ST4,CHRNA4,CHRNA4,HGNC:1958,Humans,DB00202; DB00237; DB00565
2341,Neuronal acetylcholine receptor subunit alpha-7,CHRNA7,496607.0,X70297,P36544,ACHA7_HUMAN,2MAW; 5AFH; 5AFJ; 5AFK; 5AFL; 5AFM; 5AFN; 7EKI; 7EKP; 7EKT; 7KOO; 7KOQ; 7KOX; 7RPM; 8C9X; 8CAU; 8CE4; 8CI1; 8CI2; 8F4V; 8P1H; 8UT1; 8UTB; 8UZJ; 8V80; 8V82; 8V86; 8V88; 8V89; 8V8A; 8V8C; 8V8D,CHRNA7,CHRNA7,HGNC:1960,Humans,DB00202; DB00237; DB00565
2343,Neuronal acetylcholine receptor subunit alpha-9,CHRNA9,6688136.0,AJ243342,Q9UGM1,ACHA9_HUMAN,4D01; 4UXU; 4UY2; 6HY7,CHRNA9,CHRNA9,HGNC:14079,Humans,DB00202; DB00237; DB00565
850,Neuronal acetylcholine receptor subunit beta-2,CHRNB2,32017.0,X53179,P17787,ACHB2_HUMAN,2K58; 2K59; 2KSR; 2LM2; 5KXI; 6CNJ; 6CNK; 6UR8; 6USF; 8SSZ; 8ST0; 8ST1; 8ST2; 8ST3; 8ST4,CHRNB2,CHRNB2,HGNC:1962,Humans,DB00202; DB00237; DB00565
3588,Neuronal acetylcholine receptor subunit beta-3,CHRNB3,1458124.0,U62438,Q05901,ACHB3_HUMAN,8A5U,CHRNB3,,HGNC:1963,Humans,DB00202; DB00237; DB00565
3584,Neuronal acetylcholine receptor subunit beta-4,CHRNB4,1458126.0,U62439,P30926,ACHB4_HUMAN,6PV7; 6PV8,CHRNB4,,HGNC:1964,Humans,DB00202; DB00237; DB00565
10441,Tumor necrosis factor receptor superfamily member 17,TNFRSF17,,,Q02223,TNR17_HUMAN,1OQD; 1XU2; 2KN1; 4ZFO; 6J7W; 8HXQ; 8HXR; 8QY9; 8QYA; 8QYB,TNFRSF17,,HGNC:11913,Humans,DB15395; DB15719; DB16655; DB16665; DB16738; DB17447
10446,Interleukin-6 receptor subunit beta,IL6ST,,,P40189,IL6RB_HUMAN,1BJ8; 1BQU; 1I1R; 1P9M; 1PVH; 3L5H; 3L5I; 3L5J; 7U7N; 8D6A; 8D74; 8D7R; 8D82; 8D85; 8DPS; 8DPT; 8DPU; 8UPA; 8V29; 8V2A,IL6ST,,HGNC:6021,Humans,DB06273; DB11767
10513,Advanced glycosylation end product-specific receptor,AGER,,,Q15109,RAGE_HUMAN,2E5E; 2ENS; 2L7U; 2LE9; 2LMB; 2M1K; 2MJW; 2MOV; 3CJJ; 3O3U; 4LP4; 4LP5; 4OF5; 4OFV; 4OI7; 4OI8; 4P2Y; 4XYN; 4YBH; 5D7F; 6VXG; 6XQ1; 6XQ3; 6XQ5; 6XQ6; 6XQ7; 6XQ8; 6XQ9; 7LML; 7LMW; 8I9M,AGER,,HGNC:320,Humans,DB11673; DB12689
10563,Lymphatic vessel endothelial hyaluronic acid receptor 1,LYVE1,,,Q9Y5Y7,LYVE1_HUMAN,8OS2; 8OXD,LYVE1,,HGNC:14687,Humans,DB08818
10583,CX3C chemokine receptor 1,CX3CR1,,,P49238,CX3C1_HUMAN,7XBW; 7XBX,CX3CR1,,HGNC:2558,Humans,DB16511
10688,Toll-like receptor 6,TLR6,,,Q9Y2C9,TLR6_HUMAN,4OM7,TLR6,,HGNC:16711,Humans,DB16474
10744,C5a anaphylatoxin chemotactic receptor 1,C5AR1,,,P21730,C5AR1_HUMAN,2K3U; 5O9H; 6C1Q; 6C1R; 7Y64; 7Y65; 7Y66; 7Y67; 8GO8; 8GOO; 8HK5; 8I0N; 8I0Z; 8IA2; 8JZP; 8JZZ,C5AR1,,HGNC:1338,Humans,DB15011; DB17938
368,Prostaglandin E2 receptor EP2 subtype,PTGER2,632650.0,U19487,P43116,PE2R2_HUMAN,7CX2; 7CX3; 7CX4,PTGER2,PTGER2,HGNC:9594,Humans,DB04297; DB16315
2375,Prostaglandin E2 receptor EP3 subtype,PTGER3,,S69200,P43115,PE2R3_HUMAN,6AK3; 6M9T; 7WU9; 8GDC,PTGER3,PTGER3,HGNC:9595,Humans,DB04297; DB16315
3522,Prostaglandin E2 receptor EP4 subtype,PTGER4,,BC113523,P35408,PE2R4_HUMAN,5YHL; 5YWY; 7D7M; 8GCM; 8GCP; 8GD9; 8GDA; 8GDB,PTGER4,PTGER4,HGNC:9596,Humans,DB04297; DB16315
10905,Free fatty acid receptor 2,FFAR2,,,O15552,FFAR2_HUMAN,8J22; 8J23; 8J24; 8T3S; 9K1D,FFAR2,,HGNC:4501,Humans,DB02406; DB02531; DB15406
661,Interferon alpha/beta receptor 1,IFNAR1,306914.0,J03171,P17181,INAR1_HUMAN,3S98; 3SE3; 3SE4; 4PO6; 8Y31,IFNAR1,IFNAR1,HGNC:5432,Humans,DB15119
385,Interferon alpha/beta receptor 2,IFNAR2,995300.0,L42243,P48551,INAR2_HUMAN,1N6U; 1N6V; 2HYM; 2KZ1; 2LAG; 3S8W; 3S9D; 3SE3; 3SE4,IFNAR2,IFNAR2,HGNC:5433,Humans,DB15119
11081,Uracil nucleotide/cysteinyl leukotriene receptor,GPR17,,,Q13304,GPR17_HUMAN,7Y89,GPR17,,HGNC:4471,Humans,DB01861; DB03435; DB03501
11139,IgG receptor FcRn large subunit p51,FCGRT,,,P55899,FCGRN_HUMAN,1EXU; 3M17; 3M1B; 4K71; 4N0F; 4N0U; 5BJT; 5BXF; 5WHK; 6C97; 6C98; 6C99; 6FGB; 6ILM; 6LA6; 6LA7; 6NHA; 6QIO; 6QIP; 6WNA; 6WOL; 7B5F; 7C9V; 7Q15; 7XXA; 9MI6,FCGRT,,HGNC:3621,Humans,DB11608; DB14919; DB15270; DB16257
11164,Asialoglycoprotein receptor 1,ASGR1,,,P07306,ASGR1_HUMAN,1DV8; 5JPV; 5JQ1; 6YAU; 8TS0,ASGR1,,HGNC:742,Humans,DB13133; DB22673; DB22674
11200,Interleukin-1 receptor-like 2,IL1RL2,,,Q9HB29,ILRL2_HUMAN,6U6U; 9ETH; 9ETI,IL1RL2,,HGNC:5999,Humans,DB15626
123,Estrogen receptor,ESR1,31234.0,X03635,P03372,ESR1_HUMAN,1A52; 1ERE; 1ERR; 1G50; 1GWQ; 1GWR; 1HCP; 1HCQ; 1L2I; 1PCG; 1QKT; 1QKU; 1R5K; 1SJ0; 1UOM; 1X7E; 1X7R; 1XP1; 1XP6; 1XP9; 1XPC; 1XQC; 1YIM; 1YIN; 1ZKY; 2AYR; 2B1V; 2B1Z; 2B23; 2BJ4; 2FAI; 2G44; 2G5O; 2I0J; 2IOG; 2IOK; 2JF9; 2JFA; 2LLO; 2LLQ; 2OCF; 2OUZ; 2P15; 2POG; 2Q6J; 2Q70; 2QA6; 2QA8; 2QAB; 2QE4; 2QGT; 2QGW; 2QH6; 2QR9; 2QSE; 2QXM; 2QXS; 2QZO; 2R6W; 2R6Y; 2YAT; 2YJA; 3CBM; 3CBO; 3CBP; 3DT3; 3ERD; 3ERT; 3HLV; 3HM1; 3L03; 3OS8; 3OS9; 3OSA; 3Q95; 3UU7; 3UUA; 3UUC; 3UUD; 4AA6; 4DMA; 4IU7; 4IUI; 4IV2; 4IV4; 4IVW; 4IVY; 4IW6; 4IW8; 4IWC; 4IWF; 4JC3; 4JDD; 4MG5; 4MG6; 4MG7; 4MG8; 4MG9; 4MGA; 4MGB; 4MGC; 4MGD; 4O6F; 4PP6; 4PPP; 4PPS; 4PXM; 4Q13; 4Q50; 4TUZ; 4TV1; 4XI3; 4ZN7; 4ZN9; 4ZNH; 4ZNS; 4ZNT; 4ZNU; 4ZNV; 4ZNW; 5AAU; 5AAV; 5ACC; 5AK2; 5DI7; 5DID; 5DIE; 5DIG; 5DK9; 5DKB; 5DKE; 5DKG; 5DKS; 5DL4; 5DLR; 5DMC; 5DMF; 5DP0; 5DRJ; 5DRM; 5DTV; 5DU5; 5DUE; 5DUG; 5DUH; 5DVS; 5DVV; 5DWE; 5DWG; 5DWI; 5DWJ; 5DX3; 5DXB; 5DXE; 5DXG; 5DXK; 5DXM; 5DXP; 5DXQ; 5DXR; 5DY8; 5DYB; 5DYD; 5DZ0; 5DZ1; 5DZ3; 5DZH; 5DZI; 5E0W; 5E0X; 5E14; 5E15; 5E19; 5E1C; 5EGV; 5EHJ; 5EI1; 5EIT; 5FQP; 5FQR; 5FQS; 5FQT; 5FQV; 5GS4; 5GTR; 5HYR; 5JMM; 5KCC; 5KCD; 5KCE; 5KCF; 5KCT; 5KCU; 5KCW; 5KD9; 5KR9; 5KRA; 5KRC; 5KRF; 5KRH; 5KRI; 5KRJ; 5KRK; 5KRL; 5KRM; 5KRO; 5N10; 5T0X; 5T1Z; 5T92; 5T97; 5TLD; 5TLF; 5TLG; 5TLL; 5TLM; 5TLO; 5TLP; 5TLT; 5TLU; 5TLV; 5TLX; 5TLY; 5TM1; 5TM2; 5TM3; 5TM4; 5TM5; 5TM6; 5TM7; 5TM8; 5TM9; 5TML; 5TMM; 5TMO; 5TMQ; 5TMR; 5TMS; 5TMT; 5TMU; 5TMV; 5TMW; 5TMZ; 5TN1; 5TN3; 5TN4; 5TN5; 5TN6; 5TN7; 5TN8; 5TN9; 5TNB; 5U2B; 5U2D; 5UFW; 5UFX; 5W9C; 5W9D; 5WGD; 5WGQ; 6B0F; 6C42; 6CBZ; 6CHW; 6CHZ; 6CZN; 6D0F; 6DF6; 6DFN; 6HHP; 6HKB; 6HKF; 6HMU; 6IAR; 6OWC; 6PET; 6PFM; 6PIT; 6PSJ; 6SBO; 6SQ0; 6SUO; 6TJM; 6TL3; 6V87; 6V8T; 6VGH; 6VJD; 6VPF; 6WOK; 6ZOQ; 6ZOR; 6ZOS; 7B9M; 7B9R; 7B9T; 7BA3; 7BA5; 7BA6; 7BA7; 7BA8; 7BA9; 7BAA; 7BAB; 7JHD; 7KBS; 7MSA; 7N9O; 7NDO; 7NEL; 7NFB; 7NFW; 7NIZ; 7OPW; 7OQ7; 7OQ8; 7PWT; 7PWZ; 7QVJ; 7QVL; 7R62; 7RKE; 7RNM; 7RRX; 7RRY; 7RRZ; 7RS0; 7RS1; 7RS2; 7RS3; 7RS4; 7RS7; 7RS8; 7RS9; 7SFO; 7T2X; 7TE7; 7UJ7; 7UJ8; 7UJC; 7UJF; 7UJM; 7UJO; 7UJW; 7UJY; 7WNV; 7Y8F; 7Y8G; 7YMK; 8AFN; 8AI0; 8ALR; 8ALT; 8ALV; 8ALW; 8AM7; 8ANF; 8AOY; 8APS; 8AQ1; 8AQC; 8AQE; 8AQZ; 8AR4; 8AR5; 8ARG; 8ARO; 8ARQ; 8ARR; 8ARW; 8ARX; 8ARY; 8ARZ; 8AS1; 8AT9; 8ATP; 8AU2; 8AUS; 8AUY; 8AV3; 8AV4; 8AV7; 8AV8; 8AWG; 8AXE; 8AXU; 8AZE; 8B39; 8BWJ; 8BWX; 8BWZ; 8BX0; 8BX3; 8BX4; 8BXI; 8BXM; 8BXN; 8BXO; 8BXQ; 8BXS; 8BY9; 8BYB; 8BYC; 8BYD; 8BYE; 8BYF; 8BYG; 8BYO; 8BYY; 8BYZ; 8BZ0; 8BZ9; 8BZA; 8BZB; 8BZC; 8BZD; 8BZE; 8BZF; 8BZG; 8BZH; 8BZT; 8BZW; 8C04; 8C0K; 8C0L; 8C42; 8C4F; 8C4G; 8DU6; 8DU8; 8DU9; 8DUB; 8DUC; 8DUD; 8DUG; 8DUH; 8DUI; 8DUK; 8DUS; 8DV5; 8DV7; 8DV8; 8DVB; 8EV1; 8EV2; 8VYT; 8VYX; 8VZ0; 8VZ1; 8VZP; 8VZQ; 8W03; 8W07; 9BPX; 9BQE; 9BU1,ESR1,ESR1,HGNC:3467,Humans,DB00421
792,Estrogen receptor beta,ESR2,2911152.0,AB006590,Q92731,ESR2_HUMAN,1L2J; 1NDE; 1QKM; 1U3Q; 1U3R; 1U3S; 1U9E; 1X76; 1X78; 1X7B; 1X7J; 1YY4; 1YYE; 1ZAF; 2FSZ; 2GIU; 2I0G; 2JJ3; 2NV7; 2QTU; 2YJD; 2YLY; 2Z4B; 3OLL; 3OLS; 3OMO; 3OMP; 3OMQ; 4J24; 4J26; 4ZI1; 5TOA; 7XVY; 7XVZ; 7XWP; 7XWQ; 7XWR,ESR2,ESR2,HGNC:3468,Humans,DB00421
852,Platelet-derived growth factor receptor alpha,PDGFRA,189734.0,M21574,P16234,PGFRA_HUMAN,1GQ5; 5GRN; 5K5X; 6A32; 6JOI; 6JOJ; 6JOK; 6JOL; 7LBF; 7RAM; 8PQH; 8PQI; 8PQJ; 8PQK; 9GZH,PDGFRA,PDGFRA,HGNC:8803,Humans,DB04868
205,Platelet-derived growth factor receptor beta,PDGFRB,189732.0,J03278,P09619,PGFRB_HUMAN,1GQ5; 1H9O; 1SHA; 2IUI; 2L6W; 2PLD; 2PLE; 3MJG,PDGFRB,PDGFRB,HGNC:8804,Humans,DB04868
13,Adenosine receptor A1,ADORA1,256155.0,S45235,P30542,AA1R_HUMAN,5N2S; 5UEN; 6D9H; 7LD3; 7LD4,ADORA1,ADORA1,HGNC:262,Humans,DB14018
924,Adenosine receptor A2a,ADORA2A,177892.0,M97370,P29274,AA2AR_HUMAN,2YDO; 2YDV; 3EML; 3PWH; 3QAK; 3REY; 3RFM; 3UZA; 3UZC; 3VG9; 3VGA; 4EIY; 4UG2; 4UHR; 5G53; 5IU4; 5IU7; 5IU8; 5IUA; 5IUB; 5JTB; 5K2A; 5K2B; 5K2C; 5K2D; 5MZJ; 5MZP; 5N2R; 5NLX; 5NM2; 5NM4; 5OLG; 5OLH; 5OLO; 5OLV; 5OLZ; 5OM1; 5OM4; 5UIG; 5UVI; 5VRA; 5WF5; 5WF6; 6AQF; 6GDG; 6GT3; 6JZH; 6LPJ; 6LPK; 6LPL; 6MH8; 6PS7; 6S0L; 6S0Q; 6WQA; 6ZDR; 6ZDV; 7ARO; 7EZC; 7PX4; 7PYR; 7RM5; 7T32; 8A2O; 8A2P; 8C9W; 8CIC; 8CU6; 8CU7; 8DU3; 8GNE; 8GNG; 8JWY; 8JWZ; 8PWN; 8RQQ; 8RVW; 8RW0; 8RW4; 8RW7; 8RWC; 8RWD; 8RWE; 8RWH; 8RWI; 8RWX; 8UGW; 8WDT; 9FUP,ADORA2A,ADORA2A,HGNC:263,Humans,DB14018
241,Adenosine receptor A2b,ADORA2B,178150.0,M97759,P29275,AA2BR_HUMAN,7XY6; 7XY7; 8HDO; 8HDP,ADORA2B,ADORA2B,HGNC:264,Humans,DB14018
354,Adenosine receptor A3,ADORA3,349449.0,L20463,P0DMS8,AA3R_HUMAN,8X16; 8X17,ADORA3,ADORA3,HGNC:268,Humans,DB14018
11490,G-protein coupled receptor family C group 5 member D,GPRC5D,,,Q9NZD1,GPC5D_HUMAN,8YZK; 9IMA,GPRC5D,,HGNC:13310,Humans,DB16678
12585,C-X-C chemokine receptor type 2,CXCR2,,,P25025,CXCR2_HUMAN,4Q3H; 5TYT; 6KVA; 6KVF; 6LFM; 6LFO; 8XVU; 8XWA; 8XWF; 8XWM; 8XWN; 8XWS; 8XWV; 8XX3; 8XX6; 8XX7; 8XXH; 8XXR; 8XXX,CXCR2,,HGNC:6027,Humans,DB00257; DB01050; DB08951; DB08955; DB11711; DB11922; DB12135; DB12614; DB15466; DB16456; DB16822; DB19210
12680,Tumor necrosis factor receptor superfamily member 4,TNFRSF4,,,P43489,TNR4_HUMAN,1D0A; 2HEV; 2HEY; 6OGX; 6OKM; 6OKN; 7YK4; 8AG1,TNFRSF4,,HGNC:11918,Humans,DB18809
12705,Tumor necrosis factor receptor superfamily member 16,NGFR,,,P08138,TNR16_HUMAN,2N80; 2N83; 2N97; 3EWV; 5ZGG; 7CSQ; 8X8T,NGFR,,HGNC:7809,Humans,DB13926
12810,Leukocyte immunoglobulin-like receptor subfamily B member 2,LILRB2,,,Q8N423,LIRB2_HUMAN,2DYP; 2GW5; 4LLA; 6AED; 6BCS,LILRB2,,HGNC:6606,Humans,DB17454; DB28351
12815,Leukocyte immunoglobulin-like receptor subfamily B member 1,LILRB1,,,Q8NHL6,LIRB1_HUMAN,1G0X; 1P7Q; 1UFU; 1UGN; 1VDG; 3D2U; 4LL9; 4NO0; 5KNM; 6AEE; 6EWA; 6EWC; 6EWO; 6K60; 6ZDX; 7KFK,LILRB1,,HGNC:6605,Humans,DB28351
13445,Toll-like receptor 3,TLR3,,,O15455,TLR3_HUMAN,1ZIW; 2A0Z; 2MK9; 2MKA; 3ULU; 3ULV; 5GS0; 7C76; 7WV3; 7WV4; 7WV5; 7WVE; 7WVF; 7WVJ; 8AR1; 8YHT; 8YHU; 9LSH; 9LSI; 9LSJ,TLR3,,HGNC:11849,Humans,DB17293
14983,Gastric inhibitory polypeptide receptor,GIPR,,,P48546,GIPR_HUMAN,2QKH; 4HJ0; 6DKJ; 7DTY; 7FIN; 7FIY; 7RA3; 7RBT; 7VAB; 8ITL; 8ITM; 8WA3; 8YW4,GIPR,,HGNC:4271,Humans,DB15171
20960,Sphingosine 1-phosphate receptor 2,S1PR2,,,O95136,S1PR2_HUMAN,7T6B,S1PR2,,HGNC:3169,Humans,DB17074; DB18296
24840,Gastrin-releasing peptide receptor,GRPR,,,P30550,GRPR_HUMAN,7W3Z; 7W40; 7W41; 8H0Q,GRPR,,HGNC:4609,Humans,DB11724
24940,Neurotensin receptor type 1,NTSR1,,,P30989,NTR1_HUMAN,2LYW; 6OS9; 6OSA; 6PWC; 6UP7; 7UL2; 8JPB; 8JPC; 8JPF,NTSR1,,HGNC:8039,Humans,DB05950; DB06455
25440,Neuromedin-B receptor,NMBR,,,P28336,NMBR_HUMAN,8H0P,NMBR,,HGNC:7843,Humans,DB11724
25605,Vasoactive intestinal polypeptide receptor 1,VIPR1,,,P32241,VIPR1_HUMAN,1OF2; 1OGT; 3B3I; 3B6S; 3DTX; 3HCV; 5DEF; 5DEG; 5IB1; 5IB2; 5IB3; 5IB4; 5IB5; 6VN7; 7ALO; 8E3Y; 8E3Z,VIPR1,,HGNC:12694,Humans,DB18634
25660,Bombesin receptor subtype-3,BRS3,,,P32247,BRS3_HUMAN,8Y51; 8Y52; 8Y53,BRS3,,HGNC:1113,Humans,DB11724
25750,Apelin receptor,APLNR,,,P35414,APJ_HUMAN,2LOT; 2LOU; 2LOV; 2LOW; 5VBL; 6KNM; 7SUS; 7W0L; 7W0M; 7W0N; 7W0O; 7W0P; 8XQE; 8XQF; 8XQI; 8XQJ; 8XZF; 8XZG; 8XZH; 8XZI; 8XZJ; 8Z74; 8Z7J,APLNR,,HGNC:339,Humans,DB19329
26615,C-C chemokine receptor type 3,CCR3,,,P51677,CCR3_HUMAN,7X9Y,CCR3,,HGNC:1604,Humans,DB15269
26635,C-C chemokine receptor type 8,CCR8,,,P51685,CCR8_HUMAN,8KFX; 8KFY; 8KFZ; 8TLM; 8U1U; 8XML,CCR8,,HGNC:1609,Humans,DB15748; DB28444
31140,Corticotropin-releasing factor receptor 2,CRHR2,,,Q13324,CRFR2_HUMAN,3N93; 3N95; 3N96; 6PB1; 7TRY; 7TS0,CRHR2,,HGNC:2358,Humans,DB09067; DB13033
35260,Atypical chemokine receptor 1,ACKR1,,,Q16570,ACKR1_HUMAN,4NUU; 4NUV; 7P93; 8A44; 8JPS,ACKR1,,HGNC:4035,Humans,DB00608; DB17749
45000,Interleukin-17 receptor C,IL17RC,,,Q8NAC3,I17RC_HUMAN,6HG4; 6HG9; 6HGA; 7UWN; 7ZAN,IL17RC,,HGNC:18358,Humans,DB11776
47595,Lysophosphatidic acid receptor 1,LPAR1,,,Q92633,LPAR1_HUMAN,4Z34; 4Z35; 4Z36; 7TD0; 7TD1; 7TD2; 7YU3; 7YU4; 7YU5; 7YU6; 7YU7; 7YU8; 9IZF; 9IZG; 9IZH; 9J5V,LPAR1,,HGNC:3166,Humans,DB14948; DB18011; DB18124
51165,Interleukin-17 receptor A,IL17RA,,,Q96F46,I17RA_HUMAN,3JVF; 4HSA; 4NUX; 5N9B; 5NAN; 7UWL; 7UWM; 7UWN; 7ZAN,IL17RA,,HGNC:5985,Humans,DB11776
58420,Relaxin receptor 1,RXFP1,,,Q9HBX9,RXFP1_HUMAN,2JM4; 2M7P; 7TMW,RXFP1,,HGNC:19718,Humans,DB05794
59955,G-protein coupled receptor 84,GPR84,,,Q9NQS5,GPR84_HUMAN,8G05; 8J18; 8J19; 8J1A,GPR84,,HGNC:4535,Humans,DB15447; DB16857
60055,Interleukin-17 receptor B,IL17RB,,,Q9NRM6,I17RB_HUMAN,7UWJ; 7UWK; 7UWL,IL17RB,,HGNC:18015,Humans,DB11776
64440,Urotensin-2 receptor,UTS2R,,,Q9UKP6,UR2R_HUMAN,6HVK,UTS2R,,HGNC:4468,Humans,DB21258
65485,Short transient receptor potential channel 5,TRPC5,,,Q9UL62,TRPC5_HUMAN,6YSN; 7D4P; 7D4Q; 7E4T; 7WDB; 7X6C; 7X6I; 8GVW; 8GVX,TRPC5,,HGNC:12337,Humans,DB13182
66350,Insulin receptor substrate 2,IRS2,,,Q9Y4H2,IRS2_HUMAN,3FQW; 3FQX,IRS2,,HGNC:6126,Humans,DB17490
69080,G-protein coupled receptor 6,GPR6,,,P46095,GPR6_HUMAN,8T1V; 8T1W; 8TF5; 8TYW,GPR6,,HGNC:4515,Humans,DB18958
4741,Discoidin domain-containing receptor 2,DDR2,,,Q16832,DDR2_HUMAN,2WUH; 2Z4F; 6FER; 7AZB,DDR2,,HGNC:2731,Humans,DB04868
1124,Epithelial discoidin domain-containing receptor 1,DDR1,306475.0,L20817,Q08345,DDR1_HUMAN,3ZOS; 4AG4; 4BKJ; 4CKR; 5BVK; 5BVN; 5BVO; 5BVW; 5FDP; 5FDX; 5SAU; 5SAV; 5SAW; 5SAX; 5SAY; 5SAZ; 5SB0; 5SB1; 5SB2; 6BRJ; 6BSD; 6FEW; 6FEX; 6FIL; 6FIN; 6FIO; 6FIQ; 6GWR; 6HP9; 6Y23; 7BCM; 7BE6; 7FEH; 8PE9,DDR1,DDR1,HGNC:2730,Humans,DB04868
