{
    "affinity_pred_value": -2.905738115310669,
    "affinity_probability_binary": 0.9878045916557312,
    "affinity_pred_value1": -2.8145623207092285,
    "affinity_probability_binary1": 0.9994035959243774,
    "affinity_pred_value2": -2.9969139099121094,
    "affinity_probability_binary2": 0.976205587387085
}