{
    "affinity_pred_value": 1.0809955596923828,
    "affinity_probability_binary": 0.56635582447052,
    "affinity_pred_value1": 1.2563526630401611,
    "affinity_probability_binary1": 0.5947970151901245,
    "affinity_pred_value2": 0.9056383967399597,
    "affinity_probability_binary2": 0.5379145741462708
}