{
    "affinity_pred_value": 0.14770501852035522,
    "affinity_probability_binary": 0.4286985993385315,
    "affinity_pred_value1": 0.16221854090690613,
    "affinity_probability_binary1": 0.49257704615592957,
    "affinity_pred_value2": 0.13319148123264313,
    "affinity_probability_binary2": 0.36482012271881104
}