{
    "affinity_pred_value": 0.4613233804702759,
    "affinity_probability_binary": 0.4138491749763489,
    "affinity_pred_value1": 0.8753820061683655,
    "affinity_probability_binary1": 0.3023940622806549,
    "affinity_pred_value2": 0.04726476967334747,
    "affinity_probability_binary2": 0.5253042578697205
}