{
    "affinity_pred_value": 0.05651883780956268,
    "affinity_probability_binary": 0.4099966883659363,
    "affinity_pred_value1": 0.4786754250526428,
    "affinity_probability_binary1": 0.29296159744262695,
    "affinity_pred_value2": -0.36563774943351746,
    "affinity_probability_binary2": 0.5270317792892456
}