{
    "affinity_pred_value": -1.626025915145874,
    "affinity_probability_binary": 0.9738906025886536,
    "affinity_pred_value1": -2.0321719646453857,
    "affinity_probability_binary1": 0.9952971339225769,
    "affinity_pred_value2": -1.2198798656463623,
    "affinity_probability_binary2": 0.9524840712547302
}