{
    "affinity_pred_value": -1.6324362754821777,
    "affinity_probability_binary": 0.965901255607605,
    "affinity_pred_value1": -1.9693145751953125,
    "affinity_probability_binary1": 0.9927116632461548,
    "affinity_pred_value2": -1.2955580949783325,
    "affinity_probability_binary2": 0.9390907883644104
}