{
    "affinity_pred_value": 0.015878725796937943,
    "affinity_probability_binary": 0.44651633501052856,
    "affinity_pred_value1": 0.018655959516763687,
    "affinity_probability_binary1": 0.5158900618553162,
    "affinity_pred_value2": 0.013101493939757347,
    "affinity_probability_binary2": 0.3771425783634186
}