{
    "affinity_pred_value": 1.0166246891021729,
    "affinity_probability_binary": 0.6649117469787598,
    "affinity_pred_value1": 1.436898112297058,
    "affinity_probability_binary1": 0.800121009349823,
    "affinity_pred_value2": 0.596351146697998,
    "affinity_probability_binary2": 0.5297024250030518
}