{
    "affinity_pred_value": -3.001213312149048,
    "affinity_probability_binary": 0.990746259689331,
    "affinity_pred_value1": -2.871488094329834,
    "affinity_probability_binary1": 0.9997053742408752,
    "affinity_pred_value2": -3.1309385299682617,
    "affinity_probability_binary2": 0.9817872047424316
}