{
    "affinity_pred_value": -0.06682935357093811,
    "affinity_probability_binary": 0.4499245882034302,
    "affinity_pred_value1": -0.044700853526592255,
    "affinity_probability_binary1": 0.5075355172157288,
    "affinity_pred_value2": -0.08895784616470337,
    "affinity_probability_binary2": 0.392313688993454
}