{
    "affinity_pred_value": -3.062498092651367,
    "affinity_probability_binary": 0.9913833737373352,
    "affinity_pred_value1": -2.93388032913208,
    "affinity_probability_binary1": 0.9997335076332092,
    "affinity_pred_value2": -3.1911160945892334,
    "affinity_probability_binary2": 0.9830332398414612
}