{
    "affinity_pred_value": -1.610410213470459,
    "affinity_probability_binary": 0.9731631278991699,
    "affinity_pred_value1": -2.0252623558044434,
    "affinity_probability_binary1": 0.9953561425209045,
    "affinity_pred_value2": -1.1955581903457642,
    "affinity_probability_binary2": 0.9509701132774353
}