{
    "confidence_score": 0.9662051200866699,
    "ptm": 0.9564540982246399,
    "iptm": 0.9637413024902344,
    "ligand_iptm": 0.9637413024902344,
    "protein_iptm": 0.0,
    "complex_plddt": 0.9668210744857788,
    "complex_iplddt": 0.9768645167350769,
    "complex_pde": 0.3860383629798889,
    "complex_ipde": 0.6186738610267639,
    "chains_ptm": {
        "0": 0.957603394985199,
        "1": 0.9161162376403809,
        "2": 0.0,
        "3": 0.0
    },
    "pair_chains_iptm": {
        "0": {
            "0": 0.957603394985199,
            "1": 0.8224582076072693,
            "2": 0.0,
            "3": 0.0
        },
        "1": {
            "0": 0.965046226978302,
            "1": 0.9161162376403809,
            "2": 0.0,
            "3": 0.0
        },
        "2": {
            "0": 0.9950640201568604,
            "1": 0.8121024370193481,
            "2": 0.0,
            "3": 0.0
        },
        "3": {
            "0": 0.9821685552597046,
            "1": 0.9373430609703064,
            "2": 0.0,
            "3": 0.0
        }
    }
}