{
    "confidence_score": 0.888593852519989,
    "ptm": 0.814890444278717,
    "iptm": 0.8982892632484436,
    "ligand_iptm": 0.8982892632484436,
    "protein_iptm": 0.0,
    "complex_plddt": 0.8861700296401978,
    "complex_iplddt": 0.866702675819397,
    "complex_pde": 0.5697086453437805,
    "complex_ipde": 1.348428726196289,
    "chains_ptm": {
        "0": 0.8080977201461792,
        "1": 0.8287044167518616,
        "2": 0.0
    },
    "pair_chains_iptm": {
        "0": {
            "0": 0.8080977201461792,
            "1": 0.4437022805213928,
            "2": 0.0
        },
        "1": {
            "0": 0.9078042507171631,
            "1": 0.8287044167518616,
            "2": 0.0
        },
        "2": {
            "0": 0.9584868550300598,
            "1": 0.3731672763824463,
            "2": 0.0
        }
    }
}