{
    "confidence_score": 0.7879178524017334,
    "ptm": 0.8537535071372986,
    "iptm": 0.49144625663757324,
    "ligand_iptm": 0.49144625663757324,
    "protein_iptm": 0.0,
    "complex_plddt": 0.8620357513427734,
    "complex_iplddt": 0.6603971719741821,
    "complex_pde": 0.6578468680381775,
    "complex_ipde": 11.463759422302246,
    "chains_ptm": {
        "0": 0.8644464612007141,
        "1": 0.8929659128189087
    },
    "pair_chains_iptm": {
        "0": {
            "0": 0.8644464612007141,
            "1": 0.18269148468971252
        },
        "1": {
            "0": 0.49144625663757324,
            "1": 0.8929659128189087
        }
    }
}