{
    "confidence_score": 0.9684373140335083,
    "ptm": 0.9625637531280518,
    "iptm": 0.9693425297737122,
    "ligand_iptm": 0.9693425297737122,
    "protein_iptm": 0.0,
    "complex_plddt": 0.9682109951972961,
    "complex_iplddt": 0.975437581539154,
    "complex_pde": 0.3821468949317932,
    "complex_ipde": 0.6160646677017212,
    "chains_ptm": {
        "0": 0.9629685878753662,
        "1": 0.9192071557044983,
        "2": 0.0,
        "3": 0.0
    },
    "pair_chains_iptm": {
        "0": {
            "0": 0.9629685878753662,
            "1": 0.8228797316551208,
            "2": 0.0,
            "3": 0.0
        },
        "1": {
            "0": 0.9707955718040466,
            "1": 0.9192071557044983,
            "2": 0.0,
            "3": 0.0
        },
        "2": {
            "0": 0.9936119914054871,
            "1": 0.7885016798973083,
            "2": 0.0,
            "3": 0.0
        },
        "3": {
            "0": 0.986652135848999,
            "1": 0.9389935731887817,
            "2": 0.0,
            "3": 0.0
        }
    }
}