{
    "confidence_score": 0.7659947872161865,
    "ptm": 0.8467581272125244,
    "iptm": 0.4069896340370178,
    "ligand_iptm": 0.4069896340370178,
    "protein_iptm": 0.0,
    "complex_plddt": 0.8557460904121399,
    "complex_iplddt": 0.662738561630249,
    "complex_pde": 0.7015122771263123,
    "complex_ipde": 12.528791427612305,
    "chains_ptm": {
        "0": 0.8607780337333679,
        "1": 0.8996211290359497
    },
    "pair_chains_iptm": {
        "0": {
            "0": 0.8607780337333679,
            "1": 0.14984047412872314
        },
        "1": {
            "0": 0.4069896340370178,
            "1": 0.8996211290359497
        }
    }
}