{
    "confidence_score": 0.9517054557800293,
    "ptm": 0.9767201542854309,
    "iptm": 0.9146732687950134,
    "ligand_iptm": 0.9146732687950134,
    "protein_iptm": 0.0,
    "complex_plddt": 0.9609635472297668,
    "complex_iplddt": 0.9323868155479431,
    "complex_pde": 0.5621530413627625,
    "complex_ipde": 2.8998215198516846,
    "chains_ptm": {
        "0": 0.9828179478645325,
        "1": 0.9778134822845459,
        "2": 0.9662393927574158,
        "3": 0.0
    },
    "pair_chains_iptm": {
        "0": {
            "0": 0.9828179478645325,
            "1": 0.8098560571670532,
            "2": 0.5588810443878174,
            "3": 0.0
        },
        "1": {
            "0": 0.9290598630905151,
            "1": 0.9778134822845459,
            "2": 0.5975849032402039,
            "3": 0.0
        },
        "2": {
            "0": 0.9061530828475952,
            "1": 0.7946873307228088,
            "2": 0.9662393927574158,
            "3": 0.0
        },
        "3": {
            "0": 0.8949106335639954,
            "1": 0.8266745209693909,
            "2": 0.824398934841156,
            "3": 0.0
        }
    }
}