{
    "confidence_score": 0.9215729832649231,
    "ptm": 0.7804698348045349,
    "iptm": 0.9660398364067078,
    "ligand_iptm": 0.9660398364067078,
    "protein_iptm": 0.0,
    "complex_plddt": 0.9104562997817993,
    "complex_iplddt": 0.889686644077301,
    "complex_pde": 0.41031545400619507,
    "complex_ipde": 0.7636505961418152,
    "chains_ptm": {
        "0": 0.7687191963195801,
        "1": 0.8808961510658264,
        "2": 0.0
    },
    "pair_chains_iptm": {
        "0": {
            "0": 0.7687191963195801,
            "1": 0.42837974429130554,
            "2": 0.0
        },
        "1": {
            "0": 0.9665918946266174,
            "1": 0.8808961510658264,
            "2": 0.0
        },
        "2": {
            "0": 0.9726250767707825,
            "1": 0.8017322421073914,
            "2": 0.0
        }
    }
}