{
    "confidence_score": 0.9739271998405457,
    "ptm": 0.9803787469863892,
    "iptm": 0.9858653545379639,
    "ligand_iptm": 0.9858653545379639,
    "protein_iptm": 0.0,
    "complex_plddt": 0.9709426760673523,
    "complex_iplddt": 0.9573450684547424,
    "complex_pde": 0.28572505712509155,
    "complex_ipde": 0.4397096633911133,
    "chains_ptm": {
        "0": 0.9801316857337952,
        "1": 0.9623342156410217
    },
    "pair_chains_iptm": {
        "0": {
            "0": 0.9801316857337952,
            "1": 0.8755922913551331
        },
        "1": {
            "0": 0.9858653545379639,
            "1": 0.9623342156410217
        }
    }
}