{
    "confidence_score": 0.9685820937156677,
    "ptm": 0.9607958793640137,
    "iptm": 0.9652150869369507,
    "ligand_iptm": 0.9652150869369507,
    "protein_iptm": 0.0,
    "complex_plddt": 0.9694238305091858,
    "complex_iplddt": 0.9779510498046875,
    "complex_pde": 0.39854079484939575,
    "complex_ipde": 0.6612728238105774,
    "chains_ptm": {
        "0": 0.9619194269180298,
        "1": 0.9132001996040344,
        "2": 0.0,
        "3": 0.0
    },
    "pair_chains_iptm": {
        "0": {
            "0": 0.9619194269180298,
            "1": 0.8091506958007812,
            "2": 0.0,
            "3": 0.0
        },
        "1": {
            "0": 0.9668840765953064,
            "1": 0.9132001996040344,
            "2": 0.0,
            "3": 0.0
        },
        "2": {
            "0": 0.9941186308860779,
            "1": 0.7922139167785645,
            "2": 0.0,
            "3": 0.0
        },
        "3": {
            "0": 0.9839081764221191,
            "1": 0.9335225224494934,
            "2": 0.0,
            "3": 0.0
        }
    }
}