{
    "confidence_score": 0.9728395342826843,
    "ptm": 0.9812895059585571,
    "iptm": 0.9848103523254395,
    "ligand_iptm": 0.9848103523254395,
    "protein_iptm": 0.0,
    "complex_plddt": 0.9698469042778015,
    "complex_iplddt": 0.950614333152771,
    "complex_pde": 0.29666227102279663,
    "complex_ipde": 0.5037452578544617,
    "chains_ptm": {
        "0": 0.9811157584190369,
        "1": 0.9559343457221985
    },
    "pair_chains_iptm": {
        "0": {
            "0": 0.9811157584190369,
            "1": 0.8617214560508728
        },
        "1": {
            "0": 0.9848103523254395,
            "1": 0.9559343457221985
        }
    }
}