{
    "confidence_score": 0.7948808073997498,
    "ptm": 0.841265082359314,
    "iptm": 0.5383982062339783,
    "ligand_iptm": 0.5383982062339783,
    "protein_iptm": 0.0,
    "complex_plddt": 0.8590013980865479,
    "complex_iplddt": 0.6333065032958984,
    "complex_pde": 0.6195760369300842,
    "complex_ipde": 9.799569129943848,
    "chains_ptm": {
        "0": 0.8527908325195312,
        "1": 0.8963246941566467
    },
    "pair_chains_iptm": {
        "0": {
            "0": 0.8527908325195312,
            "1": 0.18495213985443115
        },
        "1": {
            "0": 0.5383982062339783,
            "1": 0.8963246941566467
        }
    }
}