{
    "confidence_score": 0.9754226803779602,
    "ptm": 0.982944905757904,
    "iptm": 0.9864697456359863,
    "ligand_iptm": 0.9864697456359863,
    "protein_iptm": 0.0,
    "complex_plddt": 0.9726609587669373,
    "complex_iplddt": 0.9570592045783997,
    "complex_pde": 0.290249228477478,
    "complex_ipde": 0.4662133753299713,
    "chains_ptm": {
        "0": 0.9827781319618225,
        "1": 0.9604150056838989
    },
    "pair_chains_iptm": {
        "0": {
            "0": 0.9827781319618225,
            "1": 0.8710272908210754
        },
        "1": {
            "0": 0.9864697456359863,
            "1": 0.9604150056838989
        }
    }
}