{
    "confidence_score": 0.795198917388916,
    "ptm": 0.5631192922592163,
    "iptm": 0.7884351015090942,
    "ligand_iptm": 0.7884351015090942,
    "protein_iptm": 0.0,
    "complex_plddt": 0.7968899011611938,
    "complex_iplddt": 0.7260817289352417,
    "complex_pde": 0.9705051779747009,
    "complex_ipde": 2.7414047718048096,
    "chains_ptm": {
        "0": 0.5763183832168579,
        "1": 0.7315582633018494,
        "2": 0.0
    },
    "pair_chains_iptm": {
        "0": {
            "0": 0.5763183832168579,
            "1": 0.23768889904022217,
            "2": 0.0
        },
        "1": {
            "0": 0.7858958840370178,
            "1": 0.7315582633018494,
            "2": 0.0
        },
        "2": {
            "0": 0.9312281012535095,
            "1": 0.39017167687416077,
            "2": 0.0
        }
    }
}