pair_id,pair_index,drugbank_id,uniprot_id,affinity_pred_value,affinity_probability_binary,affinity_pred_value1,affinity_probability_binary1,affinity_pred_value2,affinity_probability_binary2,confidence_score,ptm,iptm,ligand_iptm,protein_iptm,complex_plddt,complex_iplddt,complex_pde,complex_ipde
0_O75469_DB00014,0,DB00014,O75469,-0.8177963495254517,0.4907134175300598,-0.3704012632369995,0.42329201102256775,-1.2651914358139038,0.5581347942352295,0.8003806471824646,0.7290995717048645,0.8759785890579224,0.8759785890579224,0.0,0.7814810872077942,0.6078197956085205,1.1328126192092896,2.618525743484497
1_O75469_DB00035,1,DB00035,O75469,0.033630430698394775,0.40273046493530273,1.1290504932403564,0.35731223225593567,-1.061789631843567,0.4481486678123474,0.6888214945793152,0.6729345917701721,0.5712169408798218,0.5712169408798218,0.0,0.7182226181030273,0.36226847767829895,1.7428650856018066,8.268508911132812
2_O75469_DB00175,2,DB00175,O75469,0.998683750629425,0.2493610829114914,1.3091697692871094,0.2610723674297333,0.6881977319717407,0.2376497983932495,0.8337917327880859,0.7292695641517639,0.9221384525299072,0.9221384525299072,0.0,0.8117051124572754,0.7792985439300537,0.9716711044311523,1.2624551057815552
3_O75469_DB00178,3,DB00178,O75469,0.6842952966690063,0.1075739860534668,0.8453904986381531,0.09230049699544907,0.5232001543045044,0.12284746766090393,0.8415566682815552,0.8083398342132568,0.921787679195404,0.921787679195404,0.0,0.8214988708496094,0.82254558801651,0.8772329688072205,1.2479296922683716
4_O75469_DB00181,4,DB00181,O75469,1.6384187936782837,0.14883466064929962,1.172363519668579,0.1565674990415573,2.1044740676879883,0.14110182225704193,0.8377456068992615,0.7589238286018372,0.8639622926712036,0.8639622926712036,0.0,0.83119136095047,0.8506931662559509,1.0856808423995972,3.0205602645874023
5_O75469_DB00183,5,DB00183,O75469,0.6662334203720093,0.20227672159671783,1.0281187295913696,0.12275058776140213,0.3043481707572937,0.28180286288261414,0.83451908826828,0.7304218411445618,0.939221203327179,0.939221203327179,0.0,0.8083435893058777,0.7325239181518555,0.9804942011833191,1.2558304071426392
6_O75469_DB00184,6,DB00184,O75469,1.4887852668762207,0.10741126537322998,0.9937347173690796,0.07653059810400009,1.9838358163833618,0.13829194009304047,0.853693425655365,0.7969028949737549,0.939957320690155,0.939957320690155,0.0,0.8321274518966675,0.8467005491256714,0.8715201020240784,1.325500249862671
7_O95154_DB00014,7,DB00014,O95154,-0.12858331203460693,0.3909153342247009,0.5808976888656616,0.25291040539741516,-0.8380643129348755,0.5289202928543091,0.911115288734436,0.9399945139884949,0.8749802112579346,0.8749802112579346,0.0,0.9201490879058838,0.8407028913497925,0.6128695011138916,1.5864684581756592
8_O95154_DB00035,8,DB00035,O95154,-0.6456850171089172,0.276498943567276,0.16160759329795837,0.19838358461856842,-1.4529776573181152,0.3546142876148224,0.9043545126914978,0.9386476874351501,0.8727850914001465,0.8727850914001465,0.0,0.912246823310852,0.799323558807373,0.6353959441184998,1.5932743549346924
9_O95154_DB00175,9,DB00175,O95154,0.5629023909568787,0.599056601524353,0.9198054075241089,0.6897971630096436,0.20599937438964844,0.5083160996437073,0.933559238910675,0.9522060751914978,0.867037296295166,0.867037296295166,0.0,0.9501896500587463,0.8849300146102905,0.450566828250885,1.340879201889038
10_O95154_DB00178,10,DB00178,O95154,0.6162047982215881,0.25424158573150635,0.46536603569984436,0.19001495838165283,0.7670435905456543,0.31846824288368225,0.9452804923057556,0.961868941783905,0.9249732494354248,0.9249732494354248,0.0,0.95035719871521,0.8970043659210205,0.3901621997356415,0.8906785249710083
11_O95154_DB00181,11,DB00181,O95154,1.997223138809204,0.42049771547317505,1.8391923904418945,0.40636491775512695,2.1552538871765137,0.43463048338890076,0.953246533870697,0.9629313349723816,0.949207603931427,0.949207603931427,0.0,0.9542561769485474,0.9334372878074646,0.35796329379081726,0.8102825880050659
12_O95154_DB00183,12,DB00183,O95154,-0.261444628238678,0.36494889855384827,-0.886624813079834,0.33495035767555237,0.3637355864048004,0.39494743943214417,0.9246560335159302,0.950986385345459,0.8886761665344238,0.8886761665344238,0.0,0.9336509704589844,0.8492319583892822,0.5330297350883484,1.2738714218139648
13_O95154_DB00184,13,DB00184,O95154,1.4390368461608887,0.29520660638809204,1.7291158437728882,0.3414120674133301,1.1489578485488892,0.2490011304616928,0.9213941693305969,0.9478927850723267,0.8394538164138794,0.8394538164138794,0.0,0.9418792128562927,0.8802176117897034,0.4476339817047119,2.1559488773345947
14_P00352_DB00014,14,DB00014,P00352,-0.4188995361328125,0.3269060552120209,0.32923996448516846,0.32735785841941833,-1.1670390367507935,0.3264542520046234,0.7694441676139832,0.8732627630233765,0.31064292788505554,0.31064292788505554,0.0,0.8841444253921509,0.574791669845581,2.9888083934783936,23.519596099853516
15_P00352_DB00035,15,DB00035,P00352,-0.9796477556228638,0.2647760510444641,-0.21280264854431152,0.21284128725528717,-1.746492862701416,0.31671082973480225,0.8227320909500122,0.9094350934028625,0.47611096501350403,0.47611096501350403,0.0,0.9093872904777527,0.6474135518074036,2.232325792312622,19.223438262939453
16_P00352_DB00175,16,DB00175,P00352,0.25747063755989075,0.22108353674411774,0.39326852560043335,0.24189318716526031,0.12167273461818695,0.20027388632297516,0.9385258555412292,0.9689970016479492,0.8622721433639526,0.8622721433639526,0.0,0.957589328289032,0.8181053996086121,0.6309878826141357,5.014559268951416
17_P00352_DB00178,17,DB00178,P00352,0.5268181562423706,0.19194205105304718,0.20803546905517578,0.2790049910545349,0.8456007838249207,0.10487911105155945,0.8916029930114746,0.9573131799697876,0.5950680375099182,0.5950680375099182,0.0,0.9657367467880249,0.8713335990905762,1.3529926538467407,15.304511070251465
18_P00352_DB00181,18,DB00181,P00352,1.4046391248703003,0.23904773592948914,0.846106231212616,0.16315552592277527,1.9631720781326294,0.314939945936203,0.9315187335014343,0.9772915244102478,0.7809723019599915,0.7809723019599915,0.0,0.9691553711891174,0.8697776198387146,0.6021124720573425,7.321439266204834
19_P00352_DB00183,19,DB00183,P00352,1.291727066040039,0.22118370234966278,1.32281494140625,0.19348374009132385,1.2606391906738281,0.2488836646080017,0.8460336923599243,0.9303693175315857,0.5046296715736389,0.5046296715736389,0.0,0.9313846230506897,0.7055634260177612,2.1821835041046143,18.787525177001953
20_P00352_DB00184,20,DB00184,P00352,0.7495376467704773,0.5639182925224304,1.0489023923873901,0.6656482219696045,0.45017290115356445,0.46218833327293396,0.9447068572044373,0.9799870252609253,0.8328427076339722,0.8328427076339722,0.0,0.9726728200912476,0.891221821308136,0.477007120847702,6.010824203491211
21_P02763_DB00014,21,DB00014,P02763,-0.4901365041732788,0.5326510071754456,-0.5585403442382812,0.5768701434135437,-0.42173266410827637,0.488431841135025,0.8784863352775574,0.9138286113739014,0.9345797896385193,0.9345797896385193,0.0,0.8644629716873169,0.7981602549552917,0.5024955868721008,0.7485290169715881
22_P02763_DB00035,22,DB00035,P02763,0.009207874536514282,0.215176522731781,0.9297642707824707,0.142110675573349,-0.9113485217094421,0.288242369890213,0.8591675758361816,0.9133217930793762,0.9270498752593994,0.9270498752593994,0.0,0.8421970009803772,0.7412073016166687,0.45822927355766296,0.6800634264945984
23_P02763_DB00175,23,DB00175,P02763,0.9502063989639282,0.18777576088905334,1.3696260452270508,0.14627818763256073,0.5307868123054504,0.22927331924438477,0.9081869125366211,0.9269769787788391,0.9401293992996216,0.9401293992996216,0.0,0.9002012610435486,0.8686776757240295,0.37543371319770813,0.6516648530960083
24_P02763_DB00178,24,DB00178,P02763,0.9325666427612305,0.1502525508403778,0.8749334216117859,0.10836199671030045,0.9901999235153198,0.19214309751987457,0.9250351190567017,0.9318199753761292,0.9624685049057007,0.9624685049057007,0.0,0.9156767725944519,0.9148706793785095,0.3642009198665619,0.5333780646324158
25_P02763_DB00181,25,DB00181,P02763,1.0950546264648438,0.1533430963754654,0.05821125954389572,0.09328131377696991,2.1318979263305664,0.21340487897396088,0.9116154909133911,0.8996637463569641,0.9194664359092712,0.9194664359092712,0.0,0.9096527695655823,0.8727049827575684,0.4098716676235199,0.8044440746307373
26_P02763_DB00183,26,DB00183,P02763,1.2178013324737549,0.32810521125793457,1.157535195350647,0.26573601365089417,1.2780674695968628,0.3904743790626526,0.9103469848632812,0.9114946722984314,0.9340059161186218,0.9340059161186218,0.0,0.9044322371482849,0.8546110391616821,0.4660192131996155,0.6893336176872253
27_P02763_DB00184,27,DB00184,P02763,1.2648212909698486,0.12427136301994324,0.6195885539054871,0.11819425970315933,1.910054087638855,0.13034845888614655,0.9311801791191101,0.9217298030853271,0.9769226908683777,0.9769226908683777,0.0,0.9197445511817932,0.9311786890029907,0.3314891755580902,0.42485204339027405
28_P05177_DB00014,28,DB00014,P05177,-0.45279398560523987,0.42755717039108276,0.2949158549308777,0.3888421952724457,-1.2005038261413574,0.46627214550971985,0.8379767537117004,0.906243085861206,0.8381994366645813,0.8381994366645813,0.0,0.8379210829734802,0.61861252784729,0.8613070249557495,2.805302858352661
29_P05177_DB00035,29,DB00035,P05177,-0.29205262660980225,0.15810492634773254,0.67938232421875,0.12601116299629211,-1.2634875774383545,0.19019868969917297,0.8550750017166138,0.9011462330818176,0.8178344964981079,0.8178344964981079,0.0,0.8643851280212402,0.6962103247642517,0.8997743129730225,3.0975141525268555
30_P05177_DB00175,30,DB00175,P05177,1.5786101818084717,0.4908102750778198,1.932701587677002,0.5066578984260559,1.2245186567306519,0.47496265172958374,0.9180866479873657,0.928604781627655,0.9549020528793335,0.9549020528793335,0.0,0.9088827967643738,0.8222020864486694,0.454956591129303,1.1091586351394653
31_P05177_DB00178,31,DB00178,P05177,0.7144277691841125,0.1319160759449005,0.8108018040657043,0.07159032672643661,0.6180537343025208,0.192241832613945,0.9279980659484863,0.9319027066230774,0.9682816863059998,0.9682816863059998,0.0,0.9179271459579468,0.8867126107215881,0.41681811213493347,0.9131139516830444
32_P05177_DB00181,32,DB00181,P05177,1.3162524700164795,0.3435601592063904,1.0240988731384277,0.428923100233078,1.6084059476852417,0.25819718837738037,0.929936408996582,0.932890772819519,0.9414607882499695,0.9414607882499695,0.0,0.9270553588867188,0.8861072063446045,0.41945257782936096,1.3268909454345703
33_P05177_DB00183,33,DB00183,P05177,0.7448190450668335,0.26691192388534546,-0.11464260518550873,0.20229369401931763,1.604280710220337,0.3315301537513733,0.910289466381073,0.9156198501586914,0.9191490411758423,0.9191490411758423,0.0,0.9080746173858643,0.8454646468162537,0.6446724534034729,1.8872170448303223
34_P05177_DB00184,34,DB00184,P05177,1.7944133281707764,0.24056024849414825,1.471597671508789,0.2816495895385742,2.1172289848327637,0.1994709074497223,0.9309424757957458,0.9306320548057556,0.9516612887382507,0.9516612887382507,0.0,0.9257627725601196,0.8704361319541931,0.4090442359447479,1.2122721672058105
35_P07327_DB00014,35,DB00014,P07327,-0.3221464157104492,0.3341848850250244,0.5832903385162354,0.2800443768501282,-1.2275831699371338,0.38832539319992065,0.8895511627197266,0.9671421051025391,0.9562229514122009,0.9562229514122009,0.0,0.8728832602500916,0.6790744066238403,0.4196651577949524,0.9011354446411133
36_P07327_DB00035,36,DB00035,P07327,-0.4052046835422516,0.15754880011081696,0.16436243057250977,0.11506150662899017,-0.9747717976570129,0.20003609359264374,0.8393369913101196,0.9414543509483337,0.842228889465332,0.842228889465332,0.0,0.8386140465736389,0.4697554409503937,0.7013740539550781,2.8968467712402344
37_P07327_DB00175,37,DB00175,P07327,0.3231111168861389,0.34747952222824097,-0.42426598072052,0.3640052080154419,1.0704882144927979,0.33095383644104004,0.8978903889656067,0.9601615071296692,0.9210067391395569,0.9210067391395569,0.0,0.8921113014221191,0.5873335599899292,0.41611260175704956,1.3320674896240234
38_P07327_DB00178,38,DB00178,P07327,1.2308794260025024,0.15199123322963715,0.873790442943573,0.11035536974668503,1.587968349456787,0.19362710416316986,0.9121960997581482,0.9615616202354431,0.9429032206535339,0.9429032206535339,0.0,0.9045193195343018,0.6792750954627991,0.38976532220840454,1.0313459634780884
39_P07327_DB00181,39,DB00181,P07327,2.346646308898926,0.1752704381942749,1.4634721279144287,0.06405403465032578,3.2298202514648438,0.28648683428764343,0.9343261122703552,0.9679913520812988,0.9073048830032349,0.9073048830032349,0.0,0.9410814046859741,0.8452284336090088,0.36531147360801697,1.4241371154785156
40_P07327_DB00183,40,DB00183,P07327,0.5612354874610901,0.29326510429382324,0.08141086250543594,0.31979700922966003,1.0410600900650024,0.26673322916030884,0.9047196507453918,0.95994633436203,0.9350195527076721,0.9350195527076721,0.0,0.8971446752548218,0.6764086484909058,0.4694720208644867,1.1616419553756714
41_P07327_DB00184,41,DB00184,P07327,1.8671261072158813,0.2100456953048706,1.88188636302948,0.21198484301567078,1.8523658514022827,0.20810653269290924,0.9529196619987488,0.9691269397735596,0.946358859539032,0.946358859539032,0.0,0.954559862613678,0.8945141434669495,0.3332483172416687,1.1171835660934448
42_P07550_DB00014,42,DB00014,P07550,-1.1951725482940674,0.6759582757949829,-0.7955726385116577,0.7821478843688965,-1.5947723388671875,0.5697686672210693,0.7650253176689148,0.7980293035507202,0.8660643100738525,0.8660643100738525,0.0,0.7397655844688416,0.6493924260139465,1.0995796918869019,1.8399226665496826
43_P07550_DB00035,43,DB00035,P07550,-1.4910537004470825,0.279526948928833,-0.6906270980834961,0.2771874964237213,-2.291480302810669,0.2818663716316223,0.7559770941734314,0.7916728258132935,0.7958716750144958,0.7958716750144958,0.0,0.7460033893585205,0.7205330729484558,1.1990760564804077,2.7159388065338135
44_P07550_DB00175,44,DB00175,P07550,0.39898210763931274,0.19011887907981873,0.6756880283355713,0.20237550139427185,0.12227615714073181,0.1778622567653656,0.8130084276199341,0.7620275020599365,0.9342784285545349,0.9342784285545349,0.0,0.7826909422874451,0.8574827313423157,1.3329905271530151,1.397948145866394
45_P07550_DB00178,45,DB00178,P07550,1.208181381225586,0.052601419389247894,0.7816222310066223,0.051431991159915924,1.6347405910491943,0.05377085134387016,0.7956170439720154,0.8009496331214905,0.930046796798706,0.930046796798706,0.0,0.7620096206665039,0.8165549039840698,1.1294548511505127,1.2774125337600708
46_P07550_DB00181,46,DB00181,P07550,0.6979212760925293,0.2598220705986023,0.5284855365753174,0.24635036289691925,0.8673569560050964,0.27329376339912415,0.8361345529556274,0.8584001660346985,0.9766267538070679,0.9766267538070679,0.0,0.8010115027427673,0.8812432289123535,0.8422551155090332,0.8649538159370422
47_P07550_DB00183,47,DB00183,P07550,0.1601896584033966,0.11102362722158432,0.46483632922172546,0.11482662707567215,-0.14445702731609344,0.10722062736749649,0.7794429063796997,0.8082643747329712,0.8847643733024597,0.8847643733024597,0.0,0.7531124949455261,0.758002758026123,1.1097761392593384,1.6983797550201416
48_P07550_DB00184,48,DB00184,P07550,1.404520869255066,0.4470149278640747,1.2295995950698853,0.5154825448989868,1.5794421434402466,0.3785472810268402,0.8185845613479614,0.7943207025527954,0.9840642809867859,0.9840642809867859,0.0,0.7772146463394165,0.8536213040351868,1.1897591352462769,0.7512425184249878
49_P08172_DB00014,49,DB00014,P08172,-1.4963760375976562,0.6009275913238525,-1.2681854963302612,0.7310380935668945,-1.7245666980743408,0.47081705927848816,0.7117835283279419,0.7962052822113037,0.9361392259597778,0.9361392259597778,0.0,0.6556946039199829,0.6145013570785522,1.032056212425232,1.1369163990020752
50_P08172_DB00035,50,DB00035,P08172,-1.2971490621566772,0.2444649338722229,-0.34079521894454956,0.25351759791374207,-2.25350284576416,0.23541225492954254,0.6803140044212341,0.6901674866676331,0.8456785082817078,0.8456785082817078,0.0,0.638972818851471,0.6090267896652222,1.6153638362884521,2.2873287200927734
51_P08172_DB00175,51,DB00175,P08172,0.45631539821624756,0.1170223206281662,0.5944771766662598,0.15756693482398987,0.31815361976623535,0.07647770643234253,0.6911921501159668,0.7593474984169006,0.9014289379119873,0.9014289379119873,0.0,0.6386329531669617,0.615970253944397,1.4707489013671875,2.1099846363067627
52_P08172_DB00178,52,DB00178,P08172,1.2771108150482178,0.30035200715065,0.7002315521240234,0.4749114513397217,1.8539899587631226,0.12579257786273956,0.7463690638542175,0.7413569092750549,0.9729965925216675,0.9729965925216675,0.0,0.6897122263908386,0.7963763475418091,0.9155968427658081,1.008078694343567
53_P08172_DB00181,53,DB00181,P08172,0.6104717254638672,0.2809107303619385,-0.4705260097980499,0.3731101155281067,1.691469430923462,0.18871133029460907,0.7517416477203369,0.8399200439453125,0.9724157452583313,0.9724157452583313,0.0,0.6965731382369995,0.8070513606071472,0.931492269039154,0.8839106559753418
54_P08172_DB00183,54,DB00183,P08172,0.4128575325012207,0.19809356331825256,0.9467936158180237,0.26763683557510376,-0.12107855081558228,0.12855030596256256,0.6775518655776978,0.6980420351028442,0.8547618389129639,0.8547618389129639,0.0,0.6332493424415588,0.5360222458839417,1.172900915145874,2.684558629989624
55_P08172_DB00184,55,DB00184,P08172,-0.15040212869644165,0.9139593839645386,-0.30035728216171265,0.9312105178833008,-0.00044697895646095276,0.8967081904411316,0.7566139101982117,0.8219144344329834,0.9845907092094421,0.9845907092094421,0.0,0.6996196508407593,0.7986652255058289,0.8475311398506165,0.5584650039672852
56_P08263_DB00014,56,DB00014,P08263,-0.74541175365448,0.4001868963241577,-0.3460565209388733,0.2854643166065216,-1.144766926765442,0.5149094462394714,0.8379478454589844,0.942030131816864,0.8503828048706055,0.8503828048706055,0.0,0.8348391652107239,0.5947282314300537,0.5754119753837585,1.4204928874969482
57_P08263_DB00035,57,DB00035,P08263,-1.054821252822876,0.5497634410858154,0.04551658779382706,0.4142425060272217,-2.1551589965820312,0.685284435749054,0.9165485501289368,0.9632267355918884,0.9108038544654846,0.9108038544654846,0.0,0.9179847240447998,0.8036545515060425,0.4709794521331787,1.0691852569580078
58_P08263_DB00175,58,DB00175,P08263,0.24097377061843872,0.4368082880973816,0.9625951647758484,0.4893631339073181,-0.48064762353897095,0.38425344228744507,0.9559211730957031,0.9794009327888489,0.9518231153488159,0.9518231153488159,0.0,0.9569456577301025,0.8814676403999329,0.33121487498283386,0.5987917184829712
59_P08263_DB00178,59,DB00178,P08263,0.5353112816810608,0.25905361771583557,0.4536830186843872,0.2579232454299927,0.6169395446777344,0.26018399000167847,0.9249680638313293,0.9768689274787903,0.9176734089851379,0.9176734089851379,0.0,0.9267916679382324,0.7211090922355652,0.367699533700943,0.8078545928001404
60_P08263_DB00181,60,DB00181,P08263,1.9207589626312256,0.1946641504764557,1.8053163290023804,0.13510894775390625,2.0362017154693604,0.2542193531990051,0.9609221816062927,0.9819959998130798,0.9215250611305237,0.9215250611305237,0.0,0.9707713723182678,0.9121418595314026,0.328514039516449,0.9748538136482239
61_P08263_DB00183,61,DB00183,P08263,0.8043731451034546,0.37940773367881775,0.7527910470962524,0.4343785047531128,0.8559552431106567,0.3244369626045227,0.9287467002868652,0.9578096866607666,0.8577864766120911,0.8577864766120911,0.0,0.94648677110672,0.8617387413978577,0.5643492341041565,1.3704893589019775
62_P08263_DB00184,62,DB00184,P08263,1.1858313083648682,0.28902190923690796,0.9157325029373169,0.4178720712661743,1.455930233001709,0.1601717472076416,0.9541047215461731,0.9803565144538879,0.9302209615707397,0.9302209615707397,0.0,0.9600756168365479,0.845626711845398,0.3221862018108368,0.8117244839668274
63_P08588_DB00014,63,DB00014,P08588,-1.0179237127304077,0.4548879861831665,-0.6519232392311096,0.5611076354980469,-1.3839242458343506,0.3486683666706085,0.6792110800743103,0.7364363670349121,0.8014998435974121,0.8014998435974121,0.0,0.6486388444900513,0.5681832432746887,1.5630382299423218,3.1342644691467285
64_P08588_DB00035,64,DB00035,P08588,-1.3850610256195068,0.16302689909934998,-0.6154977083206177,0.09180012345314026,-2.1546242237091064,0.2342536747455597,0.6976175308227539,0.7321386933326721,0.7838286757469177,0.7838286757469177,0.0,0.6760647296905518,0.6201538443565369,1.556156039237976,3.39501690864563
65_P08588_DB00175,65,DB00175,P08588,-0.3017781376838684,0.12339313328266144,-0.8326141238212585,0.11334670335054398,0.22905786335468292,0.1334395706653595,0.7727953195571899,0.750536322593689,0.9782167673110962,0.9782167673110962,0.0,0.7214398980140686,0.8146861791610718,1.4232407808303833,0.9805542230606079
66_P08588_DB00178,66,DB00178,P08588,1.414750576019287,0.06905867904424667,0.9139412641525269,0.08142208307981491,1.9155598878860474,0.056695278733968735,0.744981586933136,0.7458915114402771,0.885728120803833,0.885728120803833,0.0,0.7097949385643005,0.7744960784912109,1.516342282295227,2.046903371810913
67_P08588_DB00181,67,DB00181,P08588,0.45585304498672485,0.2427828311920166,0.4637904167175293,0.17911513149738312,0.4479157030582428,0.3064505159854889,0.7724222540855408,0.7216575741767883,0.9843209385871887,0.9843209385871887,0.0,0.7194476127624512,0.8229771852493286,1.691322684288025,0.858128547668457
68_P08588_DB00183,68,DB00183,P08588,0.48556897044181824,0.06940127909183502,0.49008792638778687,0.060666102916002274,0.4810500144958496,0.07813645154237747,0.7599713802337646,0.7952563762664795,0.9315161108970642,0.9315161108970642,0.0,0.7170851826667786,0.7778308987617493,1.192157506942749,1.7588270902633667
69_P08588_DB00184,69,DB00184,P08588,1.0734169483184814,0.6183149218559265,1.0632513761520386,0.7086392641067505,1.0835824012756348,0.5279905796051025,0.769687294960022,0.7912741303443909,0.9913873076438904,0.9913873076438904,0.0,0.7142622470855713,0.8198879361152649,1.2540745735168457,0.643760621547699
70_P08684_DB00014,70,DB00014,P08684,-0.8247240781784058,0.44208553433418274,-0.4739571511745453,0.37637943029403687,-1.1754909753799438,0.5077916383743286,0.8843416571617126,0.9489906430244446,0.9536153674125671,0.9536153674125671,0.0,0.8670231699943542,0.7243529558181763,0.49780961871147156,1.2537200450897217
71_P08684_DB00035,71,DB00035,P08684,-0.2182738482952118,0.16074185073375702,0.7141987681388855,0.1007116511464119,-1.150746464729309,0.22077204287052155,0.8703624606132507,0.9380665421485901,0.9153706431388855,0.9153706431388855,0.0,0.859110414981842,0.6827438473701477,0.650428831577301,2.2262678146362305
72_P08684_DB00175,72,DB00175,P08684,0.5247364640235901,0.501782238483429,1.0220236778259277,0.4808821380138397,0.027449268847703934,0.5226823687553406,0.9196943640708923,0.9483193755149841,0.9237585663795471,0.9237585663795471,0.0,0.9186782836914062,0.8766093254089355,0.5051851272583008,2.185981035232544
73_P08684_DB00178,73,DB00178,P08684,1.0835881233215332,0.12049265205860138,1.5798709392547607,0.08786936849355698,0.5873054265975952,0.15311594307422638,0.9157807230949402,0.9495434165000916,0.8838732838630676,0.8838732838630676,0.0,0.9237576127052307,0.85285884141922,0.5813810229301453,3.0940065383911133
74_P08684_DB00181,74,DB00181,P08684,1.5184502601623535,0.1556236445903778,1.1143838167190552,0.11648191511631012,1.9225168228149414,0.1947653591632843,0.9275423288345337,0.9552774429321289,0.9194436073303223,0.9194436073303223,0.0,0.9295669794082642,0.8823552131652832,0.39799320697784424,1.860395908355713
75_P08684_DB00183,75,DB00183,P08684,0.5708101987838745,0.24737338721752167,0.2958116829395294,0.2191348373889923,0.845808744430542,0.275611937046051,0.909039318561554,0.9401211142539978,0.8654488325119019,0.8654488325119019,0.0,0.9199368953704834,0.8284236788749695,0.7984305024147034,3.7317373752593994
76_P08684_DB00184,76,DB00184,P08684,0.8503691554069519,0.4635201692581177,0.9694502353668213,0.7484557032585144,0.7312880754470825,0.17858462035655975,0.8886892199516296,0.9639261960983276,0.7234395742416382,0.7234395742416382,0.0,0.9300016164779663,0.8338391184806824,0.45450907945632935,4.823936939239502
77_P08913_DB00014,77,DB00014,P08913,-1.2365853786468506,0.6459211111068726,-1.0291156768798828,0.6677058935165405,-1.444055199623108,0.6241363883018494,0.6447492241859436,0.6995574235916138,0.7982773780822754,0.7982773780822754,0.0,0.6063671708106995,0.567258894443512,1.799742341041565,4.289365768432617
78_P08913_DB00035,78,DB00035,P08913,-1.1134483814239502,0.3561350107192993,-0.11931739747524261,0.14073237776756287,-2.107579469680786,0.5715376734733582,0.6477295756340027,0.6678250432014465,0.6987274289131165,0.6987274289131165,0.0,0.6349801421165466,0.5931350588798523,1.9678601026535034,5.2198567390441895
79_P08913_DB00175,79,DB00175,P08913,0.46231865882873535,0.2228512167930603,0.39968666434288025,0.23268428444862366,0.5249506235122681,0.21301814913749695,0.682774007320404,0.6647445559501648,0.8279814124107361,0.8279814124107361,0.0,0.646472156047821,0.6293503046035767,2.0834858417510986,3.568314552307129
80_P08913_DB00178,80,DB00178,P08913,1.228773832321167,0.10988776385784149,0.48404091596603394,0.07556984573602676,1.9735068082809448,0.14420568943023682,0.7097200155258179,0.6715856194496155,0.8793808817863464,0.8793808817863464,0.0,0.6673047542572021,0.7661375403404236,1.9724299907684326,2.3457183837890625
81_P08913_DB00181,81,DB00181,P08913,0.365243524312973,0.11431091278791428,-0.302997887134552,0.06801733374595642,1.033484935760498,0.16060449182987213,0.7247991561889648,0.6871381402015686,0.9572626352310181,0.9572626352310181,0.0,0.6666833162307739,0.7622110247612,1.9196102619171143,1.238036870956421
82_P08913_DB00183,82,DB00183,P08913,0.16660673916339874,0.1962488889694214,0.05678960680961609,0.12548628449440002,0.2764238715171814,0.26701149344444275,0.6822056174278259,0.6709180474281311,0.8350882530212402,0.8350882530212402,0.0,0.6439849734306335,0.6561062932014465,1.9661756753921509,3.5680148601531982
83_P08913_DB00184,83,DB00184,P08913,-0.1835085153579712,0.9366783499717712,-0.23793092370033264,0.9453631639480591,-0.12908609211444855,0.9279935359954834,0.7221619486808777,0.6734424829483032,0.9751712679862976,0.9751712679862976,0.0,0.6589095592498779,0.7760549783706665,1.997689127922058,0.8444983959197998
84_P10635_DB00014,84,DB00014,P10635,-0.8864498138427734,0.5925727486610413,-0.500706672668457,0.6034405827522278,-1.2721929550170898,0.5817049145698547,0.9088438153266907,0.9376608729362488,0.9387243390083313,0.9387243390083313,0.0,0.9013736248016357,0.8040922284126282,0.5523341298103333,1.4358718395233154
85_P10635_DB00035,85,DB00035,P10635,-0.1436348259449005,0.16437233984470367,0.5997516512870789,0.08284096419811249,-0.8870213031768799,0.24590371549129486,0.9084407091140747,0.9362543821334839,0.894393801689148,0.894393801689148,0.0,0.9119524359703064,0.8142055869102478,0.7211776971817017,2.7895615100860596
86_P10635_DB00175,86,DB00175,P10635,1.0112853050231934,0.33421388268470764,1.1243727207183838,0.29397711157798767,0.8981979489326477,0.3744506537914276,0.919823944568634,0.9470909237861633,0.9485050439834595,0.9485050439834595,0.0,0.9126536250114441,0.8752127885818481,0.44136843085289,1.2833751440048218
87_P10635_DB00178,87,DB00178,P10635,1.0877281427383423,0.14653876423835754,1.6200413703918457,0.10026413202285767,0.5554148554801941,0.19281341135501862,0.9394454956054688,0.948907196521759,0.9433085322380066,0.9433085322380066,0.0,0.9384797215461731,0.9133608937263489,0.4528333246707916,1.4898605346679688
88_P10635_DB00181,88,DB00181,P10635,1.3339396715164185,0.3076905310153961,1.2260773181915283,0.31364747881889343,1.4418020248413086,0.3017335832118988,0.9265543818473816,0.9533799886703491,0.9311420321464539,0.9311420321464539,0.0,0.9254075288772583,0.8655919432640076,0.39068925380706787,1.628717303276062
89_P10635_DB00183,89,DB00183,P10635,0.6456438302993774,0.2489495873451233,0.3517868220806122,0.14983080327510834,0.9395008087158203,0.34806838631629944,0.9148702621459961,0.932011067867279,0.9135259985923767,0.9135259985923767,0.0,0.9152063131332397,0.8462136387825012,0.6390405297279358,2.43062686920166
90_P10635_DB00184,90,DB00184,P10635,0.6199142336845398,0.5922204256057739,0.9963655471801758,0.8139013648033142,0.2434629648923874,0.3705395460128784,0.9319307208061218,0.9561007618904114,0.9217612743377686,0.9217612743377686,0.0,0.9344730377197266,0.845659077167511,0.3848028779029846,2.0840742588043213
91_P11229_DB00014,91,DB00014,P11229,-1.351318120956421,0.6153714656829834,-1.1039166450500488,0.7068642377853394,-1.5987194776535034,0.5238786339759827,0.720956563949585,0.8030986189842224,0.9289609789848328,0.9289609789848328,0.0,0.6689554452896118,0.6556044816970825,1.0304133892059326,1.1859310865402222
92_P11229_DB00035,92,DB00035,P11229,-0.9659942984580994,0.18299895524978638,-0.09288854897022247,0.15618886053562164,-1.8391000032424927,0.2098090499639511,0.6965052485466003,0.7315452694892883,0.926690936088562,0.926690936088562,0.0,0.6389588713645935,0.5776979327201843,1.3352810144424438,1.5300251245498657
93_P11229_DB00175,93,DB00175,P11229,0.8859922885894775,0.17464424669742584,0.8500979542732239,0.12411245703697205,0.9218865633010864,0.22517603635787964,0.6667677760124207,0.7118613719940186,0.7523365020751953,0.7523365020751953,0.0,0.6453755497932434,0.5762524008750916,1.6859571933746338,3.6678218841552734
94_P11229_DB00178,94,DB00178,P11229,1.3553776741027832,0.13119502365589142,0.7925705909729004,0.12325365096330643,1.9181846380233765,0.1391363888978958,0.7394255995750427,0.7280518412590027,0.9630733132362366,0.9630733132362366,0.0,0.6835136413574219,0.7629892826080322,1.4701950550079346,1.164130687713623
95_P11229_DB00181,95,DB00181,P11229,0.6849010586738586,0.19248323142528534,-0.4202592670917511,0.20189625024795532,1.790061354637146,0.18307021260261536,0.7355632185935974,0.7283797860145569,0.9729024767875671,0.9729024767875671,0.0,0.6762283444404602,0.7813902497291565,1.5252610445022583,1.0945686101913452
96_P11229_DB00183,96,DB00183,P11229,0.8177300095558167,0.1400412619113922,1.1514934301376343,0.09971880912780762,0.4839666187763214,0.1803637146949768,0.6794942021369934,0.7286158800125122,0.9203897714614868,0.9203897714614868,0.0,0.6192703247070312,0.45894187688827515,1.4695581197738647,2.3375868797302246
97_P11229_DB00184,97,DB00184,P11229,0.10747706890106201,0.8741350769996643,-0.15634265542030334,0.866545557975769,0.37129679322242737,0.8817245960235596,0.7355994582176208,0.7228050231933594,0.9793006181716919,0.9793006181716919,0.0,0.6746740937232971,0.77130126953125,1.5390210151672363,0.7512101531028748
98_P11712_DB00014,98,DB00014,P11712,-0.3408064842224121,0.4529862105846405,0.22374242544174194,0.413114458322525,-0.9053553938865662,0.492857962846756,0.8610348701477051,0.9118229746818542,0.8569016456604004,0.8569016456604004,0.0,0.8620681762695312,0.6882489919662476,0.8555057048797607,2.7330336570739746
99_P11712_DB00035,99,DB00035,P11712,-0.8944047689437866,0.13193963468074799,-0.44302898645401,0.0776699036359787,-1.345780611038208,0.18620936572551727,0.902931809425354,0.9196938872337341,0.8749036192893982,0.8749036192893982,0.0,0.9099388122558594,0.824807345867157,0.7591587901115417,2.662921905517578
100_P11712_DB00175,100,DB00175,P11712,1.7015571594238281,0.3408290147781372,2.1340503692626953,0.32355454564094543,1.2690640687942505,0.35810351371765137,0.8631582260131836,0.9218235611915588,0.8508939146995544,0.8508939146995544,0.0,0.8662243485450745,0.6345434784889221,0.65693199634552,2.8829843997955322
101_P11712_DB00178,101,DB00178,P11712,1.501556634902954,0.11058102548122406,1.6899590492248535,0.09036539494991302,1.3131542205810547,0.1307966560125351,0.9152102470397949,0.9379554986953735,0.9586299657821655,0.9586299657821655,0.0,0.9043553471565247,0.8677664995193481,0.4526914060115814,1.0669821500778198
102_P11712_DB00181,102,DB00181,P11712,1.332139492034912,0.3082903325557709,1.0578937530517578,0.3224645256996155,1.606385350227356,0.29411613941192627,0.9141177535057068,0.9375937581062317,0.9378030896186829,0.9378030896186829,0.0,0.9081963300704956,0.8161813616752625,0.4347231686115265,1.3464940786361694
103_P11712_DB00183,103,DB00183,P11712,0.9375207424163818,0.28210172057151794,1.1083509922027588,0.23717428743839264,0.7666904926300049,0.32702916860580444,0.8675946593284607,0.9162699580192566,0.8605474829673767,0.8605474829673767,0.0,0.8693563938140869,0.6680901646614075,0.8390659093856812,3.325613021850586
104_P11712_DB00184,104,DB00184,P11712,0.869563102722168,0.3862234354019165,0.760371744632721,0.5295934081077576,0.9787545204162598,0.24285347759723663,0.9122306704521179,0.9404672384262085,0.9254317283630371,0.9254317283630371,0.0,0.9089304208755493,0.7784526348114014,0.4145212173461914,1.4974818229675293
105_P20309_DB00014,105,DB00014,P20309,-0.9452081918716431,0.5471447706222534,-0.6090989112854004,0.6441047787666321,-1.2813174724578857,0.45018482208251953,0.6685864925384521,0.6484906077384949,0.8025607466697693,0.8025607466697693,0.0,0.6350929141044617,0.6358768939971924,1.8641239404678345,3.249436616897583
106_P20309_DB00035,106,DB00035,P20309,-1.0334196090698242,0.23564116656780243,-0.33248746395111084,0.2322572022676468,-1.7343517541885376,0.23902513086795807,0.6680221557617188,0.6323383450508118,0.8025232553482056,0.8025232553482056,0.0,0.6343968510627747,0.6159636974334717,1.9982370138168335,4.651355266571045
107_P20309_DB00175,107,DB00175,P20309,0.5938146114349365,0.14460891485214233,0.5880086421966553,0.10235181450843811,0.5996206402778625,0.18686603009700775,0.635784924030304,0.6656361222267151,0.6695359945297241,0.6695359945297241,0.0,0.6273471713066101,0.52717125415802,1.9859601259231567,5.751971244812012
108_P20309_DB00178,108,DB00178,P20309,1.4850753545761108,0.1752488911151886,0.6530809998512268,0.19786716997623444,2.3170697689056396,0.15263062715530396,0.7336742281913757,0.6793220639228821,0.9608384966850281,0.9608384966850281,0.0,0.6768831610679626,0.8017758727073669,1.828872561454773,1.7742959260940552
109_P20309_DB00181,109,DB00181,P20309,0.8983141183853149,0.23143133521080017,-0.2645811438560486,0.271899551153183,2.0612094402313232,0.19096313416957855,0.7264754772186279,0.6392003893852234,0.9627189040184021,0.9627189040184021,0.0,0.6674146056175232,0.7788519859313965,2.05320143699646,1.7868987321853638
110_P20309_DB00183,110,DB00183,P20309,0.7399137616157532,0.15513725578784943,1.5011733770370483,0.16147515177726746,-0.021345902234315872,0.1487993597984314,0.6316823959350586,0.6291043162345886,0.7762953639030457,0.7762953639030457,0.0,0.5955291390419006,0.46562641859054565,2.265130043029785,5.568674087524414
111_P20309_DB00184,111,DB00184,P20309,0.22261419892311096,0.9097825288772583,-0.03121998906135559,0.922282338142395,0.4764483869075775,0.8972827792167664,0.7160745859146118,0.626830518245697,0.9702422022819519,0.9702422022819519,0.0,0.6525326371192932,0.7523927688598633,2.142902374267578,1.0907552242279053
112_P20813_DB00014,112,DB00014,P20813,-1.315387487411499,0.45402851700782776,-1.0602940320968628,0.3228539824485779,-1.5704809427261353,0.5852030515670776,0.8343402743339539,0.8976547122001648,0.7951352596282959,0.7951352596282959,0.0,0.8441416025161743,0.6106287837028503,1.1273993253707886,5.001349925994873
113_P20813_DB00035,113,DB00035,P20813,-0.42866697907447815,0.15138410031795502,0.23526841402053833,0.11837669461965561,-1.0926023721694946,0.18439151346683502,0.8245713114738464,0.9059723019599915,0.7967169880867004,0.7967169880867004,0.0,0.8315348625183105,0.5696313977241516,0.9238948225975037,4.725204944610596
114_P20813_DB00175,114,DB00175,P20813,1.7046637535095215,0.4686211943626404,2.307745933532715,0.5234519243240356,1.1015815734863281,0.41379043459892273,0.9119324684143066,0.9375618696212769,0.9173969626426697,0.9173969626426697,0.0,0.9105663895606995,0.7581490874290466,0.5276738405227661,2.3127076625823975
115_P20813_DB00178,115,DB00178,P20813,1.4350721836090088,0.14302469789981842,1.6367467641830444,0.09198138862848282,1.2333977222442627,0.19406799972057343,0.9452476501464844,0.9425678849220276,0.932966947555542,0.932966947555542,0.0,0.9483178853988647,0.8940141797065735,0.4915970265865326,1.9210467338562012
116_P20813_DB00181,116,DB00181,P20813,1.7650195360183716,0.25741371512413025,1.0695970058441162,0.2316664308309555,2.460442066192627,0.2831610143184662,0.9351720809936523,0.9477238059043884,0.9196181893348694,0.9196181893348694,0.0,0.9390605688095093,0.8492614030838013,0.41124817728996277,1.9803639650344849
117_P20813_DB00183,117,DB00183,P20813,0.7803328037261963,0.30656304955482483,0.3626886308193207,0.30239662528038025,1.1979769468307495,0.3107294738292694,0.9140600562095642,0.9285004138946533,0.9091189503669739,0.9091189503669739,0.0,0.9152953028678894,0.8322477340698242,0.65952068567276,2.5543904304504395
118_P20813_DB00184,118,DB00184,P20813,0.8376829028129578,0.5313747525215149,0.6118394136428833,0.7570892572402954,1.0635263919830322,0.305660218000412,0.9402152895927429,0.9489312767982483,0.9129419922828674,0.9129419922828674,0.0,0.9470336437225342,0.8770962953567505,0.3797028064727783,1.9087015390396118
119_P21397_DB00014,119,DB00014,P21397,-0.5214540958404541,0.2563055455684662,0.27336329221725464,0.17222248017787933,-1.3162715435028076,0.34038862586021423,0.8181859850883484,0.8946149945259094,0.561680018901825,0.561680018901825,0.0,0.8823124766349792,0.6173357963562012,2.125180959701538,14.469468116760254
120_P21397_DB00035,120,DB00035,P21397,-0.6754173636436462,0.05053362995386124,0.4779287576675415,0.02248532325029373,-1.828763484954834,0.07858193665742874,0.805452287197113,0.8873795866966248,0.45875900983810425,0.45875900983810425,0.0,0.8921256065368652,0.6478769779205322,1.9638135433197021,14.82966136932373
121_P21397_DB00175,121,DB00175,P21397,-0.01645803451538086,0.1697162687778473,0.607359766960144,0.185501828789711,-0.6402758359909058,0.1539306938648224,0.9053899049758911,0.9380196332931519,0.7690194249153137,0.7690194249153137,0.0,0.9394825100898743,0.8484301567077637,0.7371535301208496,5.3094377517700195
122_P21397_DB00178,122,DB00178,P21397,1.4159257411956787,0.13234959542751312,0.9812976121902466,0.14816011488437653,1.8505537509918213,0.11653908342123032,0.8903886675834656,0.9432409405708313,0.7789645195007324,0.7789645195007324,0.0,0.9182447791099548,0.686045229434967,0.8106304407119751,5.72660493850708
123_P21397_DB00181,123,DB00181,P21397,1.8788570165634155,0.49598807096481323,1.985866665840149,0.47310522198677063,1.7718473672866821,0.5188709497451782,0.9577273726463318,0.95429527759552,0.9572566151618958,0.9572566151618958,0.0,0.9578450322151184,0.949174702167511,0.3546334207057953,1.1676357984542847
124_P21397_DB00183,124,DB00183,P21397,1.3073151111602783,0.1264694631099701,1.2261161804199219,0.046995583921670914,1.3885140419006348,0.20594334602355957,0.8201860785484314,0.9114118218421936,0.5045186281204224,0.5045186281204224,0.0,0.8991029262542725,0.576067328453064,1.8859469890594482,15.01751708984375
125_P21397_DB00184,125,DB00184,P21397,0.942063570022583,0.7144012451171875,0.7315985560417175,0.8190593123435974,1.1525286436080933,0.6097431778907776,0.9544768333435059,0.956394612789154,0.9599270224571228,0.9599270224571228,0.0,0.9531143307685852,0.9427368640899658,0.3433648943901062,1.1760064363479614
126_P23975_DB00014,126,DB00014,P23975,-1.6803233623504639,0.6179900169372559,-1.4480057954788208,0.6533887386322021,-1.9126408100128174,0.5825912356376648,0.8482189178466797,0.9009456038475037,0.9216650128364563,0.9216650128364563,0.0,0.8298574090003967,0.7184085845947266,0.7666302919387817,1.4899851083755493
127_P23975_DB00035,127,DB00035,P23975,-1.3789377212524414,0.16237063705921173,-0.7283401489257812,0.14868633449077606,-2.0295352935791016,0.1760549396276474,0.8361450433731079,0.8946545720100403,0.8770608901977539,0.8770608901977539,0.0,0.825916051864624,0.710393488407135,0.8480910062789917,2.202610969543457
128_P23975_DB00175,128,DB00175,P23975,0.8842064142227173,0.18951654434204102,0.7010816931724548,0.23625527322292328,1.067331075668335,0.14277783036231995,0.8925262689590454,0.8979995846748352,0.9270485639572144,0.9270485639572144,0.0,0.8838956356048584,0.8768344521522522,0.7077963352203369,1.6648794412612915
129_P23975_DB00178,129,DB00178,P23975,1.430586338043213,0.31256458163261414,1.666162133216858,0.42037802934646606,1.1950105428695679,0.2047511339187622,0.892841637134552,0.9026761651039124,0.9526175856590271,0.9526175856590271,0.0,0.8778976798057556,0.8687950372695923,0.6618801355361938,1.2685023546218872
130_P23975_DB00181,130,DB00181,P23975,0.8517472743988037,0.8046666979789734,0.39438119530677795,0.929360032081604,1.3091133832931519,0.6799733638763428,0.9055727124214172,0.907520055770874,0.9750818014144897,0.9750818014144897,0.0,0.8881953954696655,0.9137620329856873,0.6074717044830322,0.757087767124176
131_P23975_DB00183,131,DB00183,P23975,0.41423243284225464,0.12067963927984238,0.26288267970085144,0.1245790347456932,0.5655822157859802,0.11678024381399155,0.8863733410835266,0.907103419303894,0.9395509958267212,0.9395509958267212,0.0,0.8730788826942444,0.8466854095458984,0.6823813915252686,1.3696801662445068
132_P23975_DB00184,132,DB00184,P23975,0.6537923812866211,0.8878761529922485,0.5389614701271057,0.9398632049560547,0.7686232924461365,0.8358891010284424,0.8853257298469543,0.9106913805007935,0.9773473739624023,0.9773473739624023,0.0,0.8623203039169312,0.8877072334289551,0.5910710692405701,0.7474653720855713
133_P27338_DB00014,133,DB00014,P27338,-0.4113370478153229,0.39280086755752563,0.12386840581893921,0.38629406690597534,-0.946542501449585,0.3993076980113983,0.8307828903198242,0.9108660817146301,0.6503596901893616,0.6503596901893616,0.0,0.8758886456489563,0.5864676833152771,1.2890160083770752,6.915100574493408
134_P27338_DB00035,134,DB00035,P27338,0.23426252603530884,0.16395126283168793,1.1314787864685059,0.12238877266645432,-0.6629537343978882,0.20551374554634094,0.841974675655365,0.9163340330123901,0.6572012305259705,0.6572012305259705,0.0,0.8881679773330688,0.5898868441581726,1.1266237497329712,6.718194961547852
135_P27338_DB00175,135,DB00175,P27338,1.53025221824646,0.39156287908554077,1.3210023641586304,0.4836328625679016,1.739502191543579,0.29949286580085754,0.9328161478042603,0.954074501991272,0.7914178371429443,0.7914178371429443,0.0,0.9681656360626221,0.8778584003448486,0.6950886845588684,5.250285625457764
136_P27338_DB00178,136,DB00178,P27338,2.009402275085449,0.14690491557121277,1.9347351789474487,0.13114029169082642,2.0840694904327393,0.16266952455043793,0.9066438674926758,0.9493153095245361,0.7008068561553955,0.7008068561553955,0.0,0.9581031203269958,0.7926356196403503,0.9570533633232117,7.875149250030518
137_P27338_DB00181,137,DB00181,P27338,1.5845657587051392,0.29956525564193726,1.6323237419128418,0.2607678771018982,1.5368077754974365,0.3383626341819763,0.9614114761352539,0.9688870310783386,0.8861892819404602,0.8861892819404602,0.0,0.9802170395851135,0.9508486390113831,0.3945981562137604,2.953616142272949
138_P27338_DB00183,138,DB00183,P27338,0.09802955389022827,0.2643098831176758,-0.5962470769882202,0.19930896162986755,0.7923061847686768,0.3293108344078064,0.8808876872062683,0.9376806616783142,0.7186325192451477,0.7186325192451477,0.0,0.9214514493942261,0.6529725193977356,1.1263701915740967,7.027784824371338
139_P27338_DB00184,139,DB00184,P27338,0.6699167490005493,0.7141421437263489,0.585019588470459,0.8816831707954407,0.7548138499259949,0.5466011166572571,0.9786857962608337,0.9762253165245056,0.9705590009689331,0.9705590009689331,0.0,0.9807174801826477,0.9697972536087036,0.29628458619117737,1.0892115831375122
140_P28845_DB00014,140,DB00014,P28845,-0.8718044757843018,0.28873422741889954,0.08064615726470947,0.15829108655452728,-1.824255108833313,0.419177383184433,0.8599034547805786,0.9317163228988647,0.9004188776016235,0.9004188776016235,0.0,0.8497745394706726,0.6658617258071899,0.6440175771713257,1.6995229721069336
141_P28845_DB00035,141,DB00035,P28845,-0.8449655771255493,0.07301655411720276,-0.11566762626171112,0.04411992430686951,-1.574263572692871,0.10191317647695541,0.84478759765625,0.9339224100112915,0.889252245426178,0.889252245426178,0.0,0.8336714506149292,0.5890047550201416,0.6125240921974182,1.6069846153259277
142_P28845_DB00175,142,DB00175,P28845,-0.49080610275268555,0.2601911127567291,-0.22487901151180267,0.26652050018310547,-0.7567331790924072,0.2538617253303528,0.9381799697875977,0.9366180300712585,0.9467624425888062,0.9467624425888062,0.0,0.9360343813896179,0.8743487000465393,0.40907204151153564,0.8547768592834473
143_P28845_DB00178,143,DB00178,P28845,0.2939073443412781,0.08995241671800613,0.5282624959945679,0.043314483016729355,0.059552162885665894,0.13659034669399261,0.9406561255455017,0.9461277723312378,0.9495927095413208,0.9495927095413208,0.0,0.9384219646453857,0.8908483386039734,0.4167967140674591,0.966343879699707
144_P28845_DB00181,144,DB00181,P28845,1.5877418518066406,0.14483153820037842,0.7270983457565308,0.1299237310886383,2.44838547706604,0.15973934531211853,0.9390068054199219,0.9462270140647888,0.9232671856880188,0.9232671856880188,0.0,0.9429417252540588,0.8737402558326721,0.41097506880760193,1.5760096311569214
145_P28845_DB00183,145,DB00183,P28845,-0.3996468782424927,0.20053687691688538,-0.34662872552871704,0.27299627661705017,-0.4526650011539459,0.12807749211788177,0.9034997820854187,0.94417804479599,0.9450215101242065,0.9450215101242065,0.0,0.8931193351745605,0.745202898979187,0.4594489634037018,0.837257444858551
146_P28845_DB00184,146,DB00184,P28845,0.5976976156234741,0.29999619722366333,0.5889071822166443,0.4382505416870117,0.6064881086349487,0.16174182295799255,0.9500791430473328,0.9441429972648621,0.9219474792480469,0.9219474792480469,0.0,0.9571121335029602,0.9298736453056335,0.41731134057044983,1.7599271535873413
147_P30532_DB00014,147,DB00014,P30532,-0.5138764977455139,0.43824976682662964,-0.7223471999168396,0.3936954736709595,-0.3054058253765106,0.4828040301799774,0.6387456655502319,0.6771350502967834,0.6239270567893982,0.6239270567893982,0.0,0.6424502730369568,0.3391900062561035,1.2282178401947021,6.113682270050049
148_P30532_DB00035,148,DB00035,P30532,-0.4378148913383484,0.3438549041748047,0.43587175011634827,0.29745835065841675,-1.3115015029907227,0.3902514576911926,0.6957303881645203,0.6798436641693115,0.7321240305900574,0.7321240305900574,0.0,0.686631977558136,0.44369909167289734,1.029491901397705,5.42106294631958
149_P30532_DB00175,149,DB00175,P30532,-0.7434574961662292,0.3436228036880493,-1.357344150543213,0.4404633045196533,-0.1295708417892456,0.2467823028564453,0.699084460735321,0.6979027986526489,0.6360235810279846,0.6360235810279846,0.0,0.7148496508598328,0.5272676348686218,1.089970588684082,6.013851642608643
150_P30532_DB00178,150,DB00178,P30532,0.5855705738067627,0.1198417991399765,1.1607061624526978,0.06710516661405563,0.01043492928147316,0.17257843911647797,0.7339619398117065,0.6914852857589722,0.7126803398132324,0.7126803398132324,0.0,0.7392823100090027,0.5682394504547119,1.0524179935455322,5.933236122131348
151_P30532_DB00181,151,DB00181,P30532,0.8122047185897827,0.1585969775915146,0.4186299741268158,0.1443374752998352,1.2057794332504272,0.17285647988319397,0.7660191655158997,0.7236063480377197,0.8137504458427429,0.8137504458427429,0.0,0.7540863156318665,0.6591680645942688,0.833800196647644,4.6915130615234375
152_P30532_DB00183,152,DB00183,P30532,1.3816003799438477,0.3643438220024109,0.9366653561592102,0.4063990116119385,1.8265354633331299,0.3222886025905609,0.6848799586296082,0.7004146575927734,0.6378058195114136,0.6378058195114136,0.0,0.6966484785079956,0.3820052146911621,1.1002405881881714,6.558319091796875
153_P30532_DB00184,153,DB00184,P30532,0.25649213790893555,0.49252769351005554,0.27282074093818665,0.6804648041725159,0.24016354978084564,0.3045905828475952,0.7590053081512451,0.7443088889122009,0.8602229952812195,0.8602229952812195,0.0,0.7337008714675903,0.678024172782898,0.7554944157600403,3.2896194458007812
154_P31645_DB00014,154,DB00014,P31645,-0.9983133673667908,0.552969217300415,-0.22433316707611084,0.5547010898590088,-1.7722935676574707,0.5512373447418213,0.8722664713859558,0.88265460729599,0.9034883975982666,0.9034883975982666,0.0,0.8644610047340393,0.8426541686058044,0.8931190371513367,1.8680533170700073
155_P31645_DB00035,155,DB00035,P31645,-0.6742627024650574,0.1693345308303833,0.032973021268844604,0.1988496035337448,-1.3814984560012817,0.13981947302818298,0.8513924479484558,0.8988484740257263,0.8211775422096252,0.8211775422096252,0.0,0.8589462041854858,0.842377781867981,0.9706370234489441,3.2026185989379883
156_P31645_DB00175,156,DB00175,P31645,1.112895131111145,0.15464593470096588,0.9257603287696838,0.19329075515270233,1.3000298738479614,0.11600112169981003,0.8790138363838196,0.925933301448822,0.9595365524291992,0.9595365524291992,0.0,0.8588830828666687,0.8676650524139404,0.605930745601654,1.031507968902588
157_P31645_DB00178,157,DB00178,P31645,0.7621243596076965,0.2731848657131195,0.3598620593547821,0.39050447940826416,1.1643866300582886,0.15586525201797485,0.895007312297821,0.9106722474098206,0.9667564034461975,0.9667564034461975,0.0,0.8770700097084045,0.9055627584457397,0.6556558012962341,0.9930957555770874
158_P31645_DB00181,158,DB00181,P31645,0.970321536064148,0.8494901061058044,0.8829155564308167,0.918448805809021,1.0577274560928345,0.7805314064025879,0.9011269807815552,0.9312649369239807,0.9744454026222229,0.9744454026222229,0.0,0.882797360420227,0.9191688299179077,0.5417227745056152,0.8098138570785522
159_P31645_DB00183,159,DB00183,P31645,0.5467132329940796,0.1167047768831253,0.5669185519218445,0.12907350063323975,0.5265078544616699,0.10433605313301086,0.89614337682724,0.9115778803825378,0.9600027203559875,0.9600027203559875,0.0,0.8801785111427307,0.9078232645988464,0.6464180946350098,1.1029506921768188
160_P31645_DB00184,160,DB00184,P31645,0.7271615862846375,0.9065553545951843,0.4969979524612427,0.9813851118087769,0.9573252201080322,0.8317255973815918,0.8988327980041504,0.9285455346107483,0.9656826257705688,0.9656826257705688,0.0,0.8821203112602234,0.9134078621864319,0.5149191617965698,1.013043761253357
161_P32297_DB00014,161,DB00014,P32297,-0.35405147075653076,0.3753501772880554,-0.10511916130781174,0.32160377502441406,-0.6029837727546692,0.42909660935401917,0.7360216379165649,0.7120010852813721,0.8143105506896973,0.8143105506896973,0.0,0.7164493799209595,0.4581328332424164,0.9780466556549072,3.3960020542144775
162_P32297_DB00035,162,DB00035,P32297,-1.2457616329193115,0.48988035321235657,-0.663884162902832,0.4509790539741516,-1.8276392221450806,0.5287816524505615,0.782534122467041,0.6981285214424133,0.8654967546463013,0.8654967546463013,0.0,0.7617934942245483,0.6682677865028381,0.9599937796592712,2.280698299407959
163_P32297_DB00175,163,DB00175,P32297,0.039548762142658234,0.15183785557746887,-0.23861335217952728,0.15890181064605713,0.31771087646484375,0.1447739154100418,0.7506663203239441,0.6759984493255615,0.704438328742981,0.704438328742981,0.0,0.7622233033180237,0.5086359977722168,1.0622397661209106,5.342931747436523
164_P32297_DB00178,164,DB00178,P32297,0.17950545251369476,0.10343920439481735,0.05199984461069107,0.046632688492536545,0.30701106786727905,0.16024571657180786,0.7618152499198914,0.686887800693512,0.7644897699356079,0.7644897699356079,0.0,0.761146605014801,0.5382426977157593,1.0478565692901611,5.377196311950684
165_P32297_DB00181,165,DB00181,P32297,1.1727722883224487,0.31276535987854004,0.07871932536363602,0.45985910296440125,2.2668251991271973,0.16567160189151764,0.7333752512931824,0.6709891557693481,0.6791633367538452,0.6791633367538452,0.0,0.7469282150268555,0.583392322063446,1.079331398010254,6.3322930335998535
166_P32297_DB00183,166,DB00183,P32297,1.9474527835845947,0.31393665075302124,2.0806846618652344,0.3575895130634308,1.8142207860946655,0.2702837586402893,0.791080117225647,0.7000988125801086,0.8462416529655457,0.8462416529655457,0.0,0.7772896885871887,0.6974250674247742,0.931067943572998,2.5460472106933594
167_P32297_DB00184,167,DB00184,P32297,-0.8690552711486816,0.7176626920700073,-1.5239551067352295,0.9982481002807617,-0.21415549516677856,0.43707725405693054,0.8066461682319641,0.7043845057487488,0.9116551876068115,0.9116551876068115,0.0,0.7803938984870911,0.7918379306793213,0.8417935967445374,1.664218783378601
168_P33261_DB00014,168,DB00014,P33261,-1.0865378379821777,0.5093599557876587,-0.9011390209197998,0.5059847831726074,-1.2719365358352661,0.51273512840271,0.8508731722831726,0.9102907180786133,0.8091156482696533,0.8091156482696533,0.0,0.8613125085830688,0.6323144435882568,0.9523431062698364,3.316847801208496
169_P33261_DB00035,169,DB00035,P33261,-0.508023202419281,0.13247747719287872,0.19136251509189606,0.08135920017957687,-1.2074089050292969,0.18359574675559998,0.9112392663955688,0.9196467995643616,0.9127206802368164,0.9127206802368164,0.0,0.9108688831329346,0.8202314972877502,0.7236769795417786,2.348468780517578
170_P33261_DB00175,170,DB00175,P33261,1.5416967868804932,0.42724472284317017,1.6031664609909058,0.4424595236778259,1.4802272319793701,0.4120299220085144,0.918686032295227,0.9368855357170105,0.9576902389526367,0.9576902389526367,0.0,0.9089349508285522,0.8004009127616882,0.42009690403938293,1.0664728879928589
171_P33261_DB00178,171,DB00178,P33261,1.2159700393676758,0.12254895269870758,1.2131433486938477,0.1150243729352951,1.218796730041504,0.13007353246212006,0.9403751492500305,0.930780827999115,0.9595432281494141,0.9595432281494141,0.0,0.9355831146240234,0.9186037182807922,0.45344266295433044,1.0439177751541138
172_P33261_DB00181,172,DB00181,P33261,1.2781306505203247,0.2163745015859604,1.007414698600769,0.14957010746002197,1.5488466024398804,0.2831788957118988,0.9232396483421326,0.9398242235183716,0.9443675875663757,0.9443675875663757,0.0,0.917957603931427,0.8549712300300598,0.4210377633571625,1.351203441619873
173_P33261_DB00183,173,DB00183,P33261,0.8822493553161621,0.20020824670791626,0.5631908178329468,0.1831347495317459,1.2013078927993774,0.21728172898292542,0.9085165858268738,0.926697313785553,0.9304417371749878,0.9304417371749878,0.0,0.9030352830886841,0.8548436164855957,0.5924099087715149,1.6246190071105957
174_P33261_DB00184,174,DB00184,P33261,1.0578994750976562,0.4940890967845917,1.1424123048782349,0.785609781742096,0.9733867645263672,0.2025684267282486,0.9213487505912781,0.949999988079071,0.8885264992713928,0.8885264992713928,0.0,0.9295543432235718,0.8579931259155273,0.4064829647541046,2.173647880554199
175_P34972_DB00014,175,DB00014,P34972,-1.0299140214920044,0.533958911895752,-0.6227507591247559,0.4701201617717743,-1.437077283859253,0.597797691822052,0.7922582626342773,0.9009367227554321,0.8381600379943848,0.8381600379943848,0.0,0.7807828187942505,0.5182217359542847,0.8145759701728821,2.392190933227539
176_P34972_DB00035,176,DB00035,P34972,-0.599992573261261,0.09148356318473816,0.26027175784111023,0.08942359685897827,-1.4602569341659546,0.09354352205991745,0.8458494544029236,0.9050480127334595,0.8735171556472778,0.8735171556472778,0.0,0.838932454586029,0.7614616751670837,0.7729432582855225,2.8595597743988037
177_P34972_DB00175,177,DB00175,P34972,0.8287879824638367,0.16137823462486267,1.0550495386123657,0.11986993253231049,0.6025264263153076,0.20288655161857605,0.8735234141349792,0.8952181339263916,0.915353000164032,0.915353000164032,0.0,0.8630660772323608,0.8692795634269714,0.6565303802490234,1.256360411643982
178_P34972_DB00178,178,DB00178,P34972,0.981117844581604,0.08481183648109436,0.852104902267456,0.06683468818664551,1.110130786895752,0.10278898477554321,0.8707170486450195,0.8669794201850891,0.9099767804145813,0.9099767804145813,0.0,0.8609020709991455,0.8919691443443298,0.8071613907814026,1.2504807710647583
179_P34972_DB00181,179,DB00181,P34972,1.3828601837158203,0.1172107458114624,1.161225438117981,0.1519191712141037,1.6044949293136597,0.0825023278594017,0.8617511987686157,0.9091161489486694,0.8542341589927673,0.8542341589927673,0.0,0.863630473613739,0.7527831196784973,0.6655310988426208,2.8964898586273193
180_P34972_DB00183,180,DB00183,P34972,0.4831617772579193,0.2884802520275116,0.3176579475402832,0.37631407380104065,0.6486656069755554,0.20064644515514374,0.8148158192634583,0.8761648535728455,0.8835916519165039,0.8835916519165039,0.0,0.7976218461990356,0.6652692556381226,0.9009974598884583,2.6752443313598633
181_P34972_DB00184,181,DB00184,P34972,1.7287757396697998,0.058134377002716064,1.1542361974716187,0.05490012839436531,2.3033151626586914,0.06136862561106682,0.8863693475723267,0.9321451783180237,0.9621984362602234,0.9621984362602234,0.0,0.8674120903015137,0.8882909417152405,0.4746597111225128,0.6620334386825562
182_P35348_DB00014,182,DB00014,P35348,-1.1652883291244507,0.5761038661003113,-0.5922088027000427,0.5478812456130981,-1.7383679151535034,0.6043264865875244,0.633978545665741,0.7059444785118103,0.705756664276123,0.705756664276123,0.0,0.6160340309143066,0.45944744348526,1.6206916570663452,4.264081001281738
183_P35348_DB00035,183,DB00035,P35348,-1.2630763053894043,0.21271920204162598,-0.6473197340965271,0.17742688953876495,-1.8788328170776367,0.2480114996433258,0.6985779404640198,0.7600756883621216,0.8630185723304749,0.8630185723304749,0.0,0.657467782497406,0.6571071147918701,1.269601583480835,2.461134672164917
184_P35348_DB00175,184,DB00175,P35348,0.6423943042755127,0.19853180646896362,1.1467597484588623,0.2718813717365265,0.1380288451910019,0.12518225610256195,0.7150676846504211,0.8188309073448181,0.8613189458847046,0.8613189458847046,0.0,0.6785048246383667,0.764125645160675,1.2085152864456177,2.775569438934326
185_P35348_DB00178,185,DB00178,P35348,0.9683857560157776,0.07240864634513855,-0.024955496191978455,0.0810740515589714,1.9617270231246948,0.06374324858188629,0.7364065647125244,0.6979552507400513,0.915212094783783,0.915212094783783,0.0,0.6917051672935486,0.8035792112350464,1.542235016822815,1.8620822429656982
186_P35348_DB00181,186,DB00181,P35348,0.2388651967048645,0.13814452290534973,-0.5646136999130249,0.14152583479881287,1.042344093322754,0.1347632259130478,0.775610625743866,0.9203004837036133,0.9740431904792786,0.9740431904792786,0.0,0.7260024547576904,0.8051949143409729,0.4803118109703064,0.8363909721374512
187_P35348_DB00183,187,DB00183,P35348,-0.22762621939182281,0.1957922875881195,-0.5754357576370239,0.2512316405773163,0.1201833188533783,0.14035294950008392,0.7280993461608887,0.7698630094528198,0.8926354646682739,0.8926354646682739,0.0,0.6869653463363647,0.7765265107154846,1.2234517335891724,2.4968786239624023
188_P35348_DB00184,188,DB00184,P35348,0.2178085744380951,0.8585176467895508,-0.004400210455060005,0.8703435659408569,0.44001737236976624,0.8466917872428894,0.7490562796592712,0.8262153267860413,0.9802913665771484,0.9802913665771484,0.0,0.6912475228309631,0.7975654602050781,0.9903749823570251,0.7562176585197449
189_P35367_DB00014,189,DB00014,P35367,-1.331864356994629,0.6335671544075012,-0.9722058176994324,0.7053697109222412,-1.6915228366851807,0.5617645978927612,0.6538745164871216,0.7215409278869629,0.9127044081687927,0.9127044081687927,0.0,0.5891669988632202,0.5317392945289612,1.34833824634552,1.7861607074737549
190_P35367_DB00035,190,DB00035,P35367,-1.093971610069275,0.21368829905986786,-0.3584059774875641,0.17938563227653503,-1.829537272453308,0.24799096584320068,0.6672569513320923,0.6799724102020264,0.8751505613327026,0.8751505613327026,0.0,0.6152835488319397,0.6321712732315063,1.5782016515731812,2.25620174407959
191_P35367_DB00175,191,DB00175,P35367,0.9863119721412659,0.1707386076450348,0.8773162364959717,0.21909202635288239,1.09530770778656,0.1223851889371872,0.6749368906021118,0.8407598733901978,0.9405181407928467,0.9405181407928467,0.0,0.6085415482521057,0.6463030576705933,0.9731141924858093,1.2748669385910034
192_P35367_DB00178,192,DB00178,P35367,1.2185964584350586,0.3615267872810364,0.4861619472503662,0.5054706335067749,1.9510308504104614,0.21758291125297546,0.7145387530326843,0.6838250756263733,0.9585702419281006,0.9585702419281006,0.0,0.6535308361053467,0.7855674028396606,1.639835000038147,1.0694328546524048
193_P35367_DB00181,193,DB00181,P35367,0.22824442386627197,0.535430908203125,-0.3717126250267029,0.7005566358566284,0.8282014727592468,0.3703051507472992,0.7115707993507385,0.8946481943130493,0.9791108965873718,0.9791108965873718,0.0,0.6446857452392578,0.7591663002967834,0.6738142967224121,0.6093727350234985
194_P35367_DB00183,194,DB00183,P35367,0.7202683687210083,0.24999621510505676,0.8856582045555115,0.36384356021881104,0.5548785924911499,0.1361488550901413,0.6586533188819885,0.7606981992721558,0.8728248476982117,0.8728248476982117,0.0,0.6051104068756104,0.5624112486839294,1.3600841760635376,2.1606497764587402
195_P35367_DB00184,195,DB00184,P35367,0.6024113893508911,0.8531680107116699,0.8189095258712769,0.8628313541412354,0.3859131932258606,0.8435046076774597,0.7106478214263916,0.8233456611633301,0.9817636013031006,0.9817636013031006,0.0,0.6428688764572144,0.7485350370407104,1.0286158323287964,0.6369385719299316
196_P35869_DB00014,196,DB00014,P35869,-0.8285421133041382,0.6021727323532104,-0.47200170159339905,0.6411322951316833,-1.1850825548171997,0.5632131695747375,0.49147388339042664,0.43438708782196045,0.6037970781326294,0.6037970781326294,0.0,0.46339306235313416,0.3003711998462677,3.97338604927063,11.291041374206543
197_P35869_DB00035,197,DB00035,P35869,-0.7169384956359863,0.3148956298828125,-0.2512046694755554,0.2905483841896057,-1.182672381401062,0.3392429053783417,0.49574318528175354,0.40183553099632263,0.5899255275726318,0.5899255275726318,0.0,0.47219762206077576,0.3551504611968994,4.011166095733643,12.06669807434082
198_P35869_DB00175,198,DB00175,P35869,0.9567703604698181,0.2429155558347702,1.8238173723220825,0.20676451921463013,0.08972333371639252,0.2790665924549103,0.493842214345932,0.36133962869644165,0.5328873991966248,0.5328873991966248,0.0,0.4840809404850006,0.4930204749107361,4.626857757568359,13.696910858154297
199_P35869_DB00178,199,DB00178,P35869,1.3279600143432617,0.14331167936325073,1.5347408056259155,0.0856805294752121,1.1211791038513184,0.20094284415245056,0.5610319972038269,0.38309618830680847,0.8618128895759583,0.8618128895759583,0.0,0.4858367443084717,0.5391302108764648,4.323554515838623,7.685313701629639
200_P35869_DB00181,200,DB00181,P35869,1.2806365489959717,0.19732695817947388,1.2636501789093018,0.1832922250032425,1.2976229190826416,0.21136170625686646,0.4884326159954071,0.48690569400787354,0.5389639139175415,0.5389639139175415,0.0,0.4757997989654541,0.4366743564605713,3.982471227645874,11.153855323791504
201_P35869_DB00183,201,DB00183,P35869,1.5188385248184204,0.36908018589019775,1.6944767236709595,0.40150144696235657,1.3432003259658813,0.33665892481803894,0.4324915409088135,0.3414734899997711,0.32767394185066223,0.32767394185066223,0.0,0.4586959183216095,0.28095412254333496,4.469677448272705,14.436373710632324
202_P35869_DB00184,202,DB00184,P35869,1.872934341430664,0.08474253118038177,1.4301172494888306,0.038253769278526306,2.315751314163208,0.13123129308223724,0.5641926527023315,0.5802304744720459,0.8667637705802917,0.8667637705802917,0.0,0.4885498285293579,0.5475621223449707,3.0976288318634033,5.273214817047119
203_P36544_DB00014,203,DB00014,P36544,-0.6211581826210022,0.31054019927978516,-0.4086630046367645,0.2330557256937027,-0.8336533308029175,0.3880246579647064,0.6683361530303955,0.684576690196991,0.5955984592437744,0.5955984592437744,0.0,0.6865205764770508,0.38826265931129456,1.3728564977645874,7.890391826629639
204_P36544_DB00035,204,DB00035,P36544,-0.997533917427063,0.43624347448349,-0.43782588839530945,0.4718256890773773,-1.5572419166564941,0.40066125988960266,0.7708482146263123,0.7157235145568848,0.859604001045227,0.859604001045227,0.0,0.7486591935157776,0.6538843512535095,1.0816683769226074,2.909681797027588
205_P36544_DB00175,205,DB00175,P36544,0.8736091256141663,0.20207230746746063,1.01531982421875,0.1749422401189804,0.7318984270095825,0.22920237481594086,0.7946651577949524,0.7243472933769226,0.8287755846977234,0.8287755846977234,0.0,0.7861375212669373,0.6676401495933533,1.0896596908569336,3.359245538711548
206_P36544_DB00178,206,DB00178,P36544,0.8564344048500061,0.19405822455883026,0.9353686571121216,0.265890508890152,0.7775001525878906,0.12222594022750854,0.8011966943740845,0.7223982214927673,0.8438588380813599,0.8438588380813599,0.0,0.7905311584472656,0.7294049263000488,1.09116792678833,3.9500067234039307
207_P36544_DB00181,207,DB00181,P36544,1.0649991035461426,0.2388887107372284,1.2685270309448242,0.3010672628879547,0.8614712357521057,0.17671017348766327,0.7222961783409119,0.703967273235321,0.5835627317428589,0.5835627317428589,0.0,0.7569795250892639,0.6135011315345764,1.2248139381408691,8.37403392791748
208_P36544_DB00183,208,DB00183,P36544,1.5171234607696533,0.39648908376693726,1.527994990348816,0.4721338450908661,1.5062518119812012,0.3208443224430084,0.7827416658401489,0.7163382172584534,0.8362290859222412,0.8362290859222412,0.0,0.7693697810173035,0.614805281162262,1.0931519269943237,3.6768298149108887
209_P36544_DB00184,209,DB00184,P36544,-0.07985545694828033,0.6553415060043335,-0.4063716232776642,0.998572826385498,0.24666070938110352,0.31211012601852417,0.8094973564147949,0.7224586009979248,0.9256354570388794,0.9256354570388794,0.0,0.7804628014564514,0.7891590595245361,1.0660512447357178,1.595589280128479
210_P41595_DB00014,210,DB00014,P41595,-1.12178373336792,0.5696541666984558,-0.6090222001075745,0.5993010997772217,-1.6345452070236206,0.5400072336196899,0.6792392134666443,0.7734325528144836,0.8473403453826904,0.8473403453826904,0.0,0.6372138857841492,0.47748863697052,1.2565416097640991,2.834779739379883
211_P41595_DB00035,211,DB00035,P41595,-1.3447914123535156,0.13845311105251312,-0.900120198726654,0.07684233039617538,-1.7894625663757324,0.20006389915943146,0.7677850723266602,0.8855376243591309,0.9592584371566772,0.9592584371566772,0.0,0.7199167013168335,0.7015232443809509,0.6079195141792297,1.0891501903533936
212_P41595_DB00175,212,DB00175,P41595,0.567788302898407,0.09577763080596924,0.36498624086380005,0.10136217623949051,0.7705903649330139,0.09019309282302856,0.7455054521560669,0.8221098780632019,0.9100537300109863,0.9100537300109863,0.0,0.7043683528900146,0.7624154090881348,1.0494664907455444,2.0082638263702393
213_P41595_DB00178,213,DB00178,P41595,1.7382230758666992,0.0675479918718338,1.8098454475402832,0.06475763022899628,1.6666005849838257,0.07033836096525192,0.7816059589385986,0.8917441964149475,0.9686095118522644,0.9686095118522644,0.0,0.734855055809021,0.8252258896827698,0.5775339603424072,0.9125780463218689
214_P41595_DB00181,214,DB00181,P41595,0.6103484630584717,0.3076063096523285,0.4134373664855957,0.3179353177547455,0.8072595596313477,0.2972773015499115,0.7912515997886658,0.8577051758766174,0.9875127077102661,0.9875127077102661,0.0,0.7421863079071045,0.8489441871643066,0.7219405174255371,0.522151529788971
215_P41595_DB00183,215,DB00183,P41595,0.6102355718612671,0.0876537412405014,0.8938981294631958,0.05886334180831909,0.3265729546546936,0.11644414067268372,0.7414126396179199,0.8252809047698975,0.896070659160614,0.896070659160614,0.0,0.7027481198310852,0.7612842321395874,1.0795272588729858,2.944124698638916
216_P41595_DB00184,216,DB00184,P41595,1.1092944145202637,0.618432343006134,0.618910014629364,0.6486866474151611,1.5996787548065186,0.5881780385971069,0.7769189476966858,0.7813460826873779,0.9842430949211121,0.9842430949211121,0.0,0.7250878810882568,0.8335667252540588,1.0970977544784546,0.602133572101593
217_P47989_DB00014,217,DB00014,P47989,0.03269675374031067,0.4590878486633301,0.9648563265800476,0.4249027669429779,-0.8994628190994263,0.49327290058135986,0.807182252407074,0.9355621337890625,0.48889029026031494,0.48889029026031494,0.0,0.8867551684379578,0.533621609210968,1.247902750968933,14.691247940063477
218_P47989_DB00035,218,DB00035,P47989,-0.6540434956550598,0.25783392786979675,-0.42229771614074707,0.2912951707839966,-0.8857892751693726,0.22437268495559692,0.8945855498313904,0.9565403461456299,0.7934052348136902,0.7934052348136902,0.0,0.9198805689811707,0.7375720739364624,0.7521213889122009,7.193609714508057
219_P47989_DB00175,219,DB00175,P47989,0.5207889080047607,0.48253875970840454,1.2137724161148071,0.640299916267395,-0.17219460010528564,0.32477760314941406,0.840822160243988,0.9557458758354187,0.4834190011024475,0.4834190011024475,0.0,0.9301729202270508,0.8004385828971863,0.8284315466880798,18.039417266845703
220_P47989_DB00178,220,DB00178,P47989,1.5729299783706665,0.26692503690719604,1.6135121583938599,0.3058193624019623,1.5323477983474731,0.2280307114124298,0.8465821146965027,0.9574498534202576,0.5152627229690552,0.5152627229690552,0.0,0.9294119477272034,0.7778676152229309,0.7333824634552002,15.798056602478027
221_P47989_DB00181,221,DB00181,P47989,1.6537986993789673,0.2162022888660431,1.3643872737884521,0.13686434924602509,1.9432101249694824,0.2955402433872223,0.8653602004051208,0.9638210535049438,0.5498136281967163,0.5498136281967163,0.0,0.944246768951416,0.8730387091636658,0.5835921764373779,14.18598461151123
222_P47989_DB00183,222,DB00183,P47989,0.6551477313041687,0.3035467267036438,0.39842817187309265,0.2645220458507538,0.9118673205375671,0.3425713777542114,0.8931441307067871,0.9568325877189636,0.717247724533081,0.717247724533081,0.0,0.9371182322502136,0.8495885133743286,0.7932726740837097,9.656381607055664
223_P47989_DB00184,223,DB00184,P47989,1.8186802864074707,0.41007184982299805,1.8553436994552612,0.5482329726219177,1.7820167541503906,0.271910697221756,0.8904304504394531,0.964656412601471,0.6752603054046631,0.6752603054046631,0.0,0.9442230463027954,0.8992470502853394,0.502975583076477,11.200979232788086
224_P50225_DB00014,224,DB00014,P50225,-0.019013836979866028,0.28725507855415344,0.3899533748626709,0.21683746576309204,-0.42798104882240295,0.35767269134521484,0.8470216989517212,0.9257712960243225,0.8089889883995056,0.8089889883995056,0.0,0.8565298914909363,0.6292786598205566,0.7145907282829285,2.4204790592193604
225_P50225_DB00035,225,DB00035,P50225,0.1775723099708557,0.11338634788990021,1.594483494758606,0.07038218528032303,-1.2393388748168945,0.1563905030488968,0.8457000851631165,0.9222576022148132,0.7530022859573364,0.7530022859573364,0.0,0.8688745498657227,0.6429682374000549,0.7380297780036926,3.5995640754699707
226_P50225_DB00175,226,DB00175,P50225,0.7028517127037048,0.3142872452735901,0.16287772357463837,0.3528986871242523,1.2428257465362549,0.27567583322525024,0.9486754536628723,0.9633939266204834,0.9269022345542908,0.9269022345542908,0.0,0.9541187286376953,0.8914855122566223,0.4165811836719513,0.8545212149620056
227_P50225_DB00178,227,DB00178,P50225,1.024944543838501,0.15551123023033142,0.783257007598877,0.1397853046655655,1.266632080078125,0.17123717069625854,0.9636063575744629,0.9669605493545532,0.9568880200386047,0.9568880200386047,0.0,0.9652858972549438,0.947124719619751,0.3774164617061615,0.6519524455070496
228_P50225_DB00181,228,DB00181,P50225,1.793938398361206,0.254510760307312,1.488216519355774,0.17441311478614807,2.0996603965759277,0.33460837602615356,0.9603309631347656,0.9732155203819275,0.9473336338996887,0.9473336338996887,0.0,0.963580310344696,0.9397867918014526,0.33651113510131836,0.7138940691947937
229_P50225_DB00183,229,DB00183,P50225,0.8006391525268555,0.2770993709564209,0.5561844706535339,0.2572312653064728,1.0450937747955322,0.29696744680404663,0.9450435638427734,0.962722897529602,0.9273653626441956,0.9273653626441956,0.0,0.9494631290435791,0.8948002457618713,0.4816707968711853,0.890425980091095
230_P50225_DB00184,230,DB00184,P50225,1.1711711883544922,0.21353551745414734,1.2995076179504395,0.15020307898521423,1.0428348779678345,0.27686795592308044,0.9621850848197937,0.9717974662780762,0.9569905996322632,0.9569905996322632,0.0,0.9634836912155151,0.9418125748634338,0.33819928765296936,0.7032191753387451
231_Q01740_DB00014,231,DB00014,Q01740,-0.27094966173171997,0.4193657636642456,0.6353827714920044,0.3648647367954254,-1.1772820949554443,0.4738667905330658,0.8062063455581665,0.8895765542984009,0.6920260190963745,0.6920260190963745,0.0,0.8347513675689697,0.5357004404067993,1.657799243927002,9.341985702514648
232_Q01740_DB00035,232,DB00035,Q01740,-0.0068114399909973145,0.18856680393218994,1.2011502981185913,0.13778652250766754,-1.214773178100586,0.23934708535671234,0.8152069449424744,0.8956010937690735,0.699016273021698,0.699016273021698,0.0,0.8442546129226685,0.5201752781867981,1.5490615367889404,9.132831573486328
233_Q01740_DB00175,233,DB00175,Q01740,0.9330511093139648,0.4180465042591095,0.6460356712341309,0.5121946334838867,1.2200665473937988,0.3238983750343323,0.8886071443557739,0.9259354472160339,0.8309943675994873,0.8309943675994873,0.0,0.9030103087425232,0.6424840688705444,0.5824908018112183,3.5494349002838135
234_Q01740_DB00178,234,DB00178,Q01740,1.2234816551208496,0.24080240726470947,1.2227340936660767,0.22123217582702637,1.2242292165756226,0.2603726387023926,0.9290953874588013,0.9259793162345886,0.9082220196723938,0.9082220196723938,0.0,0.9343136548995972,0.88504958152771,0.5859529972076416,3.048400402069092
235_Q01740_DB00181,235,DB00181,Q01740,1.2671475410461426,0.26473045349121094,0.7769728899002075,0.28297290205955505,1.7573223114013672,0.24648797512054443,0.9129201769828796,0.9252278804779053,0.8673723340034485,0.8673723340034485,0.0,0.924307107925415,0.780393660068512,0.5294304490089417,4.172522068023682
236_Q01740_DB00183,236,DB00183,Q01740,0.7757593393325806,0.22340907156467438,0.2825419008731842,0.11670619994401932,1.2689768075942993,0.33011195063591003,0.8801131248474121,0.9113363027572632,0.789716899394989,0.789716899394989,0.0,0.9027122259140015,0.7598814964294434,1.1398435831069946,6.836127758026123
237_Q01740_DB00184,237,DB00184,Q01740,1.437758445739746,0.27941805124282837,1.1582920551300049,0.33252260088920593,1.7172249555587769,0.2263135313987732,0.8854438066482544,0.9236713647842407,0.7763329744338989,0.7763329744338989,0.0,0.9127215147018433,0.7587029337882996,0.5689039826393127,6.005806922912598
238_Q01959_DB00014,238,DB00014,Q01959,-1.1548703908920288,0.6394540071487427,-0.536052405834198,0.651538610458374,-1.7736884355545044,0.6273693442344666,0.8165035247802734,0.8785545229911804,0.909977912902832,0.909977912902832,0.0,0.793134868144989,0.6344162821769714,0.856840968132019,1.8367189168930054
239_Q01959_DB00035,239,DB00035,Q01959,-0.9856305718421936,0.2121303379535675,0.06113399565219879,0.14718197286128998,-2.032395124435425,0.27707868814468384,0.8074368834495544,0.8736244440078735,0.8725370764732361,0.8725370764732361,0.0,0.7911617755889893,0.7038555145263672,0.9022573232650757,2.293694496154785
240_Q01959_DB00175,240,DB00175,Q01959,1.0840909481048584,0.13262401521205902,0.9172741174697876,0.15917523205280304,1.2509077787399292,0.1060727909207344,0.873268723487854,0.8800060153007507,0.9297040104866028,0.9297040104866028,0.0,0.8591598868370056,0.8641088604927063,0.783342719078064,1.6160266399383545
241_Q01959_DB00178,241,DB00178,Q01959,1.4133061170578003,0.255270779132843,1.4078547954559326,0.27974259853363037,1.418757438659668,0.23079892992973328,0.8692947626113892,0.8823189735412598,0.9489885568618774,0.9489885568618774,0.0,0.8493712544441223,0.8584864139556885,0.7721907496452332,1.371369481086731
242_Q01959_DB00181,242,DB00181,Q01959,1.4537944793701172,0.6627999544143677,0.7061082124710083,0.8134680986404419,2.2014806270599365,0.5121318101882935,0.8697496652603149,0.890481173992157,0.975222110748291,0.975222110748291,0.0,0.8433814644813538,0.8805618286132812,0.709778904914856,0.7566127777099609
243_Q01959_DB00183,243,DB00183,Q01959,0.41389623284339905,0.13667728006839752,0.7570800185203552,0.1631791740655899,0.07071244716644287,0.11017537862062454,0.8407600522041321,0.8790698647499084,0.9065381288528442,0.9065381288528442,0.0,0.8243155479431152,0.7730553150177002,0.8445508480072021,1.941868782043457
244_Q01959_DB00184,244,DB00184,Q01959,0.5662883520126343,0.8832436203956604,0.20022505521774292,0.9291506409645081,0.9323517084121704,0.8373365998268127,0.8610879182815552,0.9032751321792603,0.9733527898788452,0.9733527898788452,0.0,0.8330217003822327,0.8649411797523499,0.6428960561752319,0.7559365630149841
245_Q02641_DB00014,245,DB00014,Q02641,-0.4945550262928009,0.4913129210472107,0.17054001986980438,0.4251495897769928,-1.1596500873565674,0.5574762225151062,0.557430624961853,0.6327989101409912,0.7081360816955566,0.7081360816955566,0.0,0.5197542309761047,0.35150212049484253,2.6818158626556396,8.243521690368652
246_Q02641_DB00035,246,DB00035,Q02641,0.20363125205039978,0.47389310598373413,0.8887068629264832,0.5589619278907776,-0.4814443588256836,0.3888242840766907,0.532078742980957,0.7516399621963501,0.6217824816703796,0.6217824816703796,0.0,0.5096527934074402,0.2739093005657196,2.1088201999664307,7.949966907501221
247_Q02641_DB00175,247,DB00175,Q02641,-0.14522916078567505,0.24911221861839294,0.018562808632850647,0.2749026119709015,-0.30902111530303955,0.2233218252658844,0.5952410697937012,0.5910192728042603,0.7726285457611084,0.7726285457611084,0.0,0.5508942008018494,0.4864537715911865,3.0815823078155518,7.243203639984131
248_Q02641_DB00178,248,DB00178,Q02641,0.7240017652511597,0.1349637359380722,0.6811041235923767,0.11011923104524612,0.7668994665145874,0.15980824828147888,0.6026601791381836,0.6779149770736694,0.8889167308807373,0.8889167308807373,0.0,0.5310960412025452,0.44825777411460876,2.428194046020508,4.0742926597595215
249_Q02641_DB00181,249,DB00181,Q02641,1.5167311429977417,0.29164668917655945,1.862143874168396,0.40879422426223755,1.1713184118270874,0.17449913918972015,0.5677303075790405,0.6414656639099121,0.6669896245002747,0.6669896245002747,0.0,0.5429154634475708,0.4392445385456085,2.7852542400360107,7.912740707397461
250_Q02641_DB00183,250,DB00183,Q02641,1.510777235031128,0.5557126998901367,2.0987563133239746,0.6945752501487732,0.9227980971336365,0.41685009002685547,0.6156412959098816,0.7985365986824036,0.9279227256774902,0.9279227256774902,0.0,0.5375709533691406,0.452378511428833,1.4643462896347046,2.239069700241089
251_Q02641_DB00184,251,DB00184,Q02641,1.485532283782959,0.08121129870414734,2.2110342979431152,0.031480707228183746,0.7600302696228027,0.13094189763069153,0.5859326720237732,0.60968017578125,0.7077781558036804,0.7077781558036804,0.0,0.5554712414741516,0.47208335995674133,2.969740867614746,9.180005073547363
252_Q03135_DB00014,252,DB00014,Q03135,-1.2534435987472534,0.6131407022476196,-1.6276952028274536,0.6990649104118347,-0.8791919350624084,0.5272164940834045,0.5478410720825195,0.5610367059707642,0.578706681728363,0.578706681728363,0.0,0.5401246547698975,0.25812214612960815,0.9961117506027222,7.424931526184082
253_Q03135_DB00035,253,DB00035,Q03135,-0.363835871219635,0.6275826096534729,-0.27933013439178467,0.7398884892463684,-0.44834160804748535,0.5152767300605774,0.5978288650512695,0.6151953339576721,0.6620312333106995,0.6620312333106995,0.0,0.5817782878875732,0.27498966455459595,0.8326048851013184,6.1638689041137695
254_Q03135_DB00175,254,DB00175,Q03135,-0.40745046734809875,0.3484155535697937,-0.6676681637763977,0.4586503207683563,-0.1472327709197998,0.23818080127239227,0.6560677886009216,0.6357545852661133,0.7103292346000671,0.7103292346000671,0.0,0.6425024271011353,0.32815563678741455,0.7475905418395996,4.251955986022949
255_Q03135_DB00178,255,DB00178,Q03135,-0.35693275928497314,0.15623393654823303,-0.8816640973091125,0.170466810464859,0.16779857873916626,0.14200106263160706,0.6500038504600525,0.5136478543281555,0.7004957795143127,0.7004957795143127,0.0,0.6373808979988098,0.30518418550491333,1.0538526773452759,6.147032737731934
256_Q03135_DB00181,256,DB00181,Q03135,1.616399884223938,0.2527649402618408,1.9547005891799927,0.3067057430744171,1.2780991792678833,0.19882416725158691,0.7500025629997253,0.6769651770591736,0.761432945728302,0.761432945728302,0.0,0.7471449971199036,0.45299032330513,0.5757201910018921,4.35560417175293
257_Q03135_DB00183,257,DB00183,Q03135,1.1336137056350708,0.42304080724716187,1.3895087242126465,0.5430632829666138,0.8777186274528503,0.3030183017253876,0.6603252291679382,0.6638944745063782,0.7697489261627197,0.7697489261627197,0.0,0.632969319820404,0.33663058280944824,0.7323809862136841,3.6553988456726074
258_Q03135_DB00184,258,DB00184,Q03135,1.6655714511871338,0.17676129937171936,1.6376019716262817,0.22502410411834717,1.6935410499572754,0.12849850952625275,0.7288121581077576,0.7558932304382324,0.8227312564849854,0.8227312564849854,0.0,0.7053323984146118,0.44301894307136536,0.4542444050312042,2.714097738265991
259_Q06278_DB00014,259,DB00014,Q06278,-0.7170397043228149,0.4977898597717285,-0.17412419617176056,0.4247683882713318,-1.2599551677703857,0.5708113312721252,0.8361107110977173,0.9368435144424438,0.6134900450706482,0.6134900450706482,0.0,0.8917658925056458,0.6120551824569702,1.2126792669296265,13.827017784118652
260_Q06278_DB00035,260,DB00035,Q06278,-0.11924725770950317,0.11965201795101166,1.1003178358078003,0.09279098361730576,-1.3388123512268066,0.14651304483413696,0.844059407711029,0.9403663873672485,0.6006362438201904,0.6006362438201904,0.0,0.9049151539802551,0.6454919576644897,1.0293300151824951,13.698600769042969
261_Q06278_DB00175,261,DB00175,Q06278,0.9214701652526855,0.4952114224433899,1.4764052629470825,0.5112799406051636,0.36653509736061096,0.4791429042816162,0.8447985053062439,0.9503843188285828,0.5405850410461426,0.5405850410461426,0.0,0.9208518862724304,0.7923613786697388,0.9690142273902893,16.326923370361328
262_Q06278_DB00178,262,DB00178,Q06278,1.9947656393051147,0.20402200520038605,1.7101194858551025,0.20872946083545685,2.279411792755127,0.19931454956531525,0.8581730723381042,0.9519382119178772,0.6055607199668884,0.6055607199668884,0.0,0.921326220035553,0.7673044800758362,0.8552723526954651,14.32778263092041
263_Q06278_DB00181,263,DB00181,Q06278,2.2289602756500244,0.17224228382110596,1.5400474071502686,0.09034271538257599,2.9178731441497803,0.25414183735847473,0.8726710677146912,0.9554580450057983,0.6397438645362854,0.6397438645362854,0.0,0.9309027791023254,0.8951593637466431,0.6053472757339478,12.73320198059082
264_Q06278_DB00183,264,DB00183,Q06278,0.2543041706085205,0.22412121295928955,0.23172792792320251,0.19497038424015045,0.2768803834915161,0.25327205657958984,0.8431949615478516,0.9452754855155945,0.5799106359481812,0.5799106359481812,0.0,0.9090160727500916,0.6731303930282593,1.082226276397705,13.488469123840332
265_Q06278_DB00184,265,DB00184,Q06278,1.8573918342590332,0.3810036778450012,2.3366756439208984,0.4105130732059479,1.378108024597168,0.35149428248405457,0.8719870448112488,0.9576451182365417,0.6266893148422241,0.6266893148422241,0.0,0.9333115220069885,0.8696116209030151,0.5542244911193848,13.145646095275879
266_Q06546_DB00014,266,DB00014,Q06546,-0.9764400124549866,0.6203253269195557,-0.7508997917175293,0.630759596824646,-1.2019802331924438,0.6098911166191101,0.6232258081436157,0.857858419418335,0.8949711918830872,0.8949711918830872,0.0,0.5552894473075867,0.34297361969947815,0.9387637972831726,2.5055997371673584
267_Q06546_DB00035,267,DB00035,Q06546,0.20100536942481995,0.569793701171875,1.0955029726028442,0.6493759751319885,-0.6934922337532043,0.49021148681640625,0.48844796419143677,0.41708195209503174,0.2515926659107208,0.2515926659107208,0.0,0.5476617813110352,0.2250054031610489,2.4559032917022705,10.657447814941406
268_Q06546_DB00175,268,DB00175,Q06546,0.057193368673324585,0.3623678684234619,-0.5009249448776245,0.4348256587982178,0.6153116822242737,0.28991007804870605,0.641298770904541,0.45148664712905884,0.7892763614654541,0.7892763614654541,0.0,0.6043043732643127,0.4596703052520752,2.557579517364502,7.746480464935303
269_Q06546_DB00178,269,DB00178,Q06546,0.9012211561203003,0.1087048351764679,1.0650544166564941,0.09329643100500107,0.7373879551887512,0.12411324679851532,0.6517392992973328,0.48894432187080383,0.8323421478271484,0.8323421478271484,0.0,0.60658860206604,0.5011685490608215,2.311096429824829,6.766374111175537
270_Q06546_DB00181,270,DB00181,Q06546,2.3034284114837646,0.24839776754379272,2.179635524749756,0.3716353476047516,2.4272212982177734,0.12516018748283386,0.6519829630851746,0.46204814314842224,0.7164989113807678,0.7164989113807678,0.0,0.6358539462089539,0.5073069334030151,2.2993860244750977,8.759112358093262
271_Q06546_DB00183,271,DB00183,Q06546,1.4014673233032227,0.5206558704376221,1.6789865493774414,0.6066794991493225,1.123948097229004,0.43463224172592163,0.6085216403007507,0.4380285441875458,0.6623463034629822,0.6623463034629822,0.0,0.5950654745101929,0.3976086676120758,2.4135589599609375,7.848678112030029
272_Q06546_DB00184,272,DB00184,Q06546,1.5216636657714844,0.21086062490940094,1.4783507585525513,0.2353830635547638,1.564976453781128,0.18633818626403809,0.5867477059364319,0.3776789605617523,0.4742269814014435,0.4742269814014435,0.0,0.6148778796195984,0.4632589519023895,2.7629570960998535,11.706483840942383
273_Q12809_DB00014,273,DB00014,Q12809,-0.9634215235710144,0.41327524185180664,-0.7615506649017334,0.33080559968948364,-1.1652923822402954,0.495744913816452,0.475506991147995,0.4195008873939514,0.400013267993927,0.400013267993927,0.0,0.4943804144859314,0.3213905096054077,3.5262768268585205,14.164681434631348
274_Q12809_DB00035,274,DB00035,Q12809,-0.8374502062797546,0.20946015417575836,-0.45172396302223206,0.20393066108226776,-1.2231764793395996,0.21498964726924896,0.49951934814453125,0.42238694429397583,0.4636007249355316,0.4636007249355316,0.0,0.508499026298523,0.4025275409221649,3.540290594100952,14.527727127075195
275_Q12809_DB00175,275,DB00175,Q12809,0.04494583606719971,0.17611560225486755,0.3214345872402191,0.18583615124225616,-0.2315429151058197,0.16639506816864014,0.4852932095527649,0.4123620390892029,0.3454176187515259,0.3454176187515259,0.0,0.5202621221542358,0.4316602945327759,3.8940963745117188,15.90311336517334
276_Q12809_DB00178,276,DB00178,Q12809,0.1917794942855835,0.08455576002597809,0.11847727000713348,0.040397804230451584,0.2650817334651947,0.1287137120962143,0.49269604682922363,0.41198909282684326,0.3957338035106659,0.3957338035106659,0.0,0.5169366002082825,0.432857871055603,3.791944742202759,14.852141380310059
277_Q12809_DB00181,277,DB00181,Q12809,1.8147461414337158,0.18611730635166168,1.6365680694580078,0.24521608650684357,1.9929243326187134,0.1270185261964798,0.5137388110160828,0.4400882422924042,0.46865206956863403,0.46865206956863403,0.0,0.5250105261802673,0.5032941102981567,3.8235831260681152,15.143817901611328
278_Q12809_DB00183,278,DB00183,Q12809,1.3143057823181152,0.23905839025974274,1.7753565311431885,0.18234145641326904,0.8532549142837524,0.29577532410621643,0.5091058611869812,0.4226212203502655,0.4399805963039398,0.4399805963039398,0.0,0.5263872146606445,0.42296451330184937,3.8607475757598877,16.04417610168457
279_Q12809_DB00184,279,DB00184,Q12809,1.3362224102020264,0.10394908487796783,0.8232705593109131,0.11203096807003021,1.84917414188385,0.09586720168590546,0.498690664768219,0.42527028918266296,0.3676135838031769,0.3676135838031769,0.0,0.5314599275588989,0.5024025440216064,3.874725580215454,17.37962532043457
280_Q14524_DB00014,280,DB00014,Q14524,-1.1975476741790771,0.6330263614654541,-0.4310034215450287,0.6351337432861328,-1.9640920162200928,0.6309189200401306,0.7202870845794678,0.7293443083763123,0.8849175572395325,0.8849175572395325,0.0,0.6791294813156128,0.6807222366333008,1.6732324361801147,3.1692512035369873
281_Q14524_DB00035,281,DB00035,Q14524,-1.0649257898330688,0.20759354531764984,-0.5481598973274231,0.3263360857963562,-1.5816917419433594,0.08885101228952408,0.7059733271598816,0.7408271431922913,0.8781821131706238,0.8781821131706238,0.0,0.662921130657196,0.6530286073684692,1.627483606338501,3.581413507461548
282_Q14524_DB00175,282,DB00175,Q14524,1.2652311325073242,0.17396530508995056,1.0278167724609375,0.20313075184822083,1.5026456117630005,0.1447998583316803,0.6694839596748352,0.7214188575744629,0.6619940996170044,0.6619940996170044,0.0,0.6713563799858093,0.6558646559715271,1.7606487274169922,9.952045440673828
283_Q14524_DB00178,283,DB00178,Q14524,1.0764408111572266,0.12123146653175354,0.4138655662536621,0.19219143688678741,1.739016056060791,0.05027148872613907,0.7038685083389282,0.7156583070755005,0.8246040344238281,0.8246040344238281,0.0,0.6736845970153809,0.6889501214027405,1.7599031925201416,5.265712738037109
284_Q14524_DB00181,284,DB00181,Q14524,1.2001768350601196,0.1274680644273758,0.49799519777297974,0.14994613826274872,1.9023585319519043,0.10498999059200287,0.6930913329124451,0.7355379462242126,0.8205842971801758,0.8205842971801758,0.0,0.6612181067466736,0.655470073223114,1.680870771408081,5.893129825592041
285_Q14524_DB00183,285,DB00183,Q14524,0.750453770160675,0.10845281928777695,1.0687072277069092,0.13076047599315643,0.4322003424167633,0.08614516258239746,0.7138351202011108,0.7253738641738892,0.8603529930114746,0.8603529930114746,0.0,0.6772056221961975,0.6957792639732361,1.7143205404281616,4.31307315826416
286_Q14524_DB00184,286,DB00184,Q14524,1.261298418045044,0.28027328848838806,0.403572142124176,0.48009538650512695,2.1190247535705566,0.08045119792222977,0.695009708404541,0.7510222792625427,0.7450331449508667,0.7450331449508667,0.0,0.682503879070282,0.6928436160087585,1.6112464666366577,8.187836647033691
287_Q14994_DB00014,287,DB00014,Q14994,-0.9735715389251709,0.5096873044967651,-0.820245087146759,0.4693942368030548,-1.1268980503082275,0.5499803423881531,0.8213801383972168,0.7787370681762695,0.9350172877311707,0.9350172877311707,0.0,0.7929708361625671,0.6385080218315125,0.7019795775413513,1.515346646308899
288_Q14994_DB00035,288,DB00035,Q14994,0.0012096166610717773,0.6214094161987305,0.9337811470031738,0.7027536034584045,-0.9313619136810303,0.5400651693344116,0.740534782409668,0.6416902542114258,0.6714413166046143,0.6714413166046143,0.0,0.7578081488609314,0.4068428874015808,1.3200279474258423,9.77578353881836
289_Q14994_DB00175,289,DB00175,Q14994,1.3622145652770996,0.22143061459064484,1.8443230390548706,0.13711529970169067,0.8801060914993286,0.305745929479599,0.8807136416435242,0.7237546443939209,0.8968567848205566,0.8968567848205566,0.0,0.876677930355072,0.8434731960296631,0.6974965929985046,1.4677939414978027
290_Q14994_DB00178,290,DB00178,Q14994,1.3509209156036377,0.09642642736434937,1.296662449836731,0.01825050450861454,1.4051792621612549,0.17460234463214874,0.9099990725517273,0.7715491652488708,0.9630846977233887,0.9630846977233887,0.0,0.8967277407646179,0.8974711894989014,0.5145000219345093,0.7211451530456543
291_Q14994_DB00181,291,DB00181,Q14994,1.5309407711029053,0.2145497351884842,0.9920192956924438,0.20867721736431122,2.0698623657226562,0.22042225301265717,0.896581768989563,0.7517458200454712,0.9154305458068848,0.9154305458068848,0.0,0.8918695449829102,0.8799680471420288,0.615287721157074,1.7791188955307007
292_Q14994_DB00183,292,DB00183,Q14994,0.9349303841590881,0.18156462907791138,1.3840962648391724,0.06337244063615799,0.4857645034790039,0.29975682497024536,0.8324581980705261,0.7415269613265991,0.8724313974380493,0.8724313974380493,0.0,0.8224649429321289,0.6315022110939026,0.8029108047485352,1.9698381423950195
293_Q14994_DB00184,293,DB00184,Q14994,1.1045880317687988,0.1310393512248993,0.7523348927497864,0.10508207976818085,1.456841230392456,0.15699662268161774,0.9003223776817322,0.7436204552650452,0.9398980736732483,0.9398980736732483,0.0,0.8904284238815308,0.8627663850784302,0.5134298801422119,1.0328409671783447
294_Q15070_DB00014,294,DB00014,Q15070,-1.4490249156951904,0.5829998254776001,-1.1395283937454224,0.5543400645256042,-1.758521318435669,0.611659586429596,0.6474199295043945,0.710981011390686,0.8636703491210938,0.8636703491210938,0.0,0.5933573246002197,0.43899014592170715,1.3687587976455688,2.8802618980407715
295_Q15070_DB00035,295,DB00035,Q15070,-0.95782071352005,0.15923774242401123,-0.5346729755401611,0.14037635922431946,-1.380968451499939,0.1780991107225418,0.5971354842185974,0.6347488164901733,0.7803069949150085,0.7803069949150085,0.0,0.5513425469398499,0.39865386486053467,1.9090473651885986,5.377414703369141
296_Q15070_DB00175,296,DB00175,Q15070,0.577987551689148,0.2621613144874573,0.409140020608902,0.2514592409133911,0.7468351125717163,0.2728634178638458,0.6531990766525269,0.6078773140907288,0.86452716588974,0.86452716588974,0.0,0.60036700963974,0.5788495540618896,2.0754294395446777,3.814141035079956
297_Q15070_DB00178,297,DB00178,Q15070,0.5026705861091614,0.18799683451652527,0.32419484853744507,0.23682808876037598,0.6811463236808777,0.13916558027267456,0.6492121815681458,0.6498710513114929,0.9174343347549438,0.9174343347549438,0.0,0.5821566581726074,0.5324582457542419,1.7136255502700806,1.8994370698928833
298_Q15070_DB00181,298,DB00181,Q15070,1.5670106410980225,0.2993173897266388,1.040608286857605,0.3832012414932251,2.0934128761291504,0.2154335379600525,0.6722924709320068,0.785516619682312,0.9356823563575745,0.9356823563575745,0.0,0.6064450144767761,0.6083700060844421,0.9707460999488831,1.4905308485031128
299_Q15070_DB00183,299,DB00183,Q15070,0.4024984538555145,0.14812849462032318,0.8044751882553101,0.09669136255979538,0.0005217045545578003,0.19956561923027039,0.6275824308395386,0.6217795610427856,0.8109269142150879,0.8109269142150879,0.0,0.5817462801933289,0.4476816952228546,1.878312349319458,3.445396661758423
300_Q15070_DB00184,300,DB00184,Q15070,1.3093372583389282,0.10018359869718552,1.4853214025497437,0.09813564270734787,1.1333531141281128,0.10223155468702316,0.6764457821846008,0.7112857103347778,0.9010916352272034,0.9010916352272034,0.0,0.6202843189239502,0.5955892205238342,1.444084644317627,3.5335495471954346
301_Q92484_DB00014,301,DB00014,Q92484,-0.627273440361023,0.4829747676849365,-0.325499951839447,0.5482414364814758,-0.9290469288825989,0.4177080988883972,0.8496980667114258,0.9247728586196899,0.8999502062797546,0.8999502062797546,0.0,0.8371350765228271,0.554790198802948,0.5884710550308228,1.5952568054199219
302_Q92484_DB00035,302,DB00035,Q92484,-0.466276615858078,0.3105674088001251,0.6730147004127502,0.3568843603134155,-1.6055679321289062,0.2642504572868347,0.852324903011322,0.9227192401885986,0.9012083411216736,0.9012083411216736,0.0,0.8401039838790894,0.5487388372421265,0.6108371019363403,1.552193284034729
303_Q92484_DB00175,303,DB00175,Q92484,0.05351421236991882,0.574299693107605,0.8326973915100098,0.5820002555847168,-0.7256689667701721,0.5665991902351379,0.9230400323867798,0.9274601936340332,0.9294518232345581,0.9294518232345581,0.0,0.9214370846748352,0.8332203030586243,0.4526525139808655,1.2741562128067017
304_Q92484_DB00178,304,DB00178,Q92484,0.5858292579650879,0.5471069812774658,0.08261874318122864,0.7475298643112183,1.0890398025512695,0.3466840982437134,0.9186070561408997,0.9263251423835754,0.9289237856864929,0.9289237856864929,0.0,0.9160279035568237,0.8387640714645386,0.4709624946117401,1.080243468284607
305_Q92484_DB00181,305,DB00181,Q92484,1.3342968225479126,0.3379327058792114,1.342535138130188,0.3143216371536255,1.3260585069656372,0.36154377460479736,0.9263296127319336,0.9311043620109558,0.9511502385139465,0.9511502385139465,0.0,0.9201244711875916,0.8750136494636536,0.44282400608062744,1.0965064764022827
306_Q92484_DB00183,306,DB00183,Q92484,-0.39178264141082764,0.5752345323562622,-1.0279614925384521,0.8234648704528809,0.24439623951911926,0.32700422406196594,0.8750280737876892,0.9277228116989136,0.8931124210357666,0.8931124210357666,0.0,0.870507001876831,0.6185969114303589,0.5738332271575928,1.5203231573104858
307_Q92484_DB00184,307,DB00184,Q92484,0.8904756307601929,0.2512062191963196,0.588237464427948,0.20327964425086975,1.1927138566970825,0.299132764339447,0.9026222229003906,0.9389516115188599,0.8479223847389221,0.8479223847389221,0.0,0.916297197341919,0.8478125929832458,0.4610610604286194,2.827655792236328
308_Q96F85_DB00014,308,DB00014,Q96F85,-0.18911592662334442,0.41621097922325134,-0.12805330753326416,0.34394267201423645,-0.2501785457134247,0.48847928643226624,0.7115232944488525,0.8195492625236511,0.6092569231987,0.6092569231987,0.0,0.7370898723602295,0.49303343892097473,0.9628074765205383,3.7012648582458496
309_Q96F85_DB00035,309,DB00035,Q96F85,0.38042402267456055,0.42266982793807983,1.1019072532653809,0.3877381980419159,-0.34105920791625977,0.4576014578342438,0.7498177886009216,0.8986004590988159,0.7852412462234497,0.7852412462234497,0.0,0.7409619092941284,0.45811426639556885,0.628488302230835,1.7783310413360596
310_Q96F85_DB00175,310,DB00175,Q96F85,0.9609309434890747,0.4338187575340271,0.7252370715141296,0.47314542531967163,1.196624755859375,0.3944920599460602,0.8552066683769226,0.9406495094299316,0.8665808439254761,0.8665808439254761,0.0,0.8523631691932678,0.6401196718215942,0.39966872334480286,0.9062401056289673
311_Q96F85_DB00178,311,DB00178,Q96F85,1.3828091621398926,0.19191385805606842,1.1990872621536255,0.1504059135913849,1.5665310621261597,0.23342180252075195,0.8417189717292786,0.9308446049690247,0.8283482193946838,0.8283482193946838,0.0,0.8450616002082825,0.58253014087677,0.4521998167037964,1.366997241973877
312_Q96F85_DB00181,312,DB00181,Q96F85,1.7406136989593506,0.248365581035614,1.4423333406448364,0.26971516013145447,2.0388941764831543,0.22701600193977356,0.8562008142471313,0.9337997436523438,0.7632582783699036,0.7632582783699036,0.0,0.8794363737106323,0.6063796877861023,0.5204132795333862,2.288830280303955
313_Q96F85_DB00183,313,DB00183,Q96F85,1.7621650695800781,0.34836214780807495,1.5845974683761597,0.3212144076824188,1.9397327899932861,0.3755098581314087,0.779563844203949,0.9018324017524719,0.7550405859947205,0.7550405859947205,0.0,0.7856945991516113,0.4787948429584503,0.6330195665359497,1.627327799797058
314_Q96F85_DB00184,314,DB00184,Q96F85,1.880947470664978,0.23467522859573364,1.517660140991211,0.2785491943359375,2.244234800338745,0.19080126285552979,0.8865028619766235,0.957453191280365,0.8133856058120728,0.8133856058120728,0.0,0.9047821164131165,0.7113556861877441,0.3907398283481598,1.8081858158111572
315_Q9BTC0_DB00014,315,DB00014,Q9BTC0,-0.967003583908081,0.6605693101882935,-0.4520057141780853,0.648242712020874,-1.4820014238357544,0.6728958487510681,0.40079936385154724,0.2713426649570465,0.4764525890350342,0.4764525890350342,0.0,0.3818860948085785,0.3112335205078125,5.619869709014893,18.09160804748535
316_Q9BTC0_DB00035,316,DB00035,Q9BTC0,0.06776279211044312,0.6581953763961792,0.7151086330413818,0.7871941924095154,-0.5795830488204956,0.5291966199874878,0.3603646457195282,0.2631559371948242,0.27207937836647034,0.27207937836647034,0.0,0.38243597745895386,0.2864243686199188,5.570871829986572,19.36565589904785
317_Q9BTC0_DB00175,317,DB00175,Q9BTC0,0.2596990466117859,0.3469926714897156,0.5787982940673828,0.41770437359809875,-0.059400174766778946,0.2762809693813324,0.36655887961387634,0.2652495801448822,0.30752819776535034,0.30752819776535034,0.0,0.38131657242774963,0.34444892406463623,5.840845108032227,19.726688385009766
318_Q9BTC0_DB00178,318,DB00178,Q9BTC0,0.6485879421234131,0.31244784593582153,0.33007222414016724,0.35848820209503174,0.9671037197113037,0.26640745997428894,0.3519494831562042,0.2679048180580139,0.22815684974193573,0.22815684974193573,0.0,0.38289764523506165,0.3222433030605316,5.893204689025879,19.112316131591797
319_Q9BTC0_DB00181,319,DB00181,Q9BTC0,1.5802123546600342,0.17798317968845367,1.8931070566177368,0.1916932910680771,1.2673176527023315,0.16427306830883026,0.35480645298957825,0.2697458863258362,0.23703984916210175,0.23703984916210175,0.0,0.38424810767173767,0.37005019187927246,5.915062427520752,19.66034507751465
320_Q9BTC0_DB00183,320,DB00183,Q9BTC0,1.3662397861480713,0.3698303997516632,1.6072871685028076,0.38162559270858765,1.1251925230026245,0.35803520679473877,0.3901730179786682,0.2806200087070465,0.40738731622695923,0.40738731622695923,0.0,0.38586941361427307,0.32912683486938477,5.6998820304870605,18.799354553222656
321_Q9BTC0_DB00184,321,DB00184,Q9BTC0,1.1493487358093262,0.4734950363636017,1.3262256383895874,0.7045273184776306,0.9724719524383545,0.24246275424957275,0.35893353819847107,0.27029067277908325,0.2529478371143341,0.2529478371143341,0.0,0.3854299783706665,0.36312195658683777,5.905179977416992,19.687551498413086
322_Q9GZZ6_DB00014,322,DB00014,Q9GZZ6,-0.8288382887840271,0.4385385513305664,-0.8110941648483276,0.4664568603038788,-0.8465824127197266,0.41062021255493164,0.7262604236602783,0.6956374049186707,0.6866788864135742,0.6866788864135742,0.0,0.7361558079719543,0.47259870171546936,1.0257980823516846,5.406126499176025
323_Q9GZZ6_DB00035,323,DB00035,Q9GZZ6,-0.8562358021736145,0.43706411123275757,-0.27004143595695496,0.4315732419490814,-1.4424301385879517,0.4425550103187561,0.81983482837677,0.7264971733093262,0.8547261953353882,0.8547261953353882,0.0,0.8111119270324707,0.7772659659385681,0.8586317300796509,2.728851318359375
324_Q9GZZ6_DB00175,324,DB00175,Q9GZZ6,0.5749525427818298,0.2626914978027344,0.7667966485023499,0.19329601526260376,0.3831084072589874,0.3320869505405426,0.7873649001121521,0.7086367011070251,0.7269678115844727,0.7269678115844727,0.0,0.8024641275405884,0.6966657638549805,0.9359827637672424,5.5232696533203125
325_Q9GZZ6_DB00178,325,DB00178,Q9GZZ6,0.8348681330680847,0.1818208396434784,0.9876108169555664,0.24282507598400116,0.682125449180603,0.12081661820411682,0.7758487462997437,0.696832001209259,0.7625343203544617,0.7625343203544617,0.0,0.7791773080825806,0.543782114982605,0.8749270439147949,5.223958492279053
326_Q9GZZ6_DB00181,326,DB00181,Q9GZZ6,0.8477442264556885,0.2375132143497467,0.19176940619945526,0.31131094694137573,1.5037190914154053,0.16371546685695648,0.7756123542785645,0.7081738710403442,0.6615210771560669,0.6615210771560669,0.0,0.8041351437568665,0.7020350098609924,0.8585510849952698,6.774153232574463
327_Q9GZZ6_DB00183,327,DB00183,Q9GZZ6,1.3641571998596191,0.43692952394485474,0.9408153891563416,0.598718523979187,1.7874990701675415,0.27514052391052246,0.8164748549461365,0.7184759378433228,0.8354901671409607,0.8354901671409607,0.0,0.8117209672927856,0.7038673162460327,0.8635948896408081,2.8568520545959473
328_Q9GZZ6_DB00184,328,DB00184,Q9GZZ6,-0.6025808453559875,0.685409426689148,-1.0752485990524292,0.9860763549804688,-0.1299131065607071,0.38474252820014954,0.8376805186271667,0.7208856344223022,0.9279564619064331,0.9279564619064331,0.0,0.815111517906189,0.8107955455780029,0.7470539212226868,1.6791422367095947
329_Q9UGM1_DB00014,329,DB00014,Q9UGM1,-0.616025447845459,0.44788122177124023,-0.8412609100341797,0.48507973551750183,-0.3907899260520935,0.41068270802497864,0.7463885545730591,0.716248095035553,0.8285761475563049,0.8285761475563049,0.0,0.7258416414260864,0.5162423849105835,0.92320716381073,3.51409912109375
330_Q9UGM1_DB00035,330,DB00035,Q9UGM1,-0.6296439170837402,0.3904775381088257,0.09582775831222534,0.3559020757675171,-1.355115532875061,0.4250529706478119,0.7875396013259888,0.717985987663269,0.8477932810783386,0.8477932810783386,0.0,0.7724761366844177,0.6981789469718933,0.8910648226737976,3.297455072402954
331_Q9UGM1_DB00175,331,DB00175,Q9UGM1,1.2872272729873657,0.2037293016910553,1.6882641315460205,0.14303545653820038,0.8861904740333557,0.2644231617450714,0.7455928325653076,0.6952612996101379,0.7730928063392639,0.7730928063392639,0.0,0.7387178540229797,0.46844831109046936,0.9321276545524597,3.9640750885009766
332_Q9UGM1_DB00178,332,DB00178,Q9UGM1,0.6589740514755249,0.17624016106128693,0.9050374627113342,0.2249150425195694,0.4129105806350708,0.12756527960300446,0.8132657408714294,0.7183252573013306,0.9398871660232544,0.9398871660232544,0.0,0.781610369682312,0.7776447534561157,0.818031370639801,2.5187320709228516
333_Q9UGM1_DB00181,333,DB00181,Q9UGM1,0.25190287828445435,0.3033280074596405,0.569190263748169,0.3216192126274109,-0.06538447737693787,0.2850368022918701,0.7929641604423523,0.7326337099075317,0.8617309927940369,0.8617309927940369,0.0,0.7757724523544312,0.7298957705497742,0.7214521169662476,3.588228940963745
334_Q9UGM1_DB00183,334,DB00183,Q9UGM1,1.2798423767089844,0.49799150228500366,1.002305507659912,0.7101325392723083,1.5573792457580566,0.285850465297699,0.7971050143241882,0.722664475440979,0.8592976927757263,0.8592976927757263,0.0,0.7815567851066589,0.6798144578933716,0.8573142886161804,2.9799604415893555
335_Q9UGM1_DB00184,335,DB00184,Q9UGM1,-1.2782424688339233,0.8913103342056274,-1.3283947706222534,0.9996529817581177,-1.2280901670455933,0.7829676866531372,0.8265239000320435,0.7421066164970398,0.9237393140792847,0.9237393140792847,0.0,0.8022199869155884,0.7939767241477966,0.7079752683639526,1.8865256309509277
336_Q9UHE5_DB00014,336,DB00014,Q9UHE5,-0.7710079550743103,0.5165691375732422,-0.34109243750572205,0.53753262758255,-1.2009234428405762,0.4956056773662567,0.7905574440956116,0.9315003156661987,0.9206216931343079,0.9206216931343079,0.0,0.7580413818359375,0.5312857031822205,0.499176025390625,0.9166206121444702
337_Q9UHE5_DB00035,337,DB00035,Q9UHE5,-0.6631686687469482,0.180082306265831,0.4130394160747528,0.07425487041473389,-1.7393767833709717,0.2859097421169281,0.8131669163703918,0.9050625562667847,0.8461297750473022,0.8461297750473022,0.0,0.8049261569976807,0.6260620951652527,0.6540387868881226,1.5313689708709717
338_Q9UHE5_DB00175,338,DB00175,Q9UHE5,0.8013719320297241,0.0794517770409584,1.3290599584579468,0.06780814379453659,0.2736838757991791,0.09109541028738022,0.8816933631896973,0.9233289361000061,0.9212762713432312,0.9212762713432312,0.0,0.8717976808547974,0.7308238744735718,0.4335882365703583,0.8619334697723389
339_Q9UHE5_DB00178,339,DB00178,Q9UHE5,0.5458916425704956,0.05916506052017212,0.35055723786354065,0.03442812338471413,0.7412260174751282,0.08390200138092041,0.8873271942138672,0.935464084148407,0.9392095804214478,0.9392095804214478,0.0,0.8743566274642944,0.7178507447242737,0.39539259672164917,0.7379376888275146
340_Q9UHE5_DB00181,340,DB00181,Q9UHE5,1.028226613998413,0.2143263965845108,0.0687415599822998,0.24170644581317902,1.987711787223816,0.1869463473558426,0.911340057849884,0.9367135763168335,0.9583181142807007,0.9583181142807007,0.0,0.8995954990386963,0.8466095328330994,0.3446750342845917,0.585256040096283
341_Q9UHE5_DB00183,341,DB00183,Q9UHE5,1.02293062210083,0.13291668891906738,0.9802064895629883,0.06915944814682007,1.0656548738479614,0.1966739296913147,0.8458531498908997,0.9434332251548767,0.9415339231491089,0.9415339231491089,0.0,0.8219329714775085,0.6202234625816345,0.42158016562461853,0.6784225106239319
342_Q9UHE5_DB00184,342,DB00184,Q9UHE5,1.107775092124939,0.11844345927238464,0.2860756814479828,0.15296749770641327,1.9294744729995728,0.08391941338777542,0.9229087233543396,0.9314500689506531,0.9342824220657349,0.9342824220657349,0.0,0.9200652837753296,0.8575964570045471,0.35495302081108093,0.7169346809387207
