pair_id,pair_index,drugbank_id,uniprot_id,affinity_pred_value,affinity_probability_binary,affinity_pred_value1,affinity_probability_binary1,affinity_pred_value2,affinity_probability_binary2,confidence_score,ptm,iptm,ligand_iptm,protein_iptm,complex_plddt,complex_iplddt,complex_pde,complex_ipde
1_DB00014_P30968,1,DB00014,P30968,-1.7890651226043701,0.7491289377212524,-1.3017088174819946,0.7670908570289612,-2.276421308517456,0.7311670780181885,0.7725368738174438,0.9131377339363098,0.9008411169052124,0.9008411169052124,0.0,0.7404607534408569,0.5524573922157288,0.6959373354911804,1.4098711013793945
2_DB00035_P37288,2,DB00035,P37288,-1.307167649269104,0.5052218437194824,-0.24340328574180603,0.37252673506736755,-2.370932102203369,0.6379169821739197,0.7363858222961426,0.7805586457252502,0.8938966989517212,0.8938966989517212,0.0,0.6970080733299255,0.723307728767395,1.2187516689300537,2.177755117416382
3_DB00035_P47901,3,DB00035,P47901,-1.2685052156448364,0.5676978826522827,-0.020910892635583878,0.4185608923435211,-2.516099452972412,0.7168348431587219,0.7035565376281738,0.7492379546165466,0.8186448216438293,0.8186448216438293,0.0,0.6747844815254211,0.6029635667800903,1.3602235317230225,2.6776726245880127
4_DB00035_P30518,4,DB00035,P30518,-1.8540323972702026,0.5128634572029114,-1.032867193222046,0.4234706163406372,-2.6751976013183594,0.6022562980651855,0.7911266684532166,0.8459942936897278,0.9309946894645691,0.9309946894645691,0.0,0.7561596035957336,0.7223182320594788,0.8035581111907959,1.7852314710617065
8_DB00178_P46663,8,DB00178,P46663,-0.11016955226659775,0.6490143537521362,-0.1297454982995987,0.8040642738342285,-0.0905936062335968,0.4939644932746887,0.8652330636978149,0.9139987826347351,0.9629198312759399,0.9629198312759399,0.0,0.8408113718032837,0.7531774044036865,0.4697723686695099,0.7843149304389954
9_DB00181_Q9UBS5,9,DB00181,Q9UBS5,1.3496267795562744,0.856360912322998,0.7618726491928101,0.9426528215408325,1.9373810291290283,0.7700689435005188,0.863813042640686,0.6507468819618225,0.9585301280021667,0.9585301280021667,0.0,0.840133786201477,0.8609392642974854,0.8304798603057861,1.722664713859558
15_DB00184_P36544,15,DB00184,P36544,-0.707836389541626,0.6794794201850891,-1.276362657546997,0.9997532963752747,-0.13931012153625488,0.3592055141925812,0.8296429514884949,0.752589225769043,0.9545058012008667,0.9545058012008667,0.0,0.7984272241592407,0.8148449063301086,0.9660918712615967,1.205876111984253
16_DB00184_P43681,16,DB00184,P43681,-1.1392614841461182,0.811432957649231,-1.4323105812072754,0.9676368236541748,-0.8462124466896057,0.6552290320396423,0.7239044904708862,0.6278668642044067,0.9490647912025452,0.9490647912025452,0.0,0.6676144003868103,0.7145102024078369,1.9549928903579712,1.5149136781692505
17_DB00184_Q9GZZ6,17,DB00184,Q9GZZ6,-0.5964038372039795,0.6900061368942261,-0.9820013046264648,0.984754204750061,-0.21080642938613892,0.3952580690383911,0.8374456763267517,0.7100340127944946,0.9187842011451721,0.9187842011451721,0.0,0.8171109557151794,0.8182092905044556,0.7208320498466492,1.8297128677368164
18_DB00184_Q9UGM1,18,DB00184,Q9UGM1,-1.2372814416885376,0.8900607228279114,-1.2647278308868408,0.9993502497673035,-1.2098350524902344,0.7807711958885193,0.8225417137145996,0.7369207143783569,0.9312072396278381,0.9312072396278381,0.0,0.7953753471374512,0.7961376905441284,0.7625105977058411,1.9531038999557495
21_DB00184_P32297,21,DB00184,P32297,-0.8509833216667175,0.7115181684494019,-1.527269959449768,0.997948944568634,-0.1746966689825058,0.4250873327255249,0.8104404807090759,0.6939722299575806,0.9268363118171692,0.9268363118171692,0.0,0.7813414931297302,0.7941249012947083,0.894535481929779,1.4469716548919678
22_DB00184_Q05901,22,DB00184,Q05901,-0.12041004747152328,0.5662670135498047,-0.16426792740821838,0.8502910137176514,-0.07655216753482819,0.282243013381958,0.8260130882263184,0.7468658089637756,0.8431078791618347,0.8431078791618347,0.0,0.8217394351959229,0.7544673085212708,0.6712928414344788,3.3582265377044678
23_DB00184_Q15825,23,DB00184,Q15825,-0.9975073337554932,0.8043814301490784,-1.2292858362197876,0.9973053932189941,-0.7657288908958435,0.6114574670791626,0.7849631905555725,0.6978929042816162,0.910331666469574,0.910331666469574,0.0,0.7536210417747498,0.776056170463562,0.9564920663833618,1.7662042379379272
26_P11229_DB00185,26,DB00185,P11229,1.0334277153015137,0.7787206172943115,0.5897166132926941,0.6984328031539917,1.477138876914978,0.8590084910392761,0.7375650405883789,0.7618980407714844,0.9890729784965515,0.9890729784965515,0.0,0.6746880412101746,0.7727689743041992,1.2893086671829224,0.664263904094696
27_P20309_DB00185,27,DB00185,P20309,0.6714794635772705,0.8244794607162476,0.5895977020263672,0.7659378051757812,0.753361165523529,0.8830210566520691,0.7102417349815369,0.673466145992279,0.9733150601387024,0.9733150601387024,0.0,0.6444733738899231,0.7130134701728821,1.8423858880996704,1.18069326877594
30_P14867_DB00186,30,DB00186,P14867,-0.13015687465667725,0.510116457939148,-1.1060054302215576,0.7875553369522095,0.8456916809082031,0.23267762362957,0.8114042282104492,0.7412726283073425,0.897116482257843,0.897116482257843,0.0,0.789976179599762,0.7816755175590515,0.9963797926902771,3.09238338470459
33_P28472_DB00186,33,DB00186,P28472,0.3346218168735504,0.5832085609436035,-0.27415943145751953,0.7992299199104309,0.9434030652046204,0.3671872019767761,0.796669602394104,0.6718307733535767,0.8452647924423218,0.8452647924423218,0.0,0.7845208048820496,0.5928688049316406,1.2940874099731445,4.408334255218506
37_P47870_DB00186,37,DB00186,P47870,0.4701395034790039,0.5780080556869507,-0.16548465192317963,0.7922412753105164,1.1057636737823486,0.363774836063385,0.7552617192268372,0.6467850208282471,0.8553867936134338,0.8553867936134338,0.0,0.730230450630188,0.5661072134971619,1.415994644165039,4.29917573928833
44_P20711_DB00190,44,DB00190,P20711,1.1310787200927734,0.590122640132904,0.4115854799747467,0.6931425929069519,1.8505719900131226,0.4871026873588562,0.9567627310752869,0.9605981111526489,0.9756457805633545,0.9756457805633545,0.0,0.9520418643951416,0.9364683032035828,0.34428972005844116,0.7381001114845276
46_P11485_DB00198,46,DB00198,P11485,-0.1429581344127655,0.685806393623352,-0.7192474007606506,0.8038414716720581,0.43333113193511963,0.567771315574646,0.8804694414138794,0.8771880865097046,0.9774892926216125,0.9774892926216125,0.0,0.8562144637107849,0.8999478816986084,0.734706461429596,0.7516667246818542
56_P30542_DB00201,56,DB00201,P30542,1.8526235818862915,0.5547589063644409,1.6440117359161377,0.49032020568847656,2.0612354278564453,0.61919766664505,0.9460544586181641,0.9386830925941467,0.9714125394821167,0.9714125394821167,0.0,0.9397149682044983,0.9297474026679993,0.31838634610176086,0.484855979681015
57_P29274_DB00201,57,DB00201,P29274,1.316164255142212,0.6571968197822571,1.4243580102920532,0.6367440223693848,1.2079706192016602,0.6776496171951294,0.8376262784004211,0.8186621069908142,0.9713369011878967,0.9713369011878967,0.0,0.8041985630989075,0.8646820783615112,1.2159398794174194,0.582784116268158
88_P0DMS8_DB00201,88,DB00201,P0DMS8,1.6424022912979126,0.5968660116195679,1.6463193893432617,0.5202534198760986,1.6384851932525635,0.6734785437583923,0.9187966585159302,0.9260632395744324,0.9665908217430115,0.9665908217430115,0.0,0.906848132610321,0.8982776999473572,0.40060555934906006,0.557440459728241
89_P29275_DB00201,89,DB00201,P29275,1.600271224975586,0.649815022945404,1.6129562854766846,0.6019330024719238,1.5875860452651978,0.6976970434188843,0.9098647236824036,0.8993910551071167,0.9578480124473572,0.9578480124473572,0.0,0.8978689312934875,0.9046640992164612,0.5321752429008484,0.5916069149971008
90_P08172_DB00202,90,DB00202,P08172,-0.45262637734413147,0.8091003894805908,-1.1113169193267822,0.9224839806556702,0.2060641497373581,0.6957167983055115,0.7209122180938721,0.7003053426742554,0.9393372535705566,0.9393372535705566,0.0,0.6663059592247009,0.7674548029899597,1.7661669254302979,1.180943250656128
91_P20309_DB00202,91,DB00202,P20309,-0.322697252035141,0.8085814714431763,-0.7746249437332153,0.9149696230888367,0.12923042476177216,0.7021933197975159,0.6994535326957703,0.6116552352905273,0.8689776062965393,0.8689776062965393,0.0,0.6570725440979004,0.6857452392578125,2.158787965774536,2.4628090858459473
97_P43681_DB00202,97,DB00202,P43681,-0.24701063334941864,0.556607723236084,-0.500818133354187,0.8247883319854736,0.006796874105930328,0.28842705488204956,0.6549669504165649,0.5913850665092468,0.681722104549408,0.681722104549408,0.0,0.6482781171798706,0.6624249815940857,2.2343432903289795,6.935445308685303
100_Q15825_DB00202,100,DB00202,Q15825,0.1430618017911911,0.5837756395339966,-0.2995515763759613,0.846576988697052,0.5856751799583435,0.32097429037094116,0.7273338437080383,0.6563863754272461,0.7095862030982971,0.7095862030982971,0.0,0.7317707538604736,0.6767836809158325,1.1958879232406616,4.674959182739258
101_Q9GZZ6_DB00202,101,DB00202,Q9GZZ6,0.031200528144836426,0.5269354581832886,-0.7182928323745728,0.8564443588256836,0.7806938886642456,0.19742661714553833,0.794222891330719,0.7049719095230103,0.7645744681358337,0.7645744681358337,0.0,0.8016349673271179,0.7033053636550903,0.8539865612983704,3.6657392978668213
102_Q9UGM1_DB00202,102,DB00202,Q9UGM1,-0.38048672676086426,0.5617991089820862,-0.41683003306388855,0.8117748498916626,-0.34414342045783997,0.3118233382701874,0.7743763327598572,0.6892068982124329,0.7353804111480713,0.7353804111480713,0.0,0.7841252684593201,0.7398857474327087,1.013940691947937,4.687928199768066
105_P11229_DB00209,105,DB00209,P11229,-2.6912341117858887,0.9772541522979736,-3.0925498008728027,0.9841374158859253,-2.2899184226989746,0.970370888710022,0.7386497259140015,0.7533243894577026,0.9755558371543884,0.9755558371543884,0.0,0.6794231534004211,0.7876815795898438,1.343903660774231,0.8854702115058899
106_P20309_DB00209,106,DB00209,P20309,-2.444084882736206,0.9689239859580994,-2.8840579986572266,0.9913628101348877,-2.0041117668151855,0.946485161781311,0.7087984085083008,0.6517594456672668,0.9693130254745483,0.9693130254745483,0.0,0.6436697244644165,0.7744839787483215,1.9570502042770386,1.0980632305145264
107_O60603_DB00210,107,DB00210,O60603,-0.08126600086688995,0.5944696664810181,0.12895792722702026,0.7068955898284912,-0.29148992896080017,0.4820438027381897,0.88738614320755,0.7360568046569824,0.9350767135620117,0.9350767135620117,0.0,0.8754635453224182,0.8397080898284912,0.6035094857215881,1.5812617540359497
109_P10276_DB00210,109,DB00210,P10276,-1.632690191268921,0.9595457911491394,-2.5128135681152344,0.9737464189529419,-0.7525668144226074,0.9453451633453369,0.7924498915672302,0.6291393637657166,0.9883586764335632,0.9883586764335632,0.0,0.743472695350647,0.8638008832931519,1.6519325971603394,0.6059078574180603
110_P10826_DB00210,110,DB00210,P10826,-1.9222412109375,0.9693830013275146,-2.7561511993408203,0.9875220656394958,-1.0883313417434692,0.9512439966201782,0.780855119228363,0.6112424731254578,0.9870813488960266,0.9870813488960266,0.0,0.7292985320091248,0.8694537878036499,1.5937005281448364,0.617274284362793
111_P13631_DB00210,111,DB00210,P13631,-1.872560739517212,0.9673643112182617,-2.0345377922058105,0.978209376335144,-1.7105835676193237,0.9565192461013794,0.808535099029541,0.6808192729949951,0.9879879355430603,0.9879879355430603,0.0,0.7636719346046448,0.8719748854637146,1.3370449542999268,0.5565249919891357
113_P19793_DB00210,113,DB00210,P19793,0.4066532850265503,0.6221184730529785,0.5723549723625183,0.7676393985748291,0.2409515678882599,0.4765976071357727,0.676988422870636,0.590596079826355,0.9231323003768921,0.9231323003768921,0.0,0.6154524683952332,0.6515670418739319,2.1912972927093506,2.5078961849212646
114_P28702_DB00210,114,DB00210,P28702,0.43326449394226074,0.5726261138916016,0.6270950436592102,0.6619548797607422,0.23943397402763367,0.4832973778247833,0.6358359456062317,0.5250799059867859,0.932064414024353,0.932064414024353,0.0,0.5617787837982178,0.6271646618843079,2.7348341941833496,2.6412370204925537
115_P48443_DB00210,115,DB00210,P48443,0.019365713000297546,0.5666577816009521,-0.18746811151504517,0.5994037985801697,0.22619953751564026,0.5339117646217346,0.6746816039085388,0.5943620800971985,0.9458467364311218,0.9458467364311218,0.0,0.6068903207778931,0.6729249358177185,2.03922176361084,1.710158109664917
116_P35348_DB00211,116,DB00211,P35348,-0.32898369431495667,0.7310085296630859,-0.046932753175497055,0.7262596487998962,-0.611034631729126,0.7357574105262756,0.7569553256034851,0.7415583729743958,0.9799068570137024,0.9799068570137024,0.0,0.7012174129486084,0.8193220496177673,1.2863019704818726,0.7432699799537659
117_P35368_DB00211,117,DB00211,P35368,-0.04145171493291855,0.6591870784759521,0.07546931505203247,0.6930451989173889,-0.15837274491786957,0.6253289580345154,0.7077372074127197,0.6611974239349365,0.9802327752113342,0.9802327752113342,0.0,0.6396133303642273,0.793329656124115,2.0273284912109375,0.6638636589050293
118_P25100_DB00211,118,DB00211,P25100,0.11844927817583084,0.5611209869384766,0.06866414844989777,0.6039829254150391,0.16823440790176392,0.5182591080665588,0.6601211428642273,0.6299343109130859,0.9760593771934509,0.9760593771934509,0.0,0.5811365842819214,0.7329950928688049,2.4171245098114014,0.8434963226318359
123_P31645_DB00215,123,DB00215,P31645,-2.182549238204956,0.9433785080909729,-2.4050068855285645,0.9964408278465271,-1.9600917100906372,0.8903161883354187,0.8992690443992615,0.9659891128540039,0.9849879741668701,0.9849879741668701,0.0,0.8778392672538757,0.9236036539077759,0.3514833152294159,0.5880762338638306
124_P35367_DB00215,124,DB00215,P35367,-2.232451915740967,0.9570332765579224,-2.2657413482666016,0.9943529367446899,-2.199162721633911,0.91971355676651,0.7105496525764465,0.724714457988739,0.9841375946998596,0.9841375946998596,0.0,0.6421526670455933,0.7968939542770386,1.4757663011550903,0.5619342923164368
125_P08913_DB00217,125,DB00217,P08913,0.3938857316970825,0.7383002638816833,0.04199402779340744,0.7958298921585083,0.745777428150177,0.6807706356048584,0.7340652346611023,0.6901606917381287,0.9604457020759583,0.9604457020759583,0.0,0.6774700880050659,0.7905874848365784,1.9105327129364014,0.9579312801361084
126_P18089_DB00217,126,DB00217,P18089,-0.10932943224906921,0.8345274925231934,0.2416629195213318,0.8265353441238403,-0.4603217840194702,0.8425197005271912,0.7549409866333008,0.8608266115188599,0.9818903207778931,0.9818903207778931,0.0,0.6982036232948303,0.8086772561073303,1.0212478637695312,0.5192670822143555
127_P18825_DB00217,127,DB00217,P18825,-0.17838194966316223,0.7225625514984131,-0.11612827330827713,0.7976068258285522,-0.24063563346862793,0.6475182771682739,0.7788111567497253,0.8266773223876953,0.984265923500061,0.984265923500061,0.0,0.7274474501609802,0.826360821723938,0.9245350360870361,0.48558834195137024
132_P11229_DB00219,132,DB00219,P11229,-2.116809844970703,0.9749884605407715,-2.1527442932128906,0.9793227910995483,-2.0808751583099365,0.9706540703773499,0.7493125200271606,0.7891867756843567,0.9860172271728516,0.9860172271728516,0.0,0.6901363134384155,0.8139245510101318,1.1432113647460938,0.614069938659668
133_P08588_DB00221,133,DB00221,P08588,1.362329125404358,0.8663392066955566,1.4440797567367554,0.9559202194213867,1.2805784940719604,0.7767581343650818,0.7660440802574158,0.7085165977478027,0.9871165156364441,0.9871165156364441,0.0,0.7107759714126587,0.8386094570159912,1.7300193309783936,0.6827650666236877
134_P07550_DB00221,134,DB00221,P07550,0.6172115802764893,0.9540568590164185,0.5825706720352173,0.9832050204277039,0.651852548122406,0.9249086380004883,0.8250369429588318,0.7787311673164368,0.9817667603492737,0.9817667603492737,0.0,0.7858544588088989,0.8903234601020813,1.206850290298462,0.6566646695137024
138_P04150_DB00223,138,DB00223,P04150,-2.3168890476226807,0.9731448888778687,-2.453455924987793,0.9936360120773315,-2.1803221702575684,0.9526537656784058,0.6006722450256348,0.4467797577381134,0.9833502173423767,0.9833502173423767,0.0,0.5050027370452881,0.7067680954933167,4.1586012840271,0.9074743390083313
140_P23975_DB00226,140,DB00226,P23975,0.08977559208869934,0.786797285079956,0.7125614881515503,0.7401739954948425,-0.5330103039741516,0.8334205746650696,0.9072715044021606,0.9341065883636475,0.9764074087142944,0.9764074087142944,0.0,0.8899875283241272,0.8943703174591064,0.49026578664779663,0.7468122839927673
145_Q14432_DB00235,145,DB00235,Q14432,0.520824670791626,0.7396283149719238,0.43422722816467285,0.8289461135864258,0.6074221134185791,0.6503105759620667,0.627197265625,0.5004794001579285,0.9631320238113403,0.9631320238113403,0.0,0.5432136058807373,0.6472686529159546,3.614469528198242,2.989359140396118
146_Q72547_DB00238,146,DB00238,Q72547,-0.38049226999282837,0.6725037693977356,-0.4218100607395172,0.9930991530418396,-0.3391745090484619,0.3519083857536316,0.9520169496536255,0.7934243083000183,0.9729560017585754,0.9729560017585754,0.0,0.946782112121582,0.9255319237709045,0.5128732323646545,0.7531222701072693
147_P10613_DB00239,147,DB00239,P10613,-1.0240249633789062,0.7022380828857422,-1.1360585689544678,0.7434508800506592,-0.9119912981987,0.6610252857208252,0.9221040606498718,0.9449313282966614,0.9504167437553406,0.9504167437553406,0.0,0.9150259494781494,0.8414109349250793,0.41121500730514526,1.0939865112304688
148_Q04782_DB00239,148,DB00239,Q04782,-1.1016647815704346,0.7142667770385742,-1.1712840795516968,0.753751814365387,-1.0320453643798828,0.6747817397117615,0.9410437941551208,0.9667564630508423,0.9148823022842407,0.9148823022842407,0.0,0.9475840926170349,0.8232048153877258,0.4100293219089508,2.2425196170806885
149_O75469_DB00239,149,DB00239,O75469,-0.19675302505493164,0.6117348074913025,-0.1814327985048294,0.790151059627533,-0.21207325160503387,0.43331852555274963,0.8216046690940857,0.7506991028785706,0.8743535876274109,0.8743535876274109,0.0,0.8084174394607544,0.7743686437606812,1.005371332168579,1.6267210245132446
150_P04150_DB00240,150,DB00240,P04150,-2.164778709411621,0.9441190361976624,-2.203000068664551,0.9735722541809082,-2.1265575885772705,0.9146658182144165,0.6000962853431702,0.43626007437705994,0.984382152557373,0.984382152557373,0.0,0.5040248036384583,0.6993561387062073,4.267096519470215,0.888907790184021
155_P05164_DB00244,155,DB00244,P05164,1.7769722938537598,0.5483237504959106,1.3387631177902222,0.7107934951782227,2.215181589126587,0.3858540654182434,0.8540911078453064,0.9354919791221619,0.8415364027023315,0.8415364027023315,0.0,0.8572297096252441,0.8614334464073181,0.5478940010070801,3.8518950939178467
156_P09917_DB00244,156,DB00244,P09917,2.1775314807891846,0.5047959089279175,2.0756959915161133,0.6696640849113464,2.279366970062256,0.3399277925491333,0.9267361760139465,0.9606279730796814,0.8490483164787292,0.8490483164787292,0.0,0.9461581110954285,0.9073112607002258,0.4599815905094147,3.2275230884552
159_P11229_DB00245,159,DB00245,P11229,-2.372182846069336,0.9807862043380737,-2.105978488922119,0.98313969373703,-2.6383869647979736,0.9784327745437622,0.7447097897529602,0.7190375924110413,0.9726182818412781,0.9726182818412781,0.0,0.6877326369285583,0.7973710894584656,1.5238242149353027,0.9588571190834045
160_Q01959_DB00245,160,DB00245,Q01959,0.0017886459827423096,0.9050090909004211,0.661838710308075,0.8468437194824219,-0.6582614183425903,0.9631744623184204,0.8742629885673523,0.8669808506965637,0.9553943276405334,0.9553943276405334,0.0,0.8539801836013794,0.8826236724853516,0.7885074615478516,1.0606435537338257
161_P35367_DB00245,161,DB00245,P35367,-2.0954062938690186,0.9686087369918823,-1.444108247756958,0.9454676508903503,-2.746704339981079,0.9917498230934143,0.6959265470504761,0.6982406973838806,0.9767041802406311,0.9767041802406311,0.0,0.6257321238517761,0.7499775290489197,1.6255329847335815,0.6824599504470825
162_P23975_DB00245,162,DB00245,P23975,-0.9943664073944092,0.9703293442726135,-0.5271854400634766,0.9630399942398071,-1.4615473747253418,0.9776186943054199,0.8973731994628906,0.9077966809272766,0.940500795841217,0.940500795841217,0.0,0.8865913152694702,0.8945439457893372,0.6474121809005737,1.3799452781677246
163_P31645_DB00245,163,DB00245,P31645,-0.24501414597034454,0.9705773591995239,0.20468637347221375,0.9716700315475464,-0.6947146654129028,0.9694846868515015,0.90257328748703,0.916591227054596,0.9768332839012146,0.9768332839012146,0.0,0.8840083479881287,0.9222269654273987,0.630998432636261,0.7581251263618469
164_P35348_DB00246,164,DB00246,P35348,-2.5060410499572754,0.8983038663864136,-2.8452601432800293,0.9697022438049316,-2.1668219566345215,0.8269054889678955,0.7462310194969177,0.6920240521430969,0.9091518521308899,0.9091518521308899,0.0,0.7055007815361023,0.8039944767951965,1.5417999029159546,1.823410153388977
165_P08908_DB00246,165,DB00246,P08908,-2.8488564491271973,0.9393281936645508,-3.2230725288391113,0.9962181448936462,-2.474640130996704,0.8824382424354553,0.7888716459274292,0.8481131196022034,0.9745736718177795,0.9745736718177795,0.0,0.7424461245536804,0.8423961400985718,0.9819145798683167,0.9923385977745056
166_P14416_DB00246,166,DB00246,P14416,-2.377873420715332,0.8322917222976685,-2.833221435546875,0.9367767572402954,-1.922525405883789,0.7278066873550415,0.7626291513442993,0.7652888298034668,0.9631255865097046,0.9631255865097046,0.0,0.7125049829483032,0.7578613758087158,1.0101463794708252,1.003925085067749
167_P21917_DB00246,167,DB00246,P21917,-2.3484177589416504,0.7815080881118774,-2.3116374015808105,0.8231162428855896,-2.385197877883911,0.7398999929428101,0.7987596988677979,0.7577716708183289,0.9707909226417542,0.9707909226417542,0.0,0.75575190782547,0.8756683468818665,1.0898911952972412,0.7451534867286682
168_P28221_DB00246,168,DB00246,P28221,-2.0450870990753174,0.9275721311569214,-2.3376121520996094,0.9726541638374329,-1.752562165260315,0.8824901580810547,0.798854649066925,0.8442939519882202,0.9254434704780579,0.9254434704780579,0.0,0.7672074437141418,0.8350697159767151,0.8962942957878113,1.5486724376678467
169_P28223_DB00246,169,DB00246,P28223,-3.190833568572998,0.9776757955551147,-3.5139074325561523,0.9997598528862,-2.8677594661712646,0.9555917978286743,0.7981494069099426,0.7433016896247864,0.9810953736305237,0.9810953736305237,0.0,0.7524129152297974,0.8349335193634033,1.0472646951675415,0.5702604651451111
170_P28335_DB00246,170,DB00246,P28335,-2.8441522121429443,0.951351523399353,-3.2575998306274414,0.9975841045379639,-2.4307045936584473,0.9051189422607422,0.7729362845420837,0.8012937903404236,0.9691444635391235,0.9691444635391235,0.0,0.7238841652870178,0.756141722202301,1.0939817428588867,0.7131742238998413
171_P34969_DB00246,171,DB00246,P34969,-1.8913402557373047,0.8178414106369019,-1.6968895196914673,0.8221175670623779,-2.0857911109924316,0.813565194606781,0.7869843244552612,0.8160744905471802,0.9793210029602051,0.9793210029602051,0.0,0.7389001250267029,0.8223653435707092,0.8179158568382263,0.6043219566345215
172_P35367_DB00246,172,DB00246,P35367,-2.025683641433716,0.8490826487541199,-1.6453237533569336,0.8147738575935364,-2.406043529510498,0.8833914399147034,0.7195917963981628,0.7186987400054932,0.9797499775886536,0.9797499775886536,0.0,0.6545522809028625,0.7940565347671509,1.3454906940460205,0.6928247213363647
173_P35462_DB00246,173,DB00246,P35462,-2.6416096687316895,0.855983555316925,-2.891343593597412,0.93301922082901,-2.391875982284546,0.7789478898048401,0.879919707775116,0.8578980565071106,0.9615473747253418,0.9615473747253418,0.0,0.8595128059387207,0.7680431008338928,0.542142391204834,0.7565857768058777
174_P08172_DB00246,174,DB00246,P08172,-1.5026330947875977,0.7119609117507935,-1.7575774192810059,0.7797010540962219,-1.2476886510849,0.644220769405365,0.7367281317710876,0.7423319220542908,0.941429615020752,0.941429615020752,0.0,0.6855527758598328,0.7711984515190125,1.181135654449463,1.2268197536468506
175_P08173_DB00246,175,DB00246,P08173,-1.533224105834961,0.7432353496551514,-1.730571985244751,0.7972749471664429,-1.3358763456344604,0.6891956925392151,0.7763406038284302,0.689820408821106,0.9555066823959351,0.9555066823959351,0.0,0.731549084186554,0.8022945523262024,1.7847274541854858,1.6194684505462646
176_P08912_DB00246,176,DB00246,P08912,-1.1834628582000732,0.7200770974159241,-1.1975065469741821,0.7532495856285095,-1.169419288635254,0.6869046092033386,0.7120312452316284,0.6721758246421814,0.9522159695625305,0.9522159695625305,0.0,0.6519850492477417,0.7200504541397095,1.9758343696594238,1.3168731927871704
177_P08913_DB00246,177,DB00246,P08913,-1.6604230403900146,0.7727525234222412,-2.190711498260498,0.8796759247779846,-1.1301344633102417,0.6658291816711426,0.713566243648529,0.6752055883407593,0.9384707808494568,0.9384707808494568,0.0,0.6573401093482971,0.7184281945228577,1.9300967454910278,1.586026906967163
178_P11229_DB00246,178,DB00246,P11229,-1.496955156326294,0.6776566505432129,-1.9867022037506104,0.7358887791633606,-1.0072081089019775,0.61942458152771,0.7321213483810425,0.7094882130622864,0.9597082734107971,0.9597082734107971,0.0,0.6752246022224426,0.7657545208930969,1.544464111328125,1.2473927736282349
179_P18089_DB00246,179,DB00246,P18089,-2.002241611480713,0.8285267353057861,-2.487581253051758,0.9648875594139099,-1.516902208328247,0.6921659708023071,0.7212058901786804,0.9064763784408569,0.9235334396362305,0.9235334396362305,0.0,0.6706240177154541,0.7392653822898865,0.7397928833961487,1.241513967514038
180_P18825_DB00246,180,DB00246,P18825,-1.844207525253296,0.7661315202713013,-2.2430777549743652,0.8693457245826721,-1.445337176322937,0.6629173755645752,0.7541419863700867,0.8480439186096191,0.9673961400985718,0.9673961400985718,0.0,0.7008284330368042,0.7559646964073181,0.6788221001625061,0.7479476928710938
181_P20309_DB00246,181,DB00246,P20309,-1.0780463218688965,0.7069315910339355,-0.9006281495094299,0.7116965055465698,-1.2554644346237183,0.7021666169166565,0.7049512267112732,0.6624546051025391,0.955715537071228,0.955715537071228,0.0,0.6422601342201233,0.7347942590713501,1.9784079790115356,1.5204124450683594
182_P21728_DB00246,182,DB00246,P21728,-1.635970115661621,0.7113860249519348,-2.0396547317504883,0.8233213424682617,-1.2322853803634644,0.5994507074356079,0.75582355260849,0.9554879665374756,0.9279114603996277,0.9279114603996277,0.0,0.7128015756607056,0.7031999230384827,0.4434159994125366,1.2494317293167114
183_P21918_DB00246,183,DB00246,P21918,-1.478637456893921,0.6582943201065063,-1.4595924615859985,0.6888898015022278,-1.4976823329925537,0.6276987791061401,0.7421389818191528,0.8128490447998047,0.9357622861862183,0.9357622861862183,0.0,0.6937331557273865,0.7841984033584595,1.0049325227737427,1.2829173803329468
184_P28222_DB00246,184,DB00246,P28222,-1.8782416582107544,0.8331364393234253,-2.3084940910339355,0.9320113062858582,-1.4479892253875732,0.7342615127563477,0.8276530504226685,0.8329899907112122,0.9497233033180237,0.9497233033180237,0.0,0.7971354722976685,0.7838135957717896,0.7358741760253906,0.9440790414810181
185_P28566_DB00246,185,DB00246,P28566,-1.9948381185531616,0.8427361249923706,-2.863229274749756,0.9861419796943665,-1.1264469623565674,0.6993302702903748,0.8331044316291809,0.8427221179008484,0.954479992389679,0.954479992389679,0.0,0.8027604818344116,0.8866949677467346,0.8608690500259399,0.8983380794525146
186_P35368_DB00246,186,DB00246,P35368,-2.235218048095703,0.7480580806732178,-2.733956813812256,0.9341374039649963,-1.7364790439605713,0.5619787573814392,0.6864189505577087,0.6734659075737,0.934614896774292,0.934614896774292,0.0,0.6243699193000793,0.6917371153831482,2.0056867599487305,1.5542289018630981
187_P50406_DB00246,187,DB00246,P50406,-2.3758668899536133,0.8006946444511414,-2.613490581512451,0.8761817812919617,-2.1382429599761963,0.725207507610321,0.7680065035820007,0.7854642271995544,0.9604114294052124,0.9604114294052124,0.0,0.7199052572250366,0.8354620933532715,1.2820417881011963,0.9965106248855591
222_P10613_DB00251,222,DB00251,P10613,-0.8904356956481934,0.6753126382827759,-1.189439058303833,0.7565515041351318,-0.5914323925971985,0.5940737724304199,0.9131587147712708,0.9381735324859619,0.9517293572425842,0.9517293572425842,0.0,0.9035159945487976,0.8458412289619446,0.4515824615955353,1.2033765316009521
227_Q14432_DB00261,227,DB00261,Q14432,-0.4761466979980469,0.7866828441619873,0.12377247214317322,0.7294687032699585,-1.0760658979415894,0.8438969254493713,0.6240421533584595,0.4972945749759674,0.9643923044204712,0.9643923044204712,0.0,0.5389545559883118,0.6507715582847595,3.6758408546447754,2.9853415489196777
229_P15559_DB00266,229,DB00266,P15559,-0.4230092465877533,0.7253260612487793,-1.036694049835205,0.8918673396110535,0.1906755417585373,0.5587847828865051,0.9251422882080078,0.9693848490715027,0.8555401563644409,0.8555401563644409,0.0,0.9425428509712219,0.7694615721702576,0.3973826467990875,2.5317158699035645
230_Q08257_DB00266,230,DB00266,Q08257,0.7409202456474304,0.5727444887161255,0.4477638900279999,0.6202629804611206,1.0340765714645386,0.5252259373664856,0.9445633292198181,0.9646957516670227,0.9470999240875244,0.9470999240875244,0.0,0.9439291954040527,0.8108435273170471,0.3442949652671814,0.9318687319755554
231_Q8XJ01_DB00267,231,DB00267,Q8XJ01,-0.6707019209861755,0.812859296798706,-0.47148823738098145,0.832999587059021,-0.8699156045913696,0.7927190065383911,0.9140486717224121,0.768815815448761,0.9720392227172852,0.9720392227172852,0.0,0.8995510339736938,0.8920412659645081,0.47170767188072205,0.8336155414581299
232_P0AD68_DB00267,232,DB00267,P0AD68,-1.6693792343139648,0.9626672267913818,-1.3071447610855103,0.9748329520225525,-2.03161358833313,0.9505015015602112,0.9226711392402649,0.8581904768943787,0.9865834712982178,0.9865834712982178,0.0,0.9066930413246155,0.9107460379600525,0.4458683431148529,0.5227519273757935
233_P25021_DB00272,233,DB00272,P25021,-0.052873291075229645,0.8725727796554565,-0.3458870053291321,0.9594264626502991,0.2401404231786728,0.785719096660614,0.8634614944458008,0.8479542136192322,0.9586824178695679,0.9586824178695679,0.0,0.8396562933921814,0.8925949931144714,0.8487347364425659,0.693994402885437
235_P00918_DB00273,235,DB00273,P00918,-2.164353609085083,0.9966781735420227,-2.068882465362549,0.9999842643737793,-2.259824752807617,0.9933720827102661,0.9736412167549133,0.9878600835800171,0.9725347757339478,0.9725347757339478,0.0,0.9739178419113159,0.9450953006744385,0.2972291111946106,0.4861772656440735
236_P22748_DB00273,236,DB00273,P22748,-1.2527111768722534,0.9780524373054504,-0.8085057139396667,0.990500807762146,-1.6969166994094849,0.9656040668487549,0.9098652005195618,0.9265510439872742,0.9728575944900513,0.9728575944900513,0.0,0.8941170573234558,0.9052354097366333,0.36743637919425964,0.5191152691841125
252_P00915_DB00273,252,DB00273,P00915,-1.3376638889312744,0.9898747205734253,-0.916874349117279,0.9990822076797485,-1.758453369140625,0.980667233467102,0.9733508229255676,0.9836231470108032,0.9787811040878296,0.9787811040878296,0.0,0.9719932675361633,0.9275955557823181,0.2977091372013092,0.4655962288379669
253_P07451_DB00273,253,DB00273,P07451,-1.0200952291488647,0.974507212638855,-0.7804909348487854,0.9915798902511597,-1.2596995830535889,0.9574345946311951,0.962722897529602,0.9798957109451294,0.9525845646858215,0.9525845646858215,0.0,0.965257465839386,0.8964887857437134,0.31860730051994324,0.5838051438331604
265_P29275_DB00277,265,DB00277,P29275,1.3608450889587402,0.8444909453392029,1.1197327375411987,0.878176212310791,1.6019574403762817,0.8108056783676147,0.924135684967041,0.9160013198852539,0.9881448149681091,0.9881448149681091,0.0,0.9081334471702576,0.9453763961791992,0.46338462829589844,0.3695244789123535
268_P29274_DB00277,268,DB00277,P29274,1.0580090284347534,0.8380473852157593,0.7151187062263489,0.8807947039604187,1.4008994102478027,0.7953001260757446,0.8582510352134705,0.8596422076225281,0.9914699196815491,0.9914699196815491,0.0,0.8249462842941284,0.8924466371536255,0.9185426831245422,0.37657880783081055
269_P30542_DB00277,269,DB00277,P30542,1.0770875215530396,0.8238011598587036,0.8303372263908386,0.7984004020690918,1.3238377571105957,0.8492018580436707,0.9554451107978821,0.9499436020851135,0.9935884475708008,0.9935884475708008,0.0,0.9459092617034912,0.9648052453994751,0.29296427965164185,0.3145482838153839
271_P09874_DB00277,271,DB00277,P09874,1.8346576690673828,0.5289384722709656,1.9068444967269897,0.4635559022426605,1.7624709606170654,0.5943210124969482,0.820340096950531,0.7206788659095764,0.9874802231788635,0.9874802231788635,0.0,0.7785550355911255,0.806037425994873,1.105056643486023,1.4688969850540161
273_Q99829_DB00277,273,DB00277,Q99829,1.6215635538101196,0.5504295825958252,0.7240428328514099,0.7305616736412048,2.5190842151641846,0.37029755115509033,0.8367589116096497,0.7509579658508301,0.6141172647476196,0.6141172647476196,0.0,0.8924193382263184,0.8003891110420227,0.7467637062072754,6.398376941680908
275_P08172_DB00280,275,DB00280,P08172,-0.6704142689704895,0.6662533283233643,-1.5516917705535889,0.7554927468299866,0.21086321771144867,0.5770138502120972,0.7619101405143738,0.8066616058349609,0.9678401947021484,0.9678401947021484,0.0,0.7104275822639465,0.8401815295219421,1.0789777040481567,0.741549015045166
276_P11229_DB00280,276,DB00280,P11229,-1.7410211563110352,0.8669016361236572,-2.6704797744750977,0.9487828016281128,-0.8115625381469727,0.7850204706192017,0.7333508729934692,0.8297204971313477,0.9779643416404724,0.9779643416404724,0.0,0.6721974611282349,0.7986549735069275,1.0016510486602783,0.7864925265312195
277_P20309_DB00280,277,DB00280,P20309,-1.409827709197998,0.8163505792617798,-2.1077871322631836,0.8597009778022766,-0.711868405342102,0.7730002403259277,0.7145225405693054,0.63515704870224,0.9518755674362183,0.9518755674362183,0.0,0.655184268951416,0.793575644493103,2.079634666442871,1.5165679454803467
282_P14324_DB00282,282,DB00282,P14324,1.482173204421997,0.5367279052734375,1.5012412071228027,0.6071745157241821,1.463105320930481,0.4662812650203705,0.8313927054405212,0.8333930373191833,0.8645801544189453,0.8645801544189453,0.0,0.8230957984924316,0.7445440888404846,0.888576090335846,4.558172702789307
283_O95749_DB00282,283,DB00282,O95749,1.9639701843261719,0.5407046675682068,1.7407903671264648,0.6456286907196045,2.187150001525879,0.4357806146144867,0.9160234332084656,0.9460874199867249,0.9251787066459656,0.9251787066459656,0.0,0.9137346744537354,0.7838270664215088,0.3798103630542755,1.1685246229171753
286_P31645_DB00285,286,DB00285,P31645,-1.0894474983215332,0.9954128265380859,-0.7246257662773132,0.9985284805297852,-1.4542691707611084,0.9922972321510315,0.8996686935424805,0.9580075144767761,0.9911469221115112,0.9911469221115112,0.0,0.8767991065979004,0.9092065691947937,0.3790263831615448,0.48650220036506653
287_P23975_DB00285,287,DB00285,P23975,-0.41437891125679016,0.9876211881637573,0.0795496478676796,0.996806263923645,-0.9083074927330017,0.9784360527992249,0.9003490805625916,0.9127576947212219,0.9865687489509583,0.9865687489509583,0.0,0.8787941336631775,0.8996059894561768,0.5933517217636108,0.5886741876602173
288_Q01959_DB00285,288,DB00285,Q01959,-0.17499864101409912,0.9824038147926331,0.20306579768657684,0.9944289922714233,-0.5530630946159363,0.9703786373138428,0.875672459602356,0.8888257741928101,0.9871484041213989,0.9871484041213989,0.0,0.8478034734725952,0.8836103081703186,0.6965652704238892,0.5637178421020508
289_P43088_DB00287,289,DB00287,P43088,-1.292493462562561,0.8973662257194519,-1.3557970523834229,0.9625409841537476,-1.2291898727416992,0.8321914672851562,0.8614881634712219,0.8908303380012512,0.9755834341049194,0.9755834341049194,0.0,0.832964301109314,0.9118398427963257,0.6661962270736694,0.5395617485046387
290_P04150_DB00288,290,DB00288,P04150,-1.5851612091064453,0.9291238784790039,-1.9265334606170654,0.9741593599319458,-1.2437890768051147,0.8840884566307068,0.610919713973999,0.45131000876426697,0.979935884475708,0.979935884475708,0.0,0.5186656713485718,0.7288827300071716,4.017031192779541,1.0304099321365356
292_P23975_DB00289,292,DB00289,P23975,-2.222302198410034,0.9920475482940674,-2.3480172157287598,0.9998254179954529,-2.0965871810913086,0.9842697381973267,0.9124307632446289,0.9134963154792786,0.9895412921905518,0.9895412921905518,0.0,0.8931531310081482,0.923355758190155,0.5727000832557678,0.5184260010719299
293_P31645_DB00289,293,DB00289,P31645,-2.345320224761963,0.9959245920181274,-2.3136086463928223,0.9999483823776245,-2.3770318031311035,0.9919008016586304,0.9036561846733093,0.9402883648872375,0.9899551868438721,0.9899551868438721,0.0,0.8820813894271851,0.9281505346298218,0.47318029403686523,0.4933210611343384
301_P41145_DB00289,301,DB00289,P41145,-0.1300276815891266,0.5777482390403748,-0.012613359838724136,0.6009867787361145,-0.24744200706481934,0.554509699344635,0.8401148915290833,0.9428005814552307,0.9798623323440552,0.9798623323440552,0.0,0.8051779866218567,0.8376681804656982,0.4732910096645355,0.7893191576004028
304_P18089_DB00292,304,DB00292,P18089,-0.6045802235603333,0.5297401547431946,-0.07435406744480133,0.4641033113002777,-1.1348063945770264,0.5953770279884338,0.7265527844429016,0.8643065690994263,0.9594327211380005,0.9594327211380005,0.0,0.6683327555656433,0.7313933968544006,0.9226768612861633,0.7846564054489136
321_P35348_DB00298,321,DB00298,P35348,-1.0952239036560059,0.8988808393478394,-1.437045931816101,0.9172671437263489,-0.7534019947052002,0.8804945349693298,0.7554389238357544,0.7471067905426025,0.973275899887085,0.973275899887085,0.0,0.7009796500205994,0.8162723183631897,1.2274311780929565,0.8932996392250061
322_P25100_DB00298,322,DB00298,P25100,-0.6475340127944946,0.8100130558013916,-0.7783185243606567,0.8075032830238342,-0.5167494416236877,0.8125228881835938,0.6594952344894409,0.6768288612365723,0.9787895083427429,0.9787895083427429,0.0,0.5796716213226318,0.7231804728507996,2.1313867568969727,0.9084718823432922
323_P35368_DB00298,323,DB00298,P35368,-0.6301647424697876,0.8468269109725952,-0.892677366733551,0.8452090620994568,-0.3676520586013794,0.8484448194503784,0.696219265460968,0.6630011796951294,0.9726507663726807,0.9726507663726807,0.0,0.6271113753318787,0.7657777667045593,1.9928890466690063,0.9285227656364441
326_P00747_DB00302,326,DB00302,P00747,1.961637020111084,0.6094865202903748,1.4892454147338867,0.7403587102890015,2.4340286254882812,0.47861430048942566,0.8392656445503235,0.7471186518669128,0.7334581613540649,0.7334581613540649,0.0,0.8657174706459045,0.766085684299469,0.9221493601799011,7.958663463592529
328_P03372_DB00304,328,DB00304,P03372,-1.6582920551300049,0.8479536771774292,-1.9771416187286377,0.9533395171165466,-1.339442491531372,0.742567777633667,0.6585552096366882,0.5336034893989563,0.9881981015205383,0.9881981015205383,0.0,0.5761445164680481,0.7583993077278137,2.882810115814209,0.6631349921226501
340_P00915_DB00310,340,DB00310,P00915,-0.9654428958892822,0.9707245826721191,-0.7182962894439697,0.9969051480293274,-1.2125895023345947,0.9445439577102661,0.9799758195877075,0.9835418462753296,0.9766858816146851,0.9766858816146851,0.0,0.9807983040809631,0.9613367915153503,0.30130112171173096,0.5184774398803711
346_P0A3M6_DB00319,346,DB00319,P0A3M6,-0.8908729553222656,0.9353123903274536,-1.0695552825927734,0.9907084703445435,-0.712190568447113,0.8799163103103638,0.9008275866508484,0.8474352955818176,0.9747903943061829,0.9747903943061829,0.0,0.8823368549346924,0.8546333909034729,0.44151121377944946,0.766167163848877
347_Q75Y35_DB00319,347,DB00319,Q75Y35,-0.1497790813446045,0.8133395314216614,-0.324989378452301,0.8765332102775574,0.025431200861930847,0.7501458525657654,0.9265392422676086,0.8977938294410706,0.977295994758606,0.977295994758606,0.0,0.9138500094413757,0.9111779928207397,0.43754926323890686,0.8481637835502625
348_Q7CRA4_DB00319,348,DB00319,Q7CRA4,-0.12876087427139282,0.6785949468612671,-0.12987977266311646,0.6854470372200012,-0.1276419758796692,0.671742856502533,0.883932888507843,0.737464189529419,0.9754695892333984,0.9754695892333984,0.0,0.8610486388206482,0.880796492099762,0.7502607703208923,1.0834590196609497
349_Q8DNB6_DB00319,349,DB00319,Q8DNB6,-0.9508367776870728,0.9074235558509827,-1.270200252532959,0.963894248008728,-0.6314733028411865,0.8509528636932373,0.8863957524299622,0.7930943369865417,0.9804685711860657,0.9804685711860657,0.0,0.8628775477409363,0.8796146512031555,0.7083768844604492,0.8424315452575684
350_P31645_DB00321,350,DB00321,P31645,-1.8461261987686157,0.9814075231552124,-1.725717544555664,0.9925249218940735,-1.9665348529815674,0.9702900648117065,0.9045888781547546,0.9644273519515991,0.9821677803993225,0.9821677803993225,0.0,0.8851941823959351,0.9283955693244934,0.3643598258495331,0.6582702994346619
352_P08913_DB00321,352,DB00321,P08913,-1.5480103492736816,0.9379081726074219,-1.077762484550476,0.9654620289802551,-2.0182583332061768,0.9103543758392334,0.7517477869987488,0.6844865679740906,0.9636411666870117,0.9636411666870117,0.0,0.6987743973731995,0.8276451230049133,1.873398780822754,0.9431284666061401
353_P23975_DB00321,353,DB00321,P23975,-1.6419339179992676,0.9664080142974854,-1.4588595628738403,0.9672361612319946,-1.8250082731246948,0.9655798077583313,0.9073464274406433,0.907069981098175,0.9749486446380615,0.9749486446380615,0.0,0.89044588804245,0.9160597324371338,0.6078882813453674,0.7893157005310059
355_P08908_DB00321,355,DB00321,P08908,-1.1526477336883545,0.8042845726013184,-0.9721259474754333,0.9066239595413208,-1.3331695795059204,0.7019451856613159,0.7961777448654175,0.7891477942466736,0.9752644896507263,0.9752644896507263,0.0,0.7514060139656067,0.8360218405723572,0.8765389323234558,0.8668195009231567
356_P25100_DB00321,356,DB00321,P25100,-1.4012951850891113,0.8433865904808044,-1.245789647102356,0.9309046268463135,-1.5568007230758667,0.7558685541152954,0.6478037238121033,0.664777398109436,0.9258066415786743,0.9258066415786743,0.0,0.5783029198646545,0.6888763308525085,2.1957221031188965,1.4643495082855225
357_P28223_DB00321,357,DB00321,P28223,-2.169907808303833,0.9367889165878296,-1.7631093263626099,0.9715125560760498,-2.5767061710357666,0.9020653367042542,0.821034848690033,0.8366365432739258,0.9855136871337891,0.9855136871337891,0.0,0.7799150347709656,0.8474210500717163,0.8344383239746094,0.48325949907302856
358_P35348_DB00321,358,DB00321,P35348,-1.869645595550537,0.9278199076652527,-1.74564528465271,0.9781232476234436,-1.9936459064483643,0.8775165677070618,0.7740992903709412,0.8684200644493103,0.9694449305534363,0.9694449305534363,0.0,0.7252628207206726,0.8343202471733093,0.7086248993873596,0.8540183305740356
359_P35367_DB00321,359,DB00321,P35367,-3.299929618835449,0.9933452606201172,-3.4787726402282715,0.9999997615814209,-3.121086835861206,0.9866907596588135,0.7072085738182068,0.8001507520675659,0.9890800714492798,0.9890800714492798,0.0,0.6367406249046326,0.7873212695121765,1.1597031354904175,0.4713192582130432
360_P41143_DB00321,360,DB00321,P41143,0.059515997767448425,0.7005857229232788,-0.02177070453763008,0.8277627229690552,0.14080269634723663,0.5734087824821472,0.8537455797195435,0.8791704177856445,0.9703428149223328,0.9703428149223328,0.0,0.8245962858200073,0.8548590540885925,0.7248490452766418,0.9638636112213135
361_P41145_DB00321,361,DB00321,P41145,0.6138335466384888,0.5645415782928467,0.6617431640625,0.736556351184845,0.5659239292144775,0.3925268352031708,0.8427508473396301,0.9099329710006714,0.9674776196479797,0.9674776196479797,0.0,0.811569094657898,0.8244653940200806,0.5333419442176819,0.8931710720062256
365_P25021_DB00321,365,DB00321,P25021,-0.9677579998970032,0.8363494873046875,-0.6524677276611328,0.884385347366333,-1.2830482721328735,0.7883135676383972,0.8658961653709412,0.8560954928398132,0.9854602217674255,0.9854602217674255,0.0,0.8360050916671753,0.9063720703125,0.7742123007774353,0.4981904923915863
366_P28221_DB00321,366,DB00321,P28221,-1.9579882621765137,0.9441176652908325,-2.165253162384033,0.9981416463851929,-1.7507232427597046,0.8900936245918274,0.8180822730064392,0.8422446846961975,0.971725583076477,0.971725583076477,0.0,0.7796713709831238,0.8582693934440613,0.8128370642662048,0.8341699838638306
367_P28222_DB00321,367,DB00321,P28222,-1.9877347946166992,0.9112388491630554,-2.2623252868652344,0.9942575693130493,-1.7131441831588745,0.8282201290130615,0.848736584186554,0.862537682056427,0.9774568676948547,0.9774568676948547,0.0,0.816556453704834,0.8737980127334595,0.6106643080711365,0.5726200342178345
368_P28335_DB00321,368,DB00321,P28335,-2.2169241905212402,0.9339451789855957,-1.9213876724243164,0.9796508550643921,-2.512460947036743,0.8882394433021545,0.7911604046821594,0.7531036138534546,0.9727989435195923,0.9727989435195923,0.0,0.7457507252693176,0.833223283290863,1.3911949396133423,0.693234384059906
369_P34969_DB00321,369,DB00321,P34969,-1.613248348236084,0.8770987391471863,-1.4970237016677856,0.9593074321746826,-1.7294729948043823,0.7948900461196899,0.7988542914390564,0.8535497188568115,0.9654185175895691,0.9654185175895691,0.0,0.7572132349014282,0.8103761672973633,0.7296733260154724,0.725090742111206
370_P35368_DB00321,370,DB00321,P35368,-1.8316580057144165,0.9082727432250977,-1.4600870609283447,0.9490926861763,-2.2032289505004883,0.8674527406692505,0.7076776623725891,0.6967422962188721,0.9830012917518616,0.9830012917518616,0.0,0.638846755027771,0.7660618424415588,1.8472672700881958,0.6550822854042053
372_P50406_DB00321,372,DB00321,P50406,-1.7994182109832764,0.9145877361297607,-1.5624425411224365,0.9727152585983276,-2.036393880844116,0.8564602732658386,0.7724285125732422,0.8709226846694946,0.9778171181678772,0.9778171181678772,0.0,0.7210813760757446,0.8344320058822632,0.8161053657531738,0.5976155400276184
374_Q9H3N8_DB00321,374,DB00321,Q9H3N8,-0.904335618019104,0.7834740877151489,-0.8418656587600708,0.9106005430221558,-0.966805636882782,0.6563476920127869,0.7731567621231079,0.8858019113540649,0.9209864735603333,0.9209864735603333,0.0,0.7361993193626404,0.7556633949279785,0.5968634486198425,1.2048749923706055
375_P08172_DB00321,375,DB00321,P08172,-2.1594159603118896,0.9795917272567749,-1.8447068929672241,0.9972110390663147,-2.4741249084472656,0.9619724154472351,0.7496417760848999,0.7084365487098694,0.9706463813781738,0.9706463813781738,0.0,0.694390594959259,0.8208871483802795,1.6180078983306885,0.739948570728302
376_P08173_DB00321,376,DB00321,P08173,-1.749386191368103,0.967186689376831,-1.3676583766937256,0.993557870388031,-2.1311140060424805,0.9408154487609863,0.7869742512702942,0.7380838394165039,0.9805889129638672,0.9805889129638672,0.0,0.7385705709457397,0.8314065337181091,1.4611855745315552,0.7421838641166687
377_P08909_DB00321,377,DB00321,P08909,-2.16646146774292,0.9312014579772949,-1.7310733795166016,0.9778347015380859,-2.6018495559692383,0.8845682740211487,0.7663618922233582,0.7405442595481873,0.9631292223930359,0.9631292223930359,0.0,0.717170000076294,0.8070439100265503,1.4301756620407104,0.7987839579582214
378_P08912_DB00321,378,DB00321,P08912,-1.6123989820480347,0.9540765285491943,-1.245535135269165,0.9881147146224976,-1.9792628288269043,0.9200383424758911,0.7310568690299988,0.8710425496101379,0.9822605848312378,0.9822605848312378,0.0,0.6682559847831726,0.7950103282928467,0.7755750417709351,0.6091795563697815
379_P11229_DB00321,379,DB00321,P11229,-1.6800954341888428,0.952822208404541,-1.4637985229492188,0.9954850673675537,-1.8963923454284668,0.9101594090461731,0.742941677570343,0.7474406361579895,0.976361870765686,0.976361870765686,0.0,0.6845866441726685,0.7861534357070923,1.3451353311538696,0.7939644455909729
380_P20309_DB00321,380,DB00321,P20309,-1.991104245185852,0.9622435569763184,-1.7330265045166016,0.9984306693077087,-2.2491819858551025,0.926056444644928,0.715406060218811,0.6376866102218628,0.9669362902641296,0.9669362902641296,0.0,0.6525234580039978,0.76658695936203,2.0860755443573,1.152898907661438
385_P9WNL7_DB00330,385,DB00330,P9WNL7,0.8954402208328247,0.5190930366516113,1.0397967100143433,0.4713733494281769,0.7510836720466614,0.5668126940727234,0.9120427966117859,0.9278731346130371,0.8810116648674011,0.8810116648674011,0.0,0.9198006391525269,0.9023505449295044,0.48299869894981384,4.130983829498291
398_P35372_DB00333,398,DB00333,P35372,-0.4081215262413025,0.7178677320480347,-1.145925760269165,0.8610380291938782,0.32968273758888245,0.5746973752975464,0.8114317059516907,0.8544240593910217,0.9430392384529114,0.9430392384529114,0.0,0.7785297632217407,0.8142274618148804,0.9582226872444153,1.770929217338562
399_P41143_DB00333,399,DB00333,P41143,0.4784799814224243,0.6828749179840088,0.19904765486717224,0.8333516120910645,0.7579123377799988,0.5323981642723083,0.8525048494338989,0.8846259117126465,0.9615762233734131,0.9615762233734131,0.0,0.825236976146698,0.8603805303573608,0.6831451654434204,0.8687819242477417
403_P36544_DB00333,403,DB00333,P36544,0.8768647313117981,0.6604362726211548,0.5518327951431274,0.979099690914154,1.2018966674804688,0.3417728841304779,0.7925988435745239,0.7082549929618835,0.8492509126663208,0.8492509126663208,0.0,0.7784357666969299,0.7555043697357178,1.08133864402771,3.095419406890869
404_P43681_DB00333,404,DB00333,P43681,0.5144050121307373,0.6185717582702637,0.13347870111465454,0.9403234720230103,0.8953313231468201,0.2968199849128723,0.6882702708244324,0.6122316718101501,0.7751468420028687,0.7751468420028687,0.0,0.6665511131286621,0.6819336414337158,2.092597723007202,5.977922439575195
405_P08588_DB00335,405,DB00335,P08588,-0.39235323667526245,0.8493887186050415,-1.35826575756073,0.903739333152771,0.5735592842102051,0.7950380444526672,0.7750711441040039,0.8741705417633057,0.9872898459434509,0.9872898459434509,0.0,0.722016453742981,0.8210597038269043,0.7346742153167725,0.6134228110313416
406_P07550_DB00335,406,DB00335,P07550,-0.04487030208110809,0.9267504215240479,-0.5536243915557861,0.9285321235656738,0.46388378739356995,0.9249687194824219,0.8217558860778809,0.839650571346283,0.9772793650627136,0.9772793650627136,0.0,0.7828750610351562,0.8784685730934143,0.9264275431632996,0.6349534392356873
407_P08172_DB00340,407,DB00340,P08172,-2.0901637077331543,0.932633638381958,-2.0980958938598633,0.9731264710426331,-2.082231283187866,0.8921408653259277,0.7471802234649658,0.8363616466522217,0.9797466397285461,0.9797466397285461,0.0,0.6890386343002319,0.8043654561042786,0.8530880808830261,0.5927740931510925
408_P08173_DB00340,408,DB00340,P08173,-1.835606575012207,0.9012321829795837,-2.070507049560547,0.9790616631507874,-1.6007059812545776,0.8234027028083801,0.7849486470222473,0.8059850931167603,0.9876363277435303,0.9876363277435303,0.0,0.7342767119407654,0.8308935761451721,1.0355583429336548,0.5293066501617432
409_P08912_DB00340,409,DB00340,P08912,-1.4960827827453613,0.8633557558059692,-1.898307204246521,0.9691669344902039,-1.0938583612442017,0.7575445771217346,0.7587229609489441,0.7165231108665466,0.9788917899131775,0.9788917899131775,0.0,0.7036807537078857,0.8020923733711243,0.8368921279907227,0.8818745613098145
410_P11229_DB00340,410,DB00340,P11229,-1.9238321781158447,0.8954453468322754,-2.1070175170898438,0.9680642485618591,-1.7406468391418457,0.8228263854980469,0.7464084625244141,0.7927295565605164,0.9797156453132629,0.9797156453132629,0.0,0.688081681728363,0.785279393196106,1.1437550783157349,0.7370061278343201
411_P20309_DB00340,411,DB00340,P20309,-2.1048402786254883,0.9199004173278809,-2.4107871055603027,0.9939078092575073,-1.7988935708999634,0.8458929657936096,0.731121838092804,0.6844133138656616,0.9709597826004028,0.9709597826004028,0.0,0.6711623668670654,0.7865200042724609,1.7307707071304321,1.1400233507156372
412_P35367_DB00341,412,DB00341,P35367,-1.0488245487213135,0.9230468273162842,-1.4581727981567383,0.9697427153587341,-0.6394762396812439,0.8763509392738342,0.7074111700057983,0.8614887595176697,0.9694757461547852,0.9694757461547852,0.0,0.6418949961662292,0.7696384787559509,0.8357104659080505,0.7282763123512268
413_P23975_DB00344,413,DB00344,P23975,-1.7581570148468018,0.9714794754981995,-1.8562978506088257,0.9782170057296753,-1.6600161790847778,0.9647419452667236,0.9124124646186829,0.9074198007583618,0.9751549959182739,0.9751549959182739,0.0,0.8967267870903015,0.9233645796775818,0.6017125844955444,0.8117231130599976
414_P31645_DB00344,414,DB00344,P31645,-1.9220666885375977,0.9808341264724731,-1.9638235569000244,0.9955500364303589,-1.880309820175171,0.9661181569099426,0.8992794156074524,0.9664231538772583,0.9842157363891602,0.9842157363891602,0.0,0.8780452609062195,0.9223029613494873,0.3533058762550354,0.5825038552284241
416_P21728_DB00353,416,DB00353,P21728,-1.477776050567627,0.898449182510376,-1.5372871160507202,0.9246659278869629,-1.4182648658752441,0.8722324967384338,0.7697611451148987,0.8728437423706055,0.989075243473053,0.989075243473053,0.0,0.7149326205253601,0.8255162239074707,0.7574824094772339,0.45150279998779297
418_P35367_DB00354,418,DB00354,P35367,0.10752736032009125,0.8559585809707642,0.010120563209056854,0.8823725581169128,0.20493414998054504,0.8295446634292603,0.7067052125930786,0.6926423907279968,0.9499444365501404,0.9499444365501404,0.0,0.6458953619003296,0.7870111465454102,1.6260594129562378,1.1239393949508667
419_P11229_DB00354,419,DB00354,P11229,0.8591606616973877,0.7250158190727234,1.3149412870407104,0.7904409766197205,0.4033800959587097,0.6595906615257263,0.7366359233856201,0.7312107682228088,0.9385908246040344,0.9385908246040344,0.0,0.6861472129821777,0.7770661115646362,1.433545708656311,1.3419805765151978
421_P05193_DB00355,421,DB00355,P05193,-0.1447293758392334,0.5891551971435547,0.7061701416969299,0.4615236520767212,-0.9956288933753967,0.7167867422103882,0.9561399817466736,0.9537555575370789,0.9687469005584717,0.9687469005584717,0.0,0.9529882073402405,0.9385351538658142,0.3369443416595459,0.5473389625549316
422_Q47066_DB00355,422,DB00355,Q47066,-0.2034214437007904,0.6886246800422668,0.3753700852394104,0.6239849925041199,-0.7822129726409912,0.7532643675804138,0.9539827704429626,0.931342363357544,0.9657059907913208,0.9657059907913208,0.0,0.9510518908500671,0.9237479567527771,0.38738757371902466,0.5401325821876526
424_P21917_DB00363,424,DB00363,P21917,-1.5946331024169922,0.8620535731315613,-1.438826084136963,0.863628625869751,-1.7504401206970215,0.8604785203933716,0.7999265789985657,0.849574863910675,0.9657526612281799,0.9657526612281799,0.0,0.7584700584411621,0.8638480305671692,0.7455049753189087,0.6903518438339233
425_P08908_DB00363,425,DB00363,P08908,-1.451348900794983,0.8820017576217651,-1.3593863248825073,0.9149142503738403,-1.5433114767074585,0.8490892648696899,0.7930967211723328,0.8781090974807739,0.9771009087562561,0.9771009087562561,0.0,0.7470957040786743,0.8416062593460083,0.7297599911689758,0.7729710340499878
426_P14416_DB00363,426,DB00363,P14416,-1.4511137008666992,0.8824734687805176,-1.5496208667755127,0.9648783802986145,-1.3526066541671753,0.8000686168670654,0.756775975227356,0.872246503829956,0.970873236656189,0.970873236656189,0.0,0.7032516598701477,0.7972522377967834,0.7091531753540039,0.749879002571106
427_P28223_DB00363,427,DB00363,P28223,-2.5462470054626465,0.9798794388771057,-2.6353068351745605,0.9986400008201599,-2.4571869373321533,0.9611188769340515,0.8026833534240723,0.8027169704437256,0.9860771894454956,0.9860771894454956,0.0,0.7568349242210388,0.8584880828857422,0.8894861936569214,0.5067849159240723
428_P28335_DB00363,428,DB00363,P28335,-2.8348946571350098,0.9840289950370789,-2.839663505554199,0.9998584985733032,-2.8301260471343994,0.9681994915008545,0.7935181856155396,0.8313098549842834,0.9841024875640869,0.9841024875640869,0.0,0.7458720803260803,0.8489298224449158,0.9383798837661743,0.5310875773429871
429_P35367_DB00363,429,DB00363,P35367,-3.0015034675598145,0.9901973605155945,-3.3021464347839355,0.9999971389770508,-2.7008602619171143,0.9803975820541382,0.7058591246604919,0.7751451730728149,0.9753773808479309,0.9753773808479309,0.0,0.6384795904159546,0.7556653618812561,1.2119005918502808,0.6775723099708557
430_Q9H3N8_DB00363,430,DB00363,Q9H3N8,-0.8898593783378601,0.8992167711257935,-0.6609776020050049,0.946954607963562,-1.1187411546707153,0.8514788746833801,0.7888298630714417,0.9046375751495361,0.9744953513145447,0.9744953513145447,0.0,0.7424134612083435,0.7729068398475647,0.508760392665863,0.6073801517486572
432_P21728_DB00363,432,DB00363,P21728,-1.3963823318481445,0.8865389823913574,-1.0957378149032593,0.9007672071456909,-1.6970268487930298,0.8723106980323792,0.7612717151641846,0.9082018733024597,0.973974883556366,0.973974883556366,0.0,0.708095908164978,0.8220077753067017,0.5688965320587158,0.631709635257721
433_P08172_DB00363,433,DB00363,P08172,-2.532398223876953,0.9981379508972168,-2.1108999252319336,0.9995378255844116,-2.9538967609405518,0.9967380166053772,0.7687904238700867,0.7388919591903687,0.9867246747016907,0.9867246747016907,0.0,0.7143068909645081,0.839723527431488,0.9828380346298218,0.5832144618034363
434_P08173_DB00363,434,DB00363,P08173,-2.417149305343628,0.9962493777275085,-1.9948573112487793,0.9972219467163086,-2.8394412994384766,0.9952768087387085,0.7756864428520203,0.7214277982711792,0.9876407980918884,0.9876407980918884,0.0,0.7226978540420532,0.8359866738319397,1.5263034105300903,0.7180230617523193
435_P08912_DB00363,435,DB00363,P08912,-1.9159114360809326,0.993003249168396,-1.6248210668563843,0.9986361861228943,-2.2070019245147705,0.9873703718185425,0.725479245185852,0.8166126012802124,0.9874313473701477,0.9874313473701477,0.0,0.6599912047386169,0.7907783389091492,1.0443035364151,0.5316183567047119
436_P08913_DB00363,436,DB00363,P08913,-1.9787812232971191,0.9475686550140381,-2.145984649658203,0.9871459007263184,-1.8115777969360352,0.9079914689064026,0.7248571515083313,0.7516322135925293,0.965272068977356,0.965272068977356,0.0,0.6647533774375916,0.7887008786201477,1.4991016387939453,0.9084214568138123
437_P11229_DB00363,437,DB00363,P11229,-2.177121639251709,0.9966295957565308,-1.75816810131073,0.9988338351249695,-2.5960750579833984,0.9944252967834473,0.7419992685317993,0.7338330745697021,0.9879758358001709,0.9879758358001709,0.0,0.680505096912384,0.8031711578369141,1.3846787214279175,0.6040686368942261
438_P18089_DB00363,438,DB00363,P18089,-2.047192335128784,0.9387166500091553,-2.110302448272705,0.9775181412696838,-1.9840822219848633,0.8999151587486267,0.7405014634132385,0.7493279576301575,0.9819526672363281,0.9819526672363281,0.0,0.6801386475563049,0.8111602663993835,1.449643611907959,0.5859050154685974
439_P18825_DB00363,439,DB00363,P18825,-2.361298084259033,0.9593559503555298,-2.1823983192443848,0.967681884765625,-2.5401978492736816,0.9510299563407898,0.7547280192375183,0.8229755163192749,0.9784195423126221,0.9784195423126221,0.0,0.6988050937652588,0.8317738175392151,0.8519331216812134,0.5925347805023193
440_P20309_DB00363,440,DB00363,P20309,-2.1320347785949707,0.9950175285339355,-2.056042194366455,0.998593270778656,-2.2080273628234863,0.9914417862892151,0.711669385433197,0.6973040103912354,0.9904255867004395,0.9904255867004395,0.0,0.6419802904129028,0.7831627130508423,1.679213523864746,0.5092981457710266
441_P28221_DB00363,441,DB00363,P28221,-1.9905792474746704,0.9643677473068237,-1.862593173980713,0.9808175563812256,-2.118565320968628,0.9479178786277771,0.8177971243858337,0.8194335699081421,0.9592309594154358,0.9592309594154358,0.0,0.7824386358261108,0.8602294325828552,0.7663988471031189,0.9272814393043518
442_P28222_DB00363,442,DB00363,P28222,-1.607576608657837,0.9237869381904602,-1.5836700201034546,0.9392221570014954,-1.6314830780029297,0.908351719379425,0.8452865481376648,0.8611719608306885,0.976325273513794,0.976325273513794,0.0,0.8125268816947937,0.8623469471931458,0.6086599230766296,0.5817703008651733
443_P28566_DB00363,443,DB00363,P28566,-2.256697654724121,0.962550163269043,-2.443019390106201,0.9996893405914307,-2.070375680923462,0.9254110455513,0.8407249450683594,0.8656071424484253,0.9628803730010986,0.9628803730010986,0.0,0.8101861476898193,0.900560736656189,0.7664890289306641,0.7632362246513367
444_P34969_DB00363,444,DB00363,P34969,-2.2147419452667236,0.9433102011680603,-2.140733242034912,0.9916143417358398,-2.288750648498535,0.8950060606002808,0.7817069292068481,0.8010256886482239,0.9626742005348206,0.9626742005348206,0.0,0.7364650964736938,0.772626519203186,0.9533584713935852,0.8331728577613831
445_P35348_DB00363,445,DB00363,P35348,-2.3048367500305176,0.9547451734542847,-2.618351459503174,0.998444139957428,-1.9913218021392822,0.9110462665557861,0.7640191316604614,0.8494207262992859,0.9769376516342163,0.9769376516342163,0.0,0.7107894420623779,0.8269129991531372,0.7688040137290955,0.8150436282157898
446_P35368_DB00363,446,DB00363,P35368,-2.3878397941589355,0.9589639902114868,-2.705470561981201,0.9991160035133362,-2.07020902633667,0.9188119769096375,0.7106255888938904,0.8890077471733093,0.9842299818992615,0.9842299818992615,0.0,0.6422244906425476,0.7813870906829834,0.700809895992279,0.5992525219917297
447_P35462_DB00363,447,DB00363,P35462,-1.773261308670044,0.9261119365692139,-1.1053082942962646,0.9206605553627014,-2.4412143230438232,0.9315633773803711,0.8961877822875977,0.8601356744766235,0.9807091951370239,0.9807091951370239,0.0,0.8750573992729187,0.9009366035461426,0.5021199584007263,0.5078431963920593
449_P50406_DB00363,449,DB00363,P50406,-2.1672515869140625,0.9576061964035034,-1.9924802780151367,0.9783899784088135,-2.3420228958129883,0.9368223547935486,0.7542862892150879,0.8247299194335938,0.9845879077911377,0.9845879077911377,0.0,0.6967108845710754,0.8376806378364563,1.0821439027786255,0.5498276948928833
454_P21918_DB00363,454,DB00363,P21918,-1.4068553447723389,0.8540863990783691,-1.0193538665771484,0.888096809387207,-1.7943567037582397,0.820076048374176,0.7571986317634583,0.9155496954917908,0.9740292429924011,0.9740292429924011,0.0,0.7029909491539001,0.8162814974784851,0.5352766513824463,0.6790945529937744
463_P00439_DB00368,463,DB00368,P00439,1.6792423725128174,0.5000779032707214,1.6150128841400146,0.5639882683753967,1.7434718608856201,0.43616750836372375,0.8431236147880554,0.9001765847206116,0.8906174302101135,0.8906174302101135,0.0,0.8312501311302185,0.7741532325744629,0.65682053565979,2.86498761177063
464_P07550_DB00368,464,DB00368,P07550,-0.7432528734207153,0.9530594944953918,-1.018465518951416,0.9666661620140076,-0.4680402874946594,0.9394528269767761,0.8197404146194458,0.7916567325592041,0.9793213605880737,0.9793213605880737,0.0,0.7798451781272888,0.867791473865509,1.268372893333435,0.8581244349479675
465_P08588_DB00368,465,DB00368,P08588,-0.468791663646698,0.911091685295105,-0.5353533029556274,0.909888744354248,-0.40223002433776855,0.9122945666313171,0.7682957053184509,0.9068993926048279,0.9903947710990906,0.9903947710990906,0.0,0.7127708792686462,0.8216347694396973,0.5144222378730774,0.48188337683677673
466_P08913_DB00368,466,DB00368,P08913,-0.7245299816131592,0.9584423303604126,-0.6403698921203613,0.9543889164924622,-0.8086900115013123,0.9624956846237183,0.7240027189254761,0.6672043204307556,0.9819307327270508,0.9819307327270508,0.0,0.65952068567276,0.7741308808326721,1.976409912109375,0.7364678978919983
467_P13945_DB00368,467,DB00368,P13945,-1.0589041709899902,0.928412675857544,-1.4142866134643555,0.9383525252342224,-0.7035218477249146,0.9184728264808655,0.7977085709571838,0.7827500700950623,0.9884142279624939,0.9884142279624939,0.0,0.7500321269035339,0.8519427180290222,1.3088804483413696,0.7973809838294983
468_P18089_DB00368,468,DB00368,P18089,-0.8078442215919495,0.9535567760467529,-0.6618196964263916,0.9557384252548218,-0.9538687467575073,0.9513750672340393,0.7364597916603088,0.7921009659767151,0.9887388348579407,0.9887388348579407,0.0,0.6733900308609009,0.7960593700408936,1.4388500452041626,0.46563878655433655
469_P18825_DB00368,469,DB00368,P18825,-0.7614336013793945,0.9397438764572144,-0.3549988865852356,0.9191867709159851,-1.1678683757781982,0.9603009223937988,0.7746978998184204,0.8546544313430786,0.992412805557251,0.992412805557251,0.0,0.7202691435813904,0.8247808218002319,0.7637113332748413,0.40205466747283936
470_P25100_DB00368,470,DB00368,P25100,-1.051174521446228,0.949173092842102,-1.1294578313827515,0.9822891354560852,-0.9728911519050598,0.9160571098327637,0.6768704652786255,0.7935983538627625,0.9914164543151855,0.9914164543151855,0.0,0.5982339382171631,0.7321738004684448,1.404481291770935,0.511012077331543
471_P35348_DB00368,471,DB00368,P35348,-1.2624448537826538,0.9706665277481079,-1.6721999645233154,0.988059937953949,-0.8526897430419922,0.9532731175422668,0.7554890513420105,0.8083776235580444,0.988640308380127,0.988640308380127,0.0,0.6972011923789978,0.8109781742095947,0.9706364870071411,0.6162009239196777
472_P35368_DB00368,472,DB00368,P35368,-1.2879533767700195,0.9738243818283081,-1.4028356075286865,0.9904430508613586,-1.173071026802063,0.9572057127952576,0.7228483557701111,0.9026681780815125,0.9942074418067932,0.9942074418067932,0.0,0.6550086140632629,0.7815729975700378,0.5560198426246643,0.3769657015800476
473_P54219_DB00368,473,DB00368,P54219,0.7829176187515259,0.543222188949585,0.05153018236160278,0.7034602761268616,1.5143049955368042,0.3829841613769531,0.7753799557685852,0.7303472757339478,0.9193094968795776,0.9193094968795776,0.0,0.7393975257873535,0.7624577283859253,1.1649285554885864,1.6817315816879272
476_P28223_DB00370,476,DB00370,P28223,-1.8330113887786865,0.9873054027557373,-1.5691896677017212,0.980376124382019,-2.0968332290649414,0.9942346215248108,0.823662281036377,0.8872902393341064,0.994346022605896,0.994346022605896,0.0,0.7809913158416748,0.8802005052566528,0.49253833293914795,0.3507530391216278
477_P08913_DB00370,477,DB00370,P08913,-1.1969265937805176,0.9815242886543274,-1.1603751182556152,0.9955358505249023,-1.2334779500961304,0.9675127267837524,0.7300054430961609,0.68507319688797,0.9884955286979675,0.9884955286979675,0.0,0.6653828620910645,0.8078214526176453,1.8539917469024658,0.6089856028556824
478_P28335_DB00370,478,DB00370,P28335,-1.9516019821166992,0.966301441192627,-2.2791266441345215,0.9949178695678711,-1.6240774393081665,0.9376850128173828,0.7833353281021118,0.8588477969169617,0.9924472570419312,0.9924472570419312,0.0,0.7310572862625122,0.8533952236175537,0.779617190361023,0.41247618198394775
480_P35367_DB00370,480,DB00370,P35367,-2.7474236488342285,0.9996688365936279,-2.296567916870117,0.9999830722808838,-3.19827938079834,0.9993545413017273,0.7109755873680115,0.7170754075050354,0.9920496940612793,0.9920496940612793,0.0,0.6407070755958557,0.7926793694496155,1.500783085823059,0.4926376938819885
481_P41145_DB00370,481,DB00370,P41145,-0.6324999332427979,0.8962506055831909,-0.6765133142471313,0.9262143969535828,-0.5884866118431091,0.8662868142127991,0.8134323954582214,0.8896386623382568,0.9769612550735474,0.9769612550735474,0.0,0.7725502252578735,0.814659595489502,0.7475592494010925,1.1454936265945435
482_P25100_DB00370,482,DB00370,P25100,-0.8749865293502808,0.840577244758606,-0.6936641335487366,0.8903449177742004,-1.0563089847564697,0.7908095717430115,0.6613389253616333,0.63289475440979,0.9849883317947388,0.9849883317947388,0.0,0.5804265737533569,0.7452003955841064,2.4282779693603516,0.7664034962654114
483_P35348_DB00370,483,DB00370,P35348,-0.8934469819068909,0.9330134391784668,-0.6753309965133667,0.9572734236717224,-1.111562967300415,0.908753514289856,0.7540621757507324,0.7048113942146301,0.9851809740066528,0.9851809740066528,0.0,0.6962825059890747,0.8309224843978882,1.5105947256088257,0.7834851741790771
484_P35368_DB00370,484,DB00370,P35368,-0.7585902810096741,0.9126206040382385,-0.6891318559646606,0.9476858377456665,-0.8280487060546875,0.8775553703308105,0.7158340811729431,0.8093212842941284,0.985487163066864,0.985487163066864,0.0,0.6484207510948181,0.7890322804450989,1.154689073562622,0.6412866711616516
485_P08588_DB00373,485,DB00373,P08588,-2.2958109378814697,0.975011944770813,-2.656783103942871,0.9870682954788208,-1.9348386526107788,0.9629555344581604,0.7580233812332153,0.7682597041130066,0.9867522716522217,0.9867522716522217,0.0,0.7008411288261414,0.8276214003562927,1.3796178102493286,0.6785497665405273
486_P07550_DB00373,486,DB00373,P07550,-3.063675880432129,0.9957901835441589,-3.3153319358825684,0.9999314546585083,-2.8120200634002686,0.9916489124298096,0.802266538143158,0.8466026782989502,0.985492467880249,0.985492467880249,0.0,0.7564600706100464,0.8789946436882019,0.9048174023628235,0.5959979295730591
488_P11229_DB00376,488,DB00376,P11229,-0.9204266667366028,0.8568069934844971,-0.7167079448699951,0.8624961972236633,-1.1241453886032104,0.8511178493499756,0.7426063418388367,0.7950194478034973,0.9867261648178101,0.9867261648178101,0.0,0.6815763711929321,0.8010105490684509,1.1504058837890625,0.6955512166023254
489_P08172_DB00376,489,DB00376,P08172,-0.7855453491210938,0.8454645872116089,-0.5314012765884399,0.8322616219520569,-1.0396894216537476,0.8586676120758057,0.7455782890319824,0.7176420092582703,0.980259895324707,0.980259895324707,0.0,0.6869078874588013,0.8244268894195557,1.4653109312057495,0.645134449005127
490_P08173_DB00376,490,DB00376,P08173,-0.7767853736877441,0.8489007949829102,-0.83073890209198,0.8998594880104065,-0.7228319048881531,0.797942042350769,0.7793886065483093,0.698880136013031,0.9854373335838318,0.9854373335838318,0.0,0.7278763651847839,0.8407860994338989,1.7452441453933716,0.7898299098014832
491_P08912_DB00376,491,DB00376,P08912,-0.7102823853492737,0.7899556756019592,-1.0115790367126465,0.8529667258262634,-0.4089857339859009,0.726944625377655,0.7195338606834412,0.6834195852279663,0.9803233742713928,0.9803233742713928,0.0,0.6543364524841309,0.7930957078933716,1.9281471967697144,0.8446694016456604
492_P20309_DB00376,492,DB00376,P20309,-1.090011477470398,0.8653439283370972,-1.0851918458938599,0.8928008675575256,-1.094831109046936,0.8378869295120239,0.713788628578186,0.6346057653427124,0.981650710105896,0.981650710105896,0.0,0.6468230485916138,0.7891256213188171,2.111286163330078,1.0841269493103027
494_Q00975_DB00381,494,DB00381,Q00975,0.21573004126548767,0.6058670282363892,0.017681647092103958,0.7494592070579529,0.4137784242630005,0.4622748792171478,0.6484127640724182,0.6274315118789673,0.8230805397033691,0.8230805397033691,0.0,0.6047458052635193,0.6105490922927856,2.8636913299560547,5.274875640869141
496_Q13936_DB00381,496,DB00381,Q13936,0.27202844619750977,0.6201159954071045,0.44845759868621826,0.7622650265693665,0.09559926390647888,0.47796690464019775,0.6744566559791565,0.7105445265769958,0.9088559746742249,0.9088559746742249,0.0,0.6158568263053894,0.6285614371299744,2.1512832641601562,3.1557869911193848
500_P11229_DB00383,500,DB00383,P11229,-1.6442723274230957,0.8781865835189819,-1.7287428379058838,0.8964782357215881,-1.5598018169403076,0.8598949313163757,0.7346943020820618,0.7331113815307617,0.9749659299850464,0.9749659299850464,0.0,0.674626350402832,0.801969587802887,1.4438047409057617,0.8528038263320923
501_P08172_DB00383,501,DB00383,P08172,-1.209395170211792,0.7598415613174438,-1.2190524339675903,0.7929724454879761,-1.1997380256652832,0.7267106771469116,0.7350637316703796,0.7667869329452515,0.9634777903556824,0.9634777903556824,0.0,0.677960216999054,0.8037684559822083,1.2813884019851685,0.7973201870918274
502_P20309_DB00383,502,DB00383,P20309,-0.8642138838768005,0.7580627799034119,-1.1328495740890503,0.8233529329299927,-0.5955781936645508,0.692772626876831,0.7069586515426636,0.649505078792572,0.9797070622444153,0.9797070622444153,0.0,0.6387715339660645,0.7926323413848877,2.0022997856140137,0.8894054889678955
503_P37088_DB00384,503,DB00384,P37088,1.6052906513214111,0.5309738516807556,1.4753226041793823,0.645919680595398,1.7352585792541504,0.4160279929637909,0.774310290813446,0.6571910977363586,0.9309235215187073,0.9309235215187073,0.0,0.7351569533348083,0.7828284502029419,1.6690189838409424,2.1810107231140137
505_P51170_DB00384,505,DB00384,P51170,1.5013456344604492,0.5548377633094788,1.084473729133606,0.7174625992774963,1.918217420578003,0.3922129273414612,0.8012148141860962,0.7323657870292664,0.903093159198761,0.903093159198761,0.0,0.775745153427124,0.6480746865272522,1.2193577289581299,3.2345130443573
508_P11229_DB00387,508,DB00387,P11229,-0.9670308828353882,0.841878354549408,-1.3297595977783203,0.8768582940101624,-0.604302167892456,0.8068984150886536,0.7485231757164001,0.7817540764808655,0.9868844151496887,0.9868844151496887,0.0,0.6889328956604004,0.7999267578125,1.157394528388977,0.5367587804794312
509_P08172_DB00387,509,DB00387,P08172,-0.5568568110466003,0.8261182308197021,-0.9519315958023071,0.880149245262146,-0.16178198158740997,0.7720872163772583,0.7619857788085938,0.7399157285690308,0.9718269109725952,0.9718269109725952,0.0,0.7095255255699158,0.8204898238182068,1.024714708328247,0.6721143126487732
510_P08173_DB00387,510,DB00387,P08173,-0.9462376832962036,0.8554039001464844,-1.5754449367523193,0.9151058793067932,-0.31703048944473267,0.7957019805908203,0.7762951254844666,0.806007444858551,0.9875386357307434,0.9875386357307434,0.0,0.723484218120575,0.8371491432189941,1.080135703086853,0.8227517604827881
511_P20309_DB00387,511,DB00387,P20309,-1.452608585357666,0.9177906513214111,-1.8188517093658447,0.9588631987571716,-1.0863653421401978,0.8767181038856506,0.7283447980880737,0.6386563181877136,0.9773493409156799,0.9773493409156799,0.0,0.666093647480011,0.8018555641174316,2.0241918563842773,0.9660695195198059
512_P35348_DB00388,512,DB00388,P35348,-0.6347109079360962,0.9826619625091553,-0.6088454723358154,0.9844802021980286,-0.660576343536377,0.980843722820282,0.7483683824539185,0.7005884647369385,0.9869257807731628,0.9869257807731628,0.0,0.6887289881706238,0.8128678798675537,1.5185894966125488,0.706756055355072
513_P35368_DB00388,513,DB00388,P35368,-0.5160520076751709,0.9900205731391907,-0.33927157521247864,0.9969924688339233,-0.6928324699401855,0.983048677444458,0.7153957486152649,0.8129380345344543,0.9919485449790955,0.9919485449790955,0.0,0.6462575197219849,0.7758094072341919,1.221394419670105,0.4254697859287262
514_P25100_DB00388,514,DB00388,P25100,-0.44085654616355896,0.9725172519683838,-0.2624914050102234,0.9802179336547852,-0.6192216873168945,0.9648166298866272,0.671063244342804,0.7333213090896606,0.9917728900909424,0.9917728900909424,0.0,0.5908858180046082,0.7327637672424316,1.8792153596878052,0.5462977886199951
516_Q8TCU5_DB00392,516,DB00392,Q8TCU5,0.8338934779167175,0.5298109650611877,0.6446274518966675,0.7093353867530823,1.0231595039367676,0.3502865731716156,0.6628877520561218,0.4167732894420624,0.6122561693191528,0.6122561693191528,0.0,0.6755456924438477,0.5727401375770569,1.9105716943740845,11.479093551635742
517_P11229_DB00392,517,DB00392,P11229,-0.8336580395698547,0.7634212374687195,-0.7084744572639465,0.7916998863220215,-0.9588416218757629,0.7351425886154175,0.7467150688171387,0.7258498668670654,0.9797860980033875,0.9797860980033875,0.0,0.6884472966194153,0.7931642532348633,1.5016347169876099,0.7781504988670349
518_P08172_DB00392,518,DB00392,P08172,-0.9664492607116699,0.732187032699585,-0.9851439595222473,0.7264367938041687,-0.9477546215057373,0.7379372119903564,0.7530478835105896,0.7226669192314148,0.9729539155960083,0.9729539155960083,0.0,0.6980713605880737,0.8154348134994507,1.552892804145813,0.7130221128463745
524_P14324_DB00399,524,DB00399,P14324,0.8364415168762207,0.5122280120849609,0.8899036049842834,0.5493114590644836,0.782979428768158,0.47514450550079346,0.8268406987190247,0.861940324306488,0.8937712907791138,0.8937712907791138,0.0,0.8101080060005188,0.6493924260139465,0.7634865045547485,3.281508684158325
525_O95749_DB00399,525,DB00399,O95749,1.5990339517593384,0.5088542699813843,1.4494104385375977,0.5760552883148193,1.748657464981079,0.44165319204330444,0.9227380156517029,0.9471567869186401,0.9390621781349182,0.9390621781349182,0.0,0.9186569452285767,0.8004341125488281,0.37664514780044556,1.0188627243041992
527_Q01668_DB00401,527,DB00401,Q01668,1.1213116645812988,0.519504964351654,0.7799680829048157,0.7240590453147888,1.4626551866531372,0.3149508833885193,0.6848114132881165,0.7062246203422546,0.7851426601409912,0.7851426601409912,0.0,0.6597285866737366,0.627491295337677,2.231210708618164,6.0908098220825195
529_Q13698_DB00401,529,DB00401,Q13698,0.5099525451660156,0.601978063583374,0.19927038252353668,0.6585519313812256,0.8206347227096558,0.5454042553901672,0.7478992938995361,0.773448646068573,0.8958660960197449,0.8958660960197449,0.0,0.7109075784683228,0.6835004091262817,1.5660375356674194,3.137770414352417
530_Q13936_DB00401,530,DB00401,Q13936,0.4047810733318329,0.5979759097099304,-0.24838070571422577,0.7362517714500427,1.0579428672790527,0.4597000181674957,0.6716302037239075,0.6973304748535156,0.830316424369812,0.830316424369812,0.0,0.6319586634635925,0.5983292460441589,2.239398956298828,5.132843971252441
531_P32238_DB00403,531,DB00403,P32238,-1.7631657123565674,0.7623226642608643,-1.6590032577514648,0.844576895236969,-1.8673282861709595,0.6800683736801147,0.7661980986595154,0.8016248941421509,0.9126641154289246,0.9126641154289246,0.0,0.7295815348625183,0.6965687274932861,1.057177186012268,1.4761968851089478
532_P35367_DB00405,532,DB00405,P35367,-1.7227296829223633,0.9197885990142822,-2.144362449645996,0.9973077774047852,-1.3010969161987305,0.8422694802284241,0.7134249806404114,0.7070231437683105,0.9791070222854614,0.9791070222854614,0.0,0.6470044851303101,0.791300356388092,1.635672926902771,0.6265155673027039
533_P14416_DB00408,533,DB00408,P14416,-1.3910157680511475,0.873022735118866,-1.7070848941802979,0.9355699419975281,-1.0749467611312866,0.8104755282402039,0.7636642456054688,0.757768988609314,0.9816693067550659,0.9816693067550659,0.0,0.7091630101203918,0.8090571761131287,1.1648515462875366,0.5994614958763123
534_P21728_DB00408,534,DB00408,P21728,-1.1401426792144775,0.8523916006088257,-1.486820101737976,0.891713559627533,-0.7934651970863342,0.8130695819854736,0.7800065875053406,0.9226412177085876,0.985510528087616,0.985510528087616,0.0,0.7286306023597717,0.8389880061149597,0.5059177875518799,0.47309571504592896
535_P28223_DB00408,535,DB00408,P28223,-2.6144702434539795,0.9651226997375488,-3.071554660797119,0.9995160102844238,-2.15738582611084,0.9307294487953186,0.818419873714447,0.8621010184288025,0.9915695786476135,0.9915695786476135,0.0,0.775132417678833,0.8730853796005249,0.5894086360931396,0.3856993317604065
536_P28335_DB00408,536,DB00408,P28335,-2.4726405143737793,0.957581639289856,-3.010427951812744,0.9994165897369385,-1.934852957725525,0.9157466292381287,0.789381206035614,0.8129871487617493,0.9850066900253296,0.9850066900253296,0.0,0.7404748797416687,0.8584864139556885,1.0341461896896362,0.5106544494628906
537_P08172_DB00408,537,DB00408,P08172,-0.5937604904174805,0.8827202320098877,-0.622593879699707,0.8737181425094604,-0.5649270415306091,0.8917223811149597,0.7563604712486267,0.829818844795227,0.9781158566474915,0.9781158566474915,0.0,0.7009216547012329,0.8221240639686584,0.9951857924461365,0.6995826363563538
538_P08173_DB00408,538,DB00408,P08173,-0.30551469326019287,0.8320604562759399,-0.409474641084671,0.8442155718803406,-0.20155474543571472,0.8199053406715393,0.8075227737426758,0.8326932191848755,0.9925851225852966,0.9925851225852966,0.0,0.7612571716308594,0.8636096715927124,0.7938977479934692,0.6819810271263123
539_P08588_DB00408,539,DB00408,P08588,-1.904449462890625,0.8885235786437988,-1.976040244102478,0.8867258429527283,-1.832858681678772,0.8903213739395142,0.7623821496963501,0.8136096000671387,0.9737898111343384,0.9737898111343384,0.0,0.709530234336853,0.7684429287910461,1.0228153467178345,0.8056706190109253
540_P08908_DB00408,540,DB00408,P08908,-1.3455220460891724,0.8963599801063538,-1.3567907810211182,0.909106969833374,-1.3342533111572266,0.8836129903793335,0.8124470114707947,0.8099082708358765,0.9831380248069763,0.9831380248069763,0.0,0.7697741985321045,0.8495354056358337,0.837306797504425,0.8617469072341919
541_P08912_DB00408,541,DB00408,P08912,-0.7471926212310791,0.8866713047027588,-0.9450823068618774,0.9158992767333984,-0.549302875995636,0.8574433326721191,0.731623113155365,0.7130159735679626,0.9870049357414246,0.9870049357414246,0.0,0.6677776575088501,0.8087424039840698,1.7511112689971924,0.8641132116317749
542_P08913_DB00408,542,DB00408,P08913,-1.804957389831543,0.9185616970062256,-1.9691778421401978,0.9377742409706116,-1.6407369375228882,0.8993492126464844,0.7316460013389587,0.6835808753967285,0.9591341018676758,0.9591341018676758,0.0,0.6747739315032959,0.8088907599449158,1.8651227951049805,0.9676612615585327
543_P11229_DB00408,543,DB00408,P11229,-1.0024633407592773,0.8983110189437866,-0.9831527471542358,0.8892013430595398,-1.0217739343643188,0.9074206948280334,0.7376708388328552,0.7130695581436157,0.9867030382156372,0.9867030382156372,0.0,0.6754127740859985,0.7973200082778931,1.5079243183135986,0.8056409955024719
544_P18089_DB00408,544,DB00408,P18089,-1.4921876192092896,0.8775696754455566,-1.735464096069336,0.9156948328018188,-1.2489111423492432,0.8394445776939392,0.7359495162963867,0.7418251633644104,0.970495879650116,0.970495879650116,0.0,0.6773129105567932,0.7951021790504456,1.571714997291565,0.7296866774559021
545_P18825_DB00408,545,DB00408,P18825,-2.0696208477020264,0.9162220358848572,-2.001955509185791,0.9169803857803345,-2.1372861862182617,0.9154636859893799,0.7638368010520935,0.7708612084388733,0.979763388633728,0.979763388633728,0.0,0.7098550796508789,0.8357759118080139,1.057952642440796,0.5617375373840332
546_P20309_DB00408,546,DB00408,P20309,-0.559680163860321,0.8799036741256714,-0.5965515971183777,0.8976937532424927,-0.5228087306022644,0.8621135354042053,0.711163341999054,0.6602098345756531,0.9849768280982971,0.9849768280982971,0.0,0.6427099704742432,0.7799787521362305,1.9803467988967896,1.1198914051055908
547_P21917_DB00408,547,DB00408,P21917,-1.288813591003418,0.8130014538764954,-1.5426208972930908,0.8325438499450684,-1.0350061655044556,0.7934590578079224,0.7843881249427795,0.7548972964286804,0.9656365513801575,0.9656365513801575,0.0,0.7390760183334351,0.8142607808113098,1.087881326675415,0.714252769947052
548_P21918_DB00408,548,DB00408,P21918,-1.719221830368042,0.8625462055206299,-1.8756822347640991,0.9191915392875671,-1.5627615451812744,0.8059009313583374,0.7421568036079407,0.7977220416069031,0.9725114107131958,0.9725114107131958,0.0,0.6845681667327881,0.8063023090362549,1.0350666046142578,0.8110758662223816
549_P23975_DB00408,549,DB00408,P23975,-1.2462964057922363,0.9323618412017822,-1.3826178312301636,0.9343318343162537,-1.109974980354309,0.930391788482666,0.8880974650382996,0.9101213216781616,0.9882785081863403,0.9882785081863403,0.0,0.8630521893501282,0.9041556119918823,0.5914657711982727,0.5688547492027283
550_P25021_DB00408,550,DB00408,P25021,-0.956851601600647,0.7240390181541443,-1.0023881196975708,0.7409531474113464,-0.9113150238990784,0.7071248888969421,0.8599988222122192,0.8877612948417664,0.9799830317497253,0.9799830317497253,0.0,0.8300027251243591,0.8866509199142456,0.5993310213088989,0.5529212951660156
551_P28221_DB00408,551,DB00408,P28221,-1.889157772064209,0.9677610397338867,-1.9567278623580933,0.9834250807762146,-1.8215878009796143,0.9520970582962036,0.8241372108459473,0.8046249151229858,0.9732837677001953,0.9732837677001953,0.0,0.7868505716323853,0.8816680908203125,0.8528409600257874,0.8216538429260254
552_P28222_DB00408,552,DB00408,P28222,-1.0299044847488403,0.9029022455215454,-1.1854139566421509,0.9060684442520142,-0.874394953250885,0.8997360467910767,0.8599194884300232,0.876593291759491,0.9828669428825378,0.9828669428825378,0.0,0.8291825652122498,0.8904455304145813,0.5162983536720276,0.5144796371459961
553_P28566_DB00408,553,DB00408,P28566,-1.4550992250442505,0.9173578023910522,-1.6282098293304443,0.9523067474365234,-1.2819886207580566,0.8824089169502258,0.8262500762939453,0.8697429299354553,0.9597782492637634,0.9597782492637634,0.0,0.7928680777549744,0.8768731951713562,0.7210246920585632,0.7727699279785156
554_P31645_DB00408,554,DB00408,P31645,-0.6429001688957214,0.8347364664077759,-0.5865955948829651,0.7958895564079285,-0.6992047429084778,0.8735833764076233,0.8956734538078308,0.9575814008712769,0.977631688117981,0.977631688117981,0.0,0.8751839399337769,0.9167156219482422,0.3952644467353821,0.7052489519119263
555_P34969_DB00408,555,DB00408,P34969,-1.2641551494598389,0.8339183330535889,-1.197398066520691,0.8174841403961182,-1.3309122323989868,0.8503525257110596,0.8143152594566345,0.7894993424415588,0.9698683023452759,0.9698683023452759,0.0,0.775426983833313,0.8307878971099854,0.9665011167526245,0.7217137217521667
556_P35348_DB00408,556,DB00408,P35348,-1.958664894104004,0.9385746717453003,-2.337411880493164,0.9765838384628296,-1.5799179077148438,0.9005654454231262,0.7525793313980103,0.754535436630249,0.9810737371444702,0.9810737371444702,0.0,0.6954556703567505,0.8042441010475159,1.1686400175094604,0.7496431469917297
557_P35367_DB00408,557,DB00408,P35367,-2.789247512817383,0.9925195574760437,-2.8927078247070312,0.9998904466629028,-2.6857872009277344,0.9851486682891846,0.7262699007987976,0.7823324799537659,0.989800751209259,0.989800751209259,0.0,0.6603872179985046,0.8105390667915344,1.1199438571929932,0.47506967186927795
558_P35368_DB00408,558,DB00408,P35368,-1.5858614444732666,0.9163748025894165,-1.8154913187026978,0.9560523629188538,-1.356231689453125,0.876697301864624,0.6958834528923035,0.6390179395675659,0.9577519297599792,0.9577519297599792,0.0,0.6304162740707397,0.7589805126190186,2.1370904445648193,1.0878077745437622
559_P35462_DB00408,559,DB00408,P35462,-1.4000754356384277,0.8665133714675903,-1.6284372806549072,0.9141931533813477,-1.1717137098312378,0.818833589553833,0.9105319380760193,0.8797735571861267,0.9904772639274597,0.9904772639274597,0.0,0.8905455470085144,0.9310680627822876,0.44160982966423035,0.39481979608535767
562_P50406_DB00408,562,DB00408,P50406,-1.8396652936935425,0.9244067668914795,-1.830744981765747,0.9378930926322937,-1.848585605621338,0.9109204411506653,0.787202775478363,0.8354139924049377,0.9765164256095886,0.9765164256095886,0.0,0.7398743629455566,0.8352165818214417,0.9714474081993103,0.6292920708656311
563_Q01959_DB00408,563,DB00408,Q01959,-1.0687108039855957,0.8736451864242554,-1.1267038583755493,0.851096510887146,-1.0107176303863525,0.8961939215660095,0.8611621856689453,0.878730058670044,0.9505040049552917,0.9505040049552917,0.0,0.8388267755508423,0.8749840259552002,0.7331611514091492,1.1150424480438232
564_Q9H3N8_DB00408,564,DB00408,Q9H3N8,-0.5006535053253174,0.7951122522354126,-0.5604504942893982,0.8137743473052979,-0.44085654616355896,0.7764500975608826,0.7841598391532898,0.8716714978218079,0.9596553444862366,0.9596553444862366,0.0,0.7402859330177307,0.7594112753868103,0.6466677784919739,0.7134819030761719
565_P11229_DB00411,565,DB00411,P11229,0.0030244141817092896,0.9132103323936462,0.3120304346084595,0.8497631549835205,-0.3059816062450409,0.976657509803772,0.7495267987251282,0.9375494718551636,0.967755138874054,0.967755138874054,0.0,0.6949697136878967,0.7615981698036194,0.43620774149894714,0.7445658445358276
566_P08172_DB00411,566,DB00411,P08172,-0.9386072158813477,0.9892683029174805,-0.2608369290828705,0.9846535325050354,-1.6163774728775024,0.9938830137252808,0.7497276663780212,0.6910640001296997,0.9695495963096619,0.9695495963096619,0.0,0.6947721838951111,0.7927324175834656,1.8571584224700928,0.7497537136077881
568_P08173_DB00411,568,DB00411,P08173,-0.16570426523685455,0.9588761329650879,-0.16691559553146362,0.9359961152076721,-0.16449293494224548,0.9817560911178589,0.7833176255226135,0.7059518098831177,0.9718656539916992,0.9718656539916992,0.0,0.7361806035041809,0.8018506169319153,1.6272714138031006,0.8887645602226257
569_P20309_DB00411,569,DB00411,P20309,-0.31182777881622314,0.9646589756011963,0.4310510456562042,0.9402961134910583,-1.0547065734863281,0.989021897315979,0.7371929883956909,0.8052394390106201,0.9706919193267822,0.9706919193267822,0.0,0.6788182258605957,0.759581983089447,0.9885534048080444,0.8784381747245789
579_P04150_DB00421,579,DB00421,P04150,-1.0654537677764893,0.8144437074661255,-0.8963769674301147,0.8592774271965027,-1.2345305681228638,0.7696099281311035,0.6070597767829895,0.4567874073982239,0.9848620295524597,0.9848620295524597,0.0,0.5126091837882996,0.7048631906509399,4.194876670837402,0.9108192920684814
609_Q92731_DB00421,609,DB00421,Q92731,-0.09881894290447235,0.701134443283081,0.15254130959510803,0.7512729167938232,-0.35017919540405273,0.6509959697723389,0.6663966178894043,0.7091618180274963,0.9861279726028442,0.9861279726028442,0.0,0.5864637494087219,0.7609162330627441,1.6478534936904907,0.593345046043396
610_P11229_DB00424,610,DB00424,P11229,-2.1145899295806885,0.9793593883514404,-2.809159278869629,0.997648298740387,-1.4200206995010376,0.9610704183578491,0.7377008199691772,0.7174376845359802,0.9713796973228455,0.9713796973228455,0.0,0.6792810559272766,0.7848287224769592,1.5828306674957275,0.9673031568527222
611_P08172_DB00424,611,DB00424,P08172,-2.1793744564056396,0.9830344915390015,-2.787550449371338,0.9985970854759216,-1.5711983442306519,0.9674719572067261,0.7534278035163879,0.7738639116287231,0.9812862873077393,0.9812862873077393,0.0,0.6964631676673889,0.8199231624603271,1.1440414190292358,0.6782136559486389
612_P08173_DB00424,612,DB00424,P08173,-1.749681830406189,0.9560146331787109,-2.548280715942383,0.9953418970108032,-0.9510830044746399,0.9166873693466187,0.77587890625,0.7100560069084167,0.9847502112388611,0.9847502112388611,0.0,0.7236610651016235,0.8367263078689575,1.7206181287765503,0.8552415370941162
613_P20309_DB00424,613,DB00424,P20309,-1.812687635421753,0.9522520899772644,-2.3709664344787598,0.9870697259902954,-1.254408836364746,0.9174344539642334,0.7391466498374939,0.6473901867866516,0.9811858534812927,0.9811858534812927,0.0,0.6786368489265442,0.811117947101593,1.9548020362854004,1.0456726551055908
619_P35367_DB00427,619,DB00427,P35367,-2.9089431762695312,0.9927725791931152,-3.064486503601074,0.9999879598617554,-2.7533998489379883,0.9855572581291199,0.7161564230918884,0.8094976544380188,0.9873369336128235,0.9873369336128235,0.0,0.6483612656593323,0.7903090715408325,1.0201064348220825,0.5296187996864319
621_C1KC03_DB00430,621,DB00430,C1KC03,-0.8112743496894836,0.8170162439346313,-1.1252673864364624,0.9273057579994202,-0.4972813129425049,0.7067266702651978,0.9120980501174927,0.9311158657073975,0.9456878900527954,0.9456878900527954,0.0,0.9037005305290222,0.7219809293746948,0.4175315201282501,1.1407902240753174
622_P02918_DB00430,622,DB00430,P02918,-0.7747517824172974,0.8451629281044006,-0.7327807545661926,0.9008268713951111,-0.8167228102684021,0.7894989848136902,0.8995515704154968,0.8508715629577637,0.9790928959846497,0.9790928959846497,0.0,0.879666268825531,0.8752776384353638,0.5568603277206421,0.8641579151153564
623_P02919_DB00430,623,DB00430,P02919,-1.1787261962890625,0.8918354511260986,-1.6367567777633667,0.9552913308143616,-0.7206955552101135,0.8283796310424805,0.8687347769737244,0.8601369261741638,0.9809269905090332,0.9809269905090332,0.0,0.8406866788864136,0.8568472862243652,0.8186589479446411,1.1085731983184814
624_P08506_DB00430,624,DB00430,P08506,0.04022439569234848,0.558324933052063,0.1172051876783371,0.7476147413253784,-0.03675639256834984,0.36903515458106995,0.8881402015686035,0.8743914365768433,0.9110208749771118,0.9110208749771118,0.0,0.8824200630187988,0.6823374032974243,0.5335632562637329,1.2752798795700073
625_P0AD68_DB00430,625,DB00430,P0AD68,-0.8788951635360718,0.8408585786819458,-1.6083569526672363,0.9573217034339905,-0.14943331480026245,0.7243955135345459,0.9208531379699707,0.8634498119354248,0.9820300340652466,0.9820300340652466,0.0,0.9055589437484741,0.8832136988639832,0.439750999212265,0.5996872782707214
626_Q07806_DB00430,626,DB00430,Q07806,-0.7104015350341797,0.8370249271392822,-0.8092662692070007,0.8658949732780457,-0.6115367412567139,0.8081548810005188,0.8933889269828796,0.8347539305686951,0.9792020916938782,0.9792020916938782,0.0,0.8719356656074524,0.8719167113304138,0.6289658546447754,0.9126363396644592
627_Q9X6W0_DB00430,627,DB00430,Q9X6W0,-1.0441844463348389,0.8585544228553772,-1.4793661832809448,0.9368699789047241,-0.6090025901794434,0.7802388668060303,0.8938127756118774,0.8471207022666931,0.9628378748893738,0.9628378748893738,0.0,0.8765564560890198,0.8396159410476685,0.5310617685317993,1.1101831197738647
628_P28223_DB00434,628,DB00434,P28223,-2.690868854522705,0.9697564840316772,-2.8460288047790527,0.9974175691604614,-2.5357089042663574,0.9420953989028931,0.770346462726593,0.8222302794456482,0.9816797375679016,0.9816797375679016,0.0,0.7175131440162659,0.808997392654419,0.9275934100151062,0.5599364042282104
629_P35367_DB00434,629,DB00434,P35367,-3.2424683570861816,0.9958357810974121,-3.3030905723571777,0.9999890327453613,-3.1818463802337646,0.9916825294494629,0.7125281691551208,0.7087323069572449,0.9872463345527649,0.9872463345527649,0.0,0.6438485980033875,0.7865834832191467,1.488000750541687,0.5181222558021545
630_P08172_DB00434,630,DB00434,P08172,-1.3670499324798584,0.9279255270957947,-1.4454047679901123,0.9655447006225586,-1.288694977760315,0.8903063535690308,0.7371082901954651,0.7214511632919312,0.9788289666175842,0.9788289666175842,0.0,0.6766781210899353,0.8063263297080994,1.5845826864242554,0.6949418187141418
631_P11229_DB00434,631,DB00434,P11229,-1.0861669778823853,0.8872555494308472,-0.9040351510047913,0.9447861909866333,-1.268298864364624,0.8297248482704163,0.7446097731590271,0.7143116593360901,0.976723849773407,0.976723849773407,0.0,0.6865811944007874,0.8059017658233643,1.5146903991699219,0.8388357758522034
632_P20309_DB00434,632,DB00434,P20309,-1.1837481260299683,0.8952479362487793,-1.3739949464797974,0.957823634147644,-0.9935013651847839,0.8326722979545593,0.7174517512321472,0.6572326421737671,0.9766610860824585,0.9766610860824585,0.0,0.6526494026184082,0.7904089689254761,1.9079539775848389,1.130282998085022
633_P28335_DB00434,633,DB00434,P28335,-2.7383151054382324,0.976933479309082,-2.5966267585754395,0.9921507835388184,-2.8800032138824463,0.9617161154747009,0.7625995874404907,0.7360938191413879,0.9726021885871887,0.9726021885871887,0.0,0.710098922252655,0.7741233110427856,1.400444507598877,0.67000412940979
634_P34969_DB00434,634,DB00434,P34969,-1.3943941593170166,0.8755884170532227,-1.1052629947662354,0.8906396627426147,-1.6835253238677979,0.8605371117591858,0.7860162854194641,0.8266383409500122,0.9714380502700806,0.9714380502700806,0.0,0.7396608591079712,0.7887020111083984,0.846150815486908,0.7115476131439209
635_P25021_DB00434,635,DB00434,P25021,-0.9022806882858276,0.7972038984298706,-0.36457186937332153,0.8180467486381531,-1.4399895668029785,0.7763611078262329,0.8481189608573914,0.8516129851341248,0.9791761040687561,0.9791761040687561,0.0,0.8153547048568726,0.8773388266563416,0.8157795667648315,0.6199590563774109
642_P00915_DB00436,642,DB00436,P00915,-0.7876213788986206,0.9372167587280273,-0.1740719974040985,0.9813909530639648,-1.4011707305908203,0.8930425643920898,0.9768533706665039,0.9844644069671631,0.9703635573387146,0.9703635573387146,0.0,0.97847580909729,0.9553114771842957,0.31477269530296326,0.549727201461792
643_P00918_DB00436,643,DB00436,P00918,-1.1835267543792725,0.9686965942382812,-0.5759809017181396,0.9898242354393005,-1.7910724878311157,0.947568953037262,0.974382221698761,0.9881255626678467,0.9679195880889893,0.9679195880889893,0.0,0.9759978652000427,0.9591113924980164,0.3011370599269867,0.5338230133056641
644_P22748_DB00436,644,DB00436,P22748,-0.8946940898895264,0.9250407218933105,0.05846458673477173,0.9669267535209656,-1.8478528261184692,0.8831546902656555,0.9143352508544922,0.9472416043281555,0.9581400156021118,0.9581400156021118,0.0,0.9033840298652649,0.9188672304153442,0.3562350273132324,0.6323750615119934
646_P47989_DB00437,646,DB00437,P47989,2.407468795776367,0.5410242080688477,1.9663859605789185,0.6542617678642273,2.8485515117645264,0.427786648273468,0.9195871353149414,0.9657337069511414,0.8204724788665771,0.8204724788665771,0.0,0.9443657398223877,0.9299637675285339,0.46481165289878845,7.11103630065918
647_P02918_DB00438,647,DB00438,P02918,-0.24227745831012726,0.7757291793823242,0.3683503568172455,0.8002461791038513,-0.8529052734375,0.7512122392654419,0.8995307087898254,0.8461477756500244,0.9794781804084778,0.9794781804084778,0.0,0.8795438408851624,0.8883340358734131,0.5673004388809204,0.8223250508308411
648_P02919_DB00438,648,DB00438,P02919,-0.349139928817749,0.789199948310852,0.03858312964439392,0.8443896770477295,-0.7368630170822144,0.7340101599693298,0.8719334006309509,0.8671678304672241,0.9805605411529541,0.9805605411529541,0.0,0.8447765111923218,0.8860105276107788,0.7815517783164978,1.110505223274231
649_P0AD65_DB00438,649,DB00438,P0AD65,-0.1331397294998169,0.7087005376815796,0.034815430641174316,0.788237452507019,-0.3010948896408081,0.6291636228561401,0.9011220335960388,0.8648980259895325,0.9695464372634888,0.9695464372634888,0.0,0.8840159177780151,0.7820509672164917,0.48356202244758606,1.1261690855026245
650_P0AD68_DB00438,650,DB00438,P0AD68,-2.0384316444396973,0.9795559644699097,-1.780840516090393,0.9935171604156494,-2.296022653579712,0.9655948281288147,0.9241064190864563,0.8610073924064636,0.9899839758872986,0.9899839758872986,0.0,0.9076370000839233,0.9217950701713562,0.4466409683227539,0.47438788414001465
651_Q47066_DB00438,651,DB00438,Q47066,-0.8539992570877075,0.8225280046463013,-0.7466150522232056,0.855798602104187,-0.9613834619522095,0.7892574667930603,0.9567491412162781,0.9495745301246643,0.9789009094238281,0.9789009094238281,0.0,0.9512112140655518,0.926611065864563,0.35071760416030884,0.4247474670410156
659_P07550_DB00449,659,DB00449,P07550,0.6007643342018127,0.7589315176010132,1.3991332054138184,0.6514997482299805,-0.19760456681251526,0.8663632273674011,0.8169922232627869,0.8602018356323242,0.9742496013641357,0.9742496013641357,0.0,0.7776777744293213,0.8587405681610107,0.8313792943954468,0.7362874150276184
662_P10827_DB00451,662,DB00451,P10827,-2.617187976837158,0.8667423725128174,-2.6273932456970215,0.9520876407623291,-2.606982707977295,0.7813971042633057,0.7181605696678162,0.6488845944404602,0.9581176042556763,0.9581176042556763,0.0,0.6581712365150452,0.6668012738227844,1.4544416666030884,1.71869695186615
663_P10828_DB00451,663,DB00451,P10828,-2.7567150592803955,0.8739207983016968,-2.66426944732666,0.9372617602348328,-2.849160671234131,0.810579776763916,0.8147120475769043,0.8361050486564636,0.9884212017059326,0.9884212017059326,0.0,0.7712847590446472,0.8710294961929321,0.7589932680130005,0.4628606140613556
664_P05106_DB00451,664,DB00451,P05106,0.1683817356824875,0.5568362474441528,0.4377147853374481,0.7759832143783569,-0.10095131397247314,0.3376893103122711,0.8089465498924255,0.5917171835899353,0.7861817479133606,0.7861817479133606,0.0,0.8146377205848694,0.753961443901062,1.084839105606079,5.299738883972168
667_P61073_DB00452,667,DB00452,P61073,0.19171732664108276,0.5335429310798645,0.5641812086105347,0.6701247692108154,-0.18074657022953033,0.3969610929489136,0.8021351099014282,0.9106419682502747,0.9387117028236389,0.9387117028236389,0.0,0.7679908871650696,0.6181507110595703,0.5252230763435364,1.0913975238800049
668_P41145_DB00454,668,DB00454,P41145,0.31754013895988464,0.7892674803733826,0.13218940794467926,0.8190913796424866,0.5028908848762512,0.7594435811042786,0.8361951112747192,0.9367530345916748,0.981878936290741,0.981878936290741,0.0,0.7997741103172302,0.8248346447944641,0.5156118869781494,0.940290629863739
674_P08172_DB00454,674,DB00454,P08172,0.09956911951303482,0.8369433283805847,0.23195824027061462,0.857393205165863,-0.032819997519254684,0.8164934515953064,0.7297860980033875,0.7087364792823792,0.976934552192688,0.976934552192688,0.0,0.6679989695549011,0.7778849005699158,1.6423057317733765,0.8061254620552063
675_P08173_DB00454,675,DB00454,P08173,0.19149193167686462,0.8169447183609009,0.122168630361557,0.8706948161125183,0.26081523299217224,0.7631946206092834,0.7800037264823914,0.8008864521980286,0.983133852481842,0.983133852481842,0.0,0.7292212247848511,0.8047639727592468,1.17011296749115,0.8990340828895569
676_P08912_DB00454,676,DB00454,P08912,0.46996262669563293,0.7735568284988403,0.4068678021430969,0.83162921667099,0.533057451248169,0.7154844999313354,0.7496012449264526,0.6538376808166504,0.9676920771598816,0.9676920771598816,0.0,0.6950784921646118,0.7900529503822327,1.4918692111968994,1.2290191650390625
677_P11229_DB00454,677,DB00454,P11229,0.12177107483148575,0.8632010817527771,0.29897192120552063,0.9090448021888733,-0.05542977526783943,0.8173573613166809,0.720265805721283,0.7546126842498779,0.9835950136184692,0.9835950136184692,0.0,0.6544334292411804,0.7425056099891663,1.3856348991394043,0.6876264810562134
678_P20309_DB00454,678,DB00454,P20309,0.11394401639699936,0.7918561697006226,0.26647502183914185,0.8539126515388489,-0.03858698531985283,0.729799747467041,0.7310623526573181,0.6249000430107117,0.9726570248603821,0.9726570248603821,0.0,0.6706636548042297,0.787841796875,2.1253468990325928,1.3251975774765015
679_P23975_DB00454,679,DB00454,P23975,-0.42020678520202637,0.9353280067443848,-0.37090224027633667,0.9606909155845642,-0.46951133012771606,0.9099650979042053,0.9109811782836914,0.908582329750061,0.9788849353790283,0.9788849353790283,0.0,0.894005298614502,0.9188356995582581,0.6104668378829956,0.7134740352630615
680_P31645_DB00454,680,DB00454,P31645,-0.39373013377189636,0.9639413356781006,-0.42354443669319153,0.9906264543533325,-0.3639158308506012,0.9372562170028687,0.9060592651367188,0.9563499689102173,0.9776266813278198,0.9776266813278198,0.0,0.8881673812866211,0.9219653606414795,0.40148696303367615,0.845264732837677
681_P35372_DB00454,681,DB00454,P35372,0.285840779542923,0.5671297311782837,0.4673847556114197,0.5012087821960449,0.10429678857326508,0.6330506801605225,0.8248587846755981,0.8985905051231384,0.9734642505645752,0.9734642505645752,0.0,0.7877073884010315,0.7952385544776917,0.6731948256492615,0.9773707985877991
682_Q01959_DB00454,682,DB00454,Q01959,-0.2806324362754822,0.9191068410873413,-0.37913787364959717,0.9660742282867432,-0.18212701380252838,0.8721394538879395,0.8843888640403748,0.8815714120864868,0.9752691984176636,0.9752691984176636,0.0,0.8616687059402466,0.8926382660865784,0.7252647876739502,0.75743567943573
684_P35348_DB00457,684,DB00457,P35348,-1.7658319473266602,0.7357848286628723,-2.455476760864258,0.9242532253265381,-1.076187252998352,0.5473164319992065,0.7499377131462097,0.7724469900131226,0.9241118431091309,0.9241118431091309,0.0,0.7063941955566406,0.773776650428772,1.1048400402069092,1.4347622394561768
685_P35368_DB00457,685,DB00457,P35368,-1.3752686977386475,0.5607964992523193,-1.9366017580032349,0.5387808680534363,-0.8139357566833496,0.5828120708465576,0.7071937918663025,0.8741540312767029,0.96331387758255,0.96331387758255,0.0,0.643163800239563,0.7118377685546875,0.6912833452224731,0.9147831797599792
688_P08913_DB00457,688,DB00457,P08913,-1.178663969039917,0.5463464856147766,-1.576611042022705,0.6492422819137573,-0.7807169556617737,0.4434507191181183,0.7001459002494812,0.696174144744873,0.8853989839553833,0.8853989839553833,0.0,0.6538326144218445,0.6774922609329224,1.8120346069335938,1.848460078239441
689_P18089_DB00457,689,DB00457,P18089,-1.2963368892669678,0.558702290058136,-1.7348359823226929,0.68690425157547,-0.8578379154205322,0.4305002987384796,0.7273663878440857,0.8950284719467163,0.9515775442123413,0.9515775442123413,0.0,0.6713135242462158,0.7301201820373535,0.7622423768043518,0.8911636471748352
690_P23975_DB00458,690,DB00458,P23975,-1.4993395805358887,0.9492275714874268,-1.2205722332000732,0.9393324851989746,-1.7781068086624146,0.9591227173805237,0.9072958827018738,0.9056311249732971,0.9724810719490051,0.9724810719490051,0.0,0.8909996151924133,0.9160834550857544,0.6078625917434692,0.833986759185791
691_P31645_DB00458,691,DB00458,P31645,-1.665973424911499,0.9689638614654541,-1.2621418237686157,0.9651675224304199,-2.069805145263672,0.9727602601051331,0.897114098072052,0.9619235396385193,0.983371913433075,0.983371913433075,0.0,0.8755496144294739,0.9211668968200684,0.3781561553478241,0.6083359122276306
692_P08172_DB00458,692,DB00458,P08172,-1.9008517265319824,0.9717378616333008,-1.4154354333877563,0.9783887267112732,-2.386268138885498,0.9650870561599731,0.734689474105835,0.7513732314109802,0.9764806628227234,0.9764806628227234,0.0,0.6742416620254517,0.7945075631141663,1.3137259483337402,0.6956193447113037
693_P08173_DB00458,693,DB00458,P08173,-1.901431679725647,0.9598622918128967,-1.3402538299560547,0.9610846042633057,-2.4626095294952393,0.9586399793624878,0.787630558013916,0.7370080351829529,0.9801980257034302,0.9801980257034302,0.0,0.7394887208938599,0.8367344737052917,1.4861297607421875,0.8009172677993774
694_P08912_DB00458,694,DB00458,P08912,-1.6280155181884766,0.9512835741043091,-1.1398615837097168,0.9614359140396118,-2.1161694526672363,0.9411311745643616,0.7243244051933289,0.6678308844566345,0.9757067561149597,0.9757067561149597,0.0,0.6614788174629211,0.7847791910171509,2.020953893661499,0.8874094486236572
695_P11229_DB00458,695,DB00458,P11229,-1.7623207569122314,0.9471243619918823,-1.31172776222229,0.9655832648277283,-2.212913751602173,0.9286655187606812,0.7596666216850281,0.8273797631263733,0.9885517358779907,0.9885517358779907,0.0,0.702445387840271,0.8033649921417236,0.93557208776474,0.554066002368927
696_P20309_DB00458,696,DB00458,P20309,-2.1751596927642822,0.9750771522521973,-1.6525434255599976,0.9755895733833313,-2.6977758407592773,0.9745647311210632,0.7373267412185669,0.6456224918365479,0.9764672517776489,0.9764672517776489,0.0,0.6775415539741516,0.8052660822868347,1.9248952865600586,0.9607188105583191
697_P25100_DB00458,697,DB00458,P25100,-0.32790887355804443,0.7891726493835449,0.2490682601928711,0.8188315033912659,-0.90488600730896,0.7595138549804688,0.6570436358451843,0.6104563474655151,0.9368749856948853,0.9368749856948853,0.0,0.5870858430862427,0.7193186283111572,2.5155746936798096,1.4726436138153076
698_P28223_DB00458,698,DB00458,P28223,-2.011924982070923,0.926101565361023,-1.6041523218154907,0.9317029714584351,-2.4196977615356445,0.9205002188682556,0.7942058444023132,0.7933420538902283,0.981185257434845,0.981185257434845,0.0,0.7474609613418579,0.8383663892745972,0.9268888831138611,0.5710462927818298
699_P35348_DB00458,699,DB00458,P35348,-1.36961030960083,0.8921655416488647,-0.9557533264160156,0.9179071187973022,-1.783467173576355,0.866424024105072,0.7394579648971558,0.7345129251480103,0.9487581253051758,0.9487581253051758,0.0,0.6871328949928284,0.7889775633811951,1.3832398653030396,1.2009249925613403
700_P35367_DB00458,700,DB00458,P35367,-3.1014328002929688,0.994246244430542,-3.3130593299865723,0.9999915361404419,-2.889806032180786,0.9885009527206421,0.7201079726219177,0.8496179580688477,0.9883835911750793,0.9883835911750793,0.0,0.6530390977859497,0.7964678406715393,0.8153470754623413,0.47449710965156555
703_P08908_DB00458,703,DB00458,P08908,-0.584989070892334,0.7467536330223083,0.04230900853872299,0.7699339389801025,-1.212287187576294,0.7235733270645142,0.7849128246307373,0.93257075548172,0.9741571545600891,0.9741571545600891,0.0,0.7376017570495605,0.7885927557945251,0.5161492228507996,0.6778551936149597
704_P14416_DB00458,704,DB00458,P14416,-0.8766024708747864,0.8527405261993408,-0.20799925923347473,0.9236747622489929,-1.5452057123184204,0.781806230545044,0.7668470144271851,0.8165549635887146,0.9741366505622864,0.9741366505622864,0.0,0.7150245904922485,0.8214425444602966,0.8211361169815063,0.7544134259223938
705_P21728_DB00458,705,DB00458,P21728,-1.3489458560943604,0.9021635055541992,-0.8845301270484924,0.9080679416656494,-1.813361644744873,0.8962590098381042,0.7658597826957703,0.9560501575469971,0.9851483702659607,0.9851483702659607,0.0,0.7110375761985779,0.8168034553527832,0.37110671401023865,0.48911774158477783
706_P21918_DB00458,706,DB00458,P21918,-1.0125794410705566,0.8513826131820679,-0.7897546291351318,0.88234543800354,-1.235404372215271,0.8204197287559509,0.7399953603744507,0.8620011806488037,0.9560500979423523,0.9560500979423523,0.0,0.6859816312789917,0.8069050312042236,0.7821171283721924,0.9604173898696899
707_P28335_DB00458,707,DB00458,P28335,-2.0141963958740234,0.9231804609298706,-1.456660509109497,0.9239367246627808,-2.5717320442199707,0.9224241375923157,0.7859352827072144,0.8538640141487122,0.9795396327972412,0.9795396327972412,0.0,0.7375341653823853,0.8262816071510315,0.8004303574562073,0.5917993783950806
708_P34969_DB00458,708,DB00458,P34969,-1.2968939542770386,0.8495043516159058,-0.5947222709655762,0.8138181567192078,-1.999065637588501,0.8851905465126038,0.8027647137641907,0.7891093492507935,0.9634292125701904,0.9634292125701904,0.0,0.7625986337661743,0.8448137640953064,0.9817304015159607,0.80411297082901
709_P35368_DB00458,709,DB00458,P35368,-1.249121904373169,0.8468354940414429,-0.8599069118499756,0.877316951751709,-1.6383368968963623,0.8163540959358215,0.6908396482467651,0.7560323476791382,0.9622714519500732,0.9622714519500732,0.0,0.6229816675186157,0.7371019721031189,1.5197652578353882,0.9674186706542969
710_P50406_DB00458,710,DB00458,P50406,-0.9778146147727966,0.8557422757148743,-0.23249803483486176,0.8763517141342163,-1.7231311798095703,0.8351328372955322,0.7429646849632263,0.7583172917366028,0.9709814190864563,0.9709814190864563,0.0,0.6859604716300964,0.8076069951057434,1.4009284973144531,0.7457979321479797
711_Q01959_DB00458,711,DB00458,Q01959,-1.0045709609985352,0.9466454982757568,-0.40587863326072693,0.9291628003120422,-1.603263258934021,0.9641281366348267,0.8850396275520325,0.8810351490974426,0.9732164740562439,0.9732164740562439,0.0,0.8629953861236572,0.8993626236915588,0.7239927649497986,0.8023154735565186
715_P10276_DB00459,715,DB00459,P10276,-1.81325364112854,0.9508727788925171,-2.0155582427978516,0.9466602206230164,-1.610948920249939,0.9550853371620178,0.7718280553817749,0.6210193634033203,0.9874212145805359,0.9874212145805359,0.0,0.7179297208786011,0.851015567779541,1.7250422239303589,0.6158826947212219
716_P10826_DB00459,716,DB00459,P10826,-1.2937602996826172,0.9100747108459473,-1.090710997581482,0.8966070413589478,-1.496809482574463,0.9235424399375916,0.7738355398178101,0.6216862797737122,0.987883985042572,0.987883985042572,0.0,0.720323383808136,0.8591228127479553,1.6134570837020874,0.5763847231864929
717_P13631_DB00459,717,DB00459,P13631,-1.6320241689682007,0.9396191835403442,-1.5807809829711914,0.912583589553833,-1.68326735496521,0.9666547775268555,0.7932059168815613,0.6304197907447815,0.9895583987236023,0.9895583987236023,0.0,0.744117796421051,0.8683727383613586,1.4889819622039795,0.5565742254257202
718_P19793_DB00459,718,DB00459,P19793,-0.29645073413848877,0.8307672142982483,-0.05502186343073845,0.8878458142280579,-0.5378795862197876,0.7736886143684387,0.7089601755142212,0.6243851184844971,0.9781627058982849,0.9781627058982849,0.0,0.6416594982147217,0.7716450691223145,1.9809516668319702,1.0408053398132324
719_P28702_DB00459,719,DB00459,P28702,-0.29180192947387695,0.7757341861724854,0.031306058168411255,0.8780141472816467,-0.6149099469184875,0.673454225063324,0.6437099575996399,0.5172602534294128,0.973786473274231,0.973786473274231,0.0,0.5611907839775085,0.6991182565689087,2.6880085468292236,1.2432910203933716
720_P48443_DB00459,720,DB00459,P48443,0.19095128774642944,0.7531542181968689,0.29334545135498047,0.8146581053733826,0.08855713903903961,0.6916503310203552,0.6922329664230347,0.6073064208030701,0.9746215343475342,0.9746215343475342,0.0,0.6216357946395874,0.7515527606010437,1.9157146215438843,0.9873368144035339
721_P09455_DB00459,721,DB00459,P09455,0.6354979276657104,0.5205632448196411,0.02455950528383255,0.7917727828025818,1.246436357498169,0.24935367703437805,0.9585912823677063,0.9664362072944641,0.9401102066040039,0.9401102066040039,0.0,0.9632115364074707,0.9324572682380676,0.35250526666641235,0.591228723526001
722_P23219_DB00461,722,DB00461,P23219,0.5722009539604187,0.6328383088111877,-0.05963645875453949,0.6589723825454712,1.204038381576538,0.6067042350769043,0.8642066121101379,0.9086071848869324,0.6590226292610168,0.6590226292610168,0.0,0.9155025482177734,0.89558345079422,1.0004022121429443,11.665800094604492
723_P35354_DB00461,723,DB00461,P35354,0.9736526012420654,0.5912849307060242,0.4819135069847107,0.5760056972503662,1.4653916358947754,0.6065641641616821,0.8859395980834961,0.9163883924484253,0.734583854675293,0.734583854675293,0.0,0.9237784743309021,0.9077927470207214,0.9806778430938721,9.155166625976562
733_Q9Y271_DB00471,733,DB00471,Q9Y271,-3.0389442443847656,0.980648398399353,-2.9799904823303223,0.9996610879898071,-3.097898244857788,0.9616357088088989,0.879654586315155,0.914191484451294,0.9666687846183777,0.9666687846183777,0.0,0.8579010963439941,0.8773825168609619,0.5306517481803894,0.6699081063270569
736_P31645_DB00476,736,DB00476,P31645,-2.529970169067383,0.9884670376777649,-2.431946277618408,0.9899751543998718,-2.6279942989349365,0.986958920955658,0.9016286134719849,0.8894579410552979,0.9882155656814575,0.9882155656814575,0.0,0.8799818158149719,0.9255885481834412,0.7204784154891968,0.5431576371192932
737_P23975_DB00476,737,DB00476,P23975,-2.2821333408355713,0.9862079620361328,-2.2409753799438477,0.9928498268127441,-2.323291301727295,0.9795661568641663,0.922563374042511,0.9124396443367004,0.9900049567222595,0.9900049567222595,0.0,0.9057030081748962,0.9418212175369263,0.5723281502723694,0.5033564567565918
738_Q01959_DB00476,738,DB00476,Q01959,-1.7005709409713745,0.9514313340187073,-1.475954532623291,0.9439381957054138,-1.925187349319458,0.9589244723320007,0.8932159543037415,0.8896566033363342,0.9885092973709106,0.9885092973709106,0.0,0.8693925738334656,0.9186797738075256,0.6924707889556885,0.5463073253631592
742_Q96SW2_DB00480,742,DB00480,Q96SW2,-0.06991444528102875,0.9332066774368286,-0.19662347435951233,0.9798914790153503,0.056794580072164536,0.8865218162536621,0.8737927675247192,0.8837507963180542,0.9917850494384766,0.9917850494384766,0.0,0.8442946672439575,0.9100812673568726,0.837252140045166,1.802908182144165
748_P08913_DB00484,748,DB00484,P08913,-1.9558967351913452,0.982042133808136,-2.0920815467834473,0.9948853850364685,-1.8197119235992432,0.9691988825798035,0.7311427593231201,0.6713100075721741,0.9840770363807678,0.9840770363807678,0.0,0.6679092049598694,0.8105739951133728,1.9172606468200684,0.6276717185974121
749_P18089_DB00484,749,DB00484,P18089,-1.664259433746338,0.9464461803436279,-1.788219928741455,0.9723680019378662,-1.5402989387512207,0.9205242991447449,0.7471577525138855,0.7865885496139526,0.9878597259521484,0.9878597259521484,0.0,0.686982274055481,0.8191843628883362,1.2968523502349854,0.4364289343357086
750_P18825_DB00484,750,DB00484,P18825,-1.9685289859771729,0.9581917524337769,-1.9626654386520386,0.9767717719078064,-1.9743926525115967,0.9396116733551025,0.7613924145698547,0.8793822526931763,0.9905349612236023,0.9905349612236023,0.0,0.7041067481040955,0.821625828742981,0.671582818031311,0.39998099207878113
756_P07550_DB00489,756,DB00489,P07550,0.09245115518569946,0.8933663368225098,-0.09824187308549881,0.9743718504905701,0.28314417600631714,0.8123607635498047,0.8110798001289368,0.8484716415405273,0.9716331958770752,0.9716331958770752,0.0,0.770941436290741,0.8721376061439514,0.8785794377326965,0.7370313405990601
757_P08588_DB00489,757,DB00489,P08588,0.31156349182128906,0.7313629388809204,0.14356401562690735,0.8472601175308228,0.4795629382133484,0.6154658198356628,0.7684653401374817,0.8610050678253174,0.9839133024215698,0.9839133024215698,0.0,0.7146033644676208,0.8285708427429199,0.8203516006469727,0.6829188466072083
758_O43451_DB00491,758,DB00491,O43451,0.605770468711853,0.8823229670524597,0.304386168718338,0.9685661196708679,0.9071547389030457,0.7960798144340515,0.8999035954475403,0.5707255005836487,0.703693687915802,0.703693687915802,0.0,0.9489560127258301,0.9456974864006042,0.523931086063385,15.762025833129883
759_P10253_DB00491,759,DB00491,P10253,0.8968561887741089,0.7663768529891968,0.861124575138092,0.8564823269844055,0.9325878024101257,0.6762713193893433,0.9231452941894531,0.9127518534660339,0.983342707157135,0.983342707157135,0.0,0.9080959558486938,0.9045075178146362,0.6718733906745911,1.7293928861618042
760_Q14697_DB00491,760,DB00491,Q14697,0.28975340723991394,0.8755279183387756,-0.06320510804653168,0.9613052010536194,0.6427119374275208,0.7897506356239319,0.944520115852356,0.942798912525177,0.9889883399009705,0.9889883399009705,0.0,0.9334030151367188,0.9365273714065552,0.43706291913986206,0.79343181848526
761_Q8TET4_DB00491,761,DB00491,Q8TET4,0.671707272529602,0.7593090534210205,0.10648031532764435,0.9323251843452454,1.2369341850280762,0.5862928628921509,0.9414718747138977,0.9566001892089844,0.9898761510848999,0.9898761510848999,0.0,0.9293707609176636,0.9395318627357483,0.39113566279411316,0.6071388125419617
762_P12821_DB00492,762,DB00492,P12821,0.554223895072937,0.5217137336730957,-0.02222462370991707,0.6235473155975342,1.1306724548339844,0.41988009214401245,0.8735782504081726,0.6250333189964294,0.7801516652107239,0.7801516652107239,0.0,0.8969349265098572,0.7769747972488403,0.8550077080726624,9.110215187072754
763_P42971_DB00493,763,DB00493,P42971,-1.250497579574585,0.8830257654190063,-1.4406086206436157,0.9224901795387268,-1.0603865385055542,0.8435612916946411,0.930417537689209,0.872374415397644,0.9625421762466431,0.9625421762466431,0.0,0.9223863482475281,0.873802125453949,0.4627380967140198,0.9431712627410889
764_P0A3M6_DB00493,764,DB00493,P0A3M6,-1.6656391620635986,0.9605004191398621,-1.310271143913269,0.982501745223999,-2.0210070610046387,0.9384990930557251,0.9065330624580383,0.8450480103492737,0.951857328414917,0.951857328414917,0.0,0.8952019214630127,0.8576688170433044,0.4797966480255127,1.0427342653274536
765_Q7CRA4_DB00493,765,DB00493,Q7CRA4,-1.2387542724609375,0.8835265040397644,-1.0222902297973633,0.8751747012138367,-1.4552184343338013,0.8918783068656921,0.8816316723823547,0.7538245320320129,0.9769695401191711,0.9769695401191711,0.0,0.8577971458435059,0.8566440939903259,0.7289971709251404,0.9456279277801514
766_Q8DNB6_DB00493,766,DB00493,Q8DNB6,-1.6702423095703125,0.9351625442504883,-1.3786672353744507,0.9445267915725708,-1.9618175029754639,0.925798237323761,0.8766800165176392,0.7812864184379578,0.9767985343933105,0.9767985343933105,0.0,0.8516504168510437,0.8681616187095642,0.7612021565437317,0.9443257451057434
767_Q8DR59_DB00493,767,DB00493,Q8DR59,-0.6339030265808105,0.8510781526565552,-1.030113697052002,0.8611965179443359,-0.23769241571426392,0.8409598469734192,0.867082417011261,0.829321026802063,0.9844996929168701,0.9844996929168701,0.0,0.8377280831336975,0.8657572269439697,0.8241570591926575,1.5885130167007446
768_B2ZTR6_DB00493,768,DB00493,B2ZTR6,-1.2457940578460693,0.8364300727844238,-1.2304071187973022,0.8695693016052246,-1.2611809968948364,0.803290843963623,0.9536966681480408,0.9727137684822083,0.9512641429901123,0.9512641429901123,0.0,0.9543046951293945,0.8899356722831726,0.379304975271225,0.6773899793624878
769_P02768_DB00493,769,DB00493,P02768,0.36476320028305054,0.5482388734817505,0.3194195032119751,0.5297119617462158,0.41010692715644836,0.5667658448219299,0.8788120150566101,0.9253867864608765,0.8369727730751038,0.8369727730751038,0.0,0.8892717957496643,0.7573671340942383,0.6313095688819885,3.2669599056243896
776_O14746_DB00495,776,DB00495,O14746,-1.1599591970443726,0.5193027853965759,-1.578127384185791,0.6036878228187561,-0.7417910695075989,0.43491774797439575,0.7190926671028137,0.776657223701477,0.5473047494888306,0.5473047494888306,0.0,0.7620396614074707,0.622032105922699,1.5000208616256714,12.20393180847168
777_Q72547_DB00495,777,DB00495,Q72547,-1.4687570333480835,0.6014079451560974,-1.4510306119918823,0.563572347164154,-1.4864834547042847,0.6392435431480408,0.9011247754096985,0.783040463924408,0.8664995431900024,0.8664995431900024,0.0,0.9097810387611389,0.7410198450088501,0.6147329807281494,3.6609597206115723
780_P14416_DB00502,780,DB00502,P14416,-2.55930757522583,0.9731745719909668,-2.6889543533325195,0.9995982050895691,-2.4296610355377197,0.9467509388923645,0.7777685523033142,0.7723670601844788,0.975647509098053,0.975647509098053,0.0,0.7282988429069519,0.8153911232948303,0.9462890625,0.7477310299873352
782_P21728_DB00502,782,DB00502,P21728,-1.8083009719848633,0.9083569645881653,-2.1697702407836914,0.9711130857467651,-1.4468317031860352,0.8456008434295654,0.7664827704429626,0.9419339895248413,0.9624069929122925,0.9624069929122925,0.0,0.7175016403198242,0.7581207752227783,0.44641485810279846,0.8323168158531189
783_P28223_DB00502,783,DB00502,P28223,-1.4634666442871094,0.9292708039283752,-1.7426731586456299,0.9727131128311157,-1.1842601299285889,0.8858284950256348,0.7532984614372253,0.8178175091743469,0.9631620645523071,0.9631620645523071,0.0,0.7008325457572937,0.6913810968399048,1.002163052558899,0.8468108773231506
784_P35462_DB00502,784,DB00502,P35462,-2.629849433898926,0.9676307439804077,-2.900240421295166,0.9997453093528748,-2.3594586849212646,0.9355161786079407,0.8889808058738708,0.8582061529159546,0.9558140635490417,0.9558140635490417,0.0,0.8722724914550781,0.8910568952560425,0.545011043548584,0.8502000570297241
785_Q05940_DB00502,785,DB00502,Q05940,-0.3411807715892792,0.6922570466995239,0.09576006233692169,0.7425410747528076,-0.7781215906143188,0.6419729590415955,0.7716500759124756,0.8054614067077637,0.948098361492157,0.948098361492157,0.0,0.727537989616394,0.7048614621162415,0.9210253953933716,1.1976213455200195
786_Q99705_DB00502,786,DB00502,Q99705,-1.482422113418579,0.8513280153274536,-1.4505985975265503,0.881495475769043,-1.5142457485198975,0.821160614490509,0.8271228671073914,0.9092121124267578,0.9574828147888184,0.9574828147888184,0.0,0.7945328950881958,0.7440391182899475,0.5605152249336243,0.7989089488983154
787_P08908_DB00502,787,DB00502,P08908,-0.7210513353347778,0.7320317625999451,-0.4749531149864197,0.6935807466506958,-0.967149555683136,0.7704827785491943,0.8136232495307922,0.8521570563316345,0.95650315284729,0.95650315284729,0.0,0.7779032588005066,0.8073874115943909,0.7616919279098511,0.9977077841758728
788_P08913_DB00502,788,DB00502,P08913,-0.7214205265045166,0.6900891065597534,-0.7125462889671326,0.6863266229629517,-0.7302947044372559,0.6938516497612,0.7307033538818359,0.6846392750740051,0.9168096780776978,0.9168096780776978,0.0,0.6841767430305481,0.7972278594970703,1.8766475915908813,1.6590046882629395
789_P18089_DB00502,789,DB00502,P18089,-1.1612274646759033,0.8401298522949219,-1.1708409786224365,0.891962468624115,-1.1516140699386597,0.7882972359657288,0.7133029103279114,0.7300899028778076,0.9458217620849609,0.9458217620849609,0.0,0.6551731824874878,0.7408765554428101,1.6300427913665771,1.148274302482605
790_P18825_DB00502,790,DB00502,P18825,-0.38705191016197205,0.6616992354393005,-0.22279441356658936,0.6250869631767273,-0.5513094067573547,0.6983115077018738,0.7529757618904114,0.9303691387176514,0.9537041187286377,0.9537041187286377,0.0,0.7027936577796936,0.7938441634178162,0.48930513858795166,0.9239931106567383
791_P20309_DB00502,791,DB00502,P20309,-0.8589316010475159,0.8754063844680786,-0.59650719165802,0.9051055908203125,-1.1213560104370117,0.8457072377204895,0.7176117897033691,0.6927635669708252,0.9460318088531494,0.9460318088531494,0.0,0.6605067849159241,0.7676017880439758,1.7670478820800781,1.7344446182250977
792_P28335_DB00502,792,DB00502,P28335,-1.3002398014068604,0.8990575671195984,-1.1252909898757935,0.9301572442054749,-1.4751886129379272,0.8679578900337219,0.7769545316696167,0.8173993229866028,0.9502823352813721,0.9502823352813721,0.0,0.7336225509643555,0.8245364427566528,1.091355800628662,1.027351975440979
793_P35348_DB00502,793,DB00502,P35348,-1.6286344528198242,0.8829516172409058,-2.0132899284362793,0.976211428642273,-1.2439789772033691,0.7896917462348938,0.7391759753227234,0.7150160670280457,0.9039183855056763,0.9039183855056763,0.0,0.6979904174804688,0.792568027973175,1.4831039905548096,1.930131435394287
794_P35367_DB00502,794,DB00502,P35367,-1.4003734588623047,0.9424605369567871,-0.8191925883293152,0.9369714856147766,-1.9815542697906494,0.9479495286941528,0.7024146318435669,0.7130662798881531,0.9364692568778992,0.9364692568778992,0.0,0.6439009308815002,0.7573263645172119,1.5293606519699097,1.2464796304702759
795_Q99720_DB00502,795,DB00502,Q99720,-0.9309758543968201,0.5769665241241455,-1.4859026670455933,0.7960505485534668,-0.3760490417480469,0.357882559299469,0.972610592842102,0.9293979406356812,0.9791097044944763,0.9791097044944763,0.0,0.9709858298301697,0.9647057056427002,0.313875675201416,0.44718843698501587
796_P34969_DB00502,796,DB00502,P34969,-1.4450379610061646,0.8350474834442139,-1.4168716669082642,0.8265125155448914,-1.473204255104065,0.8435825109481812,0.7716850638389587,0.7950102090835571,0.936924934387207,0.936924934387207,0.0,0.7303750514984131,0.8134939670562744,0.9817622303962708,1.1898798942565918
797_P50406_DB00502,797,DB00502,P50406,-1.170351266860962,0.7949692010879517,-0.6872037649154663,0.7734760642051697,-1.653498888015747,0.8164622783660889,0.7768795490264893,0.8749933838844299,0.9571824669837952,0.9571824669837952,0.0,0.731803834438324,0.8308284282684326,0.8480066061019897,0.9499555230140686
798_P35372_DB00504,798,DB00504,P35372,-2.806861162185669,0.9926360845565796,-2.8763017654418945,0.9997544884681702,-2.7374205589294434,0.9855177402496338,0.8091880083084106,0.9430225491523743,0.9894225001335144,0.9894225001335144,0.0,0.7641294002532959,0.8580994009971619,0.4259859621524811,0.4162445366382599
801_P31645_DB00514,801,DB00514,P31645,-1.3866007328033447,0.991068959236145,-0.7622331976890564,0.997439980506897,-2.0109682083129883,0.9846979975700378,0.8939340710639954,0.8870761394500732,0.9935291409492493,0.9935291409492493,0.0,0.8690352439880371,0.9173203110694885,0.719292402267456,0.4232146143913269
811_P23975_DB00514,811,DB00514,P23975,-0.9569991827011108,0.965348482131958,-0.2514098286628723,0.9707551598548889,-1.6625884771347046,0.9599418044090271,0.9043352007865906,0.9039849042892456,0.9876716732978821,0.9876716732978821,0.0,0.8835010528564453,0.915328323841095,0.6087215542793274,0.571368932723999
813_P32297_DB00514,813,DB00514,P32297,0.4443765878677368,0.5040786862373352,0.36035600304603577,0.715190052986145,0.5283971428871155,0.292967289686203,0.7999038100242615,0.7051917314529419,0.886435866355896,0.886435866355896,0.0,0.7782707810401917,0.7472250461578369,0.8942817449569702,2.410855531692505
814_P35372_DB00514,814,DB00514,P35372,-1.280259609222412,0.9652668237686157,-1.3441905975341797,0.9900071620941162,-1.2163286209106445,0.9405264258384705,0.8253117799758911,0.8496490716934204,0.9849171042442322,0.9849171042442322,0.0,0.7854104042053223,0.8480038046836853,0.9216089844703674,0.9239394068717957
815_P36544_DB00514,815,DB00514,P36544,0.4645807147026062,0.6123762130737305,0.5207817554473877,0.9528126120567322,0.4083797037601471,0.27193981409072876,0.8150686621665955,0.7359901070594788,0.9625665545463562,0.9625665545463562,0.0,0.7781941890716553,0.8160418272018433,0.9832643866539001,1.0891642570495605
816_P41143_DB00514,816,DB00514,P41143,-0.41451597213745117,0.9443700313568115,-0.28501391410827637,0.9563362002372742,-0.544018030166626,0.9324038624763489,0.8799112439155579,0.8916656970977783,0.9910934567451477,0.9910934567451477,0.0,0.8521156907081604,0.9123725891113281,0.6766855120658875,0.7055586576461792
817_P41145_DB00514,817,DB00514,P41145,-0.880982518196106,0.9198166728019714,-1.1134511232376099,0.939423680305481,-0.6485138535499573,0.9002096652984619,0.8307707905769348,0.8555358052253723,0.9885903596878052,0.9885903596878052,0.0,0.7913159132003784,0.843970000743866,1.1014719009399414,2.075134754180908
829_A2QLK4_DB00520,829,DB00520,A2QLK4,-1.836538553237915,0.7041028141975403,-2.2722721099853516,0.8688885569572449,-1.400805115699768,0.5393170714378357,0.7578811049461365,0.87545245885849,0.8566644191741943,0.8566644191741943,0.0,0.7331852316856384,0.586902916431427,1.2831718921661377,4.796142578125
830_P07550_DB00521,830,DB00521,P07550,-3.223935842514038,0.999374508857727,-3.179129123687744,0.9999954700469971,-3.268742561340332,0.998753547668457,0.8286892175674438,0.822772204875946,0.9891149401664734,0.9891149401664734,0.0,0.7885828018188477,0.8978143930435181,0.9982410669326782,0.5396775007247925
831_P08588_DB00521,831,DB00521,P08588,-2.5547873973846436,0.99665367603302,-2.5070300102233887,0.9995985627174377,-2.6025447845458984,0.9937087297439575,0.7814380526542664,0.7955513596534729,0.9925963282585144,0.9925963282585144,0.0,0.7286484837532043,0.8537291884422302,1.1350871324539185,0.5405087471008301
836_P08149_DB00535,836,DB00535,P08149,-1.7600802183151245,0.9818336963653564,-1.2153944969177246,0.9912776947021484,-2.3047659397125244,0.9723897576332092,0.9395021796226501,0.8572406768798828,0.9905229210853577,0.9905229210853577,0.0,0.9267469644546509,0.9463085532188416,0.4544530212879181,0.6225422620773315
837_Q60FT7_DB00535,837,DB00535,Q60FT7,-0.7320364713668823,0.8991629481315613,-0.057628728449344635,0.9101887345314026,-1.4064441919326782,0.88813716173172,0.9015352129936218,0.8244072198867798,0.9844626188278198,0.9844626188278198,0.0,0.8808033466339111,0.8771134614944458,0.5318779945373535,0.7059388160705566
844_P31645_DB00540,844,DB00540,P31645,-1.4533770084381104,0.967965841293335,-0.8164101839065552,0.958362340927124,-2.090343952178955,0.9775692820549011,0.9070305824279785,0.958200991153717,0.9870479702949524,0.9870479702949524,0.0,0.8870262503623962,0.9303960800170898,0.3792346715927124,0.5342345237731934
845_P23975_DB00540,845,DB00540,P23975,-1.2617042064666748,0.9512788653373718,-0.7042796611785889,0.9338231682777405,-1.8191286325454712,0.9687345623970032,0.9119852185249329,0.9098823070526123,0.9798125624656677,0.9798125624656677,0.0,0.8950283527374268,0.9261534810066223,0.6024617552757263,0.6984965801239014
846_P08908_DB00540,846,DB00540,P08908,-0.7519136667251587,0.7778422236442566,-0.29880812764167786,0.8248613476753235,-1.205019235610962,0.7308230996131897,0.7959437966346741,0.7991954684257507,0.9737076759338379,0.9737076759338379,0.0,0.7515028119087219,0.8172680139541626,1.2151074409484863,1.063590407371521
847_P25100_DB00540,847,DB00540,P25100,-1.737572193145752,0.9229624271392822,-0.9543322324752808,0.9305863976478577,-2.5208122730255127,0.9153385162353516,0.6493078470230103,0.6212154030799866,0.946486234664917,0.946486234664917,0.0,0.5750132203102112,0.6977790594100952,2.3986473083496094,1.2674155235290527
848_P28223_DB00540,848,DB00540,P28223,-1.9157609939575195,0.9153468012809753,-1.1766561269760132,0.9075649976730347,-2.6548657417297363,0.923128604888916,0.7947773337364197,0.7332636713981628,0.9796331524848938,0.9796331524848938,0.0,0.7485633492469788,0.8293965458869934,1.2427338361740112,0.5920138955116272
849_P35348_DB00540,849,DB00540,P35348,-1.3152382373809814,0.8700377941131592,-0.8628940582275391,0.8971773982048035,-1.7675825357437134,0.8428981304168701,0.7786739468574524,0.8322749137878418,0.9771512150764465,0.9771512150764465,0.0,0.7290546298027039,0.830843985080719,0.844667911529541,0.8442975878715515
850_P35367_DB00540,850,DB00540,P35367,-2.416722297668457,0.9867268800735474,-1.7975980043411255,0.994654655456543,-3.035846710205078,0.9787991046905518,0.7044987082481384,0.7173868417739868,0.9856352806091309,0.9856352806091309,0.0,0.6342145800590515,0.7637414336204529,1.5458436012268066,0.5434213280677795
851_O00264_DB00540,851,DB00540,O00264,0.7650226354598999,0.5493509769439697,0.7622684836387634,0.7085392475128174,0.7677767872810364,0.39016270637512207,0.7948563098907471,0.8103529810905457,0.901122510433197,0.901122510433197,0.0,0.7682897448539734,0.6500654220581055,0.5904014706611633,1.8286256790161133
852_P07550_DB00540,852,DB00540,P07550,-1.6315867900848389,0.8729861378669739,-1.086281657218933,0.9212899804115295,-2.176892042160034,0.8246822953224182,0.813201367855072,0.8167286515235901,0.9606009721755981,0.9606009721755981,0.0,0.7763513922691345,0.8557443618774414,1.0430667400360107,0.8558211326599121
853_P08588_DB00540,853,DB00540,P08588,-1.5559331178665161,0.87660813331604,-0.7152726650238037,0.8724571466445923,-2.3965935707092285,0.8807591199874878,0.7709508538246155,0.8129309415817261,0.9658965468406677,0.9658965468406677,0.0,0.72221440076828,0.7932814359664917,1.1248825788497925,1.0272520780563354
854_P08909_DB00540,854,DB00540,P08909,-1.818914771080017,0.8966195583343506,-1.0984606742858887,0.9173734784126282,-2.5393688678741455,0.8758655786514282,0.7667021155357361,0.7559924721717834,0.9637784957885742,0.9637784957885742,0.0,0.7174330353736877,0.8037286400794983,1.3644543886184692,0.8048924207687378
855_P08913_DB00540,855,DB00540,P08913,-1.7604089975357056,0.9245955348014832,-1.167802095413208,0.9063265919685364,-2.353015899658203,0.9428644776344299,0.7416956424713135,0.6706376671791077,0.9501402378082275,0.9501402378082275,0.0,0.689584493637085,0.7979796528816223,1.8989107608795166,1.0601847171783447
856_P13945_DB00540,856,DB00540,P13945,-1.252762794494629,0.8369714021682739,-1.0141196250915527,0.8861266374588013,-1.491405963897705,0.7878162264823914,0.7723207473754883,0.7864735126495361,0.9208023548126221,0.9208023548126221,0.0,0.7352003455162048,0.7346448302268982,1.3265541791915894,1.618666172027588
857_P14416_DB00540,857,DB00540,P14416,-0.5926831364631653,0.777695894241333,-0.3512217104434967,0.8856155276298523,-0.8341445922851562,0.669776201248169,0.7615156769752502,0.7225819230079651,0.9664599299430847,0.9664599299430847,0.0,0.7102795839309692,0.8223752975463867,1.1535305976867676,0.9199926853179932
858_P18089_DB00540,858,DB00540,P18089,-1.2901108264923096,0.8741732835769653,-0.5895479917526245,0.8603935241699219,-1.990673542022705,0.8879530429840088,0.7386666536331177,0.8249952793121338,0.9794756174087524,0.9794756174087524,0.0,0.6784643530845642,0.7753283381462097,1.1833778619766235,0.5721301436424255
859_P18825_DB00540,859,DB00540,P18825,-1.7527052164077759,0.9180527925491333,-0.8792012333869934,0.880476713180542,-2.626209259033203,0.9556288123130798,0.7558490633964539,0.8053081631660461,0.9784569144248962,0.9784569144248962,0.0,0.7001970410346985,0.8159377574920654,0.9667389392852783,0.5781466364860535
860_P28335_DB00540,860,DB00540,P28335,-2.04284930229187,0.9081796407699585,-1.5749276876449585,0.9340001344680786,-2.510770797729492,0.8823590874671936,0.7686745524406433,0.7689617872238159,0.9730092287063599,0.9730092287063599,0.0,0.717590868473053,0.8023395538330078,1.2825114727020264,0.6887527108192444
861_P35368_DB00540,861,DB00540,P35368,-1.357150912284851,0.8721200227737427,-0.7138597369194031,0.8707476854324341,-2.0004420280456543,0.873492419719696,0.6948317885398865,0.7232968807220459,0.9516072273254395,0.9516072273254395,0.0,0.6306379437446594,0.7229652404785156,1.7429503202438354,1.0810277462005615
863_P08172_DB00540,863,DB00540,P08172,-1.222771406173706,0.9323763251304626,-0.6855775117874146,0.9537287354469299,-1.759965181350708,0.9110239148139954,0.7460552453994751,0.7691457867622375,0.9783136248588562,0.9783136248588562,0.0,0.6879906058311462,0.8064795732498169,1.1230708360671997,0.6763603091239929
864_P08173_DB00540,864,DB00540,P08173,-1.070467233657837,0.9244210720062256,-0.6010212302207947,0.9654799103736877,-1.539913296699524,0.8833621740341187,0.7839507460594177,0.7044481039047241,0.9785048365592957,0.9785048365592957,0.0,0.7353121638298035,0.8273794651031494,1.685304880142212,1.023681879043579
865_P08912_DB00540,865,DB00540,P08912,-1.0442525148391724,0.9109647274017334,-0.4190417528152466,0.9398052096366882,-1.6694632768630981,0.8821243047714233,0.7516726851463318,0.6755039095878601,0.9814276695251465,0.9814276695251465,0.0,0.6942338943481445,0.8116155862808228,1.5103694200515747,0.8008814454078674
866_P11229_DB00540,866,DB00540,P11229,-1.0298466682434082,0.8846052885055542,-0.4682103097438812,0.9304796457290649,-1.5914831161499023,0.8387309908866882,0.738849401473999,0.7488048672676086,0.9852900505065918,0.9852900505065918,0.0,0.6772392392158508,0.7902250289916992,1.3544520139694214,0.6976000666618347
867_P20309_DB00540,867,DB00540,P20309,-1.3117623329162598,0.9328100681304932,-0.9494356513023376,0.9680920839309692,-1.6740890741348267,0.8975280523300171,0.7114278674125671,0.6368600130081177,0.9729649424552917,0.9729649424552917,0.0,0.6460435390472412,0.7755334973335266,2.1134512424468994,1.1778013706207275
868_P31645_DB00543,868,DB00543,P31645,-0.7344003915786743,0.7818344235420227,-1.0045498609542847,0.8288813233375549,-0.46425098180770874,0.7347875237464905,0.8906798362731934,0.9282052516937256,0.9694914221763611,0.9694914221763611,0.0,0.8709769248962402,0.912782609462738,0.5687993168830872,0.8648824691772461
869_P23975_DB00543,869,DB00543,P23975,-1.187760829925537,0.9151655435562134,-1.1060110330581665,0.9501873254776001,-1.2695105075836182,0.8801437616348267,0.8797935843467712,0.9053893685340881,0.9586931467056274,0.9586931467056274,0.0,0.8600686192512512,0.8849669694900513,0.6228596568107605,1.0727276802062988
870_P08913_DB00543,870,DB00543,P08913,-1.5588250160217285,0.8511443734169006,-2.071711540222168,0.9682774543762207,-1.0459386110305786,0.7340112924575806,0.7458638548851013,0.6834896802902222,0.9764611721038818,0.9764611721038818,0.0,0.6882145404815674,0.8317651152610779,1.7950716018676758,0.7806514501571655
871_P11229_DB00543,871,DB00543,P11229,-0.8479428291320801,0.8019548654556274,-1.1904560327529907,0.8991101980209351,-0.5054295659065247,0.7047995328903198,0.7568942904472351,0.7601147294044495,0.9883012175559998,0.9883012175559998,0.0,0.6990424990653992,0.8091115355491638,1.2802777290344238,0.6416606903076172
872_P14416_DB00543,872,DB00543,P14416,-1.0646547079086304,0.825078547000885,-1.4455512762069702,0.967359721660614,-0.6837580800056458,0.682797372341156,0.782792329788208,0.8366869688034058,0.9808333516120911,0.9808333516120911,0.0,0.7332820892333984,0.8211058378219604,0.6853930950164795,0.6275860667228699
874_P21728_DB00543,874,DB00543,P21728,-1.1077662706375122,0.737028956413269,-1.552455186843872,0.8909839987754822,-0.6630773544311523,0.5830739736557007,0.7661135792732239,0.9236186146736145,0.981094479560852,0.981094479560852,0.0,0.712368369102478,0.8221405744552612,0.5129192471504211,0.5232185125350952
875_P35348_DB00543,875,DB00543,P35348,-1.8557581901550293,0.8586686849594116,-2.6278529167175293,0.996412456035614,-1.0836635828018188,0.7209248542785645,0.7815090417861938,0.9009203314781189,0.9828923940658569,0.9828923940658569,0.0,0.7311631441116333,0.835294246673584,0.5894894003868103,0.7391927242279053
876_O00591_DB00543,876,DB00543,O00591,-0.2780706584453583,0.5206600427627563,-1.0006887912750244,0.7205005288124084,0.44454747438430786,0.32081958651542664,0.7687792181968689,0.6912993788719177,0.8465889692306519,0.8465889692306519,0.0,0.749326765537262,0.6990501880645752,1.139815330505371,4.215590476989746
877_O14764_DB00543,877,DB00543,O14764,-0.524940013885498,0.6208629608154297,-1.3763271570205688,0.8121265172958374,0.326447069644928,0.4295993745326996,0.7651516199111938,0.7008523344993591,0.8620813488960266,0.8620813488960266,0.0,0.7409191727638245,0.5879279971122742,1.3658742904663086,2.8801307678222656
878_P08172_DB00543,878,DB00543,P08172,-1.0322200059890747,0.8553178310394287,-1.6160192489624023,0.9640927910804749,-0.4484207332134247,0.7465428113937378,0.747009813785553,0.8099534511566162,0.9787093997001648,0.9787093997001648,0.0,0.6890848875045776,0.7978990077972412,0.9330942034721375,0.6738384366035461
879_P08173_DB00543,879,DB00543,P08173,-0.8978829979896545,0.816839337348938,-1.5688339471817017,0.9233995079994202,-0.22693204879760742,0.7102792263031006,0.787862241268158,0.7267441749572754,0.987536609172821,0.987536609172821,0.0,0.7379435896873474,0.8511689901351929,1.53489089012146,0.8124313354492188
880_P08908_DB00543,880,DB00543,P08908,-1.8410282135009766,0.911515474319458,-2.3872523307800293,0.993726372718811,-1.2948040962219238,0.8293046355247498,0.7932265400886536,0.8068166971206665,0.9809432625770569,0.9809432625770569,0.0,0.7462973594665527,0.819704532623291,0.9918420910835266,0.7730611562728882
881_P08912_DB00543,881,DB00543,P08912,-0.9397261738777161,0.8434407711029053,-1.274493932723999,0.939712405204773,-0.6049584150314331,0.7471690773963928,0.7303323149681091,0.6608690023422241,0.9825986623764038,0.9825986623764038,0.0,0.6672656536102295,0.7972697019577026,2.0757570266723633,0.9456659555435181
882_P18089_DB00543,882,DB00543,P18089,-1.4511595964431763,0.812148928642273,-1.8531054258346558,0.9119166135787964,-1.0492137670516968,0.7123811841011047,0.7318029403686523,0.7368467450141907,0.9831519722938538,0.9831519722938538,0.0,0.6689656972885132,0.790302574634552,1.5753048658370972,0.5543684363365173
885_P18825_DB00543,885,DB00543,P18825,-1.8168749809265137,0.850601315498352,-2.119105339050293,0.9408801794052124,-1.5146446228027344,0.7603224515914917,0.7669554352760315,0.8311577439308167,0.9873464107513428,0.9873464107513428,0.0,0.7118576765060425,0.8356777429580688,0.7772957682609558,0.4567486345767975
886_P20309_DB00543,886,DB00543,P20309,-0.9964307546615601,0.8613868951797485,-1.4889615774154663,0.9680532217025757,-0.503899872303009,0.7547205090522766,0.7237033247947693,0.6566603183746338,0.9829428195953369,0.9829428195953369,0.0,0.6588934063911438,0.7930715084075928,1.9107273817062378,1.045127272605896
887_P21917_DB00543,887,DB00543,P21917,-1.8216805458068848,0.8373626470565796,-2.2180442810058594,0.9417459964752197,-1.4253168106079102,0.7329793572425842,0.7957720756530762,0.8284415006637573,0.9823986291885376,0.9823986291885376,0.0,0.7491154074668884,0.8691648840904236,0.8141757249832153,0.5541877746582031
888_P25100_DB00543,888,DB00543,P25100,-1.2834088802337646,0.7071025371551514,-1.356379747390747,0.7429978251457214,-1.2104380130767822,0.6712072491645813,0.6511399745941162,0.6304913759231567,0.968453586101532,0.968453586101532,0.0,0.5718115568161011,0.6869716048240662,2.3282675743103027,1.0692144632339478
889_P28222_DB00543,889,DB00543,P28222,-1.8399999141693115,0.9510849118232727,-2.289612293243408,0.9973334074020386,-1.3903874158859253,0.9048364162445068,0.8522551655769348,0.8328317403793335,0.9821578860282898,0.9821578860282898,0.0,0.8197794556617737,0.8879997730255127,0.696917712688446,0.5531330108642578
890_P28223_DB00543,890,DB00543,P28223,-2.1019845008850098,0.9150010347366333,-2.6303048133850098,0.9924876689910889,-1.5736639499664307,0.8375144004821777,0.8080154657363892,0.8200361728668213,0.9908376336097717,0.9908376336097717,0.0,0.7623099088668823,0.8529375791549683,0.7522807717323303,0.39124205708503723
891_P28335_DB00543,891,DB00543,P28335,-2.403571128845215,0.9274061918258667,-2.9457521438598633,0.9996129870414734,-1.8613903522491455,0.8551994562149048,0.7883619666099548,0.7342567443847656,0.9776950478553772,0.9776950478553772,0.0,0.7410287261009216,0.8581717610359192,1.4471709728240967,0.6058470606803894
892_P28472_DB00543,892,DB00543,P28472,-1.006157636642456,0.6040223836898804,-1.6160861253738403,0.7091329097747803,-0.3962290287017822,0.49891191720962524,0.8290566802024841,0.6714698076248169,0.9222368001937866,0.9222368001937866,0.0,0.8057615756988525,0.7684891223907471,1.2133347988128662,2.273897647857666
893_P31644_DB00543,893,DB00543,P31644,-0.34429559111595154,0.5491505861282349,-1.0438495874404907,0.8570709824562073,0.35525840520858765,0.24123024940490723,0.7786991000175476,0.7044282555580139,0.7752904295921326,0.7752904295921326,0.0,0.7795512080192566,0.6670770049095154,1.1954549551010132,5.984387397766113
894_P34903_DB00543,894,DB00543,P34903,-0.4706951677799225,0.5413557291030884,-1.437767505645752,0.8113258481025696,0.496377170085907,0.2713855803012848,0.7615547776222229,0.7092788815498352,0.8086152672767639,0.8086152672767639,0.0,0.7497896552085876,0.7283804416656494,1.577936053276062,5.912854194641113
895_P34969_DB00543,895,DB00543,P34969,-1.8944091796875,0.9161965250968933,-2.052126407623291,0.9896500110626221,-1.7366920709609985,0.8427430391311646,0.8021473288536072,0.9269986152648926,0.9840459823608398,0.9840459823608398,0.0,0.7566725611686707,0.8326064348220825,0.42211198806762695,0.47375524044036865
896_P35367_DB00543,896,DB00543,P35367,-2.1023383140563965,0.968317985534668,-2.5372939109802246,0.9997163414955139,-1.6673829555511475,0.936919629573822,0.7120937705039978,0.7185946702957153,0.985914409160614,0.985914409160614,0.0,0.6436386108398438,0.801443338394165,1.4632867574691772,0.5739033818244934
897_P35368_DB00543,897,DB00543,P35368,-1.82180917263031,0.8675554990768433,-2.4461140632629395,0.984207808971405,-1.1975042819976807,0.7509031295776367,0.7031755447387695,0.657371997833252,0.9752788543701172,0.9752788543701172,0.0,0.6351497173309326,0.7876157164573669,2.0465805530548096,0.8676767349243164
898_P35462_DB00543,898,DB00543,P35462,-1.9129059314727783,0.9037755727767944,-2.204235076904297,0.9947779178619385,-1.6215769052505493,0.8127732276916504,0.8994446992874146,0.8508924245834351,0.9769057631492615,0.9769057631492615,0.0,0.880079448223114,0.9029173851013184,0.5746010541915894,0.5490685105323792
904_P50406_DB00543,904,DB00543,P50406,-2.143568992614746,0.9210947155952454,-2.54740571975708,0.9990561604499817,-1.7397325038909912,0.843133270740509,0.7525510787963867,0.7644504308700562,0.9797587990760803,0.9797587990760803,0.0,0.6957491636276245,0.8248509168624878,1.4042927026748657,0.6115514039993286
906_Q01959_DB00543,906,DB00543,Q01959,-0.8772104978561401,0.8624006509780884,-0.7557835578918457,0.9216321110725403,-0.9986374974250793,0.8031691908836365,0.8587576150894165,0.8670980334281921,0.9462711215019226,0.9462711215019226,0.0,0.8368791937828064,0.8669857978820801,0.7801322937011719,1.232858419418335
907_Q16445_DB00543,907,DB00543,Q16445,-0.3950924575328827,0.5154407620429993,-1.2605617046356201,0.755174458026886,0.47037678956985474,0.27570703625679016,0.8363736271858215,0.7329165935516357,0.845326840877533,0.845326840877533,0.0,0.8341353535652161,0.7664564847946167,0.9758155941963196,3.596312999725342
910_Q9H3N8_DB00543,910,DB00543,Q9H3N8,-0.913322389125824,0.7346587181091309,-1.3691314458847046,0.9340314865112305,-0.45751333236694336,0.5352858901023865,0.7976851463317871,0.9079962372779846,0.9677723050117493,0.9677723050117493,0.0,0.7551633715629578,0.789638102054596,0.5051870346069336,0.6999772787094116
911_Q9UN88_DB00543,911,DB00543,Q9UN88,-0.4291207790374756,0.6991742849349976,-1.232733964920044,0.9428970217704773,0.3744924068450928,0.45545151829719543,0.6523606181144714,0.5791416764259338,0.745301365852356,0.745301365852356,0.0,0.6291254758834839,0.6046270728111267,2.68678879737854,6.492944240570068
913_P04150_DB00547,913,DB00547,P04150,-2.1342554092407227,0.9707009792327881,-2.0241503715515137,0.9767207503318787,-2.2443604469299316,0.9646811485290527,0.6030219197273254,0.4588395357131958,0.9908115267753601,0.9908115267753601,0.0,0.5060744881629944,0.7060208320617676,4.102562427520752,0.7111862301826477
919_P18314_DB00551,919,DB00551,P18314,3.3049066066741943,0.5582596063613892,3.3031411170959473,0.5908079743385315,3.3066720962524414,0.5257112383842468,0.9211896061897278,0.9688465595245361,0.7195674777030945,0.7195674777030945,0.0,0.9715951681137085,0.9606331586837769,0.505931556224823,9.636698722839355
921_P35367_DB00557,921,DB00557,P35367,-1.3449773788452148,0.9621542692184448,-2.1156206130981445,0.9984997510910034,-0.5743340849876404,0.9258087873458862,0.7001944780349731,0.7124842405319214,0.9604855179786682,0.9604855179786682,0.0,0.6351217031478882,0.7567540407180786,1.5374739170074463,0.8649361729621887
923_P0A7X3_DB00560,923,DB00560,P0A7X3,0.34915775060653687,0.5950627326965332,0.9938862323760986,0.6423419713973999,-0.2955707311630249,0.5477834343910217,0.732207715511322,0.8325814008712769,0.7117940783500671,0.7117940783500671,0.0,0.737311065196991,0.42514705657958984,0.7743538022041321,3.1640748977661133
924_P0A7S3_DB00560,924,DB00560,P0A7S3,0.3360944986343384,0.5883560180664062,1.0947742462158203,0.6830216646194458,-0.42258521914482117,0.4936903119087219,0.7427626848220825,0.8369172811508179,0.7277941703796387,0.7277941703796387,0.0,0.7465047836303711,0.4535315930843353,0.5278239846229553,2.1056909561157227
925_P0A7S9_DB00560,925,DB00560,P0A7S9,0.8493671417236328,0.5837328433990479,1.4400707483291626,0.6697386503219604,0.25866347551345825,0.4977269768714905,0.7080656886100769,0.7398037910461426,0.6708840727806091,0.6708840727806091,0.0,0.7173610329627991,0.4336490035057068,0.7423679232597351,2.9402661323547363
927_P0AG59_DB00560,927,DB00560,P0AG59,0.34608978033065796,0.5758644938468933,0.9669593572616577,0.5827059745788574,-0.2747797667980194,0.5690230131149292,0.7999746799468994,0.8134183287620544,0.7590641975402832,0.7590641975402832,0.0,0.8102023005485535,0.5767233967781067,0.5404128432273865,2.064466953277588
929_P00915_DB00562,929,DB00562,P00915,-1.2049657106399536,0.9375125169754028,-0.5593189001083374,0.9664938449859619,-1.8506125211715698,0.9085312485694885,0.9775888323783875,0.9835208058357239,0.9685721397399902,0.9685721397399902,0.0,0.9798429608345032,0.9550185799598694,0.3166108727455139,0.5458683371543884
930_P00918_DB00562,930,DB00562,P00918,-1.6509864330291748,0.98359215259552,-1.1768134832382202,0.9957935810089111,-2.125159502029419,0.9713907241821289,0.9774968028068542,0.9903760552406311,0.9784221053123474,0.9784221053123474,0.0,0.977265477180481,0.9632139205932617,0.2862982451915741,0.4150588810443878
931_P22748_DB00562,931,DB00562,P22748,-1.3955278396606445,0.9536500573158264,-0.5158706903457642,0.9483575820922852,-2.2751848697662354,0.9589425325393677,0.9138164520263672,0.948957622051239,0.9548043012619019,0.9548043012619019,0.0,0.9035695195198059,0.890451967716217,0.34251874685287476,0.5675374865531921
932_O43570_DB00562,932,DB00562,O43570,-1.0908277034759521,0.93487948179245,0.01599067449569702,0.9330300092697144,-2.197646141052246,0.9367289543151855,0.9273321032524109,0.8762158751487732,0.9892945885658264,0.9892945885658264,0.0,0.9118414521217346,0.9253003001213074,0.33795538544654846,0.3842521607875824
933_Q16790_DB00562,933,DB00562,Q16790,-1.2373923063278198,0.9469573497772217,-0.4115658402442932,0.9512386918067932,-2.063218832015991,0.9426760077476501,0.7650801539421082,0.7802311778068542,0.9592967629432678,0.9592967629432678,0.0,0.7165259718894958,0.80587238073349,1.1092445850372314,1.1658449172973633
934_P07451_DB00562,934,DB00562,P07451,-1.0707077980041504,0.950568675994873,-0.3978319764137268,0.9874005913734436,-1.7435835599899292,0.9137367606163025,0.9733902812004089,0.9831052422523499,0.9569414854049683,0.9569414854049683,0.0,0.9775024652481079,0.9492051601409912,0.30920761823654175,0.4908198118209839
935_P23280_DB00562,935,DB00562,P23280,-1.3382034301757812,0.9266727566719055,-0.4830619990825653,0.9380095601081848,-2.193344831466675,0.9153359532356262,0.9211360216140747,0.9287094473838806,0.953182578086853,0.953182578086853,0.0,0.9131243824958801,0.9139527082443237,0.4214053452014923,0.7448661923408508
936_P35218_DB00562,936,DB00562,P35218,-1.530980110168457,0.9614145159721375,-0.8446547985076904,0.9778107404708862,-2.2173054218292236,0.9450182914733887,0.8843414187431335,0.9063840508460999,0.9620760083198547,0.9620760083198547,0.0,0.8649078011512756,0.8752443790435791,0.6975533962249756,1.169083833694458
937_P43166_DB00562,937,DB00562,P43166,-1.5483007431030273,0.9658316373825073,-0.963696300983429,0.9841338992118835,-2.1329052448272705,0.9475294351577759,0.9772966504096985,0.9856573939323425,0.9707058668136597,0.9707058668136597,0.0,0.9789443612098694,0.9697667360305786,0.3194579780101776,0.48314282298088074
938_Q8N1Q1_DB00562,938,DB00562,Q8N1Q1,-1.7462806701660156,0.9817991256713867,-1.1337778568267822,0.9944970011711121,-2.358783483505249,0.9691011905670166,0.9775792956352234,0.9853180646896362,0.9820337891578674,0.9820337891578674,0.0,0.97646564245224,0.9610337018966675,0.29090508818626404,0.3993593454360962
939_Q9ULX7_DB00562,939,DB00562,Q9ULX7,-1.7321748733520508,0.9634631872177124,-1.1979117393493652,0.9764095544815063,-2.2664380073547363,0.9505167603492737,0.9305823445320129,0.8406877517700195,0.9657852053642273,0.9657852053642273,0.0,0.9217816591262817,0.8965408205986023,0.42383596301078796,0.6878110766410828
940_Q9Y2D0_DB00562,940,DB00562,Q9Y2D0,-1.6349256038665771,0.9715168476104736,-0.8625501394271851,0.9866004586219788,-2.4073009490966797,0.9564332365989685,0.8323680758476257,0.8190228343009949,0.9266738295555115,0.9266738295555115,0.0,0.8087916374206543,0.79982590675354,1.043012261390686,1.6089141368865967
941_P00374_DB00563,941,DB00563,P00374,-2.3980770111083984,0.9978638887405396,-2.31941556930542,0.998939573764801,-2.476738691329956,0.9967881441116333,0.9822463989257812,0.9839829802513123,0.985400915145874,0.985400915145874,0.0,0.9814577698707581,0.9777651429176331,0.2877880930900574,0.32452401518821716
942_P04818_DB00563,942,DB00563,P04818,-0.30337750911712646,0.7415776252746582,-0.3790692090988159,0.8666410446166992,-0.22768577933311462,0.6165142059326172,0.9439607858657837,0.9532448053359985,0.9658710956573486,0.9658710956573486,0.0,0.9384831190109253,0.889977753162384,0.33995234966278076,0.6698029637336731
943_P31939_DB00563,943,DB00563,P31939,0.743090033531189,0.5909124612808228,0.9558443427085876,0.8696331977844238,0.5303356647491455,0.3121916651725769,0.93214350938797,0.9253394603729248,0.8419331312179565,0.8419331312179565,0.0,0.9546961188316345,0.8810781240463257,0.4945930540561676,4.592154502868652
947_Q71U36_DB00570,947,DB00570,Q71U36,-1.3833413124084473,0.686816930770874,-1.0826359987258911,0.817746102809906,-1.6840466260910034,0.555887758731842,0.865301787853241,0.9542263746261597,0.7966834902763367,0.7966834902763367,0.0,0.8824564218521118,0.6633297204971313,0.5606268048286438,4.796980381011963
948_Q9UJT0_DB00570,948,DB00570,Q9UJT0,-0.7903293371200562,0.5978609323501587,-0.5475706458091736,0.7060518264770508,-1.0330880880355835,0.4896699786186218,0.7800803780555725,0.9099807739257812,0.7178335785865784,0.7178335785865784,0.0,0.795642077922821,0.5117180347442627,0.8386780023574829,6.050011157989502
953_Q07869_DB00573,953,DB00573,Q07869,1.432062029838562,0.8184171319007874,1.1127121448516846,0.8135316371917725,1.7514119148254395,0.8233026266098022,0.7754998207092285,0.6943049430847168,0.9705919623374939,0.9705919623374939,0.0,0.726726770401001,0.8216758966445923,1.6626187562942505,0.9803551435470581
954_P08913_DB00575,954,DB00575,P08913,-0.9951103329658508,0.9614261388778687,-0.46769264340400696,0.9677137136459351,-1.522528052330017,0.955138623714447,0.7397595643997192,0.7428262829780579,0.9801796674728394,0.9801796674728394,0.0,0.6796545386314392,0.8128404021263123,1.5436519384384155,0.6493832468986511
955_P18089_DB00575,955,DB00575,P18089,-0.9138949513435364,0.9422522187232971,-0.6189568042755127,0.9544395208358765,-1.20883309841156,0.9300649166107178,0.7474005818367004,0.7349516749382019,0.9768325686454773,0.9768325686454773,0.0,0.6900425553321838,0.8130195736885071,1.6687071323394775,0.6011047959327698
956_P18825_DB00575,956,DB00575,P18825,-1.0443341732025146,0.9593123197555542,-0.46152710914611816,0.9643089175224304,-1.6271412372589111,0.954315721988678,0.7642817497253418,0.9302732348442078,0.9872838258743286,0.9872838258743286,0.0,0.7085312008857727,0.8226084113121033,0.4253659248352051,0.42951157689094543
957_P25100_DB00575,957,DB00575,P25100,-0.36809587478637695,0.9363598823547363,0.41933295130729675,0.9414250254631042,-1.155524730682373,0.9312946796417236,0.665432333946228,0.7304941415786743,0.9845340251922607,0.9845340251922607,0.0,0.5856568813323975,0.7348585724830627,1.795527458190918,0.6626062989234924
958_P35348_DB00575,958,DB00575,P35348,-0.6955603361129761,0.9632806777954102,-0.40519267320632935,0.9697844386100769,-0.9859279990196228,0.9567768573760986,0.7618232369422913,0.9106624722480774,0.9875946044921875,0.9875946044921875,0.0,0.705380380153656,0.8107786774635315,0.5399346947669983,0.5463538765907288
959_P35368_DB00575,959,DB00575,P35368,-0.670263409614563,0.9763041734695435,-0.1456952691078186,0.9848433136940002,-1.1948316097259521,0.9677649736404419,0.7121764421463013,0.6887391209602356,0.9845507740974426,0.9845507740974426,0.0,0.6440828442573547,0.7764937877655029,1.9287068843841553,0.5679751634597778
961_P10613_DB00582,961,DB00582,P10613,-0.0006537139415740967,0.5098106265068054,0.2514486610889435,0.5622893571853638,-0.2527560889720917,0.4573318660259247,0.9393650889396667,0.9479932188987732,0.9595378041267395,0.9595378041267395,0.0,0.9343218803405762,0.8934205174446106,0.37965133786201477,0.9521071314811707
963_P04150_DB00588,963,DB00588,P04150,-3.2839741706848145,0.9957332611083984,-3.429779052734375,0.9997648596763611,-3.138169288635254,0.9917016625404358,0.6037527918815613,0.4797365665435791,0.9904548525810242,0.9904548525810242,0.0,0.5070772767066956,0.727964460849762,3.8791303634643555,0.684130072593689
975_P00749_DB00594,975,DB00594,P00749,0.9526475667953491,0.7800971269607544,0.6004847884178162,0.8926078677177429,1.3048102855682373,0.6675864458084106,0.897355854511261,0.7278610467910767,0.9860546588897705,0.9860546588897705,0.0,0.8751811981201172,0.8712201118469238,0.6890617609024048,0.5689395666122437
983_P04150_DB00596,983,DB00596,P04150,-2.541775941848755,0.9759113788604736,-2.4813952445983887,0.991939127445221,-2.602156639099121,0.9598835706710815,0.602878987789154,0.4311501383781433,0.9819499850273132,0.9819499850273132,0.0,0.5081111788749695,0.708956778049469,4.271885871887207,0.9157122373580933
984_P07550_DB00598,984,DB00598,P07550,-1.4654440879821777,0.9879735708236694,-1.2373708486557007,0.9975079298019409,-1.6935173273086548,0.9784391522407532,0.8201284408569336,0.8268682360649109,0.9828298687934875,0.9828298687934875,0.0,0.7794530391693115,0.8931545615196228,0.9670121669769287,0.626690149307251
985_P08588_DB00598,985,DB00598,P08588,-1.7380670309066772,0.9847337603569031,-1.526087999343872,0.9875105619430542,-1.9500460624694824,0.981956958770752,0.755586564540863,0.7456976771354675,0.983315646648407,0.983315646648407,0.0,0.6986542344093323,0.8235297799110413,1.559844970703125,0.8254039883613586
986_P25100_DB00598,986,DB00598,P25100,-0.017135582864284515,0.8128209114074707,0.06411907076835632,0.8815457820892334,-0.09839023649692535,0.7440959811210632,0.6530094146728516,0.654895544052124,0.9563742876052856,0.9563742876052856,0.0,0.5771682262420654,0.7309576272964478,2.158979654312134,1.1560074090957642
987_P35348_DB00598,987,DB00598,P35348,0.3205849528312683,0.80211341381073,0.7524391412734985,0.8887999057769775,-0.11126925051212311,0.7154268622398376,0.7866601347923279,0.8805748820304871,0.9798252582550049,0.9798252582550049,0.0,0.7383688688278198,0.8306369185447693,0.5525963306427002,0.7545174956321716
988_P35368_DB00598,988,DB00598,P35368,-0.03037157654762268,0.831993818283081,0.15645790100097656,0.9013372659683228,-0.21720105409622192,0.7626503705978394,0.7033801078796387,0.6454541087150574,0.9725314378738403,0.9725314378738403,0.0,0.6360923051834106,0.7734466791152954,1.9985319375991821,0.9447275996208191
989_P14679_DB00600,989,DB00600,P14679,1.4191501140594482,0.5065743923187256,1.2391021251678467,0.5509021282196045,1.5991982221603394,0.4622466564178467,0.8497058153152466,0.8471965789794922,0.8658584356307983,0.8658584356307983,0.0,0.8456676006317139,0.7820786833763123,0.923377275466919,3.1700589656829834
990_P54710_DB00606,990,DB00606,P54710,-0.14693254232406616,0.5558353066444397,-0.4528544545173645,0.7220237851142883,0.15898938477039337,0.3896467983722687,0.6769072413444519,0.7268075942993164,0.8150687217712402,0.8150687217712402,0.0,0.642366886138916,0.49777984619140625,0.5312994122505188,1.3729809522628784
991_P00915_DB00606,991,DB00606,P00915,-0.8174968361854553,0.9436756372451782,-0.5841935873031616,0.9877800941467285,-1.050800085067749,0.8995711207389832,0.9810992479324341,0.9852764010429382,0.9810685515403748,0.9810685515403748,0.0,0.9811069369316101,0.9654843807220459,0.2966355085372925,0.46870455145835876
992_P00918_DB00606,992,DB00606,P00918,-1.598412036895752,0.9872846603393555,-1.3006082773208618,0.9975696206092834,-1.8962156772613525,0.9769996404647827,0.9779787063598633,0.9918125867843628,0.9795376658439636,0.9795376658439636,0.0,0.977588951587677,0.9678484201431274,0.28216007351875305,0.409676730632782
994_P07451_DB00606,994,DB00606,P07451,-1.1636321544647217,0.9383692145347595,-0.9388084411621094,0.972337007522583,-1.388455867767334,0.904401421546936,0.9782584309577942,0.9845529198646545,0.9717658758163452,0.9717658758163452,0.0,0.9798815250396729,0.9592348337173462,0.29069313406944275,0.41749659180641174
995_P22748_DB00606,995,DB00606,P22748,-1.2145428657531738,0.9501103162765503,-0.4158726632595062,0.9495046734809875,-2.0132131576538086,0.950715959072113,0.9040970206260681,0.9749463200569153,0.9681043028831482,0.9681043028831482,0.0,0.8880951404571533,0.9078083634376526,0.3087743818759918,0.4754055142402649
996_P23280_DB00606,996,DB00606,P23280,-1.281587839126587,0.9317804574966431,-0.6533112525939941,0.9258366823196411,-1.9098645448684692,0.937724232673645,0.9321156740188599,0.957000732421875,0.965916097164154,0.965916097164154,0.0,0.9236655831336975,0.9301996827125549,0.3391707241535187,0.5507028102874756
997_P35218_DB00606,997,DB00606,P35218,-1.724077820777893,0.9755234718322754,-1.2755284309387207,0.9866979718208313,-2.1726272106170654,0.9643490314483643,0.8726669549942017,0.8742843866348267,0.9715396165847778,0.9715396165847778,0.0,0.8479487895965576,0.8704174757003784,0.801488995552063,1.160162091255188
998_P43166_DB00606,998,DB00606,P43166,-1.4427927732467651,0.9664517045021057,-1.0998191833496094,0.9817372560501099,-1.785766363143921,0.9511661529541016,0.9754633903503418,0.9835800528526306,0.9802821278572083,0.9802821278572083,0.0,0.9742586612701416,0.9655824899673462,0.31720438599586487,0.437844455242157
999_Q16790_DB00606,999,DB00606,Q16790,-1.512279987335205,0.9306906461715698,-1.0941604375839233,0.9298540949821472,-1.9303995370864868,0.9315271377563477,0.7578246593475342,0.7286537885665894,0.9700148105621338,0.9700148105621338,0.0,0.7047771215438843,0.7936800718307495,1.3687537908554077,1.376526117324829
1000_Q8N1Q1_DB00606,1000,DB00606,Q8N1Q1,-1.3742547035217285,0.9802154302597046,-0.816733717918396,0.9935988187789917,-1.9317758083343506,0.9668320417404175,0.9739312529563904,0.9851797819137573,0.9739527106285095,0.9739527106285095,0.0,0.9739258289337158,0.9470983743667603,0.2904421389102936,0.4232527017593384
1001_Q9ULX7_DB00606,1001,DB00606,Q9ULX7,-1.7902462482452393,0.9753117561340332,-1.6710480451583862,0.9924633502960205,-1.9094443321228027,0.9581601619720459,0.9320211410522461,0.8230591416358948,0.978425920009613,0.978425920009613,0.0,0.9204199910163879,0.9197951555252075,0.4223279654979706,0.6234151721000671
1002_Q9Y2D0_DB00606,1002,DB00606,Q9Y2D0,-1.625983476638794,0.9644044637680054,-1.2983163595199585,0.9724856615066528,-1.9536505937576294,0.9563232064247131,0.8517414927482605,0.8354751467704773,0.9598550796508789,0.9598550796508789,0.0,0.8247131109237671,0.8472297191619873,0.919337272644043,1.1698145866394043
1005_P08588_DB00612,1005,DB00612,P08588,-1.5605614185333252,0.9847614169120789,-2.221249580383301,0.9994624257087708,-0.8998733162879944,0.970060408115387,0.7659425735473633,0.7994780540466309,0.9873892068862915,0.9873892068862915,0.0,0.7105809450149536,0.8229613900184631,1.1781293153762817,0.6173726916313171
1006_P07550_DB00612,1006,DB00612,P07550,-0.3437356948852539,0.9737237095832825,-0.4023865759372711,0.9712911248207092,-0.2850847840309143,0.9761562943458557,0.819324791431427,0.7974160313606262,0.978117823600769,0.978117823600769,0.0,0.7796265482902527,0.8906263709068298,1.1165032386779785,0.6408893465995789
1009_P09619_DB00619,1009,DB00619,P09619,-1.0500625371932983,0.8443584442138672,-1.2259948253631592,0.876750648021698,-0.8741303086280823,0.8119663000106812,0.7491384148597717,0.5574299693107605,0.9772135615348816,0.9772135615348816,0.0,0.6921195983886719,0.7453440427780151,1.7493700981140137,1.8165069818496704
1010_P00519_DB00619,1010,DB00619,P00519,-1.4270923137664795,0.7224682569503784,-1.830090880393982,0.9173150062561035,-1.024093747138977,0.5276215672492981,0.6224287152290344,0.5189037322998047,0.9640963673591614,0.9640963673591614,0.0,0.5370118021965027,0.6427838206291199,3.9586596488952637,2.0262556076049805
1012_P07333_DB00619,1012,DB00619,P07333,-1.4996349811553955,0.8399379253387451,-1.9481645822525024,0.9520567059516907,-1.051105260848999,0.7278190851211548,0.7977696061134338,0.4871843159198761,0.9714686274528503,0.9714686274528503,0.0,0.7543448209762573,0.7873607277870178,1.4583232402801514,1.860363483428955
1013_P10721_DB00619,1013,DB00619,P10721,-0.35927730798721313,0.613068699836731,-0.20692476630210876,0.5178390145301819,-0.5116298198699951,0.70829838514328,0.8056511878967285,0.5042735934257507,0.9797106385231018,0.9797106385231018,0.0,0.7621362805366516,0.8077669143676758,1.3356117010116577,1.3460760116577148
1014_P16234_DB00619,1014,DB00619,P16234,-1.599287986755371,0.8936053514480591,-1.3647085428237915,0.8776471018791199,-1.8338673114776611,0.9095636606216431,0.759555995464325,0.5361328721046448,0.984785258769989,0.984785258769989,0.0,0.7032486796379089,0.7593947052955627,1.5555810928344727,1.3271076679229736
1015_Q08345_DB00619,1015,DB00619,Q08345,-1.0685596466064453,0.7014487981796265,-1.5282055139541626,0.8474552035331726,-0.6089137196540833,0.5554423332214355,0.755885899066925,0.5242043137550354,0.9800978899002075,0.9800978899002075,0.0,0.6998328566551208,0.7656251192092896,1.8107926845550537,1.6028623580932617
1016_P11274_DB00619,1016,DB00619,P11274,-0.06376826763153076,0.6148731708526611,-1.1261489391326904,0.8632619380950928,0.9986124038696289,0.3664843440055847,0.6049763560295105,0.4872499108314514,0.669343888759613,0.669343888759613,0.0,0.5888844132423401,0.607044517993927,3.5330429077148438,12.559112548828125
1017_Q16832_DB00619,1017,DB00619,Q16832,-0.20802095532417297,0.6062784790992737,-1.0509017705917358,0.786673367023468,0.6348598599433899,0.42588359117507935,0.7844133377075195,0.47471797466278076,0.9746012091636658,0.9746012091636658,0.0,0.7368663549423218,0.7674242854118347,1.6201673746109009,1.858038306236267
1018_P14416_DB00623,1018,DB00623,P14416,-2.3798511028289795,0.9487172365188599,-2.6105852127075195,0.9890444278717041,-2.1491169929504395,0.9083900451660156,0.760628879070282,0.7085902094841003,0.9801373481750488,0.9801373481750488,0.0,0.7057517170906067,0.821651816368103,1.2388670444488525,0.6814481019973755
1019_P0DP23_DB00623,1019,DB00623,P0DP23,0.07894730567932129,0.5522910952568054,0.2842915952205658,0.6414910554885864,-0.12639698386192322,0.463091105222702,0.8640961050987244,0.9085443615913391,0.9381733536720276,0.9381733536720276,0.0,0.8455767035484314,0.7951987981796265,0.3783375024795532,0.6400592923164368
1020_P21728_DB00623,1020,DB00623,P21728,-1.7752773761749268,0.7756360769271851,-1.5343049764633179,0.7408220171928406,-2.016249656677246,0.8104501366615295,0.7956116795539856,0.9229633212089539,0.9831745624542236,0.9831745624542236,0.0,0.7487209439277649,0.8395135998725891,0.45875778794288635,0.5330275297164917
1022_P28223_DB00623,1022,DB00623,P28223,-2.0710768699645996,0.9001315832138062,-1.6009490489959717,0.907265841960907,-2.5412049293518066,0.8929973244667053,0.8113624453544617,0.7964353561401367,0.9877316951751709,0.9877316951751709,0.0,0.7672702074050903,0.8750478625297546,0.8369978070259094,0.4613949954509735
1023_P28335_DB00623,1023,DB00623,P28335,-2.3584771156311035,0.9100104570388794,-2.2220091819763184,0.9604501128196716,-2.4949452877044678,0.8595708012580872,0.7738315463066101,0.7855533957481384,0.9834339022636414,0.9834339022636414,0.0,0.7214308977127075,0.852360725402832,1.1597745418548584,0.5285832285881042
1024_P14324_DB00630,1024,DB00630,P14324,0.8544379472732544,0.5996335744857788,1.4624249935150146,0.6336652636528015,0.24645090103149414,0.5656018257141113,0.8244673609733582,0.823613703250885,0.8437345623970032,0.8437345623970032,0.0,0.8196505308151245,0.724104642868042,0.9230618476867676,4.575205326080322
1025_P29074_DB00630,1025,DB00630,P29074,1.064475178718567,0.5495280623435974,0.7214134931564331,0.6275851130485535,1.4075368642807007,0.47147098183631897,0.7365732192993164,0.4717928171157837,0.9144598245620728,0.9144598245620728,0.0,0.6921015381813049,0.6994830369949341,2.2262651920318604,3.7990314960479736
1028_Q13332_DB00630,1028,DB00630,Q13332,1.6786473989486694,0.5146065354347229,1.6769052743911743,0.5701138973236084,1.6803895235061646,0.459099143743515,0.7527825236320496,0.42787083983421326,0.5749251842498779,0.5749251842498779,0.0,0.7972468137741089,0.7552942037582397,1.0416125059127808,14.57907772064209
1032_P04035_DB00641,1032,DB00641,P04035,0.3064688444137573,0.5203220248222351,0.6394986510276794,0.5647932291030884,-0.026560958474874496,0.47585079073905945,0.7664095759391785,0.6668221354484558,0.6676542162895203,0.6676542162895203,0.0,0.7910983562469482,0.6706677675247192,1.2793922424316406,6.987471103668213
1033_P20701_DB00641,1033,DB00641,P20701,0.4366143047809601,0.5447558164596558,0.20692415535449982,0.5625622868537903,0.6663044691085815,0.5269493460655212,0.7692514657974243,0.6291186809539795,0.7562934756278992,0.7562934756278992,0.0,0.772490918636322,0.7162458896636963,1.0189443826675415,7.292355060577393
1036_P15538_DB00648,1036,DB00648,P15538,0.34271886944770813,0.7059710621833801,0.39200443029403687,0.8488481640815735,0.2934333086013794,0.5630939602851868,0.9011465907096863,0.9269061088562012,0.9124644994735718,0.9124644994735718,0.0,0.8983171582221985,0.8097851276397705,0.5809962153434753,1.8423100709915161
1038_P03372_DB00648,1038,DB00648,P03372,0.34372591972351074,0.6976624727249146,-0.08989670872688293,0.8166254758834839,0.777348518371582,0.5786994695663452,0.6492763757705688,0.5585386157035828,0.9860399961471558,0.9860399961471558,0.0,0.5650854706764221,0.7061091661453247,2.8702473640441895,0.6696351170539856
1042_P27815_DB00651,1042,DB00651,P27815,2.186718225479126,0.5737597942352295,2.4251928329467773,0.6786054968833923,1.948243498802185,0.4689141511917114,0.6607346534729004,0.6304153203964233,0.9705580472946167,0.9705580472946167,0.0,0.5832787752151489,0.7016809582710266,3.009359121322632,1.649938941001892
1046_P30542_DB00651,1046,DB00651,P30542,1.9625639915466309,0.5541173219680786,1.5910236835479736,0.6772031784057617,2.334104299545288,0.4310314357280731,0.9496035575866699,0.9469693303108215,0.9802210330963135,0.9802210330963135,0.0,0.941949188709259,0.9487709999084473,0.31124818325042725,0.4279549717903137
1047_P03372_DB00655,1047,DB00655,P03372,-2.545536994934082,0.9837324619293213,-2.2523765563964844,0.9924652576446533,-2.8386971950531006,0.9749996066093445,0.6457531452178955,0.5493203997612,0.9939610362052917,0.9939610362052917,0.0,0.5587011575698853,0.7355980277061462,2.8417294025421143,0.4412870705127716
1050_Q92731_DB00655,1050,DB00655,Q92731,-1.8775861263275146,0.9488714933395386,-1.8181143999099731,0.9579242467880249,-1.9370577335357666,0.9398186802864075,0.6735199093818665,0.6402760744094849,0.9932618141174316,0.9932618141174316,0.0,0.593584418296814,0.7560707330703735,1.9420632123947144,0.4011281132698059
1051_P04278_DB00655,1051,DB00655,P04278,-0.830931544303894,0.8540061712265015,-1.0360974073410034,0.9014748334884644,-0.6257657408714294,0.8065374493598938,0.9010869264602661,0.8648532032966614,0.9886754751205444,0.9886754751205444,0.0,0.8791897892951965,0.9281525015830994,0.4760390520095825,0.4565233290195465
1055_Q13936_DB00661,1055,DB00661,Q13936,0.7250698208808899,0.5103344917297363,0.557117223739624,0.6623843908309937,0.8930224180221558,0.35828453302383423,0.6777110695838928,0.7040258646011353,0.8810834288597107,0.8810834288597107,0.0,0.626867949962616,0.6152671575546265,2.182512044906616,3.6472079753875732
1056_O00555_DB00661,1056,DB00661,O00555,0.21011298894882202,0.5874379873275757,-0.3740180730819702,0.7093133926391602,0.7942440509796143,0.465562641620636,0.6415104866027832,0.6176686882972717,0.8415338397026062,0.8415338397026062,0.0,0.5915046334266663,0.6046914458274841,3.0335729122161865,5.025884628295898
1057_P31645_DB00661,1057,DB00661,P31645,0.31617826223373413,0.80063396692276,0.2615073323249817,0.9141395688056946,0.3708491623401642,0.6871283650398254,0.8747113347053528,0.8812206387519836,0.9147460460662842,0.9147460460662842,0.0,0.8647026419639587,0.8611075282096863,0.8414397835731506,1.5516575574874878
1058_Q00975_DB00661,1058,DB00661,Q00975,0.5326426029205322,0.5738667845726013,-0.04540029168128967,0.7430719137191772,1.1106854677200317,0.4046616554260254,0.6581977009773254,0.6443259119987488,0.8757530450820923,0.8757530450820923,0.0,0.6038088798522949,0.5983087420463562,2.6832339763641357,3.7865357398986816
1059_P25100_DB00661,1059,DB00661,P25100,0.6543669104576111,0.6365886330604553,1.6199806928634644,0.798724889755249,-0.3112468421459198,0.47445234656333923,0.6614097952842712,0.6478566527366638,0.9450495839118958,0.9450495839118958,0.0,0.5904998183250427,0.7273492813110352,2.1731441020965576,1.5889897346496582
1060_P35348_DB00661,1060,DB00661,P35348,-0.04833509773015976,0.6084245443344116,0.21481211483478546,0.7118785977363586,-0.311482310295105,0.5049704909324646,0.7613045573234558,0.8966546654701233,0.9213733077049255,0.9213733077049255,0.0,0.7212873101234436,0.8127838969230652,0.6444624066352844,1.4720556735992432
1062_O95180_DB00661,1062,DB00661,O95180,0.5543659925460815,0.5224899053573608,0.2764279246330261,0.6524190902709961,0.8323040008544922,0.392560750246048,0.6021196246147156,0.6046608090400696,0.7841506600379944,0.7841506600379944,0.0,0.5566118955612183,0.5961387157440186,3.2347323894500732,6.742987155914307
1070_Q01668_DB00661,1070,DB00661,Q01668,0.38879239559173584,0.5143757462501526,-0.17626364529132843,0.7072299122810364,0.9538484215736389,0.3215215504169464,0.7153992652893066,0.7107950448989868,0.9194021821022034,0.9194021821022034,0.0,0.6643985509872437,0.67111736536026,2.185807704925537,2.699023723602295
1109_P30556_DB00678,1109,DB00678,P30556,-1.5623587369918823,0.858630359172821,-1.711283564567566,0.8365566730499268,-1.4134339094161987,0.8807040452957153,0.8862380385398865,0.8893454074859619,0.9798644185066223,0.9798644185066223,0.0,0.8628313541412354,0.9173399806022644,0.6088776588439941,0.6986117362976074
1110_Q9BQB6_DB00682,1110,DB00682,Q9BQB6,0.007098831236362457,0.6188296675682068,-0.10539844632148743,0.6206969618797302,0.11959610879421234,0.6169623732566833,0.9450477957725525,0.9280921220779419,0.9380598664283752,0.9380598664283752,0.0,0.9467947483062744,0.9529615640640259,0.41144442558288574,0.5818374752998352
1115_P02919_DB00689,1115,DB00689,P02919,-1.0792303085327148,0.9235639572143555,-1.0308103561401367,0.9436978697776794,-1.1276503801345825,0.9034301042556763,0.8709549307823181,0.8465890884399414,0.9839732646942139,0.9839732646942139,0.0,0.8427002429962158,0.8760310411453247,0.8722716569900513,1.0993900299072266
1117_P08913_DB00692,1117,DB00692,P08913,-0.8401066064834595,0.8607951402664185,-0.860386073589325,0.8465177416801453,-0.8198270797729492,0.8750725388526917,0.7451130747795105,0.7070369720458984,0.9842303395271301,0.9842303395271301,0.0,0.685333788394928,0.8274412155151367,1.786604881286621,0.6366767287254333
1118_P35348_DB00692,1118,DB00692,P35348,-0.8952913284301758,0.805889368057251,-1.013972282409668,0.8022104501724243,-0.7766103744506836,0.8095683455467224,0.7564064264297485,0.8458131551742554,0.9727141261100769,0.9727141261100769,0.0,0.7023294568061829,0.8087320923805237,0.8325790166854858,0.9107290506362915
1119_P25100_DB00692,1119,DB00692,P25100,-0.6655970811843872,0.8045936822891235,-0.34908774495124817,0.7677475810050964,-0.9821063876152039,0.8414397239685059,0.6653891801834106,0.6465802192687988,0.9835662841796875,0.9835662841796875,0.0,0.585844874382019,0.7389070391654968,2.1969683170318604,0.8246819972991943
1120_P35368_DB00692,1120,DB00692,P35368,-0.20035533607006073,0.7673845291137695,-0.2509123384952545,0.7766581773757935,-0.14979833364486694,0.7581109404563904,0.7018910050392151,0.7840418219566345,0.9751614928245544,0.9751614928245544,0.0,0.6335733532905579,0.7618536949157715,1.2748435735702515,0.8775109648704529
1121_P18089_DB00692,1121,DB00692,P18089,-0.7911562919616699,0.8063029050827026,-0.504921555519104,0.7763231992721558,-1.0773910284042358,0.8362826108932495,0.7463447451591492,0.7178850769996643,0.9865623712539673,0.9865623712539673,0.0,0.6862903833389282,0.8232980370521545,1.6697158813476562,0.4828633964061737
1122_P18825_DB00692,1122,DB00692,P18825,-1.2557973861694336,0.8521686792373657,-1.014234185218811,0.8254821300506592,-1.4973607063293457,0.8788552284240723,0.7705044150352478,0.8497398495674133,0.9913482069969177,0.9913482069969177,0.0,0.7152934670448303,0.8429424166679382,0.6838690638542175,0.3804435431957245
1127_P35348_DB00696,1127,DB00696,P35348,-1.5592244863510132,0.8335475921630859,-2.115656852722168,0.9431109428405762,-1.0027921199798584,0.7239843010902405,0.7657690644264221,0.7061278820037842,0.9629029631614685,0.9629029631614685,0.0,0.7164855599403381,0.8463085889816284,1.3395146131515503,0.9763542413711548
1128_P28221_DB00696,1128,DB00696,P28221,-1.9731045961380005,0.9482399225234985,-2.251185894012451,0.9868018627166748,-1.6950232982635498,0.909678041934967,0.8040174841880798,0.8885743021965027,0.9636028409004211,0.9636028409004211,0.0,0.7641211152076721,0.8146767020225525,0.6372254490852356,0.9848067164421082
1129_P28222_DB00696,1129,DB00696,P28222,-1.7481670379638672,0.9215251207351685,-2.1013708114624023,0.9846187233924866,-1.394963264465332,0.8584315776824951,0.8565518260002136,0.8537499904632568,0.9817256331443787,0.9817256331443787,0.0,0.8252584338188171,0.8847600817680359,0.6125260591506958,0.542384147644043
1130_P28223_DB00696,1130,DB00696,P28223,-2.0309524536132812,0.9273053407669067,-2.537966251373291,0.9905828237533569,-1.5239388942718506,0.8640279173851013,0.8004304766654968,0.7998290657997131,0.9714093804359436,0.9714093804359436,0.0,0.7576857805252075,0.8068827390670776,0.8794383406639099,0.6714227199554443
1131_P08913_DB00696,1131,DB00696,P08913,-1.5948715209960938,0.939720630645752,-1.1374210119247437,0.9606541395187378,-2.0523219108581543,0.9187871217727661,0.725232720375061,0.69219970703125,0.9552049040794373,0.9552049040794373,0.0,0.6677396297454834,0.7858297228813171,1.6958324909210205,1.1646029949188232
1132_P14416_DB00696,1132,DB00696,P14416,-1.7396290302276611,0.9207725524902344,-2.202138900756836,0.9710457921028137,-1.2771192789077759,0.8704993724822998,0.7763951420783997,0.8350457549095154,0.9740864038467407,0.9740864038467407,0.0,0.7269723415374756,0.8120945692062378,0.7412193417549133,0.8064588308334351
1133_P25100_DB00696,1133,DB00696,P25100,-1.3581055402755737,0.7865994572639465,-1.7015690803527832,0.9290463924407959,-1.0146420001983643,0.6441525220870972,0.6600840091705322,0.6270009875297546,0.9481232166290283,0.9481232166290283,0.0,0.5880742073059082,0.7408560514450073,2.2073874473571777,1.413659930229187
1134_P35368_DB00696,1134,DB00696,P35368,-1.7188668251037598,0.8525480628013611,-1.9086549282073975,0.9284908175468445,-1.529078722000122,0.7766053080558777,0.7150424122810364,0.7882810831069946,0.979184627532959,0.979184627532959,0.0,0.6490068435668945,0.7830597162246704,1.2852048873901367,0.7224624156951904
1135_P08908_DB00696,1135,DB00696,P08908,-1.860029935836792,0.9216784238815308,-2.2789463996887207,0.9796635508537292,-1.4411133527755737,0.863693356513977,0.8065460324287415,0.8386132717132568,0.9796239137649536,0.9796239137649536,0.0,0.7632765173912048,0.867104709148407,0.802169919013977,0.6943714618682861
1136_P21728_DB00696,1136,DB00696,P21728,-1.2045302391052246,0.8421081304550171,-1.2775920629501343,0.8670346736907959,-1.1314682960510254,0.8171815276145935,0.7709136009216309,0.8948007225990295,0.9715532064437866,0.9715532064437866,0.0,0.7207537293434143,0.8104633688926697,0.6591329574584961,0.7765427231788635
1137_P21918_DB00696,1137,DB00696,P21918,-1.4607188701629639,0.8860234618186951,-1.1834505796432495,0.9263712167739868,-1.7379870414733887,0.8456757068634033,0.7331507802009583,0.7813205718994141,0.9580529928207397,0.9580529928207397,0.0,0.6769251823425293,0.7986572980880737,1.1359434127807617,1.1302011013031006
1138_P28335_DB00696,1138,DB00696,P28335,-1.3947241306304932,0.7563114166259766,-1.853900671005249,0.8657017350196838,-0.9355475306510925,0.6469210386276245,0.7664378881454468,0.7564634084701538,0.9682402610778809,0.9682402610778809,0.0,0.7159872651100159,0.8373836278915405,1.250643253326416,0.7320497035980225
1141_P18825_DB00696,1141,DB00696,P18825,-1.671480655670166,0.9160947799682617,-1.6514257192611694,0.9758093953132629,-1.691535472869873,0.8563801050186157,0.7502674460411072,0.8787436485290527,0.9780074954032898,0.9780074954032898,0.0,0.6933324337005615,0.8155384659767151,0.6628291010856628,0.5707192420959473
1143_P00915_DB00703,1143,DB00703,P00915,-1.221127986907959,0.985886812210083,-1.3793989419937134,0.9999955892562866,-1.0628571510314941,0.9717780947685242,0.9826655387878418,0.9828005433082581,0.9938820004463196,0.9938820004463196,0.0,0.9798613786697388,0.970747709274292,0.2778969407081604,0.3360505700111389
1144_P00918_DB00703,1144,DB00703,P00918,-1.8990658521652222,0.9986433982849121,-1.9520374536514282,1.0,-1.8460942506790161,0.9972867965698242,0.9811322093009949,0.9912781119346619,0.9965365529060364,0.9965365529060364,0.0,0.9772810935974121,0.9790586233139038,0.26069188117980957,0.2679700255393982
1145_P22748_DB00703,1145,DB00703,P22748,-1.071803331375122,0.9758834838867188,-1.0844173431396484,0.9999574422836304,-1.0591893196105957,0.9518095850944519,0.9114937782287598,0.9729904532432556,0.9941802620887756,0.9941802620887756,0.0,0.890822172164917,0.9364235997200012,0.2902721166610718,0.31679293513298035
1146_P43166_DB00703,1146,DB00703,P43166,-1.9177095890045166,0.996904730796814,-2.129894733428955,0.9999998807907104,-1.7055245637893677,0.9938096404075623,0.9825887680053711,0.9872947931289673,0.9962005615234375,0.9962005615234375,0.0,0.9791858196258545,0.9839454293251038,0.2893062233924866,0.2801239788532257
1147_P07451_DB00703,1147,DB00703,P07451,-1.4935401678085327,0.9865211248397827,-1.6960114240646362,0.999998927116394,-1.2910689115524292,0.9730432629585266,0.983711838722229,0.9870702624320984,0.9939101338386536,0.9939101338386536,0.0,0.9811621904373169,0.9747553467750549,0.2691658139228821,0.28913024067878723
1148_Q72547_DB00705,1148,DB00705,Q72547,-1.501352071762085,0.8224426507949829,-1.7582199573516846,0.9732123613357544,-1.244484305381775,0.6716728806495667,0.9456276893615723,0.8103078603744507,0.9565232992172241,0.9565232992172241,0.0,0.9429037570953369,0.90870600938797,0.5302344560623169,0.921226978302002
1152_P35367_DB00719,1152,DB00719,P35367,-2.8570475578308105,0.9981138110160828,-2.641860008239746,0.9999877214431763,-3.072234869003296,0.9962399005889893,0.7192130088806152,0.7107478976249695,0.9919275045394897,0.9919275045394897,0.0,0.6510343551635742,0.7949886322021484,1.4012634754180908,0.45237767696380615
1158_P31645_DB00726,1158,DB00726,P31645,-1.095058560371399,0.9475536346435547,-1.0902796983718872,0.9416810870170593,-1.0998374223709106,0.95342618227005,0.8996803164482117,0.963342010974884,0.9796045422554016,0.9796045422554016,0.0,0.8796992301940918,0.9219579100608826,0.37600764632225037,0.6957405209541321
1159_P23975_DB00726,1159,DB00726,P23975,-0.7714830636978149,0.899116575717926,-0.721638023853302,0.8661007881164551,-0.8213280439376831,0.932132363319397,0.9062249064445496,0.9125874638557434,0.9697355031967163,0.9697355031967163,0.0,0.8903472423553467,0.9138882160186768,0.6108588576316833,0.8284895420074463
1160_P08908_DB00726,1160,DB00726,P08908,-0.69231778383255,0.7339107990264893,-0.5534282326698303,0.6981764435768127,-0.8312073349952698,0.769645094871521,0.7915560603141785,0.8047548532485962,0.9763791561126709,0.9763791561126709,0.0,0.7453502416610718,0.8126247525215149,0.9341633915901184,0.739073634147644
1161_P14416_DB00726,1161,DB00726,P14416,-0.7678894400596619,0.7941581010818481,-0.22492872178554535,0.7799699306488037,-1.3108501434326172,0.8083462119102478,0.758912980556488,0.7151971459388733,0.971746563911438,0.971746563911438,0.0,0.7057045698165894,0.820924699306488,1.4261363744735718,0.8902522921562195
1162_P18089_DB00726,1162,DB00726,P18089,-0.6742225885391235,0.7561060190200806,-0.6753471493721008,0.795131266117096,-0.6730980277061462,0.7170807719230652,0.7350232005119324,0.72698575258255,0.9754976630210876,0.9754976630210876,0.0,0.6749045252799988,0.8026666045188904,1.6012895107269287,0.6297861933708191
1163_P28223_DB00726,1163,DB00726,P28223,-1.51944100856781,0.8404980301856995,-1.3925973176956177,0.8419516086578369,-1.6462846994400024,0.839044451713562,0.8038383722305298,0.8106676340103149,0.9861527681350708,0.9861527681350708,0.0,0.7582597732543945,0.8395916819572449,0.8089585900306702,0.4861275851726532
1164_P35348_DB00726,1164,DB00726,P35348,-1.1520228385925293,0.8249471187591553,-1.219475507736206,0.8233304619789124,-1.0845701694488525,0.8265637755393982,0.7523391842842102,0.8021165132522583,0.9680467844009399,0.9680467844009399,0.0,0.698412299156189,0.8207015991210938,1.06548273563385,0.9609005451202393
1165_P35367_DB00726,1165,DB00726,P35367,-3.1452488899230957,0.994674026966095,-3.431314468383789,0.9999790191650391,-2.8591830730438232,0.9893690347671509,0.718285083770752,0.7158874869346619,0.9879404306411743,0.9879404306411743,0.0,0.650871217250824,0.8050353527069092,1.4888498783111572,0.5008504986763
1166_P35368_DB00726,1166,DB00726,P35368,-0.8565508127212524,0.7163987159729004,-0.7892181277275085,0.6709296107292175,-0.9238835573196411,0.7618678212165833,0.6992585062980652,0.6809280514717102,0.9756550192832947,0.9756550192832947,0.0,0.6301593780517578,0.7776070237159729,1.9276400804519653,0.8256020545959473
1167_Q01959_DB00726,1167,DB00726,Q01959,0.020565316081047058,0.8693325519561768,0.40387198328971863,0.8294085264205933,-0.3627413511276245,0.909256637096405,0.8747857213020325,0.8891099691390991,0.971278965473175,0.971278965473175,0.0,0.850662350654602,0.8835023045539856,0.695512056350708,0.7895818948745728
1168_P07550_DB00726,1168,DB00726,P07550,-1.0839871168136597,0.8074171543121338,-1.7218024730682373,0.821816623210907,-0.44617173075675964,0.7930176854133606,0.8154582381248474,0.8268893957138062,0.9468535780906677,0.9468535780906677,0.0,0.7826093435287476,0.8378588557243347,1.0122627019882202,1.0461755990982056
1169_P08172_DB00726,1169,DB00726,P08172,-2.0929484367370605,0.9792830348014832,-2.2062225341796875,0.9841909408569336,-1.9796745777130127,0.9743751287460327,0.7596713304519653,0.7112820148468018,0.9817765951156616,0.9817765951156616,0.0,0.7041449546813965,0.8381273746490479,1.5015406608581543,0.6456120610237122
1170_P08173_DB00726,1170,DB00726,P08173,-1.7672712802886963,0.9642312526702881,-1.912006139755249,0.9714725613594055,-1.6225364208221436,0.9569900035858154,0.7743017673492432,0.7287812829017639,0.9818341732025146,0.9818341732025146,0.0,0.7224186658859253,0.8434846997261047,1.532321810722351,0.7754024267196655
1171_P08588_DB00726,1171,DB00726,P08588,-0.8126019239425659,0.6045085191726685,-0.3619855046272278,0.44118794798851013,-1.2632182836532593,0.7678290605545044,0.7781519293785095,0.8197305202484131,0.9786416292190552,0.9786416292190552,0.0,0.7280294299125671,0.8399733901023865,1.0889670848846436,0.8299561142921448
1172_P08909_DB00726,1172,DB00726,P08909,-1.4878753423690796,0.8269302845001221,-1.3434299230575562,0.8330181837081909,-1.632320761680603,0.8208423256874084,0.7740664482116699,0.7823806405067444,0.974136471748352,0.974136471748352,0.0,0.7240489721298218,0.8299717307090759,1.2151426076889038,0.6768791675567627
1173_P08912_DB00726,1173,DB00726,P08912,-1.6841235160827637,0.9525015354156494,-2.1197023391723633,0.9744859337806702,-1.2485445737838745,0.9305171966552734,0.7407597899436951,0.7511369585990906,0.9766690731048584,0.9766690731048584,0.0,0.6817824244499207,0.8142802715301514,1.4626108407974243,0.8672027587890625
1174_P08913_DB00726,1174,DB00726,P08913,-0.9440544247627258,0.8492050170898438,-1.214352011680603,0.8637409210205078,-0.6737568378448486,0.8346691727638245,0.7428480982780457,0.6865383982658386,0.9712046980857849,0.9712046980857849,0.0,0.6857588887214661,0.8185903429985046,1.8169411420822144,0.8601704239845276
1175_P11229_DB00726,1175,DB00726,P11229,-2.0036191940307617,0.9539498090744019,-2.216928005218506,0.9788979291915894,-1.7903106212615967,0.9290017485618591,0.7494732737541199,0.7208878993988037,0.9743040204048157,0.9743040204048157,0.0,0.6932656168937683,0.8121620416641235,1.477748155593872,0.8264118432998657
1176_P13945_DB00726,1176,DB00726,P13945,-0.3329210877418518,0.5819388628005981,-0.08409753441810608,0.40716180205345154,-0.5817446708679199,0.7567159533500671,0.7997438907623291,0.8105826377868652,0.9500041604042053,0.9500041604042053,0.0,0.7621788382530212,0.8302537798881531,1.2192304134368896,1.3393033742904663
1177_P20309_DB00726,1177,DB00726,P20309,-2.0886077880859375,0.9667478799819946,-2.1270828247070312,0.986887514591217,-2.050132989883423,0.9466081857681274,0.7194249033927917,0.6263922452926636,0.9652064442634583,0.9652064442634583,0.0,0.6579794883728027,0.8064807057380676,2.1237893104553223,1.246364712715149
1178_P21728_DB00726,1178,DB00726,P21728,-0.3230852782726288,0.7504087090492249,-0.27052152156829834,0.7220569849014282,-0.37564903497695923,0.7787604331970215,0.7594571709632874,0.8274490237236023,0.9717497229576111,0.9717497229576111,0.0,0.706384003162384,0.8143380284309387,0.9837204813957214,0.7017052173614502
1179_P21918_DB00726,1179,DB00726,P21918,0.06517985463142395,0.6372770071029663,0.21169644594192505,0.5704938173294067,-0.08133673667907715,0.7040601968765259,0.7443416118621826,0.7792569994926453,0.9486100077629089,0.9486100077629089,0.0,0.6932744979858398,0.8144210577011108,1.1382973194122314,1.124090313911438
1180_P28221_DB00726,1180,DB00726,P28221,-0.931592583656311,0.8782614469528198,-0.9757621884346008,0.8906130790710449,-0.8874229788780212,0.8659098148345947,0.8263997435569763,0.8466019630432129,0.9693396687507629,0.9693396687507629,0.0,0.7906647324562073,0.8644819259643555,0.797469973564148,0.8875049948692322
1181_P28335_DB00726,1181,DB00726,P28335,-1.8834819793701172,0.872387170791626,-1.8918894529342651,0.9110579490661621,-1.8750746250152588,0.8337164521217346,0.7822114825248718,0.8211259841918945,0.9785663485527039,0.9785663485527039,0.0,0.7331227660179138,0.8364654779434204,0.9760916233062744,0.6029436588287354
1188_P35367_DB00737,1188,DB00737,P35367,-0.6075950264930725,0.8599997162818909,-1.0685867071151733,0.9029095768928528,-0.1466033160686493,0.817089855670929,0.7118601202964783,0.7827506065368652,0.9732946157455444,0.9732946157455444,0.0,0.6465014815330505,0.780615508556366,1.198370337486267,0.7266361713409424
1189_Q14994_DB00737,1189,DB00737,Q14994,0.3327474892139435,0.5964056849479675,-0.41178542375564575,0.7809658050537109,1.0772804021835327,0.4118455946445465,0.8861789107322693,0.7543797492980957,0.9690781235694885,0.9690781235694885,0.0,0.8654540777206421,0.8067743182182312,0.4767170548439026,0.6210120320320129
1190_P35367_DB00748,1190,DB00748,P35367,-2.1381826400756836,0.9686270952224731,-1.7478523254394531,0.9787247776985168,-2.528512954711914,0.9585293531417847,0.7119449377059937,0.7649672031402588,0.9768462181091309,0.9768462181091309,0.0,0.645719587802887,0.782859742641449,1.3019822835922241,0.6129615902900696
1196_P07101_DB00765,1196,DB00765,P07101,1.497117042541504,0.6586360931396484,2.048816680908203,0.6515463590621948,0.9454172849655151,0.6657257676124573,0.7858353853225708,0.8712908029556274,0.9339432716369629,0.9339432716369629,0.0,0.7488083839416504,0.7754838466644287,0.9792365431785583,2.982139825820923
1197_P35367_DB00768,1197,DB00768,P35367,-1.9317967891693115,0.9614874124526978,-2.2771544456481934,0.9997708201408386,-1.5864391326904297,0.9232040047645569,0.7069494128227234,0.8146375417709351,0.9859334826469421,0.9859334826469421,0.0,0.6372033357620239,0.7799429297447205,1.059884786605835,0.5842563509941101
1204_Q9Y5N1_DB00768,1204,DB00768,Q9Y5N1,1.0526233911514282,0.5002045631408691,0.7330119013786316,0.7410523891448975,1.37223482131958,0.25935670733451843,0.7933187484741211,0.8714916706085205,0.9775651097297668,0.9775651097297668,0.0,0.7472571730613708,0.8339157700538635,0.8825939893722534,0.937092125415802
1206_P11229_DB00771,1206,DB00771,P11229,-2.5308966636657715,0.9871974587440491,-2.81962251663208,0.9945834279060364,-2.242171049118042,0.9798114895820618,0.7378916144371033,0.7677167654037476,0.9812213778495789,0.9812213778495789,0.0,0.6770591139793396,0.776508092880249,1.2183427810668945,0.7267361283302307
1207_P11388_DB00773,1207,DB00773,P11388,0.4379047751426697,0.7565757632255554,0.20673342049121857,0.8982595801353455,0.669076144695282,0.6148919463157654,0.7392129898071289,0.5622601509094238,0.80912184715271,0.80912184715271,0.0,0.7217357754707336,0.7047432661056519,1.691164255142212,6.465732574462891
1208_Q02880_DB00773,1208,DB00773,Q02880,1.2770264148712158,0.501472532749176,1.457242488861084,0.6528542041778564,1.0968104600906372,0.3500908315181732,0.7378301620483398,0.5635015964508057,0.8680695295333862,0.8680695295333862,0.0,0.7052702903747559,0.7342999577522278,1.998521327972412,5.512893199920654
1225_P08172_DB00777,1225,DB00777,P08172,-1.2178008556365967,0.8875136375427246,-1.0305004119873047,0.9158760905265808,-1.4051014184951782,0.8591511249542236,0.7380334734916687,0.8241705298423767,0.9693056344985962,0.9693056344985962,0.0,0.6802154779434204,0.802416980266571,1.030051589012146,0.781446099281311
1226_P08173_DB00777,1226,DB00777,P08173,-1.0383446216583252,0.8864028453826904,-0.822949230670929,0.8983235359191895,-1.2537400722503662,0.8744822144508362,0.7771381139755249,0.7156112194061279,0.9666714668273926,0.9666714668273926,0.0,0.7297547459602356,0.8091199994087219,1.6263517141342163,0.9781470894813538
1227_P08912_DB00777,1227,DB00777,P08912,-1.3009904623031616,0.8982435464859009,-1.228248119354248,0.9076827764511108,-1.3737328052520752,0.8888043165206909,0.7241226434707642,0.685163676738739,0.9653128981590271,0.9653128981590271,0.0,0.6638250350952148,0.7927477359771729,1.9510159492492676,0.9788029193878174
1228_P11229_DB00777,1228,DB00777,P11229,-1.600706934928894,0.9077356457710266,-1.4908452033996582,0.9141456484794617,-1.7105686664581299,0.9013256430625916,0.7410745024681091,0.7128973007202148,0.964468240737915,0.964468240737915,0.0,0.6852260828018188,0.8073830604553223,1.4989311695098877,0.9086386561393738
1229_P14416_DB00777,1229,DB00777,P14416,-1.0231096744537354,0.6252783536911011,-0.5909475088119507,0.592046320438385,-1.4552719593048096,0.6585103273391724,0.7623005509376526,0.7330299615859985,0.9544312357902527,0.9544312357902527,0.0,0.7142678499221802,0.8262441754341125,1.1400463581085205,0.9619540572166443
1230_P20309_DB00777,1230,DB00777,P20309,-0.8013994693756104,0.8672441244125366,-0.843382716178894,0.8999935984611511,-0.7594162821769714,0.8344947099685669,0.707824170589447,0.649278461933136,0.9514510631561279,0.9514510631561279,0.0,0.646917462348938,0.7652055621147156,1.9704928398132324,1.3309897184371948
1231_P28223_DB00777,1231,DB00777,P28223,-1.930130958557129,0.7333617210388184,-1.7046018838882446,0.7013874053955078,-2.1556599140167236,0.7653360962867737,0.8000149726867676,0.7677716016769409,0.9779656529426575,0.9779656529426575,0.0,0.7555273175239563,0.7915205359458923,1.0624494552612305,0.606597363948822
1232_P28335_DB00777,1232,DB00777,P28335,-2.1059165000915527,0.7850721478462219,-2.1849570274353027,0.8442705273628235,-2.026876211166382,0.7258737683296204,0.783035933971405,0.8702099919319153,0.9836145043373108,0.9836145043373108,0.0,0.7328912615776062,0.8451787233352661,0.774690568447113,0.5159848928451538
1233_P35348_DB00777,1233,DB00777,P35348,-0.5888189673423767,0.6100369691848755,-0.3837182819843292,0.5637000203132629,-0.7939196228981018,0.656373918056488,0.7752828598022461,0.8942428231239319,0.9627804160118103,0.9627804160118103,0.0,0.7284084558486938,0.8188148140907288,0.5604529976844788,0.9048754572868347
1234_P35367_DB00777,1234,DB00777,P35367,-2.970757484436035,0.9925003051757812,-3.0260305404663086,0.9993558526039124,-2.9154844284057617,0.9856446981430054,0.7076898217201233,0.8246111273765564,0.9887030720710754,0.9887030720710754,0.0,0.6374365091323853,0.7782435417175293,0.9188590049743652,0.5115107297897339
1235_Q16853_DB00780,1235,DB00780,Q16853,1.2331624031066895,0.598861813545227,0.9817588329315186,0.7190175652503967,1.4845658540725708,0.47870609164237976,0.8612141609191895,0.9257820248603821,0.662102997303009,0.662102997303009,0.0,0.9109919667243958,0.8399686217308044,0.6120122671127319,11.007628440856934
1236_P21397_DB00780,1236,DB00780,P21397,0.6920288801193237,0.808530330657959,0.33664149045944214,0.8932042121887207,1.04741632938385,0.723856508731842,0.9581785202026367,0.9564918279647827,0.97389817237854,0.97389817237854,0.0,0.9542485475540161,0.9373424053192139,0.32826268672943115,0.8461107611656189
1237_P27338_DB00780,1237,DB00780,P27338,0.6350429058074951,0.7970151901245117,0.5775913000106812,0.8825764060020447,0.6924945712089539,0.711453914642334,0.9722188115119934,0.9746911525726318,0.9481090903282166,0.9481090903282166,0.0,0.97824627161026,0.9309077858924866,0.3040953278541565,1.4562398195266724
1239_P80404_DB00780,1239,DB00780,P80404,2.519789695739746,0.5060054063796997,2.2026920318603516,0.7085227370262146,2.8368873596191406,0.3034880757331848,0.8888700604438782,0.9186322093009949,0.7243974208831787,0.7243974208831787,0.0,0.9299882650375366,0.8245067000389099,0.616381049156189,5.267946243286133
1242_P11229_DB00782,1242,DB00782,P11229,-0.05014726519584656,0.6658111810684204,-0.09520919620990753,0.5692364573478699,-0.005085330456495285,0.7623859643936157,0.7511534094810486,0.7281333804130554,0.984215259552002,0.984215259552002,0.0,0.6928879022598267,0.8200058341026306,1.4319756031036377,0.667872965335846
1243_P35354_DB00784,1243,DB00784,P35354,1.0498716831207275,0.5542137622833252,0.869044303894043,0.6609542369842529,1.2306989431381226,0.44747328758239746,0.9327681660652161,0.9288573265075684,0.948885440826416,0.948885440826416,0.0,0.9287388324737549,0.9412875771522522,0.6111283898353577,1.9771342277526855
1250_P24752_DB00795,1250,DB00795,P24752,-0.0782058984041214,0.5047928690910339,-0.021433770656585693,0.7563003897666931,-0.1349780261516571,0.25328534841537476,0.9181535840034485,0.9141492247581482,0.9285213947296143,0.9285213947296143,0.0,0.9155616760253906,0.8006499409675598,0.449222594499588,1.7876803874969482
1254_P09917_DB00795,1254,DB00795,P09917,0.8334207534790039,0.5122551918029785,0.6379938125610352,0.7097831964492798,1.0288476943969727,0.31472721695899963,0.9314965605735779,0.961584210395813,0.9144057035446167,0.9144057035446167,0.0,0.935769259929657,0.8826274871826172,0.4585045874118805,1.8400956392288208
1259_P24557_DB00795,1259,DB00795,P24557,1.26177978515625,0.5565718412399292,1.476070523262024,0.5963284969329834,1.047489047050476,0.516815185546875,0.8737727403640747,0.9290536642074585,0.8506872653961182,0.8506872653961182,0.0,0.8795440793037415,0.784267246723175,0.6203557252883911,2.7304158210754395
1260_P19838_DB00795,1260,DB00795,P19838,1.1741623878479004,0.6067094802856445,1.3094780445098877,0.8384932279586792,1.0388468503952026,0.37492579221725464,0.621712863445282,0.5126779079437256,0.46821898221969604,0.46821898221969604,0.0,0.6600863337516785,0.5482039451599121,2.3691210746765137,13.806275367736816
1262_P30556_DB00796,1262,DB00796,P30556,-1.8017334938049316,0.9297999739646912,-1.803633689880371,0.9628558158874512,-1.7998331785202026,0.8967441320419312,0.8648222088813782,0.9442123770713806,0.9742169976234436,0.9742169976234436,0.0,0.8374735116958618,0.8643284440040588,0.4366949796676636,0.6046561598777771
1263_P21918_DB00800,1263,DB00800,P21918,-2.4115803241729736,0.9840188026428223,-2.019052267074585,0.9776012897491455,-2.8041083812713623,0.9904363751411438,0.765866756439209,0.8935902714729309,0.9926304817199707,0.9926304817199707,0.0,0.7091758251190186,0.8278724551200867,0.630494236946106,0.44721734523773193
1264_P08913_DB00800,1264,DB00800,P08913,-2.189140558242798,0.9797296524047852,-1.9513720273971558,0.9775829315185547,-2.4269092082977295,0.9818763136863708,0.7254766821861267,0.696937620639801,0.9756955504417419,0.9756955504417419,0.0,0.6629219651222229,0.7742037177085876,1.8231139183044434,1.0312209129333496
1265_P18089_DB00800,1265,DB00800,P18089,-2.0853781700134277,0.9612197279930115,-1.948958396911621,0.9527799487113953,-2.2217979431152344,0.9696595072746277,0.7405344843864441,0.7218813300132751,0.9795948266983032,0.9795948266983032,0.0,0.6807694435119629,0.8031805157661438,1.659178614616394,0.6469336748123169
1266_P18825_DB00800,1266,DB00800,P18825,-2.2405104637145996,0.9641485214233398,-1.9340317249298096,0.9492299556732178,-2.5469892024993896,0.9790671467781067,0.742983341217041,0.743182897567749,0.9824416041374207,0.9824416041374207,0.0,0.6831187605857849,0.8062863349914551,1.2813234329223633,0.6762897372245789
1267_P21728_DB00800,1267,DB00800,P21728,-2.7543914318084717,0.9919666647911072,-2.5714097023010254,0.9915892481803894,-2.937373161315918,0.992344081401825,0.7825798392295837,0.9033896923065186,0.9916850328445435,0.9916850328445435,0.0,0.7303035259246826,0.8427594304084778,0.573204517364502,0.42145204544067383
1268_P25100_DB00800,1268,DB00800,P25100,-1.348799705505371,0.9393825531005859,-1.3115112781524658,0.9531089067459106,-1.3860880136489868,0.9256561398506165,0.6571635603904724,0.7055171728134155,0.9824116230010986,0.9824116230010986,0.0,0.575851559638977,0.7287030816078186,1.9641401767730713,0.897322416305542
1269_P35348_DB00800,1269,DB00800,P35348,-1.1377644538879395,0.8907622694969177,-1.2827768325805664,0.8804913759231567,-0.9927521347999573,0.9010331630706787,0.7636587023735046,0.8315026164054871,0.9861574769020081,0.9861574769020081,0.0,0.7080339789390564,0.8285555839538574,0.8292156457901001,0.7800945043563843
1270_P35368_DB00800,1270,DB00800,P35368,-1.730626106262207,0.8479313850402832,-1.6381856203079224,0.8108367919921875,-1.8230667114257812,0.8850259780883789,0.7045501470565796,0.723442018032074,0.9831244945526123,0.9831244945526123,0.0,0.634906530380249,0.77018803358078,1.7445086240768433,0.7779794335365295
1271_P11229_DB00804,1271,DB00804,P11229,-1.8534400463104248,0.9464025497436523,-1.7517180442810059,0.9216468930244446,-1.9551619291305542,0.9711582660675049,0.7316535115242004,0.7140597105026245,0.9840819835662842,0.9840819835662842,0.0,0.6685463786125183,0.7710757255554199,1.5646741390228271,0.6437097787857056
1272_P08172_DB00804,1272,DB00804,P08172,-1.6612128019332886,0.9348667860031128,-1.3446359634399414,0.9116788506507874,-1.9777896404266357,0.958054780960083,0.7557830810546875,0.8074297308921814,0.9777204394340515,0.9777204394340515,0.0,0.7002987265586853,0.8194608688354492,0.8887376189231873,0.5992198586463928
1273_P20309_DB00804,1273,DB00804,P20309,-1.613241195678711,0.9381188154220581,-1.5023177862167358,0.9400908946990967,-1.7241644859313965,0.9361467361450195,0.7359429001808167,0.6494570970535278,0.9724087119102478,0.9724087119102478,0.0,0.6768264174461365,0.8016232252120972,1.9523922204971313,0.9784146547317505
1275_P14416_DB00805,1275,DB00805,P14416,1.1251245737075806,0.5060485601425171,0.9612748026847839,0.5149444341659546,1.288974404335022,0.497152715921402,0.7569977641105652,0.7056653499603271,0.9613189101219177,0.9613189101219177,0.0,0.705917477607727,0.7957936525344849,1.4246002435684204,0.8924418091773987
1276_P28223_DB00805,1276,DB00805,P28223,1.686156988143921,0.7687574625015259,2.1675267219543457,0.8223920464515686,1.2047871351242065,0.7151229381561279,0.7867790460586548,0.8134152889251709,0.9717788696289062,0.9717788696289062,0.0,0.7405290603637695,0.7560239434242249,0.8304077386856079,0.6990759968757629
1277_P28335_DB00805,1277,DB00805,P28335,1.3191957473754883,0.757552981376648,1.8754000663757324,0.8173182606697083,0.7629915475845337,0.6977876424789429,0.7884671092033386,0.8180789947509766,0.9605041146278381,0.9605041146278381,0.0,0.7454578280448914,0.8108384013175964,1.017119288444519,0.8640023469924927
1280_P11229_DB00805,1280,DB00805,P11229,1.378676414489746,0.5968683958053589,1.5010284185409546,0.6751654744148254,1.2563244104385376,0.5185712575912476,0.7336298823356628,0.756000816822052,0.9610344171524048,0.9610344171524048,0.0,0.6767787933349609,0.7574478983879089,1.3186440467834473,1.034547209739685
1308_Q8XJ01_DB00833,1308,DB00833,Q8XJ01,-0.24649745225906372,0.8208439350128174,-0.6289886832237244,0.9274728298187256,0.13599379360675812,0.714215099811554,0.9143455624580383,0.7737951874732971,0.9781341552734375,0.9781341552734375,0.0,0.8983984589576721,0.8834674954414368,0.46575936675071716,0.7914327383041382
1309_Q75Y35_DB00833,1309,DB00833,Q75Y35,0.4471961557865143,0.7188141345977783,0.41683027148246765,0.8567781448364258,0.4775620400905609,0.5808501839637756,0.9328819513320923,0.8992863297462463,0.9828941226005554,0.9828941226005554,0.0,0.9203789234161377,0.9285382628440857,0.3860689699649811,0.5612496137619019
1310_P35367_DB00835,1310,DB00835,P35367,-1.859342336654663,0.9328418970108032,-2.2940473556518555,0.9989719390869141,-1.4246373176574707,0.8667119145393372,0.7197906970977783,0.6946925520896912,0.9798586964607239,0.9798586964607239,0.0,0.6547737121582031,0.80038982629776,1.6384077072143555,0.6212820410728455
1311_P08172_DB00835,1311,DB00835,P08172,0.08476026356220245,0.7619637846946716,0.07554403692483902,0.8417874574661255,0.09397648274898529,0.6821401119232178,0.773167073726654,0.9012748003005981,0.9825472831726074,0.9825472831726074,0.0,0.7208220362663269,0.841629147529602,0.6454296112060547,0.5614157319068909
1312_P08173_DB00835,1312,DB00835,P08173,-0.06210625171661377,0.7399653792381287,-0.2074577510356903,0.8104856014251709,0.08324524760246277,0.6694451570510864,0.7954279184341431,0.7129442095756531,0.9850672483444214,0.9850672483444214,0.0,0.7480180859565735,0.855531632900238,1.6721047163009644,0.8307848572731018
1313_P08912_DB00835,1313,DB00835,P08912,-0.021867917850613594,0.8098228573799133,0.021366950124502182,0.8789091110229492,-0.06510278582572937,0.7407366037368774,0.7650076746940613,0.6857805848121643,0.9729669690132141,0.9729669690132141,0.0,0.7130178213119507,0.8217374086380005,0.9206173419952393,0.8961136937141418
1314_P11229_DB00835,1314,DB00835,P11229,-0.0912366658449173,0.7009797096252441,-0.14946827292442322,0.7323522567749023,-0.033005062490701675,0.6696071028709412,0.7550947070121765,0.7168222665786743,0.983069896697998,0.983069896697998,0.0,0.6981009244918823,0.8239583969116211,1.5418497323989868,0.7324869632720947
1315_P20309_DB00835,1315,DB00835,P20309,-0.18541331589221954,0.7464552521705627,-0.10833444446325302,0.8108774423599243,-0.26249217987060547,0.6820330619812012,0.7411198019981384,0.6694006323814392,0.9802795052528381,0.9802795052528381,0.0,0.6813298463821411,0.8206462860107422,1.7935583591461182,0.8879104852676392
1316_O00555_DB00836,1316,DB00836,O00555,0.20284509658813477,0.5800878405570984,-0.04561907798051834,0.7793704271316528,0.4513092637062073,0.38080525398254395,0.6460375189781189,0.621936559677124,0.873826801776886,0.873826801776886,0.0,0.5890902280807495,0.6083868741989136,2.987750768661499,4.264608860015869
1319_P35372_DB00836,1319,DB00836,P35372,-0.8713398575782776,0.8309975862503052,-1.5890963077545166,0.956391453742981,-0.15358342230319977,0.7056037783622742,0.8072820901870728,0.812775194644928,0.9483287930488586,0.9483287930488586,0.0,0.7720203399658203,0.796620786190033,1.163102149963379,1.578475832939148
1320_P41143_DB00836,1320,DB00836,P41143,-0.18673443794250488,0.734633207321167,-0.7656196355819702,0.9223375916481018,0.39215075969696045,0.5469287633895874,0.8345691561698914,0.8756103515625,0.8905317783355713,0.8905317783355713,0.0,0.8205785751342773,0.7561960220336914,0.8727625608444214,1.9401146173477173
1321_P41145_DB00836,1321,DB00836,P41145,-1.9432885646820068,0.9436217546463013,-2.1031527519226074,0.9906182885169983,-1.7834242582321167,0.8966251611709595,0.7984562516212463,0.872939944267273,0.9558098912239075,0.9558098912239075,0.0,0.759117841720581,0.7851373553276062,0.9275435209274292,1.8350292444229126
1324_P08588_DB00841,1324,DB00841,P08588,-1.5459294319152832,0.9396991729736328,-1.790830135345459,0.9778035283088684,-1.3010287284851074,0.901594877243042,0.764985978603363,0.7455810308456421,0.9857650995254517,0.9857650995254517,0.0,0.7097911834716797,0.8392695784568787,1.469205379486084,0.7159256339073181
1325_P07550_DB00841,1325,DB00841,P07550,-1.921910047531128,0.9809328317642212,-2.147345542907715,0.9935285449028015,-1.696474552154541,0.9683371782302856,0.8239421844482422,0.8110267519950867,0.9797649383544922,0.9797649383544922,0.0,0.7849865555763245,0.885499119758606,1.0261406898498535,0.6472469568252563
1326_P25100_DB00841,1326,DB00841,P25100,-1.3894495964050293,0.904738187789917,-1.2323275804519653,0.9430338740348816,-1.5465714931488037,0.8664425015449524,0.6504511833190918,0.650148868560791,0.945870578289032,0.945870578289032,0.0,0.5765963196754456,0.6913673281669617,2.299321413040161,1.475854516029358
1327_P35348_DB00841,1327,DB00841,P35348,-1.8369238376617432,0.9219604730606079,-2.1539039611816406,0.9889687299728394,-1.5199435949325562,0.8549522161483765,0.7663065791130066,0.817842960357666,0.9629892110824585,0.9629892110824585,0.0,0.7171359658241272,0.8216155767440796,0.9423587918281555,1.0216703414916992
1328_P35368_DB00841,1328,DB00841,P35368,-1.9519801139831543,0.9432977437973022,-2.0540332794189453,0.9886730313301086,-1.8499269485473633,0.8979224562644958,0.6912517547607422,0.7361703515052795,0.9516823887825012,0.9516823887825012,0.0,0.6261441111564636,0.7461968064308167,1.6264688968658447,1.196559190750122
1346_P22303_DB00843,1346,DB00843,P22303,1.021162509918213,0.5788088440895081,0.9393244981765747,0.7917759418487549,1.103000521659851,0.3658417761325836,0.8253228068351746,0.8905668258666992,0.4490567445755005,0.4490567445755005,0.0,0.9193893671035767,0.8965151309967041,1.65663743019104,21.246286392211914
1347_P28223_DB00843,1347,DB00843,P28223,-0.05678153038024902,0.5799671411514282,0.02458605170249939,0.8317404389381409,-0.13814911246299744,0.3281938135623932,0.768180787563324,0.7800610661506653,0.9427834153175354,0.9427834153175354,0.0,0.7245301008224487,0.7344615459442139,0.993459165096283,1.074975848197937
1351_P06276_DB00843,1351,DB00843,P06276,0.40341174602508545,0.5262888073921204,0.16477999091148376,0.6722450256347656,0.6420435309410095,0.3803325891494751,0.8313127756118774,0.8986223340034485,0.5357839465141296,0.5357839465141296,0.0,0.9051949381828308,0.7726898789405823,1.691735029220581,18.620140075683594
1361_P41145_DB00844,1361,DB00844,P41145,-0.4843543767929077,0.9630268216133118,-0.47003141045570374,0.9748080372810364,-0.4986773133277893,0.9512456059455872,0.7942872643470764,0.9407682418823242,0.9869441390037537,0.9869441390037537,0.0,0.7461230158805847,0.807057797908783,0.4151217043399811,0.4455249309539795
1362_P35372_DB00844,1362,DB00844,P35372,-1.6064796447753906,0.9833130836486816,-2.011160373687744,0.994568943977356,-1.2017990350723267,0.9720572233200073,0.8289578557014465,0.9443711638450623,0.9892889857292175,0.9892889857292175,0.0,0.7888751029968262,0.871637225151062,0.4006684720516205,0.46418067812919617
1363_P41143_DB00844,1363,DB00844,P41143,-0.46320661902427673,0.8739758133888245,-0.6913948655128479,0.8569597005844116,-0.23501837253570557,0.8909919261932373,0.8705859184265137,0.8924039006233215,0.987963080406189,0.987963080406189,0.0,0.8412415981292725,0.9123356342315674,0.6634286642074585,0.6582050323486328
1364_P04150_DB00846,1364,DB00846,P04150,-2.1203696727752686,0.9725244045257568,-1.9496614933013916,0.9747884273529053,-2.2910778522491455,0.9702604413032532,0.6055499911308289,0.4473332464694977,0.9849871397018433,0.9849871397018433,0.0,0.5106906890869141,0.7213287353515625,4.102660655975342,0.8464301824569702
1376_P21728_DB00850,1376,DB00850,P21728,-1.6303167343139648,0.820329487323761,-1.7384296655654907,0.8592056035995483,-1.5222039222717285,0.7814533710479736,0.7690719366073608,0.8690035939216614,0.9771520495414734,0.9771520495414734,0.0,0.7170518636703491,0.8128184080123901,0.7268276214599609,0.6424523591995239
1377_P0DP23_DB00850,1377,DB00850,P0DP23,0.4291292428970337,0.5147286653518677,0.8168759346008301,0.5930460691452026,0.0413825586438179,0.4364112615585327,0.848888099193573,0.9221580624580383,0.9447757005691528,0.9447757005691528,0.0,0.8249162435531616,0.7691482305526733,0.35475674271583557,0.5699141025543213
1378_P14416_DB00850,1378,DB00850,P14416,-2.423765182495117,0.9588603377342224,-3.1592226028442383,0.9992769360542297,-1.6883078813552856,0.9184437394142151,0.7705464363098145,0.7827579379081726,0.9857223629951477,0.9857223629951477,0.0,0.7167524695396423,0.813409686088562,0.9185052514076233,0.5302042365074158
1379_P35348_DB00852,1379,DB00852,P35348,0.9960123300552368,0.8071390390396118,0.900656521320343,0.7795147895812988,1.0913680791854858,0.8347633481025696,0.7662609219551086,0.9066318869590759,0.9916011691093445,0.9916011691093445,0.0,0.7099258303642273,0.8143988251686096,0.5034152269363403,0.5362337231636047
1380_P07550_DB00852,1380,DB00852,P07550,1.664941668510437,0.5685003995895386,1.1415746212005615,0.6141384243965149,2.1883087158203125,0.5228623747825623,0.8238548636436462,0.8235670328140259,0.9842876195907593,0.9842876195907593,0.0,0.783746600151062,0.8740590810775757,1.0223530530929565,0.7192574143409729
1381_P08913_DB00852,1381,DB00852,P08913,0.004307866096496582,0.8995734453201294,-0.17426548898220062,0.9016371965408325,0.1828812211751938,0.897509753704071,0.7300521731376648,0.737037181854248,0.9914321899414062,0.9914321899414062,0.0,0.6647071838378906,0.7851092219352722,1.5985820293426514,0.45499417185783386
1383_P23975_DB00852,1383,DB00852,P23975,0.6868955492973328,0.9006636142730713,0.3775336444377899,0.899030864238739,0.9962574243545532,0.9022963047027588,0.9113928079605103,0.9138740301132202,0.9798728823661804,0.9798728823661804,0.0,0.8942727446556091,0.9192588329315186,0.584220826625824,0.6961610317230225
1384_P31645_DB00852,1384,DB00852,P31645,1.1821097135543823,0.8665580749511719,0.9030563235282898,0.861135721206665,1.46116304397583,0.8719804286956787,0.8953065872192383,0.9412111639976501,0.9604082703590393,0.9604082703590393,0.0,0.8790311813354492,0.9076497554779053,0.5081722140312195,1.1248973608016968
1385_Q01959_DB00852,1385,DB00852,Q01959,1.023080825805664,0.9135466814041138,0.6636155843734741,0.9342125058174133,1.3825459480285645,0.892880916595459,0.883783757686615,0.8797970414161682,0.9751765727996826,0.9751765727996826,0.0,0.8609354496002197,0.898541271686554,0.7615067362785339,0.7529481649398804
1400_P35372_DB00854,1400,DB00854,P35372,-2.4253180027008057,0.9971386194229126,-2.575166702270508,0.9993797540664673,-2.2754693031311035,0.9948974251747131,0.8161377310752869,0.9544654488563538,0.9936209321022034,0.9936209321022034,0.0,0.7717669010162354,0.8514166474342346,0.39191368222236633,0.3986416757106781
1401_P41143_DB00854,1401,DB00854,P41143,-1.56691575050354,0.9629437327384949,-2.0636510848999023,0.9855755567550659,-1.0701802968978882,0.9403119087219238,0.8633031249046326,0.8731606006622314,0.9904767870903015,0.9904767870903015,0.0,0.8315097093582153,0.8978806138038635,0.7814748287200928,0.7991663813591003
1402_P41145_DB00854,1402,DB00854,P41145,-1.5550981760025024,0.9631971716880798,-1.9984686374664307,0.9752400517463684,-1.1117277145385742,0.9511542916297913,0.8244054913520813,0.9329407215118408,0.9908075928688049,0.9908075928688049,0.0,0.7828049659729004,0.8431622982025146,0.5102366209030151,0.7465385794639587
1403_P13716_DB00855,1403,DB00855,P13716,1.6273932456970215,0.5232295393943787,1.8060529232025146,0.5942297577857971,1.4487334489822388,0.4522292912006378,0.923314094543457,0.9532699584960938,0.9599922299385071,0.9599922299385071,0.0,0.9141445755958557,0.8952450156211853,0.4466666281223297,1.074489712715149
1404_O76074_DB00862,1404,DB00862,O76074,-2.447737216949463,0.9604272842407227,-2.965636730194092,0.9995023012161255,-1.9298375844955444,0.921352207660675,0.8136042952537537,0.5997993350028992,0.9673417210578918,0.9673417210578918,0.0,0.775169849395752,0.8063617944717407,1.0053906440734863,1.336844801902771
1408_P00918_DB00869,1408,DB00869,P00918,-2.079218864440918,0.9980072379112244,-1.9507412910461426,0.9999997615814209,-2.2076961994171143,0.9960147142410278,0.9813902974128723,0.9908317923545837,0.9942857027053833,0.9942857027053833,0.0,0.9781664609909058,0.973261296749115,0.2665886878967285,0.2991082966327667
1409_P00915_DB00869,1409,DB00869,P00915,1.1021993160247803,0.9297177791595459,1.1874171495437622,0.9998669624328613,1.016981601715088,0.8595685958862305,0.9744248390197754,0.9820340871810913,0.9660661816596985,0.9660661816596985,0.0,0.9765145182609558,0.9380080699920654,0.3097062110900879,0.5572824478149414
1410_P22748_DB00869,1410,DB00869,P22748,-1.092688798904419,0.9732473492622375,-0.9413509368896484,0.9996194839477539,-1.2440265417099,0.9468752145767212,0.9188249707221985,0.9556993842124939,0.9891508221626282,0.9891508221626282,0.0,0.9012434482574463,0.9349089860916138,0.29744952917099,0.36663326621055603
1411_P07451_DB00869,1411,DB00869,P07451,-0.7335756421089172,0.961259126663208,-0.8855418562889099,0.9996398687362671,-0.5816094279289246,0.9228783249855042,0.9810376167297363,0.98454749584198,0.9809696674346924,0.9809696674346924,0.0,0.9810546040534973,0.9686596393585205,0.28791069984436035,0.39518722891807556
1412_P07550_DB00871,1412,DB00871,P07550,1.2563979625701904,0.9708402156829834,1.4635947942733765,0.9833853244781494,1.049201250076294,0.9582951068878174,0.8211555480957031,0.786851704120636,0.9844076633453369,0.9844076633453369,0.0,0.7803425788879395,0.886389970779419,1.1926591396331787,0.5906072854995728
1413_P08588_DB00871,1413,DB00871,P08588,1.270437479019165,0.9409708976745605,1.5065677165985107,0.9698271155357361,1.0343071222305298,0.9121146202087402,0.7554014921188354,0.7659164071083069,0.9903750419616699,0.9903750419616699,0.0,0.6966580748558044,0.8100646734237671,1.4123727083206177,0.5248299241065979
1414_P13945_DB00871,1414,DB00871,P13945,0.6960359811782837,0.9020708203315735,0.859345555305481,0.8641965389251709,0.5327264070510864,0.9399451017379761,0.812968373298645,0.8280986547470093,0.9869653582572937,0.9869653582572937,0.0,0.769469141960144,0.8696013689041138,1.071621298789978,0.6548375487327576
1415_P30556_DB00876,1415,DB00876,P30556,-2.19448184967041,0.939233660697937,-2.881673812866211,0.9589728116989136,-1.5072898864746094,0.9194945096969604,0.8800607919692993,0.9300350546836853,0.9664759039878845,0.9664759039878845,0.0,0.8584569692611694,0.8947606682777405,0.4965723752975464,0.697216272354126
1422_P04150_DB00896,1422,DB00896,P04150,-2.0399739742279053,0.9150378108024597,-2.135876178741455,0.9506663084030151,-1.9440717697143555,0.8794093132019043,0.6061141490936279,0.43942567706108093,0.9865002632141113,0.9865002632141113,0.0,0.5110176205635071,0.7045295834541321,4.253260135650635,0.8163288235664368
1477_P35372_DB00899,1477,DB00899,P35372,0.613707959651947,0.8841165900230408,0.14997217059135437,0.8827500939369202,1.0774437189102173,0.8854830861091614,0.793857753276825,0.8349753618240356,0.8676445484161377,0.8676445484161377,0.0,0.7754110097885132,0.7652244567871094,1.1026661396026611,2.3643875122070312
1478_P41143_DB00899,1478,DB00899,P41143,1.0966119766235352,0.7535481452941895,0.6201066970825195,0.774003267288208,1.5731172561645508,0.7330930233001709,0.8513685464859009,0.8400322198867798,0.9653117060661316,0.9653117060661316,0.0,0.8228827118873596,0.8503228425979614,1.028073787689209,1.8371833562850952
1479_P41145_DB00899,1479,DB00899,P41145,0.3825511932373047,0.7887881994247437,-0.17540976405143738,0.8147495985031128,0.9405121803283691,0.7628267407417297,0.8084833025932312,0.8375017642974854,0.9500383734703064,0.9500383734703064,0.0,0.7730945348739624,0.7819455862045288,1.01785409450531,1.7760666608810425
1482_P35367_DB00902,1482,DB00902,P35367,-2.436655044555664,0.9765342473983765,-2.2301011085510254,0.9926711320877075,-2.643209218978882,0.9603973627090454,0.7134630084037781,0.8639346361160278,0.9885300397872925,0.9885300397872925,0.0,0.6446962356567383,0.7775245904922485,0.7608957290649414,0.4516472816467285
1491_P35408_DB00917,1491,DB00917,P35408,-1.943687915802002,0.9698420763015747,-2.6514487266540527,0.9786481857299805,-1.2359272241592407,0.961035966873169,0.7345489859580994,0.9272519946098328,0.9828461408615112,0.9828461408615112,0.0,0.6724746227264404,0.7839711308479309,0.59238600730896,0.538690984249115
1492_P43115_DB00917,1492,DB00917,P43115,-2.4780938625335693,0.9923757314682007,-3.039844036102295,0.9998012185096741,-1.9163436889648438,0.9849503040313721,0.870750904083252,0.9613515734672546,0.991275429725647,0.991275429725647,0.0,0.8406198024749756,0.9050807356834412,0.3672593832015991,0.3541816473007202
1493_P43116_DB00917,1493,DB00917,P43116,-1.4533677101135254,0.9592505693435669,-1.8185876607894897,0.9757652282714844,-1.0881476402282715,0.9427358508110046,0.8307873010635376,0.8916507959365845,0.9687453508377075,0.9687453508377075,0.0,0.7962977290153503,0.8498703241348267,0.5868006348609924,0.5911771655082703
1494_Q9Y5Y4_DB00917,1494,DB00917,Q9Y5Y4,-0.3915690779685974,0.6477013826370239,-1.431373953819275,0.8709424734115601,0.6482357978820801,0.4244602620601654,0.8709058165550232,0.88545823097229,0.9467809796333313,0.9467809796333313,0.0,0.8519369959831238,0.8743576407432556,0.7173542976379395,0.8644689321517944
1495_P35367_DB00920,1495,DB00920,P35367,-2.725919246673584,0.9726063013076782,-3.182924270629883,0.9990022778511047,-2.2689144611358643,0.9462102651596069,0.7108104825019836,0.6962886452674866,0.9872722029685974,0.9872722029685974,0.0,0.6416950225830078,0.7924661636352539,1.638155221939087,0.5711179375648499
1497_Q70KI2_DB00923,1497,DB00923,Q70KI2,-0.6904711723327637,0.7286322116851807,-0.8635648488998413,0.8124334812164307,-0.5173774361610413,0.6448310017585754,0.9239716529846191,0.8910982608795166,0.9705739617347717,0.9705739617347717,0.0,0.9123210906982422,0.835578441619873,0.41848626732826233,0.7646396160125732
1498_P28223_DB00924,1498,DB00924,P28223,-2.5413527488708496,0.9589307308197021,-2.3409509658813477,0.9790864586830139,-2.7417542934417725,0.9387750029563904,0.8112476468086243,0.7941358685493469,0.9815736413002014,0.9815736413002014,0.0,0.7686660885810852,0.8426842093467712,0.9135284423828125,0.5446549654006958
1500_P23975_DB00924,1500,DB00924,P23975,-1.2882294654846191,0.9390233755111694,-0.6949883103370667,0.9138116240501404,-1.8814706802368164,0.9642350673675537,0.9065292477607727,0.9066798090934753,0.972696840763092,0.972696840763092,0.0,0.8899872899055481,0.917855441570282,0.6324979066848755,0.8285391330718994
1501_P28335_DB00924,1501,DB00924,P28335,-2.606785535812378,0.9502639770507812,-2.574615001678467,0.9837490320205688,-2.638956069946289,0.9167788624763489,0.7686926126480103,0.7679172158241272,0.9677843451499939,0.9677843451499939,0.0,0.7189196348190308,0.8067206740379333,1.2520288228988647,0.7183716893196106
1502_P31645_DB00924,1502,DB00924,P31645,-1.8204660415649414,0.9684455990791321,-1.5504952669143677,0.9636622071266174,-2.0904366970062256,0.9732289910316467,0.902428150177002,0.9581394195556641,0.9843354821205139,0.9843354821205139,0.0,0.8819512724876404,0.9262612462043762,0.3929685950279236,0.6353190541267395
1503_P34969_DB00924,1503,DB00924,P34969,-1.7770771980285645,0.8991212844848633,-1.7639188766479492,0.9274040460586548,-1.7902354001998901,0.8708385229110718,0.7892022728919983,0.8065236806869507,0.9667179584503174,0.9667179584503174,0.0,0.7448233366012573,0.8202911615371704,0.9424310922622681,0.7440321445465088
1505_P50406_DB00924,1505,DB00924,P50406,-1.7845489978790283,0.9184300899505615,-1.384695291519165,0.9482086896896362,-2.1844027042388916,0.8886514902114868,0.7618452310562134,0.7620617747306824,0.9709524512290955,0.9709524512290955,0.0,0.7095683813095093,0.8197185397148132,1.3832147121429443,0.7125184535980225
1507_P35348_DB00925,1507,DB00925,P35348,-0.05239593982696533,0.7629572749137878,-0.04729638993740082,0.8635334372520447,-0.05749548599123955,0.662381112575531,0.7761171460151672,0.9061208963394165,0.9704545736312866,0.9704545736312866,0.0,0.7275328040122986,0.7863543629646301,0.5761557221412659,0.9986860156059265
1510_P08913_DB00925,1510,DB00925,P08913,0.23441416025161743,0.7636806964874268,0.38691017031669617,0.8747503161430359,0.0819181427359581,0.6526110768318176,0.7243043780326843,0.6889237761497498,0.9270169734954834,0.9270169734954834,0.0,0.673626184463501,0.775070071220398,1.8561768531799316,1.447450876235962
1511_P18089_DB00925,1511,DB00925,P18089,0.34800368547439575,0.7305396795272827,0.5191988348960876,0.8468872308731079,0.17680856585502625,0.6141920685768127,0.733083963394165,0.7074534296989441,0.9393156170845032,0.9393156170845032,0.0,0.6815260648727417,0.7673323750495911,1.740645408630371,1.0740207433700562
1512_P18825_DB00925,1512,DB00925,P18825,0.09645134955644608,0.7134351134300232,0.28967076539993286,0.7922528982162476,-0.09676806628704071,0.6346173286437988,0.7399588823318481,0.7866925597190857,0.9675778150558472,0.9675778150558472,0.0,0.6830541491508484,0.7859180569648743,1.0892192125320435,0.7908188700675964
1513_P25100_DB00925,1513,DB00925,P25100,0.7004087567329407,0.6759957075119019,1.1366829872131348,0.8464797735214233,0.26413455605506897,0.5055117011070251,0.6609194874763489,0.6241626143455505,0.9447823762893677,0.9447823762893677,0.0,0.5899537205696106,0.7188705801963806,2.4274356365203857,1.428229808807373
1514_P35368_DB00925,1514,DB00925,P35368,0.6856130957603455,0.6916391849517822,0.7694332003593445,0.8610167503356934,0.6017929911613464,0.5222615599632263,0.7145723700523376,0.8500582575798035,0.9834514260292053,0.9834514260292053,0.0,0.6473526358604431,0.755151629447937,0.8475462794303894,0.6721203923225403
1520_P07550_DB00938,1520,DB00938,P07550,-1.3501789569854736,0.9943773150444031,-1.6425532102584839,0.9996569156646729,-1.0578045845031738,0.9890977144241333,0.8325536847114563,0.7962422370910645,0.9686669707298279,0.9686669707298279,0.0,0.798525333404541,0.8673303127288818,1.0996557474136353,0.6575700044631958
1521_P08588_DB00938,1521,DB00938,P08588,0.035729654133319855,0.9791983366012573,0.15732702612876892,0.9937884211540222,-0.08586771786212921,0.9646081924438477,0.7565142512321472,0.7397235631942749,0.9406640529632568,0.9406640529632568,0.0,0.710476815700531,0.8033747673034668,1.3764619827270508,1.1909139156341553
1522_P13945_DB00938,1522,DB00938,P13945,-0.8930596113204956,0.981930136680603,-0.6068390011787415,0.9748578667640686,-1.179280161857605,0.9890024662017822,0.7938174605369568,0.7876662015914917,0.930199921131134,0.930199921131134,0.0,0.7597218155860901,0.8345704078674316,1.304680585861206,1.5062059164047241
1524_P11229_DB00942,1524,DB00942,P11229,-1.0482810735702515,0.869263231754303,-1.016770362854004,0.8727495074272156,-1.079791784286499,0.8657769560813904,0.7371947169303894,0.7426369786262512,0.9865961670875549,0.9865961670875549,0.0,0.6748443841934204,0.790252685546875,1.4020450115203857,0.7125027775764465
1529_P28221_DB00953,1529,DB00953,P28221,-1.56496262550354,0.9720619916915894,-1.645382046699524,0.9945996999740601,-1.4845430850982666,0.9495243430137634,0.8381476402282715,0.8852214813232422,0.9845816493034363,0.9845816493034363,0.0,0.8015391826629639,0.8843560218811035,0.6257802248001099,0.6671560406684875
1530_P28222_DB00953,1530,DB00953,P28222,-1.1687220335006714,0.9250627160072327,-1.0214593410491943,0.9312751293182373,-1.3159847259521484,0.918850302696228,0.8514108657836914,0.8962530493736267,0.9849143028259277,0.9849143028259277,0.0,0.8180350065231323,0.8812559843063354,0.49241527915000916,0.4804674983024597
1532_P08908_DB00953,1532,DB00953,P08908,-1.2478015422821045,0.9188245534896851,-1.1925793886184692,0.9231909513473511,-1.3030235767364502,0.9144582152366638,0.8292552828788757,0.7974795699119568,0.9854322671890259,0.9854322671890259,0.0,0.7902110815048218,0.8727521896362305,0.9502637386322021,0.6436225175857544
1533_P28566_DB00953,1533,DB00953,P28566,-0.9178155660629272,0.9433084726333618,-0.5932099223136902,0.9696477651596069,-1.2424211502075195,0.9169691205024719,0.837314248085022,0.8436642289161682,0.9791699647903442,0.9791699647903442,0.0,0.8018502593040466,0.8951675295829773,0.8947635889053345,0.5922243595123291
1534_P34969_DB00953,1534,DB00953,P34969,-1.1163697242736816,0.8925459384918213,-1.1864696741104126,0.9472503066062927,-1.0462696552276611,0.8378415107727051,0.8025475740432739,0.7883617281913757,0.9785043001174927,0.9785043001174927,0.0,0.7585583925247192,0.8568357825279236,1.002443552017212,0.6378491520881653
1535_P08913_DB00964,1535,DB00964,P08913,-1.6178194284439087,0.9751272201538086,-1.4031120538711548,0.9817819595336914,-1.8325268030166626,0.968472421169281,0.7349764704704285,0.6895740628242493,0.979514479637146,0.979514479637146,0.0,0.6738420128822327,0.8154571652412415,1.809511661529541,0.6383676528930664
1536_P35348_DB00964,1536,DB00964,P35348,-1.4838752746582031,0.9569714665412903,-1.6263450384140015,0.9663280844688416,-1.3414055109024048,0.947614848613739,0.7569461464881897,0.7478806376457214,0.9794837832450867,0.9794837832450867,0.0,0.7013117074966431,0.8124236464500427,1.274760365486145,0.8091129064559937
1537_P18089_DB00964,1537,DB00964,P18089,-1.6036078929901123,0.9686869382858276,-1.5265272855758667,0.9788714051246643,-1.6806883811950684,0.9585024118423462,0.7302325963973999,0.8059171438217163,0.9846718907356262,0.9846718907356262,0.0,0.6666227579116821,0.7990354895591736,1.2313358783721924,0.4821266531944275
1539_P20711_DB00968,1539,DB00968,P20711,0.9756897687911987,0.5883788466453552,0.5664283037185669,0.6382808685302734,1.3849512338638306,0.538476824760437,0.9603376388549805,0.9640777707099915,0.97774738073349,0.97774738073349,0.0,0.9559852480888367,0.9432676434516907,0.3319399952888489,0.7242749333381653
1540_P35367_DB00972,1540,DB00972,P35367,-2.740565061569214,0.9920426607131958,-3.1379408836364746,0.9999313354492188,-2.343189239501953,0.9841539263725281,0.7100524306297302,0.8858503699302673,0.9891868233680725,0.9891868233680725,0.0,0.6402688026428223,0.7943135499954224,0.6875859498977661,0.4517613351345062
1542_P25021_DB00972,1542,DB00972,P25021,-0.6521922945976257,0.7231297492980957,-0.7109171748161316,0.720200777053833,-0.5934674143791199,0.7260586619377136,0.8485239148139954,0.8632175326347351,0.9710177779197693,0.9710177779197693,0.0,0.8179004788398743,0.8585542440414429,0.7429689168930054,0.7338022589683533
1545_Q9UHC9_DB00973,1545,DB00973,Q9UHC9,0.4977613091468811,0.5447325110435486,0.35938534140586853,0.749526858329773,0.6361373066902161,0.3399381637573242,0.8258793950080872,0.8508473634719849,0.8202815651893616,0.8202815651893616,0.0,0.8272787928581238,0.7522860765457153,0.8110967874526978,4.615821361541748
1548_O76074_DB00975,1548,DB00975,O76074,-0.9639050960540771,0.5825363397598267,-1.2537245750427246,0.8121628165245056,-0.6740856170654297,0.35290980339050293,0.8025727272033691,0.5859386324882507,0.9297362565994263,0.9297362565994263,0.0,0.7707818150520325,0.782527506351471,1.0850669145584106,2.1228525638580322
1553_P03372_DB00977,1553,DB00977,P03372,-2.8724260330200195,0.9780596494674683,-2.9280686378479004,0.9909155964851379,-2.8167834281921387,0.9652037620544434,0.6615225672721863,0.5642123818397522,0.993532121181488,0.993532121181488,0.0,0.5785201787948608,0.757760763168335,2.7979300022125244,0.46217647194862366
1554_O75469_DB00977,1554,DB00977,O75469,0.8496387004852295,0.6118757724761963,1.423533320426941,0.6129418015480042,0.27574414014816284,0.6108097434043884,0.8404319882392883,0.8894513845443726,0.9519498348236084,0.9519498348236084,0.0,0.8125524520874023,0.8381892442703247,0.5864208936691284,0.8928771018981934
1555_P11229_DB00979,1555,DB00979,P11229,-1.2307064533233643,0.9329632520675659,-0.7008640170097351,0.9068361520767212,-1.7605489492416382,0.9590903520584106,0.7449093461036682,0.7269130945205688,0.9863121509552002,0.9863121509552002,0.0,0.684558629989624,0.7818142175674438,1.496684193611145,0.6019697189331055
1556_P10276_DB00982,1556,DB00982,P10276,-2.51788330078125,0.9893876314163208,-2.6863155364990234,0.9909921884536743,-2.3494508266448975,0.9877830147743225,0.774909496307373,0.6278825402259827,0.9888830184936523,0.9888830184936523,0.0,0.7214161157608032,0.8561294674873352,1.711503505706787,0.5656357407569885
1557_P13631_DB00982,1557,DB00982,P13631,-2.443164825439453,0.9858863353729248,-2.711398124694824,0.9877049922943115,-2.174931526184082,0.9840676784515381,0.7921645045280457,0.700824499130249,0.9901595711708069,0.9901595711708069,0.0,0.7426657676696777,0.8581509590148926,1.2907874584197998,0.49833065271377563
1559_P21728_DB00988,1559,DB00988,P21728,-1.2477974891662598,0.9805114269256592,-1.0268659591674805,0.990138053894043,-1.4687291383743286,0.9708847999572754,0.7507146596908569,0.9511041641235352,0.9910306334495544,0.9910306334495544,0.0,0.690635621547699,0.7947319746017456,0.40927183628082275,0.38576775789260864
1561_P14416_DB00988,1561,DB00988,P14416,-1.8980586528778076,0.9963976144790649,-1.76481294631958,0.9998944997787476,-2.031304359436035,0.9929007291793823,0.7877132892608643,0.8494569063186646,0.9889106750488281,0.9889106750488281,0.0,0.7374139428138733,0.8087688684463501,0.6651614308357239,0.4968482553958893
1562_P21917_DB00988,1562,DB00988,P21917,-2.2709014415740967,0.9937339425086975,-2.1292877197265625,0.9999440908432007,-2.412515163421631,0.9875237941741943,0.7953744530677795,0.8080742955207825,0.9884334206581116,0.9884334206581116,0.0,0.7471097111701965,0.8465886116027832,0.936557948589325,0.5331130027770996
1563_P21918_DB00988,1563,DB00988,P21918,-1.387976884841919,0.9751805067062378,-1.2564423084259033,0.984657347202301,-1.5195115804672241,0.9657036662101746,0.7431466579437256,0.9006059765815735,0.9907676577568054,0.9907676577568054,0.0,0.6812413930892944,0.7848766446113586,0.645832896232605,0.44349542260169983
1564_P35462_DB00988,1564,DB00988,P35462,-2.4083142280578613,0.9977216124534607,-2.2567906379699707,0.9999638795852661,-2.559838056564331,0.9954793453216553,0.8905068635940552,0.880935549736023,0.9928261041641235,0.9928261041641235,0.0,0.8649269938468933,0.9179537296295166,0.4818280339241028,0.35196542739868164
1565_Q01959_DB00988,1565,DB00988,Q01959,0.43643122911453247,0.8293482065200806,0.5694442987442017,0.8780643343925476,0.3034181594848633,0.7806321382522583,0.8787162899971008,0.8825244307518005,0.9756537675857544,0.9756537675857544,0.0,0.8544819355010986,0.8851038813591003,0.7624915838241577,0.767654538154602
1566_P08908_DB00988,1566,DB00988,P08908,-1.3590290546417236,0.9267927408218384,-0.9012324810028076,0.8866820335388184,-1.81682550907135,0.9669034481048584,0.815704345703125,0.813146710395813,0.9893966913223267,0.9893966913223267,0.0,0.7722812294960022,0.8598023653030396,0.9339103698730469,0.7244882583618164
1567_P23975_DB00988,1567,DB00988,P23975,0.5536350607872009,0.7767946124076843,0.673789918422699,0.8206624388694763,0.4334802031517029,0.7329267859458923,0.9030009508132935,0.9202128648757935,0.9790498614311218,0.9790498614311218,0.0,0.8839886784553528,0.9048987030982971,0.5581779479980469,0.7044554948806763
1568_P31645_DB00988,1568,DB00988,P31645,0.7413091659545898,0.7299851179122925,0.5110927820205688,0.7921280264854431,0.9715254902839661,0.6678422689437866,0.8999466896057129,0.9662396311759949,0.9804011583328247,0.9804011583328247,0.0,0.8798331022262573,0.9119952917098999,0.3462437093257904,0.7638985514640808
1569_P34969_DB00988,1569,DB00988,P34969,-1.4525710344314575,0.9659297466278076,-1.4451501369476318,0.9898427128791809,-1.4599919319152832,0.9420167207717896,0.8140273094177246,0.8733932375907898,0.9876740574836731,0.9876740574836731,0.0,0.7706156373023987,0.8433764576911926,0.6526340842247009,0.47653794288635254
1571_P00441_DB00988,1571,DB00988,P00441,1.6276683807373047,0.6256909370422363,1.1496537923812866,0.8001223206520081,2.105682849884033,0.4512595534324646,0.9381102919578552,0.9808763265609741,0.8482756018638611,0.8482756018638611,0.0,0.960568904876709,0.8307672739028931,0.35219836235046387,1.7053570747375488
1573_Q05940_DB00988,1573,DB00988,Q05940,0.12101474404335022,0.5856789350509644,-0.456379771232605,0.7959057688713074,0.6984092593193054,0.3754521608352661,0.7782213091850281,0.7391020655632019,0.9594996571540833,0.9594996571540833,0.0,0.7329016923904419,0.7306142449378967,1.1283069849014282,1.4520264863967896
1577_C1KC03_DB01000,1577,DB01000,C1KC03,0.7318007349967957,0.5232030153274536,-0.43067535758018494,0.746645987033844,1.8942768573760986,0.299760103225708,0.9261800050735474,0.9273096323013306,0.9648024439811707,0.9648024439811707,0.0,0.916524350643158,0.7766910195350647,0.37780076265335083,0.9553821086883545
1578_Q75Y35_DB01000,1578,DB01000,Q75Y35,0.368906706571579,0.6929478645324707,0.04377090185880661,0.8057016134262085,0.6940425038337708,0.5801941752433777,0.9255185127258301,0.9009973406791687,0.9779955744743347,0.9779955744743347,0.0,0.9123992919921875,0.912245512008667,0.3997553288936615,0.6111111044883728
1579_Q8DR59_DB01000,1579,DB01000,Q8DR59,0.7784507274627686,0.6136709451675415,0.6441776752471924,0.6292535662651062,0.9127237796783447,0.5980883836746216,0.8565860986709595,0.8000213503837585,0.9787580966949463,0.9787580966949463,0.0,0.8260430693626404,0.812093198299408,0.9032691121101379,1.8935340642929077
1580_P02918_DB01000,1580,DB01000,P02918,0.72975093126297,0.5500183701515198,0.3328728675842285,0.6337641477584839,1.1266289949417114,0.4662725627422333,0.8985318541526794,0.8407620191574097,0.9809020757675171,0.9809020757675171,0.0,0.8779392242431641,0.8806036710739136,0.5869237184524536,0.8948134183883667
1581_P02919_DB01000,1581,DB01000,P02919,0.13321594893932343,0.7549270987510681,-0.4194198548793793,0.8705043196678162,0.6858517527580261,0.6393498778343201,0.8687829375267029,0.8475972414016724,0.989416778087616,0.989416778087616,0.0,0.8386244773864746,0.8737016320228577,0.8564978241920471,1.1414951086044312
1584_P0AD68_DB01000,1584,DB01000,P0AD68,0.49833202362060547,0.5496209859848022,0.03224848955869675,0.7083735466003418,0.9644155502319336,0.3908684551715851,0.9189535975456238,0.8486683964729309,0.9894652962684631,0.9894652962684631,0.0,0.9013256430625916,0.8994272351264954,0.4714793860912323,0.564396321773529
1589_Q16850_DB01007,1589,DB01007,Q16850,-0.36917462944984436,0.6079015731811523,-0.2933409810066223,0.6727598309516907,-0.4450082778930664,0.543043315410614,0.9043097496032715,0.8793381452560425,0.8991643190383911,0.8991643190383911,0.0,0.9055960774421692,0.8551019430160522,0.6282818913459778,2.001948356628418
1590_P10613_DB01007,1590,DB01007,P10613,-0.47984397411346436,0.5642470717430115,-0.14676734805107117,0.6100843548774719,-0.8129205703735352,0.518409788608551,0.9053384065628052,0.9346247911453247,0.9013400077819824,0.9013400077819824,0.0,0.9063379764556885,0.77669358253479,0.47215399146080017,1.7391849756240845
1591_P22303_DB01010,1591,DB01010,P22303,0.9514952898025513,0.6167685389518738,1.3302708864212036,0.5722837448120117,0.5727197527885437,0.6612533330917358,0.899215042591095,0.931882917881012,0.8244357109069824,0.8244357109069824,0.0,0.9179098606109619,0.9019394516944885,0.6010209321975708,6.8613152503967285
1592_P06276_DB01010,1592,DB01010,P06276,1.200246810913086,0.6168572306632996,1.6413518190383911,0.6135677695274353,0.7591416835784912,0.6201466917991638,0.9042764902114868,0.9262812733650208,0.8243094682693481,0.8243094682693481,0.0,0.9242681860923767,0.8957432508468628,0.5746955871582031,7.071855545043945
1593_P41180_DB01012,1593,DB01012,P41180,-1.5284372568130493,0.888837993144989,-1.5053060054779053,0.96871018409729,-1.5515685081481934,0.808965802192688,0.7969260811805725,0.5806323885917664,0.928010880947113,0.928010880947113,0.0,0.764154851436615,0.8093590140342712,1.3061542510986328,1.5094895362854004
1607_P08172_DB01019,1607,DB01019,P08172,0.09460999071598053,0.9123271107673645,0.10178115963935852,0.8559072017669678,0.08743882179260254,0.9687470197677612,0.7390868067741394,0.7825049757957458,0.968704342842102,0.968704342842102,0.0,0.6816824674606323,0.7777395844459534,1.1193536520004272,0.7673043012619019
1608_P08173_DB01019,1608,DB01019,P08173,0.3875727653503418,0.8758515119552612,0.5774009227752686,0.8176071047782898,0.19774463772773743,0.9340959787368774,0.7837402820587158,0.7075163722038269,0.967742919921875,0.967742919921875,0.0,0.737739622592926,0.7914084196090698,1.579353928565979,0.9475645422935486
1609_P11229_DB01019,1609,DB01019,P11229,0.07172787934541702,0.8470278382301331,-0.01584816351532936,0.7660980224609375,0.1593039184808731,0.9279576539993286,0.7331392168998718,0.7288848161697388,0.960934579372406,0.960934579372406,0.0,0.6761903166770935,0.7621483206748962,1.4850558042526245,0.9071890115737915
1610_P20309_DB01019,1610,DB01019,P20309,-0.014870449900627136,0.8986482620239258,0.11393345892429352,0.8434534668922424,-0.1436743587255478,0.9538430571556091,0.7356824278831482,0.6787097454071045,0.9638063311576843,0.9638063311576843,0.0,0.6786514520645142,0.7687628269195557,1.7313988208770752,1.087180733680725
1611_P08912_DB01019,1611,DB01019,P08912,0.19893595576286316,0.904128909111023,-0.17461282014846802,0.8733170628547668,0.5724847316741943,0.9349408149719238,0.7558642625808716,0.7025313973426819,0.9723755717277527,0.9723755717277527,0.0,0.7017363905906677,0.7662322521209717,0.9457000494003296,0.8212575912475586
1613_P00492_DB01033,1613,DB01033,P00492,1.1533478498458862,0.5905671715736389,1.3194892406463623,0.713678240776062,0.9872064590454102,0.4674561321735382,0.9158588647842407,0.9453850388526917,0.9772977232933044,0.9772977232933044,0.0,0.900499165058136,0.8983346819877625,0.43560123443603516,0.8245874643325806
1616_Q06203_DB01033,1616,DB01033,Q06203,1.1658329963684082,0.5871724486351013,1.1378509998321533,0.6877662539482117,1.193814992904663,0.48657864332199097,0.8228675723075867,0.8770009875297546,0.8164840340614319,0.8164840340614319,0.0,0.8244634866714478,0.7723002433776855,0.8092625737190247,3.9782865047454834
1620_Q07869_DB01039,1620,DB01039,Q07869,0.456121563911438,0.574704647064209,0.5846900939941406,0.7784193158149719,0.32755306363105774,0.3709900379180908,0.7825512886047363,0.6485396027565002,0.9644237756729126,0.9644237756729126,0.0,0.7370831370353699,0.8199663758277893,1.7029168605804443,1.0746214389801025
1622_O75469_DB01039,1622,DB01039,O75469,-0.2360815554857254,0.6595843434333801,0.058923088014125824,0.824351966381073,-0.5310862064361572,0.49481672048568726,0.8495093584060669,0.8261016011238098,0.9475663900375366,0.9475663900375366,0.0,0.8249951004981995,0.8355324268341064,0.7085804343223572,0.9506572484970093
1623_P0A8V2_DB01045,1623,DB01045,P0A8V2,-1.6669044494628906,0.8507002592086792,-1.807734489440918,0.942767858505249,-1.5260742902755737,0.7586327195167542,0.9197763800621033,0.9228574633598328,0.9869535565376282,0.9869535565376282,0.0,0.9029819965362549,0.9040291905403137,0.4196627140045166,0.6305512189865112
1631_P37231_DB01050,1631,DB01050,P37231,1.432785153388977,0.5853366851806641,1.1065771579742432,0.5224891304969788,1.758993148803711,0.6481842994689941,0.71427983045578,0.6422936916351318,0.9691606163978577,0.9691606163978577,0.0,0.650559663772583,0.7224503755569458,1.9573562145233154,1.0553165674209595
1632_Q07869_DB01050,1632,DB01050,Q07869,1.7047443389892578,0.8182851076126099,1.5846529006958008,0.8356406688690186,1.8248358964920044,0.800929605960846,0.7760660648345947,0.6822734475135803,0.9736846089363098,0.9736846089363098,0.0,0.7266614437103271,0.8135761022567749,1.6304831504821777,0.9491026401519775
1643_Q8XJ01_DB01061,1643,DB01061,Q8XJ01,-0.21926382184028625,0.7202544212341309,-0.36643603444099426,0.7507010102272034,-0.07209160923957825,0.6898077726364136,0.9061704874038696,0.7759231925010681,0.9775930047035217,0.9775930047035217,0.0,0.8883147835731506,0.8599734306335449,0.4609111249446869,0.7524552941322327
1644_P14416_DB01063,1644,DB01063,P14416,-1.2915711402893066,0.8432856798171997,-1.039243221282959,0.8601471781730652,-1.5438991785049438,0.8264241218566895,0.7607883810997009,0.7132352590560913,0.9790314435958862,0.9790314435958862,0.0,0.7062275409698486,0.819917619228363,1.2846641540527344,0.6926488876342773
1646_P11473_DB01070,1646,DB01070,P11473,-1.9038398265838623,0.934112548828125,-2.3557839393615723,0.9559842348098755,-1.4518957138061523,0.9122408032417297,0.9148327112197876,0.7174015641212463,0.9927366375923157,0.9927366375923157,0.0,0.8953567147254944,0.952090322971344,0.6814646124839783,0.37638771533966064
1648_P23921_DB01073,1648,DB01073,P23921,0.12118107080459595,0.5095920562744141,-0.5780290961265564,0.5761852264404297,0.8203912377357483,0.44299882650375366,0.9118043780326843,0.937367856502533,0.843862771987915,0.843862771987915,0.0,0.9287897348403931,0.8997482657432556,0.6267468333244324,4.946986198425293
1649_P27707_DB01073,1649,DB01073,P27707,0.690159022808075,0.7112132906913757,0.6552816033363342,0.7549421787261963,0.7250364422798157,0.6674844026565552,0.9485055804252625,0.9453314542770386,0.9884645342826843,0.9884645342826843,0.0,0.9385159015655518,0.9610320329666138,0.3728678822517395,0.3924693167209625
1650_P04035_DB01076,1650,DB01076,P04035,0.022054873406887054,0.5411597490310669,-0.18788442015647888,0.6592450141906738,0.231994166970253,0.4230744242668152,0.7589694857597351,0.5871252417564392,0.6621374487876892,0.6621374487876892,0.0,0.7831774950027466,0.7666482925415039,1.6769061088562012,12.176563262939453
1657_P05141_DB01077,1657,DB01077,P05141,1.198540449142456,0.5719201564788818,0.5194008350372314,0.716464102268219,1.8776799440383911,0.42737627029418945,0.9005281329154968,0.923698365688324,0.8962618112564087,0.8962618112564087,0.0,0.9015947580337524,0.7636634707450867,0.44330263137817383,1.1146032810211182
1658_P12235_DB01077,1658,DB01077,P12235,1.5013874769210815,0.5180324912071228,0.8254895806312561,0.6320115923881531,2.1772854328155518,0.4040534198284149,0.9097068905830383,0.9151145219802856,0.8695755004882812,0.8695755004882812,0.0,0.9197397828102112,0.7796952128410339,0.4556466341018677,1.2752386331558228
1659_P12236_DB01077,1659,DB01077,P12236,1.3711929321289062,0.5566547513008118,0.8250722885131836,0.6717672944068909,1.9173134565353394,0.4415421783924103,0.8975099921226501,0.9217714071273804,0.8751247525215149,0.8751247525215149,0.0,0.9031062722206116,0.754737377166748,0.44657036662101746,1.2600144147872925
1660_P05023_DB01078,1660,DB01078,P05023,-1.2622897624969482,0.6209875345230103,-1.9338634014129639,0.7697717547416687,-0.5907160639762878,0.4722032845020294,0.7535178065299988,0.8047366142272949,0.5898833274841309,0.5898833274841309,0.0,0.794426441192627,0.5373543500900269,0.8565626740455627,7.816497325897217
1662_P35367_DB01084,1662,DB01084,P35367,-2.4019289016723633,0.9988709688186646,-2.4167613983154297,0.999994158744812,-2.387096405029297,0.9977478384971619,0.7128294706344604,0.7211819291114807,0.9868679046630859,0.9868679046630859,0.0,0.6443198323249817,0.7886897921562195,1.485634207725525,0.5778895616531372
1664_P16083_DB01087,1664,DB01087,P16083,1.489290714263916,0.5309852957725525,1.6850640773773193,0.713127076625824,1.2935173511505127,0.348843514919281,0.8754380345344543,0.9631608724594116,0.6389528512954712,0.6389528512954712,0.0,0.9345593452453613,0.6827788949012756,0.5579779744148254,5.89255428314209
1665_Q05940_DB01089,1665,DB01089,Q05940,-0.9955652952194214,0.5712924599647522,-1.6867974996566772,0.7643423080444336,-0.30433303117752075,0.3782426416873932,0.7296507954597473,0.7169169783592224,0.7869658470153809,0.7869658470153809,0.0,0.7153220176696777,0.5580825805664062,1.313940167427063,3.167072296142578
1666_Q9GZZ6_DB01090,1666,DB01090,Q9GZZ6,0.36891499161720276,0.5469561219215393,0.16891276836395264,0.8191313147544861,0.5689172148704529,0.2747809588909149,0.8141747713088989,0.7183772921562195,0.800169050693512,0.800169050693512,0.0,0.8176761865615845,0.760741114616394,0.7856916189193726,3.538386106491089
1668_P32297_DB01090,1668,DB01090,P32297,0.37175261974334717,0.5317376852035522,0.2528449594974518,0.761214017868042,0.49066027998924255,0.3022614121437073,0.7966076731681824,0.7040666937828064,0.8347724080085754,0.8347724080085754,0.0,0.7870664596557617,0.7338877320289612,0.9379902482032776,2.8367397785186768
1677_P14416_DB01100,1677,DB01100,P14416,-1.7127177715301514,0.9493104219436646,-1.6147487163543701,0.9804103970527649,-1.8106868267059326,0.918210506439209,0.7737516760826111,0.7922337055206299,0.9781954288482666,0.9781954288482666,0.0,0.7226407527923584,0.8412887454032898,0.9033685922622681,0.7216290235519409
1680_P35462_DB01100,1680,DB01100,P35462,-1.9071701765060425,0.9417691826820374,-1.718996524810791,0.9699369072914124,-2.095343828201294,0.9136014580726624,0.9003408551216125,0.832557201385498,0.9788370728492737,0.9788370728492737,0.0,0.8807168006896973,0.9253950119018555,0.5868574976921082,0.5476336479187012
1681_P08588_DB01102,1681,DB01102,P08588,-1.479427456855774,0.9807760715484619,-1.3172887563705444,0.9881784319877625,-1.6415661573410034,0.9733737707138062,0.7650341987609863,0.7838398218154907,0.9878588318824768,0.9878588318824768,0.0,0.7093280553817749,0.8278099298477173,1.248444676399231,0.6658535003662109
1682_P07550_DB01102,1682,DB01102,P07550,-1.5561575889587402,0.9879136681556702,-1.2916399240493774,0.987787663936615,-1.8206753730773926,0.9880396723747253,0.8119840621948242,0.7940024137496948,0.9815497398376465,0.9815497398376465,0.0,0.7695925831794739,0.8672631978988647,1.144618272781372,0.6145365238189697
1683_P13945_DB01102,1683,DB01102,P13945,-1.9413195848464966,0.9872289896011353,-2.0428991317749023,0.9947478175163269,-1.8397400379180908,0.9797101020812988,0.7894837260246277,0.7820231318473816,0.9678871631622314,0.9678871631622314,0.0,0.7448828816413879,0.8487147688865662,1.295285940170288,0.952741801738739
1684_P31645_DB01104,1684,DB01104,P31645,-2.090762138366699,0.9933849573135376,-1.8958806991577148,0.9999266862869263,-2.2856433391571045,0.9868431687355042,0.8953582048416138,0.9687813520431519,0.9911769032478333,0.9911769032478333,0.0,0.8714034557342529,0.9190399646759033,0.327231228351593,0.44221436977386475
1685_Q01959_DB01104,1685,DB01104,Q01959,-0.8935641646385193,0.9526485800743103,-0.44897425174713135,0.974724531173706,-1.3381540775299072,0.9305726289749146,0.8697049021720886,0.8788952827453613,0.9827212691307068,0.9827212691307068,0.0,0.8414508700370789,0.8866422772407532,0.7401375770568848,0.6438727378845215
1705_Q02127_DB01117,1705,DB01117,Q02127,-0.6350069642066956,0.6416780352592468,-0.37655654549598694,0.652283787727356,-0.8934573531150818,0.6310722827911377,0.9585692286491394,0.9410733580589294,0.9784291982650757,0.9784291982650757,0.0,0.9536042809486389,0.9421803951263428,0.3825627565383911,0.7163667678833008
1707_Q08210_DB01117,1707,DB01117,Q08210,-0.5748874545097351,0.5002005100250244,-0.8055810332298279,0.5117014050483704,-0.34419387578964233,0.48869967460632324,0.8245844841003418,0.7750410437583923,0.9419366121292114,0.9419366121292114,0.0,0.795246422290802,0.8668206334114075,0.9141366481781006,2.04470157623291
1718_P56381_DB01119,1718,DB01119,P56381,0.8440752029418945,0.5660507678985596,0.4998672604560852,0.6717902421951294,1.1882832050323486,0.4603113532066345,0.7472149729728699,0.789542019367218,0.7746018767356873,0.7746018767356873,0.0,0.7403681874275208,0.590512216091156,0.550946056842804,1.3885760307312012
1723_P00734_DB01123,1723,DB01123,P00734,0.9418408274650574,0.7365163564682007,0.7395166158676147,0.8555565476417542,1.1441650390625,0.6174761056900024,0.8416476249694824,0.7931872606277466,0.9575721621513367,0.9575721621513367,0.0,0.8126664757728577,0.7950220704078674,1.0513594150543213,1.5602887868881226
1724_P0A0N4_DB01123,1724,DB01123,P0A0N4,1.2955563068389893,0.5492008924484253,0.9455692172050476,0.8011885285377502,1.6455434560775757,0.29721328616142273,0.9468551874160767,0.9315282702445984,0.9290221929550171,0.9290221929550171,0.0,0.9513133764266968,0.8664562702178955,0.3733758330345154,0.9021711945533752
1725_Q58L87_DB01123,1725,DB01123,Q58L87,0.5791083574295044,0.6887221336364746,0.40754973888397217,0.8302745819091797,0.7506669163703918,0.5471696257591248,0.9568676352500916,0.9618943929672241,0.968722939491272,0.968722939491272,0.0,0.9539037346839905,0.9578825235366821,0.30742114782333374,0.46836113929748535
1727_P10613_DB01127,1727,DB01127,P10613,-0.5527607798576355,0.7543315291404724,-0.7421112656593323,0.815241277217865,-0.3634102940559387,0.6934217810630798,0.9409067034721375,0.9402083158493042,0.9639596343040466,0.9639596343040466,0.0,0.9351435303688049,0.9063592553138733,0.40947845578193665,1.0126049518585205
1728_O75469_DB01127,1728,DB01127,O75469,-0.20083382725715637,0.6377213597297668,0.05320969223976135,0.7696915864944458,-0.4548773467540741,0.5057511329650879,0.8418140411376953,0.8208761215209961,0.963880181312561,0.963880181312561,0.0,0.8112975358963013,0.7991495132446289,0.7656575441360474,0.8718284368515015
1736_O75469_DB01138,1736,DB01138,O75469,0.6191362142562866,0.5374302864074707,0.2932753562927246,0.8182505965232849,0.9449971318244934,0.2566100060939789,0.8419685363769531,0.7935169339179993,0.9367731213569641,0.9367731213569641,0.0,0.8182673454284668,0.8038633465766907,0.9358518123626709,1.0662709474563599
1739_P11229_DB01148,1739,DB01148,P11229,1.1316735744476318,0.7335891723632812,1.7611799240112305,0.8555721640586853,0.5021671056747437,0.611606240272522,0.7257313132286072,0.7259575128555298,0.9630376100540161,0.9630376100540161,0.0,0.666404664516449,0.7442665696144104,1.4197490215301514,1.0471998453140259
1740_P08172_DB01148,1740,DB01148,P08172,1.108080267906189,0.650377094745636,1.2839045524597168,0.7715671062469482,0.9322560429573059,0.5291870832443237,0.7261391878128052,0.776212215423584,0.958631157875061,0.958631157875061,0.0,0.6680161952972412,0.7440919280052185,1.1824016571044922,0.9690932631492615
1741_P0A3M5_DB01150,1741,DB01150,P0A3M5,-1.4221420288085938,0.9519863724708557,-1.2729119062423706,0.9709419012069702,-1.5713722705841064,0.9330308437347412,0.906578540802002,0.8214364051818848,0.9827497601509094,0.9827497601509094,0.0,0.8875357508659363,0.8822306394577026,0.45012596249580383,0.6140138506889343
1742_P14677_DB01150,1742,DB01150,P14677,-1.0749683380126953,0.904169499874115,-0.9140785336494446,0.912284255027771,-1.2358582019805908,0.896054744720459,0.9354905486106873,0.877738893032074,0.9886797666549683,0.9886797666549683,0.0,0.9221932291984558,0.8801348209381104,0.36810949444770813,0.5285552740097046
1743_Q04707_DB01150,1743,DB01150,Q04707,-0.6953355073928833,0.8696953654289246,-0.7467954158782959,0.8802295923233032,-0.6438755989074707,0.8591611385345459,0.8616752028465271,0.8178458213806152,0.9831675291061401,0.9831675291061401,0.0,0.8313020467758179,0.818206250667572,0.8401485681533813,1.6668051481246948
1744_Q01959_DB01156,1744,DB01156,Q01959,1.1765998601913452,0.8980544805526733,1.718125343322754,0.9486229419708252,0.6350743174552917,0.8474860191345215,0.8956775069236755,0.8841069340705872,0.9793262481689453,0.9793262481689453,0.0,0.8747652769088745,0.9077900648117065,0.729092001914978,0.7549832463264465
1745_P23975_DB01156,1745,DB01156,P23975,0.8377891778945923,0.9329742789268494,1.49497652053833,0.9717854857444763,0.1806018352508545,0.8941630721092224,0.9157472848892212,0.901646614074707,0.9765812754631042,0.9765812754631042,0.0,0.9005387425422668,0.923897385597229,0.6300394535064697,0.795943021774292
1760_P23975_DB01170,1760,DB01170,P23975,1.5789823532104492,0.6577855944633484,1.1099342107772827,0.7371509075164795,2.048030376434326,0.5784202814102173,0.9009227156639099,0.9009097814559937,0.9377996325492859,0.9377996325492859,0.0,0.8917034268379211,0.8944783806800842,0.6533042192459106,1.3070889711380005
1764_P35367_DB01173,1764,DB01173,P35367,-1.8544976711273193,0.9816176891326904,-1.194619059562683,0.9728353023529053,-2.514376163482666,0.9904000163078308,0.7131158113479614,0.7117789387702942,0.9827967882156372,0.9827967882156372,0.0,0.6456955075263977,0.7775309681892395,1.4845833778381348,0.6087448596954346
1766_P23975_DB01173,1766,DB01173,P23975,-0.3460099697113037,0.9360772967338562,-0.318515807390213,0.9316436648368835,-0.3735041320323944,0.9405109286308289,0.9123817682266235,0.9089207649230957,0.9750432968139648,0.9750432968139648,0.0,0.8967163562774658,0.9250709414482117,0.5992292761802673,0.8080677390098572
1768_P31645_DB01175,1768,DB01175,P31645,-2.0004940032958984,0.9353057742118835,-2.1283364295959473,0.9885287880897522,-1.87265145778656,0.8820827603340149,0.8988534212112427,0.9575489163398743,0.9857187271118164,0.9857187271118164,0.0,0.8771370649337769,0.9241650104522705,0.40490421652793884,0.5614683032035828
1769_P11229_DB01175,1769,DB01175,P11229,-1.6252305507659912,0.9252989888191223,-1.2741771936416626,0.9441574811935425,-1.9762840270996094,0.9064404964447021,0.7301305532455444,0.7392653822898865,0.9705814719200134,0.9705814719200134,0.0,0.6700177788734436,0.7630472183227539,1.353248119354248,0.8236783742904663
1770_P23975_DB01175,1770,DB01175,P23975,-0.5601145029067993,0.845167338848114,0.14869411289691925,0.8425902128219604,-1.2689231634140015,0.8477444648742676,0.8995447158813477,0.9050083756446838,0.9730071425437927,0.9730071425437927,0.0,0.8811790943145752,0.9117281436920166,0.6437742710113525,0.83537358045578
1771_P35367_DB01175,1771,DB01175,P35367,-2.2179784774780273,0.944807767868042,-2.284888744354248,0.9961483478546143,-2.1510682106018066,0.8934671878814697,0.7155131101608276,0.8157521486282349,0.9820989966392517,0.9820989966392517,0.0,0.648866593837738,0.8003515005111694,0.9654203653335571,0.5718124508857727
1772_Q01959_DB01175,1772,DB01175,Q01959,-0.3713522255420685,0.8148581981658936,0.33629685640335083,0.8054319620132446,-1.0790013074874878,0.8242843747138977,0.8706501126289368,0.8863205909729004,0.9799044728279114,0.9799044728279114,0.0,0.8433365225791931,0.8893791437149048,0.6974856853485107,0.7115543484687805
1774_P08913_DB01175,1774,DB01175,P08913,-0.6497080326080322,0.6398950815200806,-0.6150395274162292,0.5867013335227966,-0.6843765377998352,0.6930888295173645,0.7319844365119934,0.7093884944915771,0.9592233896255493,0.9592233896255493,0.0,0.6751746535301208,0.8190544843673706,1.7374329566955566,1.0162276029586792
1776_P18089_DB01175,1776,DB01175,P18089,-0.5768653750419617,0.6115647554397583,-0.3133123219013214,0.6119003295898438,-0.8404183983802795,0.6112292408943176,0.7582671642303467,0.7900688052177429,0.9812226295471191,0.9812226295471191,0.0,0.7025282979011536,0.8254132270812988,1.3340991735458374,0.573854386806488
1777_P18825_DB01175,1777,DB01175,P18825,-0.7876235842704773,0.5731492042541504,-0.17804192006587982,0.43630552291870117,-1.3972052335739136,0.7099929451942444,0.775162935256958,0.8367040753364563,0.9742085933685303,0.9742085933685303,0.0,0.7254015207290649,0.8414384126663208,0.7342441082000732,0.6874054670333862
1779_P28223_DB01175,1779,DB01175,P28223,-1.530493974685669,0.687125027179718,-1.4771021604537964,0.6262410879135132,-1.583885908126831,0.7480089664459229,0.779501736164093,0.8523285388946533,0.9798083305358887,0.9798083305358887,0.0,0.7294250726699829,0.7972609996795654,0.6929286122322083,0.5669907927513123
1780_P28335_DB01175,1780,DB01175,P28335,-1.3297674655914307,0.6479946374893188,-1.3791950941085815,0.6289538145065308,-1.2803397178649902,0.6670354008674622,0.7839105725288391,0.7932966947555542,0.9660559892654419,0.9660559892654419,0.0,0.7383741736412048,0.8554628491401672,1.123189091682434,0.8119680881500244
1781_P35348_DB01175,1781,DB01175,P35348,-1.0937259197235107,0.6928426027297974,-0.7819017767906189,0.6749486923217773,-1.4055500030517578,0.7107365727424622,0.7626459002494812,0.7729172110557556,0.9781153798103333,0.9781153798103333,0.0,0.7087785005569458,0.8373265862464905,1.1754693984985352,0.8494194746017456
1782_P35368_DB01175,1782,DB01175,P35368,-1.0005502700805664,0.5174051523208618,-0.5937853455543518,0.3721747100353241,-1.4073151350021362,0.6626356244087219,0.7105311751365662,0.9130322337150574,0.9899742603302002,0.9899742603302002,0.0,0.6406703591346741,0.7888414859771729,0.5550723671913147,0.5391148924827576
1783_P35367_DB01176,1783,DB01176,P35367,-1.3300812244415283,0.9403595328330994,-1.116716742515564,0.976729154586792,-1.5434458255767822,0.9039899110794067,0.7101744413375854,0.8765020370483398,0.97791987657547,0.97791987657547,0.0,0.6432380676269531,0.765134334564209,0.7041948437690735,0.6112396717071533
1787_P07437_DB01179,1787,DB01179,P07437,-0.2411535382270813,0.7868319749832153,0.02293477952480316,0.8645251989364624,-0.505241870880127,0.7091386914253235,0.9491865038871765,0.9767966866493225,0.9902216792106628,0.9902216792106628,0.0,0.9389277696609497,0.9401431679725647,0.3127492666244507,0.40755200386047363
1789_P12821_DB01180,1789,DB01180,P12821,0.568137526512146,0.5474402904510498,0.8815728425979614,0.6117457747459412,0.25470227003097534,0.48313480615615845,0.8468462824821472,0.6594821810722351,0.6407013535499573,0.6407013535499573,0.0,0.8983824849128723,0.748156726360321,1.0050266981124878,11.114449501037598
1791_Q14524_DB01182,1791,DB01182,Q14524,-0.1628275066614151,0.528825044631958,-0.6816806793212891,0.7298076152801514,0.35602566599845886,0.32784247398376465,0.7185211181640625,0.7298827171325684,0.8979523777961731,0.8979523777961731,0.0,0.673663318157196,0.6923902034759521,1.6652085781097412,3.3295345306396484
1793_P07550_DB01182,1793,DB01182,P07550,-1.7557214498519897,0.9523693323135376,-1.947263240814209,0.9846490025520325,-1.5641796588897705,0.920089602470398,0.8311859965324402,0.8133148550987244,0.9734667539596558,0.9734667539596558,0.0,0.7956157922744751,0.8800160884857178,1.0539226531982422,0.7719609141349792
1794_P08588_DB01182,1794,DB01182,P08588,-1.0780797004699707,0.8790936470031738,-1.00010347366333,0.9345750212669373,-1.1560559272766113,0.8236122131347656,0.772336483001709,0.8390722870826721,0.9858814477920532,0.9858814477920532,0.0,0.7189502716064453,0.829447865486145,0.8996731638908386,0.6293700337409973
1824_P00915_DB01194,1824,DB01194,P00915,1.121770977973938,0.8781136274337769,1.3039889335632324,0.993759274482727,0.9395529627799988,0.7624680399894714,0.9755831956863403,0.9838119149208069,0.9730784296989441,0.9730784296989441,0.0,0.9762094020843506,0.9391160011291504,0.3078792989253998,0.5125120878219604
1825_P00918_DB01194,1825,DB01194,P00918,-2.4357869625091553,0.9984099864959717,-2.31390380859375,0.9999992847442627,-2.5576701164245605,0.9968206882476807,0.9780494570732117,0.9924491047859192,0.9882287383079529,0.9882287383079529,0.0,0.9755046367645264,0.958001434803009,0.2754267752170563,0.3562106490135193
1826_P22748_DB01194,1826,DB01194,P22748,-1.0075750350952148,0.9528305530548096,-0.9934819340705872,0.9991644620895386,-1.0216680765151978,0.9064967036247253,0.9116644263267517,0.9126216769218445,0.9684084057807922,0.9684084057807922,0.0,0.8974784016609192,0.9233905673027039,0.3886432945728302,0.5367065072059631
1827_P35218_DB01194,1827,DB01194,P35218,-1.545206069946289,0.9878745079040527,-1.2264732122421265,0.9996511936187744,-1.8639390468597412,0.976097822189331,0.8721922039985657,0.8614591360092163,0.9678127765655518,0.9678127765655518,0.0,0.8482869863510132,0.8639823198318481,0.8153456449508667,0.9128735661506653
1828_P07451_DB01194,1828,DB01194,P07451,-1.211500883102417,0.9705580472946167,-1.2393525838851929,0.9992425441741943,-1.1836493015289307,0.9418736100196838,0.9728276133537292,0.9839189648628235,0.960541307926178,0.960541307926178,0.0,0.9758992195129395,0.9415872097015381,0.3073781728744507,0.4968653917312622
1829_P12821_DB01197,1829,DB01197,P12821,-1.2619585990905762,0.9198125004768372,-1.4345027208328247,0.979030430316925,-1.089414358139038,0.8605945706367493,0.8979207873344421,0.6183901429176331,0.854974091053009,0.854974091053009,0.0,0.9086574912071228,0.8995794653892517,0.737260639667511,8.29440975189209
1832_P09960_DB01197,1832,DB01197,P09960,1.1818451881408691,0.7481948137283325,2.1720480918884277,0.8107385635375977,0.19164220988750458,0.6856510639190674,0.9855952262878418,0.9827964901924133,0.9877590537071228,0.9877590537071228,0.0,0.9850543141365051,0.97999507188797,0.2749949097633362,0.4791159927845001
1838_P47869_DB01198,1838,DB01198,P47869,-0.897597074508667,0.6263583898544312,-1.8407853841781616,0.9241645336151123,0.045591291040182114,0.3285521864891052,0.7816553711891174,0.7187496423721313,0.8480306267738342,0.8480306267738342,0.0,0.7650615572929382,0.505059003829956,1.1025850772857666,2.518749952316284
1839_Q15822_DB01199,1839,DB01199,Q15822,-0.8149983286857605,0.6222231388092041,-0.2503817081451416,0.6662918925285339,-1.3796149492263794,0.578154444694519,0.7064135670661926,0.7307175993919373,0.8646733164787292,0.8646733164787292,0.0,0.6668485999107361,0.5866303443908691,1.007218837738037,2.32267689704895
1842_P36544_DB01199,1842,DB01199,P36544,-0.4253760278224945,0.7792519927024841,0.6508992314338684,0.8854125142097473,-1.5016512870788574,0.673091471195221,0.7573283910751343,0.6949261426925659,0.7874104380607605,0.7874104380607605,0.0,0.7498078346252441,0.6597605347633362,1.0820136070251465,3.644619941711426
1843_Q7L0J3_DB01202,1843,DB01202,Q7L0J3,1.9961268901824951,0.8265296220779419,1.8439700603485107,0.9181070327758789,2.1482837200164795,0.7349522709846497,0.8078500032424927,0.789644181728363,0.9745949506759644,0.9745949506759644,0.0,0.7661637663841248,0.8211344480514526,1.4029120206832886,0.9244092106819153
1845_P08588_DB01203,1845,DB01203,P08588,-1.4434633255004883,0.9736535549163818,-1.3237857818603516,0.9750853776931763,-1.5631409883499146,0.9722217321395874,0.777348518371582,0.7950524091720581,0.9906062483787537,0.9906062483787537,0.0,0.7240340709686279,0.8512398600578308,1.1662315130233765,0.5882221460342407
1846_P07550_DB01203,1846,DB01203,P07550,-2.3872647285461426,0.9975157380104065,-2.400782585144043,0.9998996257781982,-2.3737471103668213,0.9951318502426147,0.8452087640762329,0.824362576007843,0.9888675212860107,0.9888675212860107,0.0,0.8092940449714661,0.9081308841705322,1.0023995637893677,0.5469078421592712
1847_P14867_DB01205,1847,DB01205,P14867,-1.0852124691009521,0.5569425821304321,-1.9792141914367676,0.89084392786026,-0.19121086597442627,0.22304125130176544,0.8082106709480286,0.7256048321723938,0.8497606515884399,0.8497606515884399,0.0,0.7978231310844421,0.7086630463600159,1.080786943435669,3.148588180541992
1848_P18507_DB01205,1848,DB01205,P18507,-1.5709900856018066,0.6778259873390198,-2.1823740005493164,0.9982811212539673,-0.9596061110496521,0.3573708236217499,0.7107426524162292,0.651775062084198,0.5660631060600281,0.5660631060600281,0.0,0.7469124794006348,0.49289023876190186,1.6758308410644531,8.623695373535156
1850_O00591_DB01205,1850,DB01205,O00591,-0.8814291954040527,0.6268600225448608,-2.0372214317321777,0.9790072441101074,0.2743629813194275,0.27471286058425903,0.812336266040802,0.7202059626579285,0.9458650350570679,0.9458650350570679,0.0,0.7789540886878967,0.8006995320320129,0.8885619640350342,1.496965765953064
1853_P28472_DB01205,1853,DB01205,P28472,-0.9544987678527832,0.5818069577217102,-1.799952507019043,0.859836757183075,-0.10904496908187866,0.30377718806266785,0.8216040730476379,0.6745874285697937,0.868929386138916,0.868929386138916,0.0,0.8097727298736572,0.7699706554412842,1.230098009109497,2.9944071769714355
1860_Q8N1C3_DB01205,1860,DB01205,Q8N1C3,-1.3474165201187134,0.5885596871376038,-2.724508285522461,0.9999932050704956,0.029675349593162537,0.1771262139081955,0.7866055369377136,0.6934815645217896,0.8658348917961121,0.8658348917961121,0.0,0.7667981386184692,0.5443180799484253,1.2615801095962524,3.308500289916992
1861_Q99928_DB01205,1861,DB01205,Q99928,-1.4680004119873047,0.6107192039489746,-2.876558303833008,0.9999350309371948,-0.05944245681166649,0.22150343656539917,0.7824369072914124,0.6848618984222412,0.8196220397949219,0.8196220397949219,0.0,0.7731406092643738,0.7640460133552551,1.2973989248275757,4.190439224243164
1862_Q9UN88_DB01205,1862,DB01205,Q9UN88,-1.1415965557098389,0.5815621614456177,-1.577661395072937,0.983250081539154,-0.7055315971374512,0.17987418174743652,0.6218263506889343,0.5515995025634766,0.627567708492279,0.627567708492279,0.0,0.6203910112380981,0.5390665531158447,2.9205515384674072,8.403313636779785
1863_P08588_DB01210,1863,DB01210,P08588,-2.2057013511657715,0.9911420345306396,-2.2096786499023438,0.9988375306129456,-2.201724052429199,0.9834465384483337,0.764316201210022,0.7477608323097229,0.9901169538497925,0.9901169538497925,0.0,0.7078660130500793,0.830590009689331,1.44838285446167,0.5832745432853699
1864_P07550_DB01210,1864,DB01210,P07550,-2.894202709197998,0.998325765132904,-2.7502918243408203,0.9999797344207764,-3.038113594055176,0.9966717958450317,0.8235267996788025,0.8265846967697144,0.9894897937774658,0.9894897937774658,0.0,0.7820360660552979,0.8954288363456726,0.981429398059845,0.5393239855766296
1869_P0A3M6_DB01212,1869,DB01212,P0A3M6,-1.1185704469680786,0.8100898265838623,-1.0530881881713867,0.8432533144950867,-1.1840527057647705,0.7769262790679932,0.8928185701370239,0.8447213768959045,0.9440567493438721,0.9440567493438721,0.0,0.8800089955329895,0.8247730731964111,0.49005764722824097,1.1315239667892456
1874_P08588_DB01214,1874,DB01214,P08588,0.386746883392334,0.9039731025695801,0.5610555410385132,0.9918085932731628,0.21243822574615479,0.8161376714706421,0.7639590501785278,0.7476372718811035,0.9818898439407349,0.9818898439407349,0.0,0.7094763517379761,0.8315921425819397,1.4876339435577393,0.7067804336547852
1875_P07550_DB01214,1875,DB01214,P07550,0.2858225703239441,0.9456701874732971,-0.062358222901821136,0.9994596838951111,0.6340033411979675,0.8918806910514832,0.8187357783317566,0.8001137971878052,0.9807170033454895,0.9807170033454895,0.0,0.7782405018806458,0.891062319278717,1.1167718172073364,0.6635635495185852
1878_P51857_DB01216,1878,DB01216,P51857,-0.8146677017211914,0.6176385879516602,-1.0787863731384277,0.768589973449707,-0.5505490899085999,0.46668723225593567,0.9674148559570312,0.9776121973991394,0.9522688984870911,0.9522688984870911,0.0,0.9712013602256775,0.9340492486953735,0.3169810473918915,0.688001275062561
1881_P04150_DB01222,1881,DB01222,P04150,-2.6434569358825684,0.9885624647140503,-2.6613712310791016,0.9990723133087158,-2.6255428791046143,0.9780526757240295,0.6032475829124451,0.4656083583831787,0.9883962273597717,0.9883962273597717,0.0,0.506960391998291,0.7117260098457336,4.1447672843933105,0.7386685013771057
1887_P28223_DB01224,1887,DB01224,P28223,-1.180422306060791,0.7952641844749451,-0.7401618361473083,0.7460654973983765,-1.620682716369629,0.8444628715515137,0.7836258411407471,0.7766575217247009,0.9788574576377869,0.9788574576377869,0.0,0.7348179221153259,0.8135663270950317,1.1109991073608398,0.6087506413459778
1888_P14416_DB01224,1888,DB01224,P14416,-0.7085047960281372,0.8332825303077698,-0.7396901249885559,0.9080227017402649,-0.6773194670677185,0.7585423588752747,0.7575771808624268,0.7760205268859863,0.9632775187492371,0.9632775187492371,0.0,0.706152081489563,0.7953744530677795,0.9678736329078674,0.8716211318969727
1889_P28335_DB01224,1889,DB01224,P28335,-1.1721243858337402,0.7664568424224854,-1.138910174369812,0.7873548865318298,-1.205338478088379,0.7455587387084961,0.7779225707054138,0.7608658075332642,0.9628992080688477,0.9628992080688477,0.0,0.7316784262657166,0.8347468376159668,1.3195492029190063,0.7771552801132202
1890_P08908_DB01224,1890,DB01224,P08908,-0.826258659362793,0.8234689235687256,-0.6319491267204285,0.8365606665611267,-1.0205682516098022,0.8103771209716797,0.7874954342842102,0.8614698648452759,0.9670458436012268,0.9670458436012268,0.0,0.742607831954956,0.8131300806999207,0.8663037419319153,0.9120814204216003
1891_P35367_DB01224,1891,DB01224,P35367,-2.43350887298584,0.9888314008712769,-2.550288200378418,0.9993811845779419,-2.316729784011841,0.9782816767692566,0.7090339064598083,0.8042653799057007,0.985737144947052,0.985737144947052,0.0,0.6398581266403198,0.7893344759941101,1.095585823059082,0.5187012553215027
1892_P08172_DB01224,1892,DB01224,P08172,-0.5259993076324463,0.8207638263702393,-0.02183995582163334,0.8120659589767456,-1.0301586389541626,0.8294617533683777,0.7551575899124146,0.7970966100692749,0.974704384803772,0.974704384803772,0.0,0.7002708315849304,0.798111617565155,0.7943193316459656,0.6842145323753357
1893_P08173_DB01224,1893,DB01224,P08173,-0.36676302552223206,0.7782300710678101,-0.018966197967529297,0.7669832706451416,-0.7145598530769348,0.7894768714904785,0.770391047000885,0.7536101937294006,0.9822573065757751,0.9822573065757751,0.0,0.7174244523048401,0.8050429224967957,1.3841724395751953,0.6892006993293762
1894_P08912_DB01224,1894,DB01224,P08912,-0.5241973400115967,0.8630460500717163,-0.23626823723316193,0.8647644519805908,-0.8121264576911926,0.861327588558197,0.7117690443992615,0.6885169744491577,0.9351507425308228,0.9351507425308228,0.0,0.6559235453605652,0.6817020773887634,1.8946598768234253,1.3619627952575684
1895_P08913_DB01224,1895,DB01224,P08913,-0.605903148651123,0.7457549571990967,-0.4521520435810089,0.734461784362793,-0.7596542835235596,0.7570480704307556,0.7113311886787415,0.679023027420044,0.9270849823951721,0.9270849823951721,0.0,0.6573927402496338,0.7237156629562378,1.893779993057251,1.348337173461914
1896_P11229_DB01224,1896,DB01224,P11229,-0.2509826421737671,0.8530765771865845,0.23834499716758728,0.8904154896736145,-0.7403103113174438,0.8157376050949097,0.7388259172439575,0.7371223568916321,0.9589324593544006,0.9589324593544006,0.0,0.6837992668151855,0.7792953252792358,1.4454721212387085,1.1137372255325317
1897_P18089_DB01224,1897,DB01224,P18089,-0.5036917924880981,0.7074790000915527,-0.5016976594924927,0.7327074408531189,-0.5056859850883484,0.6822506189346313,0.7285505533218384,0.7162975072860718,0.9523546695709229,0.9523546695709229,0.0,0.6725994944572449,0.7683107852935791,1.6653157472610474,0.9004403352737427
1898_P18825_DB01224,1898,DB01224,P18825,-1.0513694286346436,0.7722896337509155,-0.9889001250267029,0.739942729473114,-1.1138386726379395,0.8046364784240723,0.7626053094863892,0.8654168844223022,0.977613627910614,0.977613627910614,0.0,0.7088531851768494,0.8297848701477051,0.6991043090820312,0.5851616859436035
1899_P20309_DB01224,1899,DB01224,P20309,-0.3501761257648468,0.8237537145614624,0.06654058396816254,0.8247525691986084,-0.7668928503990173,0.8227548003196716,0.7163659334182739,0.65286785364151,0.9603142142295837,0.9603142142295837,0.0,0.6553788185119629,0.7720429301261902,1.893154501914978,1.2621158361434937
1900_P21728_DB01224,1900,DB01224,P21728,-0.24969351291656494,0.7254583835601807,0.21960538625717163,0.687031090259552,-0.7189924120903015,0.7638857364654541,0.7652540802955627,0.9506219029426575,0.9692355990409851,0.9692355990409851,0.0,0.7142586708068848,0.7987446188926697,0.41550248861312866,0.6955225467681885
1901_P21917_DB01224,1901,DB01224,P21917,-0.03190810978412628,0.5665343999862671,0.07961677014827728,0.6312107443809509,-0.14343298971652985,0.5018579959869385,0.7775371074676514,0.8610950112342834,0.9695318341255188,0.9695318341255188,0.0,0.7295384407043457,0.7317031621932983,0.6886330842971802,0.6831284165382385
1902_P21918_DB01224,1902,DB01224,P21918,-0.3236236274242401,0.779535174369812,0.10377846658229828,0.8537707328796387,-0.7510257363319397,0.7052996158599854,0.7478355765342712,0.8349041938781738,0.9652271270751953,0.9652271270751953,0.0,0.6934876441955566,0.794990599155426,0.8596510291099548,0.8978070616722107
1903_P25100_DB01224,1903,DB01224,P25100,-0.13300122320652008,0.5543209910392761,-0.026625147089362144,0.664105236530304,-0.23937729001045227,0.4445367753505707,0.6317352652549744,0.6198809146881104,0.8608242869377136,0.8608242869377136,0.0,0.5744629502296448,0.643284022808075,2.454726219177246,2.090834140777588
1904_P28221_DB01224,1904,DB01224,P28221,-1.0330121517181396,0.9319313168525696,-1.1290876865386963,0.9432104229927063,-0.936936616897583,0.9206522107124329,0.8199278116226196,0.8009327054023743,0.9472677111625671,0.9472677111625671,0.0,0.7880927920341492,0.8437454104423523,0.9737033247947693,1.0664029121398926
1905_P28222_DB01224,1905,DB01224,P28222,-1.0265889167785645,0.8521664142608643,-1.048412799835205,0.8787432909011841,-1.0047651529312134,0.8255894780158997,0.8447138667106628,0.8581100702285767,0.960178792476654,0.960178792476654,0.0,0.8158476948738098,0.8349425792694092,0.6041241884231567,0.762660562992096
1906_P28566_DB01224,1906,DB01224,P28566,-1.1797034740447998,0.9264862537384033,-1.4778666496276855,0.9715412855148315,-0.8815403580665588,0.8814312219619751,0.815163791179657,0.8589106202125549,0.9531088471412659,0.9531088471412659,0.0,0.7806775569915771,0.8754454851150513,0.8122523427009583,0.82845538854599
1907_P34969_DB01224,1907,DB01224,P34969,-1.2233290672302246,0.8627978563308716,-1.1165305376052856,0.867327868938446,-1.3301277160644531,0.8582678437232971,0.7917451858520508,0.7760782241821289,0.9598303437232971,0.9598303437232971,0.0,0.7497239112854004,0.8265858888626099,1.050363540649414,0.819725513458252
1908_P35348_DB01224,1908,DB01224,P35348,-0.5630584955215454,0.7577638030052185,-0.462018221616745,0.8150437474250793,-0.6640987992286682,0.7004838585853577,0.7417408227920532,0.7274153828620911,0.9471477270126343,0.9471477270126343,0.0,0.6903890371322632,0.8006691932678223,1.2485989332199097,1.2201374769210815
1909_P35368_DB01224,1909,DB01224,P35368,-0.719461977481842,0.7686803340911865,-0.699634313583374,0.8902822732925415,-0.7392896413803101,0.6470783948898315,0.7027300000190735,0.6701673269271851,0.9653827548027039,0.9653827548027039,0.0,0.6370667815208435,0.7846207618713379,1.945554256439209,0.9744523167610168
1913_Q15822_DB01226,1913,DB01226,Q15822,-0.22457104921340942,0.5061154961585999,-0.19473899900913239,0.5058632493019104,-0.25440308451652527,0.5063677430152893,0.698567807674408,0.7185905575752258,0.8324584364891052,0.8324584364891052,0.0,0.6650950908660889,0.518741250038147,1.0970538854599,2.662710189819336
1922_P35367_DB01237,1922,DB01237,P35367,-1.7648584842681885,0.9512670636177063,-1.3122905492782593,0.9841771125793457,-2.2174265384674072,0.9183570146560669,0.7093268632888794,0.6958047747612,0.9720325469970703,0.9720325469970703,0.0,0.6436504125595093,0.7823213934898376,1.7014970779418945,0.7525696158409119
1923_Q9H244_DB01240,1923,DB01240,Q9H244,0.4640466868877411,0.5241441130638123,0.060579776763916016,0.754453718662262,0.8675135970115662,0.29383447766304016,0.8502613306045532,0.8836013078689575,0.9129583239555359,0.9129583239555359,0.0,0.8345870971679688,0.7383112907409668,0.7511263489723206,1.2457221746444702
1924_P43119_DB01240,1924,DB01240,P43119,0.2902626395225525,0.9421077966690063,0.830298900604248,0.9661107063293457,-0.24977362155914307,0.9181048274040222,0.8126885294914246,0.8446616530418396,0.9679437279701233,0.9679437279701233,0.0,0.7738747596740723,0.8432028293609619,0.8546583652496338,0.632270336151123
1925_Q16647_DB01240,1925,DB01240,Q16647,0.9887410402297974,0.6012860536575317,0.633707582950592,0.7115180492401123,1.343774437904358,0.4910540282726288,0.9218822717666626,0.9484630823135376,0.8450887799263,0.8450887799263,0.0,0.941080629825592,0.8914247155189514,0.5115005970001221,2.5337753295898438
1926_Q07869_DB01241,1926,DB01241,Q07869,1.467017650604248,0.7102152109146118,1.6692460775375366,0.8273136615753174,1.26478910446167,0.5931167602539062,0.7777121067047119,0.6997769474983215,0.9767827987670898,0.9767827987670898,0.0,0.7279444336891174,0.7937151789665222,1.7160124778747559,0.9438381195068359
1928_Q8TCC7_DB01241,1928,DB01241,Q8TCC7,0.8231405019760132,0.6768829822540283,0.7857134342193604,0.6561678051948547,0.8605676293373108,0.6975980997085571,0.8610721826553345,0.8936058878898621,0.9627756476402283,0.9627756476402283,0.0,0.8356462717056274,0.8011336326599121,0.5365460515022278,0.8179486393928528
1932_P22303_DB01245,1932,DB01245,P22303,-0.4148572087287903,0.7695842981338501,-0.5048294067382812,0.7684744000434875,-0.3248850405216217,0.7706941962242126,0.8212559819221497,0.9062778353691101,0.440459281206131,0.440459281206131,0.0,0.9164551496505737,0.8616610765457153,1.3536863327026367,21.976608276367188
1937_P01579_DB01250,1937,DB01250,P01579,1.00152587890625,0.6079731583595276,1.1452335119247437,0.6753420233726501,0.8578181266784668,0.540604293346405,0.6208054423332214,0.7861629128456116,0.5293689370155334,0.5293689370155334,0.0,0.6436645984649658,0.40589505434036255,0.8981629610061646,3.7889626026153564
1938_P51580_DB01250,1938,DB01250,P51580,0.10500551015138626,0.6680620908737183,0.30789443850517273,0.8112132549285889,-0.09788341820240021,0.5249109864234924,0.8896099328994751,0.9544481039047241,0.8993455171585083,0.8993455171585083,0.0,0.8871760368347168,0.6836732625961304,0.4152388572692871,0.9384836554527283
1940_P35354_DB01250,1940,DB01250,P35354,1.3925797939300537,0.5647464394569397,0.8087011575698853,0.7823464274406433,1.9764585494995117,0.34714648127555847,0.8954103589057922,0.9139186143875122,0.7861049771308899,0.7861049771308899,0.0,0.9227367043495178,0.9062702059745789,0.9899185299873352,7.1172404289245605
1941_P47989_DB01250,1941,DB01250,P47989,1.0624377727508545,0.703341007232666,1.3135226964950562,0.8246899843215942,0.8113529086112976,0.5819920897483826,0.8878467679023743,0.9621173739433289,0.6640764474868774,0.6640764474868774,0.0,0.9437893033027649,0.8902674317359924,0.701023519039154,12.091493606567383
1942_P35348_DB01253,1942,DB01253,P35348,-1.3845009803771973,0.8061291575431824,-1.6206493377685547,0.9180732369422913,-1.1483525037765503,0.6941850781440735,0.7587421536445618,0.7762734889984131,0.9781261086463928,0.9781261086463928,0.0,0.703896164894104,0.8114903569221497,1.0041780471801758,0.8118889331817627
1945_P14416_DB01267,1945,DB01267,P14416,-1.6565418243408203,0.9340180158615112,-1.9348175525665283,0.9562420845031738,-1.3782662153244019,0.9117939472198486,0.7728346586227417,0.7562160491943359,0.9684522747993469,0.9684522747993469,0.0,0.7239302396774292,0.8012232184410095,1.0591472387313843,0.9429230093955994
1946_P28223_DB01267,1946,DB01267,P28223,-3.0191094875335693,0.989770770072937,-3.1846513748168945,0.99864262342453,-2.853567600250244,0.9808988571166992,0.7745901942253113,0.8102418184280396,0.9734897017478943,0.9734897017478943,0.0,0.7248652577400208,0.7973410487174988,0.9794061183929443,0.6637331247329712
1947_P08908_DB01267,1947,DB01267,P08908,0.36016812920570374,0.7046355605125427,1.6954165697097778,0.6077551245689392,-0.9750803112983704,0.8015159964561462,0.7923005819320679,0.7373475432395935,0.9538943767547607,0.9538943767547607,0.0,0.7519021034240723,0.8633133769035339,1.3808841705322266,1.2931774854660034
1948_P08913_DB01267,1948,DB01267,P08913,-1.5094218254089355,0.7720729112625122,-1.101942777633667,0.6101804971694946,-1.916900873184204,0.9339653849601746,0.7506051063537598,0.6993008255958557,0.9730813503265381,0.9730813503265381,0.0,0.6949860453605652,0.8393950462341309,1.7099545001983643,0.8734318017959595
1949_P18089_DB01267,1949,DB01267,P18089,-0.9066413640975952,0.7325925230979919,-0.1702214777469635,0.5695138573646545,-1.6430612802505493,0.8956711888313293,0.7458282113075256,0.7257322669029236,0.973738968372345,0.973738968372345,0.0,0.6888505220413208,0.8342340588569641,1.6192917823791504,0.7118061184883118
1950_P18825_DB01267,1950,DB01267,P18825,-1.196066975593567,0.6246562004089355,-0.8656680583953857,0.41907232999801636,-1.526465892791748,0.8302400708198547,0.7645756006240845,0.7673640847206116,0.9842327833175659,0.9842327833175659,0.0,0.7096613049507141,0.8369514346122742,1.128847599029541,0.5374321341514587
1951_P21728_DB01267,1951,DB01267,P21728,-1.153185486793518,0.8077684640884399,-1.174142837524414,0.7313973903656006,-1.132228136062622,0.8841395974159241,0.7569246292114258,0.8890639543533325,0.9435831904411316,0.9435831904411316,0.0,0.7102599740028381,0.7914685606956482,0.696222186088562,1.0493152141571045
1952_P21917_DB01267,1952,DB01267,P21917,-1.5930606126785278,0.558190643787384,-1.1311118602752686,0.4482143819332123,-2.055009365081787,0.6681669354438782,0.7822719812393188,0.7473652958869934,0.9560657739639282,0.9560657739639282,0.0,0.7388235330581665,0.8396999835968018,1.1699533462524414,1.021738886833191
1953_P28221_DB01267,1953,DB01267,P28221,-1.5251376628875732,0.8903319239616394,-1.0958155393600464,0.8383785486221313,-1.9544596672058105,0.9422852993011475,0.8209096193313599,0.8474998474121094,0.966668963432312,0.966668963432312,0.0,0.7844697833061218,0.8703185319900513,0.6392158269882202,0.9160022735595703
1954_P28335_DB01267,1954,DB01267,P28335,-2.353748083114624,0.9557746648788452,-2.392336368560791,0.9563063979148865,-2.315159797668457,0.955242931842804,0.7707967162132263,0.8220235109329224,0.9687551856040955,0.9687551856040955,0.0,0.721307098865509,0.7914262413978577,0.9396404027938843,0.764016330242157
1955_P35348_DB01267,1955,DB01267,P35348,-1.5657405853271484,0.8725988864898682,-0.8724302053451538,0.7914074659347534,-2.2590510845184326,0.9537902474403381,0.7591509819030762,0.7833617329597473,0.966999888420105,0.966999888420105,0.0,0.7071887850761414,0.8282088041305542,1.020566701889038,1.0202045440673828
1956_P35367_DB01267,1956,DB01267,P35367,-1.0216892957687378,0.9275321960449219,0.026648826897144318,0.9126824140548706,-2.0700273513793945,0.9423820376396179,0.7157146334648132,0.740310549736023,0.9746229648590088,0.9746229648590088,0.0,0.6509875655174255,0.8081739544868469,1.3630917072296143,0.7501087188720703
1957_P35368_DB01267,1957,DB01267,P35368,-1.168017864227295,0.7771252393722534,-0.5829885005950928,0.672987699508667,-1.753047227859497,0.8812628388404846,0.7055623531341553,0.6738899350166321,0.965768575668335,0.965768575668335,0.0,0.6405107975006104,0.7866034507751465,1.9405362606048584,0.993399977684021
1958_P35462_DB01267,1958,DB01267,P35462,-2.3403396606445312,0.9182918071746826,-1.9543431997299194,0.8620924949645996,-2.7263362407684326,0.9744910597801208,0.8803362250328064,0.8199730515480042,0.9732842445373535,0.9732842445373535,0.0,0.8570991158485413,0.9122035503387451,0.6723387837409973,0.6686171293258667
1959_P34969_DB01267,1959,DB01267,P34969,-1.164934754371643,0.7314568758010864,-0.8854961395263672,0.7163704037666321,-1.444373369216919,0.7465434074401855,0.7703000903129578,0.8280960321426392,0.9526470303535461,0.9526470303535461,0.0,0.7247133851051331,0.7975047826766968,0.8589791655540466,0.9766722321510315
1961_P13674_DB01275,1961,DB01275,P13674,1.5909172296524048,0.5710203647613525,1.5868000984191895,0.7512685656547546,1.5950343608856201,0.39077210426330566,0.8577931523323059,0.8102499842643738,0.8165507912635803,0.8165507912635803,0.0,0.8681036829948425,0.7491205334663391,0.7823145389556885,4.834901809692383
1964_P07550_DB01291,1964,DB01291,P07550,-0.5794621706008911,0.9898900389671326,-0.4305233359336853,0.9873685240745544,-0.7284009456634521,0.9924115538597107,0.8255950808525085,0.7813593149185181,0.9880046844482422,0.9880046844482422,0.0,0.7849927544593811,0.8905007243156433,1.2080833911895752,0.552047848701477
1965_P08588_DB01291,1965,DB01291,P08588,-0.08503550291061401,0.9755425453186035,-0.22817270457744598,0.9774829149246216,0.05810169875621796,0.9736021757125854,0.777064859867096,0.8257994651794434,0.9928539395332336,0.9928539395332336,0.0,0.7231175899505615,0.847285807132721,1.0239194631576538,0.5200295448303223
1966_P08588_DB01297,1966,DB01297,P08588,0.04999837279319763,0.9508479833602905,-0.13675576448440552,0.9529392719268799,0.23675251007080078,0.9487566351890564,0.7625885009765625,0.8116593360900879,0.9898431897163391,0.9898431897163391,0.0,0.7057748436927795,0.8235524296760559,1.191904902458191,0.5565477013587952
1968_P0A7X3_DB01301,1968,DB01301,P0A7X3,1.1149613857269287,0.5751044750213623,1.5695987939834595,0.6730281710624695,0.6603240966796875,0.4771807789802551,0.7391162514686584,0.767665445804596,0.5799515843391418,0.5799515843391418,0.0,0.7789074182510376,0.5158520340919495,0.9882241487503052,4.761468410491943
1976_P00915_DB01325,1976,DB01325,P00915,-0.4156278371810913,0.93575119972229,-0.19161328673362732,0.9987084865570068,-0.6396424174308777,0.872793972492218,0.9771877527236938,0.9815700054168701,0.9688827991485596,0.9688827991485596,0.0,0.9792639017105103,0.9533717632293701,0.2997395098209381,0.5253729820251465
1977_P00918_DB01325,1977,DB01325,P00918,-1.4723811149597168,0.9891370534896851,-1.2500700950622559,0.9999759197235107,-1.6946920156478882,0.9782982468605042,0.9810296297073364,0.9919685125350952,0.9944859743118286,0.9944859743118286,0.0,0.9776655435562134,0.9783511161804199,0.2639072835445404,0.2928743064403534
1982_P02918_DB01327,1982,DB01327,P02918,-0.20023688673973083,0.7487953305244446,-0.2467109113931656,0.86030513048172,-0.15376287698745728,0.6372855305671692,0.8967049717903137,0.8404671549797058,0.9662478566169739,0.9662478566169739,0.0,0.8793192505836487,0.8648858070373535,0.5943479537963867,1.0759581327438354
1983_P02919_DB01327,1983,DB01327,P02919,-0.6033434867858887,0.8264527320861816,-0.8599923253059387,0.9283822774887085,-0.346694678068161,0.7245232462882996,0.8621514439582825,0.8629226088523865,0.9670891165733337,0.9670891165733337,0.0,0.835917055606842,0.8558620810508728,0.8467667698860168,1.5907409191131592
1984_P0AD65_DB01327,1984,DB01327,P0AD65,0.4477652907371521,0.6321171522140503,0.5122035145759583,0.8108499050140381,0.38332703709602356,0.4533843398094177,0.899829089641571,0.8616265058517456,0.9575474858283997,0.9575474858283997,0.0,0.8853994607925415,0.7591016888618469,0.490804523229599,1.523318886756897
1985_P0AD68_DB01327,1985,DB01327,P0AD68,-0.17034289240837097,0.7320437431335449,-0.3695707619190216,0.9226261973381042,0.02888498827815056,0.5414612293243408,0.9081272482872009,0.8569787740707397,0.9620397686958313,0.9620397686958313,0.0,0.894649088382721,0.8319867253303528,0.47573691606521606,0.8480120301246643
1986_P76577_DB01327,1986,DB01327,P76577,0.061710357666015625,0.6942052841186523,-0.3022213876247406,0.8629376292228699,0.42564210295677185,0.5254729390144348,0.9107041358947754,0.8543012738227844,0.9582148194313049,0.9582148194313049,0.0,0.8988264203071594,0.8743551969528198,0.5363452434539795,1.187598466873169
1987_P40933_DB01327,1987,DB01327,P40933,0.7812570333480835,0.5390062928199768,0.5380774140357971,0.7038400769233704,1.0244367122650146,0.37417250871658325,0.7157884240150452,0.8595781922340393,0.7765354514122009,0.7765354514122009,0.0,0.7006016373634338,0.3989275395870209,0.683362603187561,2.1344048976898193
1989_Q75Y35_DB01330,1989,DB01330,Q75Y35,-0.9350106716156006,0.6909798383712769,-1.2406896352767944,0.8249173164367676,-0.6293317675590515,0.5570423007011414,0.916702926158905,0.8895467519760132,0.9439992904663086,0.9439992904663086,0.0,0.9098788499832153,0.8713375329971313,0.46396541595458984,0.9608433842658997
1990_P02918_DB01331,1990,DB01331,P02918,0.15588313341140747,0.5967726707458496,0.19231978058815002,0.5983483195304871,0.11944650113582611,0.5951970815658569,0.899372398853302,0.8396050930023193,0.9727452397346497,0.9727452397346497,0.0,0.8810291290283203,0.8927978277206421,0.6065641641616821,1.0913695096969604
1991_P02919_DB01331,1991,DB01331,P02919,-1.0178310871124268,0.8735203742980957,-0.9963719844818115,0.9003264307975769,-1.0392900705337524,0.8467142581939697,0.8673270344734192,0.8512877225875854,0.9689354300498962,0.9689354300498962,0.0,0.8419249653816223,0.8758277893066406,0.8996087312698364,1.3281534910202026
1992_P08506_DB01331,1992,DB01331,P08506,-0.5014830231666565,0.7330484390258789,-0.15205445885658264,0.7694430947303772,-0.850911557674408,0.6966537237167358,0.9168077707290649,0.8909083008766174,0.9508204460144043,0.9508204460144043,0.0,0.9083045125007629,0.7785744071006775,0.4510713517665863,0.8624388575553894
1994_P0AD68_DB01331,1994,DB01331,P0AD68,-1.3447673320770264,0.9025002717971802,-1.1727478504180908,0.9405431151390076,-1.5167866945266724,0.8644574880599976,0.9162670969963074,0.8702418208122253,0.9842280745506287,0.9842280745506287,0.0,0.899276852607727,0.8498275279998779,0.41324546933174133,0.563400149345398
1995_P0AEB2_DB01331,1995,DB01331,P0AEB2,-0.25693267583847046,0.5429500937461853,-0.3263261616230011,0.597848653793335,-0.18753917515277863,0.48805150389671326,0.9235761761665344,0.8929529786109924,0.9603031277656555,0.9603031277656555,0.0,0.9143944382667542,0.8003603219985962,0.40426069498062134,0.7678555250167847
1996_P0AFI5_DB01331,1996,DB01331,P0AFI5,-0.8303723931312561,0.8536597490310669,-0.4704854488372803,0.8638610243797302,-1.190259337425232,0.8434584736824036,0.9308823943138123,0.9020313620567322,0.9782216548919678,0.9782216548919678,0.0,0.9190475344657898,0.9095871448516846,0.3676265776157379,0.41955170035362244
1997_P24228_DB01331,1997,DB01331,P24228,-0.9781224727630615,0.8236727714538574,-1.3142400979995728,0.9413567781448364,-0.6420047879219055,0.7059888243675232,0.9562361836433411,0.9644399285316467,0.9768581986427307,0.9768581986427307,0.0,0.9510806202888489,0.9440873265266418,0.3296911418437958,0.6119229793548584
1998_Q75Y35_DB01331,1998,DB01331,Q75Y35,-0.9862793684005737,0.8788533806800842,-0.8049268126487732,0.8956726789474487,-1.1676318645477295,0.8620340824127197,0.9315705299377441,0.8899871110916138,0.9783475995063782,0.9783475995063782,0.0,0.9198762774467468,0.9298959374427795,0.4249378442764282,0.6257369518280029
1999_Q7CRA4_DB01331,1999,DB01331,Q7CRA4,-0.3159632980823517,0.7757256627082825,0.10830467939376831,0.7506693601608276,-0.7402312755584717,0.8007819652557373,0.8829402327537537,0.7416625618934631,0.9797609448432922,0.9797609448432922,0.0,0.8587350249290466,0.8926963210105896,0.7478706240653992,0.9181657433509827
2000_Q8DNB6_DB01331,2000,DB01331,Q8DNB6,-1.5766041278839111,0.9289391040802002,-1.5521979331970215,0.9702258706092834,-1.6010104417800903,0.8876523971557617,0.8812981843948364,0.7553457021713257,0.9706262946128845,0.9706262946128845,0.0,0.8589661717414856,0.870800793170929,0.8217423558235168,1.1544147729873657
2001_Q8DR59_DB01331,2001,DB01331,Q8DR59,-0.23166513442993164,0.754227876663208,0.18239249289035797,0.7230357527732849,-0.6457227468490601,0.7854200601577759,0.8372827768325806,0.8432393074035645,0.8746892809867859,0.8746892809867859,0.0,0.8279311656951904,0.7457625269889832,0.8915306925773621,3.1512093544006348
2002_P02918_DB01333,2002,DB01333,P02918,0.2997180223464966,0.7866069078445435,0.7626309990882874,0.8002465963363647,-0.163194939494133,0.7729671597480774,0.8980879783630371,0.84796541929245,0.9753699898719788,0.9753699898719788,0.0,0.8787674903869629,0.876610517501831,0.5568198561668396,0.979165256023407
2004_Q15822_DB01336,2004,DB01336,Q15822,0.1801730990409851,0.6148329377174377,1.2130835056304932,0.745720386505127,-0.852737307548523,0.48394545912742615,0.7131153345108032,0.73053377866745,0.8795195817947388,0.8795195817947388,0.0,0.6715142726898193,0.640440046787262,0.9708977937698364,2.151346445083618
2011_P12821_DB01340,2011,DB01340,P12821,0.5089842081069946,0.5214577913284302,0.5492252707481384,0.6393497586250305,0.46874311566352844,0.40356582403182983,0.9017366766929626,0.6466020345687866,0.861335277557373,0.861335277557373,0.0,0.9118369221687317,0.8665078282356262,0.7993824481964111,7.96257209777832
2018_P03372_DB01357,2018,DB01357,P03372,-1.2807955741882324,0.8384187817573547,-1.0347940921783447,0.8720257878303528,-1.5267971754074097,0.8048117756843567,0.6592666506767273,0.5665580034255981,0.9907789826393127,0.9907789826393127,0.0,0.5763885974884033,0.7582159638404846,2.734889030456543,0.5400164127349854
2019_P35348_DB01364,2019,DB01364,P35348,0.8992034196853638,0.8392519950866699,0.9028894901275635,0.807431697845459,0.8955172896385193,0.8710722923278809,0.7480270266532898,0.7625972032546997,0.9848005175590515,0.9848005175590515,0.0,0.6888335943222046,0.8024550080299377,1.1094777584075928,0.8022188544273376
2020_P23975_DB01364,2020,DB01364,P23975,0.6944379806518555,0.903039813041687,0.31514421105384827,0.9298697710037231,1.073731780052185,0.8762098550796509,0.9078521132469177,0.9125195145606995,0.9829912185668945,0.9829912185668945,0.0,0.8890672922134399,0.9168959856033325,0.5755324363708496,0.6303735375404358
2021_P07550_DB01364,2021,DB01364,P07550,1.4581434726715088,0.5263227224349976,1.1728259325027466,0.4814007878303528,1.743461012840271,0.5712446570396423,0.8196660280227661,0.7970981597900391,0.9840641021728516,0.9840641021728516,0.0,0.7785664796829224,0.8724711537361145,1.1687216758728027,0.7010101675987244
2023_P08913_DB01365,2023,DB01365,P08913,-0.9944218397140503,0.9745261073112488,-1.0122054815292358,0.9968309998512268,-0.97663813829422,0.9522212147712708,0.7307912707328796,0.6666458249092102,0.9781391024589539,0.9781391024589539,0.0,0.6689543128013611,0.7814460396766663,2.0787699222564697,0.8780568838119507
2024_P18089_DB01365,2024,DB01365,P18089,-0.39278391003608704,0.9197801947593689,-0.09702206403017044,0.9690970778465271,-0.6885457634925842,0.8704633116722107,0.7502238750457764,0.8163256645202637,0.9871737360954285,0.9871737360954285,0.0,0.6909863948822021,0.8046438694000244,1.2320208549499512,0.4888666570186615
2025_P18825_DB01365,2025,DB01365,P18825,-0.9372355937957764,0.9478626251220703,-0.5210837125778198,0.9668835401535034,-1.353387475013733,0.9288417100906372,0.7821660041809082,0.9305870532989502,0.9908778071403503,0.9908778071403503,0.0,0.7299880385398865,0.8277483582496643,0.46803802251815796,0.4201056957244873
2026_P25100_DB01365,2026,DB01365,P25100,-0.0833088606595993,0.8739979267120361,0.32338204979896545,0.9305091500282288,-0.48999977111816406,0.8174866437911987,0.6695001721382141,0.6596156358718872,0.987311840057373,0.987311840057373,0.0,0.5900472402572632,0.7249673008918762,2.228008985519409,0.6816303133964539
2027_P35348_DB01365,2027,DB01365,P35348,0.10675346106290817,0.8995353579521179,0.22273337841033936,0.9129259586334229,-0.00922645628452301,0.886144757270813,0.7628858685493469,0.7024882435798645,0.9810628294944763,0.9810628294944763,0.0,0.7083415985107422,0.8106223940849304,1.4599825143814087,0.8317950963973999
2028_P35368_DB01365,2028,DB01365,P35368,0.14953556656837463,0.86586594581604,0.1257934719324112,0.8876104950904846,0.17327764630317688,0.8441213369369507,0.7101055979728699,0.8650199770927429,0.9872826337814331,0.9872826337814331,0.0,0.6408113241195679,0.7543745636940002,0.8459740281105042,0.5882664918899536
2029_P07550_DB01365,2029,DB01365,P07550,0.7907214760780334,0.5597754120826721,0.7377747893333435,0.4929070770740509,0.8436681628227234,0.6266437768936157,0.8107542991638184,0.7762269973754883,0.9814042448997498,0.9814042448997498,0.0,0.7680917978286743,0.8423593044281006,1.3022056818008423,0.8141011595726013
2030_P08588_DB01365,2030,DB01365,P08588,1.102396011352539,0.5429469347000122,1.5059322118759155,0.6470999717712402,0.6988598704338074,0.4387938380241394,0.747782826423645,0.71915203332901,0.9882113337516785,0.9882113337516785,0.0,0.6876756548881531,0.8056946396827698,1.491472601890564,0.6524167060852051
2036_P07437_DB01394,2036,DB01394,P07437,-0.5826269388198853,0.7498844265937805,-0.7925953269004822,0.8599064350128174,-0.37265852093696594,0.6398624181747437,0.9548022150993347,0.9804829359054565,0.9938539862632751,0.9938539862632751,0.0,0.9450393319129944,0.9416223764419556,0.302641898393631,0.4235430657863617
2040_P04150_DB01395,2040,DB01395,P04150,-2.1680264472961426,0.9252495765686035,-2.269904613494873,0.9274370670318604,-2.066148281097412,0.9230620861053467,0.6033754348754883,0.43509572744369507,0.9807718992233276,0.9807718992233276,0.0,0.509026288986206,0.6969351768493652,4.346304893493652,0.9871580600738525
2045_P03372_DB01406,2045,DB01406,P03372,-1.6714153289794922,0.8246585130691528,-1.3858234882354736,0.852660059928894,-1.9570072889328003,0.7966569662094116,0.6487709879875183,0.5531081557273865,0.9909821152687073,0.9909821152687073,0.0,0.5632182359695435,0.7507914304733276,2.850703716278076,0.5464415550231934
2051_P20309_DB01409,2051,DB01409,P20309,-2.241684675216675,0.9428408145904541,-2.2350316047668457,0.9378203749656677,-2.248337745666504,0.9478612542152405,0.7218817472457886,0.6664291024208069,0.9770976901054382,0.9770976901054382,0.0,0.6580777168273926,0.787946879863739,1.8864983320236206,1.0112096071243286
2052_P08172_DB01409,2052,DB01409,P08172,-2.347315549850464,0.9255292415618896,-2.4007606506347656,0.9120473265647888,-2.293870449066162,0.9390112161636353,0.7346435189247131,0.7367507815361023,0.977283775806427,0.977283775806427,0.0,0.6739834547042847,0.8159757256507874,1.4394862651824951,0.6290464401245117
2053_P11229_DB01409,2053,DB01409,P11229,-2.5281624794006348,0.9446090459823608,-2.560760021209717,0.9291799664497375,-2.495565176010132,0.9600381851196289,0.7497591972351074,0.756371021270752,0.9799959063529968,0.9799959063529968,0.0,0.6922000050544739,0.8049950003623962,1.3056633472442627,0.7368731498718262
2054_P08173_DB01409,2054,DB01409,P08173,-2.1763241291046143,0.9397380352020264,-2.0879764556884766,0.9219493865966797,-2.264671802520752,0.957526683807373,0.7711743712425232,0.7394575476646423,0.9863694906234741,0.9863694906234741,0.0,0.7173755764961243,0.8277195692062378,1.4876030683517456,0.6564672589302063
2055_P08912_DB01409,2055,DB01409,P08912,-2.5508275032043457,0.965851902961731,-3.027280330657959,0.9839932322502136,-2.0743746757507324,0.9477105736732483,0.7258664965629578,0.6825858354568481,0.9799461960792542,0.9799461960792542,0.0,0.6623465418815613,0.7872961759567261,1.8646150827407837,0.7759960889816284
2059_Q14432_DB01427,2059,DB01427,Q14432,0.3997490406036377,0.6443589329719543,0.2670261859893799,0.6725050806999207,0.5324718952178955,0.616212785243988,0.6210984587669373,0.4978441596031189,0.9221978187561035,0.9221978187561035,0.0,0.5458236336708069,0.6278271675109863,3.627967119216919,4.566494941711426
2060_Q13370_DB01427,2060,DB01427,Q13370,0.5262082815170288,0.611262857913971,0.3924964666366577,0.692778468132019,0.6599201560020447,0.5297472476959229,0.6371212005615234,0.4932110011577606,0.9278378486633301,0.9278378486633301,0.0,0.5644420385360718,0.6504776477813721,3.262383222579956,3.8709709644317627
2061_P27815_DB01427,2061,DB01427,P27815,0.8987641334533691,0.5154538750648499,0.7621119618415833,0.5365623831748962,1.0354162454605103,0.49434536695480347,0.6557270884513855,0.6423168778419495,0.9569956064224243,0.9569956064224243,0.0,0.5804100036621094,0.6719158291816711,3.0468900203704834,2.2474634647369385
2064_Q08499_DB01427,2064,DB01427,Q08499,0.9621816277503967,0.5494526624679565,0.757169246673584,0.571477472782135,1.1671940088272095,0.5274278521537781,0.6718150973320007,0.6290990710258484,0.9629335403442383,0.9629335403442383,0.0,0.5990355014801025,0.6813752055168152,2.90012788772583,1.9705474376678467
2065_P05023_DB01430,2065,DB01430,P05023,0.24129833281040192,0.6757379174232483,-0.022311482578516006,0.665147066116333,0.5049081444740295,0.6863287687301636,0.799657940864563,0.8195799589157104,0.7276215553283691,0.7276215553283691,0.0,0.8176670074462891,0.6653625965118408,0.7408794164657593,4.367803573608398
2067_P07550_DB01580,2067,DB01580,P07550,-2.2773211002349854,0.9962753653526306,-2.3524208068847656,0.999703586101532,-2.202221393585205,0.9928471446037292,0.833415687084198,0.7947766184806824,0.9832132458686829,0.9832132458686829,0.0,0.7959663271903992,0.896142303943634,1.1542322635650635,0.6505048871040344
2068_P08588_DB01580,2068,DB01580,P08588,-1.7983882427215576,0.9832302331924438,-1.6412780284881592,0.9896402955055237,-1.955498456954956,0.9768201112747192,0.7629130482673645,0.7484386563301086,0.9898279309272766,0.9898279309272766,0.0,0.7061843276023865,0.8285463452339172,1.4300392866134644,0.5828700661659241
2069_P13945_DB01580,2069,DB01580,P13945,-2.218027114868164,0.9901912212371826,-2.3619303703308105,0.9983891248703003,-2.0741236209869385,0.9819933176040649,0.8028344511985779,0.7716471552848816,0.9777167439460754,0.9777167439460754,0.0,0.7591138482093811,0.8521918654441833,1.4298828840255737,0.936251163482666
2074_P14867_DB01587,2074,DB01587,P14867,0.3198298215866089,0.5087828636169434,-0.054239049553871155,0.714748203754425,0.6938986778259277,0.30281755328178406,0.825280487537384,0.7203528881072998,0.9142806529998779,0.9142806529998779,0.0,0.8030304312705994,0.8476381301879883,0.9721046686172485,2.2579281330108643
2075_P18505_DB01587,2075,DB01587,P18505,0.13291126489639282,0.526687741279602,-0.5012962818145752,0.7916862964630127,0.7671188116073608,0.2616891860961914,0.7910844683647156,0.6679474711418152,0.8557925224304199,0.8557925224304199,0.0,0.7749074697494507,0.6201214790344238,1.283467173576355,3.9999301433563232
2077_P28472_DB01587,2077,DB01587,P28472,-0.005754545331001282,0.5746148824691772,-0.43402284383773804,0.8662366271018982,0.4225137531757355,0.2829930782318115,0.8106215596199036,0.6648424863815308,0.8336083292961121,0.8336083292961121,0.0,0.8048748970031738,0.7622700929641724,1.251834511756897,4.046938896179199
2078_P31644_DB01587,2078,DB01587,P31644,0.214683398604393,0.5021437406539917,-0.36031535267829895,0.7214010953903198,0.789682149887085,0.2828863561153412,0.8165335059165955,0.7027775645256042,0.8445852994918823,0.8445852994918823,0.0,0.8095205426216125,0.8191192150115967,1.0335917472839355,3.352551221847534
2079_P34903_DB01587,2079,DB01587,P34903,-0.13588404655456543,0.5558581352233887,-0.700333297252655,0.794762372970581,0.42856520414352417,0.31695395708084106,0.7783241271972656,0.7022008895874023,0.8556095957756042,0.8556095957756042,0.0,0.7590027451515198,0.7479324340820312,1.4828479290008545,4.2757086753845215
2081_P47870_DB01587,2081,DB01587,P47870,0.19890350103378296,0.5807926654815674,-0.5433717370033264,0.8994726538658142,0.9411787390708923,0.26211270689964294,0.7514659762382507,0.6298575401306152,0.8010619282722473,0.8010619282722473,0.0,0.739067018032074,0.6591233015060425,1.4715710878372192,4.747293472290039
2083_P78334_DB01587,2083,DB01587,P78334,0.25738728046417236,0.5277292132377625,-0.17345072329044342,0.6937692165374756,0.688225269317627,0.36168918013572693,0.7241345047950745,0.6978938579559326,0.8088602423667908,0.8088602423667908,0.0,0.702953040599823,0.707338273525238,1.298240303993225,3.3706552982330322
2084_Q16445_DB01587,2084,DB01587,Q16445,-0.06341880559921265,0.5430539846420288,-0.6891391277313232,0.8018935322761536,0.562301516532898,0.28421449661254883,0.8485116958618164,0.7431126832962036,0.891363799571991,0.891363799571991,0.0,0.8377986550331116,0.8043932318687439,0.8386152982711792,2.419156789779663
2088_P42345_DB01590,2088,DB01590,P42345,-1.375110149383545,0.6393065452575684,-1.1823770999908447,0.5065658092498779,-1.5678430795669556,0.772047221660614,0.8358096480369568,0.6324799060821533,0.9208233952522278,0.9208233952522278,0.0,0.8145561814308167,0.7814143300056458,0.8193765878677368,3.4399495124816895
2089_P11229_DB01591,2089,DB01591,P11229,-0.44603121280670166,0.9390284419059753,-0.39388617873191833,0.9524496793746948,-0.4981762170791626,0.9256072044372559,0.7231449484825134,0.7256079912185669,0.9704071879386902,0.9704071879386902,0.0,0.6613293290138245,0.7322350740432739,1.5061721801757812,0.9171406030654907
2090_P20309_DB01591,2090,DB01591,P20309,-0.5925223231315613,0.9526914954185486,-0.7448089718818665,0.9610633850097656,-0.4402357041835785,0.9443196058273315,0.7026499509811401,0.6493033766746521,0.9581878781318665,0.9581878781318665,0.0,0.6387654542922974,0.7780368328094482,1.9882844686508179,1.484721064567566
2091_P08172_DB01591,2091,DB01591,P08172,-0.6346727013587952,0.9405025243759155,-0.7059451341629028,0.9409390687942505,-0.5634002685546875,0.9400660395622253,0.7287904620170593,0.768423318862915,0.9645150899887085,0.9645150899887085,0.0,0.6698592901229858,0.7845066785812378,1.2820218801498413,0.8464190363883972
2092_P08173_DB01591,2092,DB01591,P08173,-0.3530687689781189,0.9249882698059082,-0.4062469005584717,0.931131899356842,-0.2998906075954437,0.9188445806503296,0.7740369439125061,0.7084143161773682,0.9690551161766052,0.9690551161766052,0.0,0.7252823710441589,0.8242507576942444,1.67252516746521,1.2022165060043335
2093_P08912_DB01591,2093,DB01591,P08912,-0.2844041585922241,0.9187597036361694,-0.37969523668289185,0.9317183494567871,-0.1891130954027176,0.9058011174201965,0.7300816774368286,0.7838101983070374,0.9608964920043945,0.9608964920043945,0.0,0.6723779439926147,0.7966876029968262,1.2517781257629395,1.1794198751449585
2126_P0AD65_DB01598,2126,DB01598,P0AD65,0.9572159051895142,0.5242195725440979,0.8917694687843323,0.5902194380760193,1.0226624011993408,0.4582197070121765,0.9054204821586609,0.874544620513916,0.9704709053039551,0.9704709053039551,0.0,0.8891578316688538,0.7684897780418396,0.41082334518432617,1.0460550785064697
2130_P35354_DB01600,2130,DB01600,P35354,1.531775712966919,0.5426819324493408,1.5046943426132202,0.5036561489105225,1.5588569641113281,0.581707775592804,0.9225453734397888,0.9284789562225342,0.9070314168930054,0.9070314168930054,0.0,0.9264237880706787,0.9326766729354858,0.6653112173080444,3.263692617416382
2135_P62594_DB01606,2135,DB01606,P62594,-1.0928196907043457,0.8396834135055542,-1.550529956817627,0.9851576089859009,-0.6351094245910645,0.6942091584205627,0.9508151412010193,0.9530306458473206,0.967418372631073,0.967418372631073,0.0,0.9466643333435059,0.9204401969909668,0.34187114238739014,0.49088865518569946
2136_P0AD63_DB01606,2136,DB01606,P0AD63,-0.6980957388877869,0.7936090230941772,-0.95872563123703,0.8965687155723572,-0.4374658167362213,0.6906492710113525,0.9384503364562988,0.9711244106292725,0.9691837430000305,0.9691837430000305,0.0,0.9307669997215271,0.8418314456939697,0.30340445041656494,0.47302523255348206
2137_P18251_DB01606,2137,DB01606,P18251,-0.869971513748169,0.8379230499267578,-0.9872522950172424,0.9126369953155518,-0.7526907324790955,0.7632091641426086,0.9350973963737488,0.9402799010276794,0.9711821675300598,0.9711821675300598,0.0,0.9260762333869934,0.8257004022598267,0.34853270649909973,0.48296812176704407
2142_P14416_DB01618,2142,DB01618,P14416,-0.36997684836387634,0.736312747001648,-0.7659357786178589,0.8240997791290283,0.0259820818901062,0.6485257744789124,0.7587469816207886,0.8224615454673767,0.9860405921936035,0.9860405921936035,0.0,0.7019235491752625,0.7823628187179565,0.8684880137443542,0.5845774412155151
2143_P08908_DB01618,2143,DB01618,P08908,-0.20570123195648193,0.5424774885177612,-0.14718377590179443,0.5104524493217468,-0.26421868801116943,0.5745025873184204,0.7822028398513794,0.8044451475143433,0.9712857604026794,0.9712857604026794,0.0,0.7349320650100708,0.8213440179824829,1.1176199913024902,0.8584029078483582
2145_P28223_DB01618,2145,DB01618,P28223,-0.3068402409553528,0.7613620758056641,-0.8990760445594788,0.8273287415504456,0.2853955328464508,0.6953954100608826,0.8100835084915161,0.7893178462982178,0.9875628352165222,0.9875628352165222,0.0,0.765713632106781,0.8477519154548645,0.8825972676277161,0.47527024149894714
2146_P35367_DB01619,2146,DB01619,P35367,-1.6003172397613525,0.8897136449813843,-1.9123591184616089,0.9608199000358582,-1.2882753610610962,0.8186073303222656,0.6998921632766724,0.6906163096427917,0.9759427309036255,0.9759427309036255,0.0,0.6308794617652893,0.7467788457870483,1.645706057548523,0.7190573215484619
2147_P35367_DB01620,2147,DB01620,P35367,-1.578514814376831,0.9381163716316223,-1.9830034971237183,0.9947526454925537,-1.1740260124206543,0.8814800977706909,0.7160910964012146,0.8539193868637085,0.9851037263870239,0.9851037263870239,0.0,0.6488379240036011,0.781139075756073,0.7955625653266907,0.4927048981189728
2149_Q9H3N8_DB01620,2149,DB01620,Q9H3N8,-0.2859271168708801,0.730147123336792,-0.47183728218078613,0.8523094654083252,-0.10001693665981293,0.6079847812652588,0.79499351978302,0.8766047954559326,0.9711383581161499,0.9711383581161499,0.0,0.7509573101997375,0.7919774651527405,0.6348097324371338,0.6596426367759705
2150_P14416_DB01623,2150,DB01623,P14416,-1.759810209274292,0.6472557783126831,-2.2572712898254395,0.801564633846283,-1.2623491287231445,0.4929468631744385,0.7437053918838501,0.7304654121398926,0.9713608622550964,0.9713608622550964,0.0,0.6867914795875549,0.7870128154754639,1.2031612396240234,1.0315666198730469
2151_P21728_DB01623,2151,DB01623,P21728,-1.8916964530944824,0.6603696942329407,-1.9683867692947388,0.7587498426437378,-1.8150062561035156,0.5619895458221436,0.7593057155609131,0.9369525909423828,0.9846029281616211,0.9846029281616211,0.0,0.7029814124107361,0.7992839217185974,0.4373916685581207,0.5535449385643005
2152_P28223_DB01623,2152,DB01623,P28223,-2.2027342319488525,0.6825528144836426,-2.053287982940674,0.691107451915741,-2.3521804809570312,0.6739981770515442,0.8018676042556763,0.7692844271659851,0.9875631332397461,0.9875631332397461,0.0,0.7554436922073364,0.8475358486175537,0.9319285154342651,0.5117506980895996
2153_P21397_DB01626,2153,DB01626,P21397,0.5446940660476685,0.7494191527366638,-0.1772581934928894,0.8269742727279663,1.2666462659835815,0.6718640327453613,0.9605235457420349,0.9592516422271729,0.9679305553436279,0.9679305553436279,0.0,0.9586717486381531,0.9499146938323975,0.33386659622192383,1.0653021335601807
2154_P27338_DB01626,2154,DB01626,P27338,0.5464898347854614,0.6706981658935547,-0.01683891750872135,0.7807038426399231,1.1098185777664185,0.5606924891471863,0.9774107933044434,0.9755281209945679,0.9551287293434143,0.9551287293434143,0.0,0.982981264591217,0.9706006646156311,0.31314459443092346,1.5317386388778687
2155_P27815_DB01656,2155,DB01656,P27815,-3.088676929473877,0.9837895631790161,-3.315126895904541,0.9999920129776001,-2.862226724624634,0.9675870537757874,0.6512959599494934,0.6309284567832947,0.9797474145889282,0.9797474145889282,0.0,0.5691831111907959,0.7227107286453247,2.965411901473999,1.22298002243042
2156_Q07343_DB01656,2156,DB01656,Q07343,-3.0934066772460938,0.9880692362785339,-3.236464500427246,0.9999927282333374,-2.9503490924835205,0.9761457443237305,0.7146729826927185,0.6620434522628784,0.9798576235771179,0.9798576235771179,0.0,0.6483767628669739,0.7897816896438599,2.19156551361084,1.1024422645568848
2157_Q08493_DB01656,2157,DB01656,Q08493,-2.89251971244812,0.9734317064285278,-3.1976590156555176,0.9999769926071167,-2.5873804092407227,0.946886420249939,0.7318695783615112,0.7016848921775818,0.9725766777992249,0.9725766777992249,0.0,0.6716927886009216,0.8076210618019104,1.8998732566833496,1.2764997482299805
2158_Q08499_DB01656,2158,DB01656,Q08499,-2.8195319175720215,0.9607611894607544,-3.2213878631591797,0.9999144077301025,-2.4176759719848633,0.9216079115867615,0.681111752986908,0.6152641773223877,0.9799854159355164,0.9799854159355164,0.0,0.6063932776451111,0.7641359567642212,2.730011463165283,1.2525147199630737
2162_P42330_DB02266,2162,DB02266,P42330,0.6883598566055298,0.6737663745880127,0.2819105088710785,0.7459607124328613,1.0948091745376587,0.6015720367431641,0.9692816138267517,0.9812442064285278,0.9790959358215332,0.9790959358215332,0.0,0.9668279886245728,0.952938973903656,0.31604355573654175,0.5711897015571594
2164_P35354_DB02266,2164,DB02266,P35354,1.699376106262207,0.5829375386238098,1.5172497034072876,0.7857733964920044,1.881502628326416,0.38010165095329285,0.9207844734191895,0.9375999569892883,0.8633933663368225,0.8633933663368225,0.0,0.9351322650909424,0.9364392161369324,0.6802194118499756,4.547867298126221
2168_P11473_DB02300,2168,DB02300,P11473,-2.6270194053649902,0.9957743883132935,-3.204228401184082,0.9994275569915771,-2.0498106479644775,0.9921212196350098,0.913281261920929,0.7312905192375183,0.9937336444854736,0.9937336444854736,0.0,0.8931680917739868,0.9537500739097595,0.6276541352272034,0.34871694445610046
2175_P09669_DB02659,2175,DB02659,P09669,0.12202665954828262,0.5707529187202454,0.06709541380405426,0.6610910296440125,0.176957905292511,0.48041483759880066,0.7436095476150513,0.6311365365982056,0.5473317503929138,0.5473317503929138,0.0,0.792678952217102,0.5729297399520874,0.657271146774292,4.166064739227295
2180_P15954_DB02659,2180,DB02659,P15954,-0.1658070683479309,0.5675560832023621,-0.4080214500427246,0.7138713598251343,0.07640732824802399,0.42124080657958984,0.7790415287017822,0.7589067816734314,0.9119811654090881,0.9119811654090881,0.0,0.7458066344261169,0.6119006872177124,0.4590147137641907,1.1474696397781372
2183_P24310_DB02659,2183,DB02659,P24310,0.03970913589000702,0.5429655313491821,-0.3608095943927765,0.6914008855819702,0.4402278661727905,0.39453011751174927,0.7741064429283142,0.7033788561820984,0.8431534171104431,0.8431534171104431,0.0,0.756844699382782,0.6285728812217712,0.43984678387641907,1.2551101446151733
2186_P54965_DB02659,2186,DB02659,P54965,0.02753216028213501,0.533140242099762,0.3479585647583008,0.48997962474823,-0.29289424419403076,0.576300859451294,0.9675184488296509,0.9697233438491821,0.9446486234664917,0.9446486234664917,0.0,0.9732358455657959,0.9431742429733276,0.37448829412460327,0.9447084069252014
2190_Q8TDU6_DB02659,2190,DB02659,Q8TDU6,0.6044108271598816,0.8129363059997559,0.7043673396110535,0.8883399963378906,0.5044543147087097,0.7375326156616211,0.8947501182556152,0.8761444687843323,0.9778753519058228,0.9778753519058228,0.0,0.8739688396453857,0.9148509502410889,0.6199225783348083,0.6179665327072144
2192_O95831_DB03147,2192,DB03147,O95831,-1.8570566177368164,0.9652203917503357,-1.900926113128662,0.9784021973609924,-1.8131872415542603,0.952038586139679,0.8167471885681152,0.8036964535713196,0.9879393577575684,0.9879393577575684,0.0,0.773949146270752,0.882782518863678,1.1510783433914185,0.698040246963501
2193_P00387_DB03147,2193,DB03147,P00387,-1.194859266281128,0.8594529628753662,-1.361206293106079,0.9361799955368042,-1.0285122394561768,0.782725989818573,0.9485154151916504,0.9095141887664795,0.9829346537590027,0.9829346537590027,0.0,0.9399106502532959,0.9470590949058533,0.3510623872280121,0.4583583176136017
2194_P00390_DB03147,2194,DB03147,P00390,-1.4388234615325928,0.9491240382194519,-1.2924786806106567,0.9806094765663147,-1.5851681232452393,0.9176385998725891,0.934693455696106,0.89073646068573,0.9874822497367859,0.9874822497367859,0.0,0.9214962720870972,0.9631354212760925,0.5426300168037415,0.6745731234550476
2195_P00438_DB03147,2195,DB03147,P00438,-1.193083643913269,0.9214605093002319,-1.4281108379364014,0.9600968360900879,-0.9580563902854919,0.882824182510376,0.9702675938606262,0.970749020576477,0.9694393873214722,0.9694393873214722,0.0,0.9704746603965759,0.9416017532348633,0.46481919288635254,1.2856630086898804
2196_P06149_DB03147,2196,DB03147,P06149,-1.8915228843688965,0.884118914604187,-2.2116808891296387,0.9672132730484009,-1.5713647603988647,0.8010245561599731,0.9484513401985168,0.9106907248497009,0.9793201088905334,0.9793201088905334,0.0,0.9407340884208679,0.9430221319198608,0.45593520998954773,0.9526812434196472
2197_P06715_DB03147,2197,DB03147,P06715,-1.77083158493042,0.9633739590644836,-1.6599136590957642,0.9771705865859985,-1.8817493915557861,0.9495773315429688,0.976632297039032,0.9639484882354736,0.9875791072845459,0.9875791072845459,0.0,0.9738955497741699,0.9765263795852661,0.3296365439891815,0.541706919670105
2198_P12676_DB03147,2198,DB03147,P12676,-2.079073429107666,0.9695277810096741,-2.6031365394592285,0.9993450045585632,-1.555010199546814,0.9397105574607849,0.9662214517593384,0.9751791954040527,0.9908469319343567,0.9908469319343567,0.0,0.9600650668144226,0.9759619832038879,0.35535287857055664,0.41404226422309875
2199_P15559_DB03147,2199,DB03147,P15559,-1.9973173141479492,0.9213249087333679,-2.0818090438842773,0.9827364683151245,-1.912825584411621,0.8599133491516113,0.9718870520591736,0.9809848666191101,0.9862509965896606,0.9862509965896606,0.0,0.9682960510253906,0.9642450213432312,0.29886436462402344,0.40723443031311035
2200_P16083_DB03147,2200,DB03147,P16083,-1.4037296772003174,0.8716346025466919,-1.5503050088882446,0.9595401287078857,-1.2571544647216797,0.783729076385498,0.979555070400238,0.990367591381073,0.9910893440246582,0.9910893440246582,0.0,0.9766714572906494,0.9698467254638672,0.2720860242843628,0.32099995017051697
2201_P20586_DB03147,2201,DB03147,P20586,-1.1866117715835571,0.9213099479675293,-1.4246528148651123,0.9613312482833862,-0.948570728302002,0.8812885880470276,0.9689146280288696,0.9702872037887573,0.9679693579673767,0.9679693579673767,0.0,0.9691509008407593,0.9385286569595337,0.47502100467681885,1.3402235507965088
2202_P22637_DB03147,2202,DB03147,P22637,-1.5216377973556519,0.9691817760467529,-1.5627450942993164,0.995180606842041,-1.4805305004119873,0.9431828856468201,0.9270872473716736,0.9203667640686035,0.9899215698242188,0.9899215698242188,0.0,0.9113786816596985,0.9628340005874634,0.559818685054779,0.4650239050388336
2203_P26440_DB03147,2203,DB03147,P26440,0.21609658002853394,0.7129878997802734,-0.687585711479187,0.812915563583374,1.1197788715362549,0.6130602955818176,0.9250216484069824,0.9188101291656494,0.8850692510604858,0.8850692510604858,0.0,0.9350097179412842,0.9547044038772583,0.8186439275741577,3.474724292755127
2204_P28593_DB03147,2204,DB03147,P28593,-1.7694112062454224,0.9703832864761353,-2.200523853302002,0.9902114272117615,-1.3382985591888428,0.9505552053451538,0.9674100279808044,0.9630366563796997,0.9841267466545105,0.9841267466545105,0.0,0.9632308483123779,0.958095133304596,0.38472673296928406,0.7452904582023621
2205_P29475_DB03147,2205,DB03147,P29475,-1.5574169158935547,0.954930305480957,-1.2456425428390503,0.954781711101532,-1.8691911697387695,0.9550788998603821,0.7948064208030701,0.642953097820282,0.8815677165985107,0.8815677165985107,0.0,0.7731160521507263,0.813947856426239,1.6332794427871704,4.680134296417236
2207_P40859_DB03147,2207,DB03147,P40859,-2.0602622032165527,0.9406327605247498,-2.314889430999756,0.9677532315254211,-1.8056349754333496,0.9135122895240784,0.9828245043754578,0.9780548810958862,0.9919633269309998,0.9919633269309998,0.0,0.980539858341217,0.9860029220581055,0.2937476933002472,0.3188277781009674
2208_P47989_DB03147,2208,DB03147,P47989,-1.4440675973892212,0.9309547543525696,-1.5375994443893433,0.9224463105201721,-1.3505357503890991,0.939463198184967,0.9514814615249634,0.9676052331924438,0.9685526490211487,0.9685526490211487,0.0,0.9472136497497559,0.9452682733535767,0.4390701651573181,1.678994059562683
2209_P83223_DB03147,2209,DB03147,P83223,-2.5751075744628906,0.9905650615692139,-2.5154848098754883,0.9973817467689514,-2.634730100631714,0.9837484359741211,0.9374929666519165,0.9167864918708801,0.9889518022537231,0.9889518022537231,0.0,0.9246282577514648,0.9554393887519836,0.47065305709838867,0.6024734377861023
2210_P9WIQ3_DB03147,2210,DB03147,P9WIQ3,-2.0709850788116455,0.9423229694366455,-2.283515453338623,0.9682392477989197,-1.8584545850753784,0.9164067506790161,0.9733400344848633,0.9638597965240479,0.9914713501930237,0.9914713501930237,0.0,0.9688072204589844,0.9740780591964722,0.3085537850856781,0.3794075548648834
2211_Q12882_DB03147,2211,DB03147,Q12882,-1.8102898597717285,0.9631240367889404,-1.8190494775772095,0.9730833172798157,-1.801530122756958,0.9531646966934204,0.9461288452148438,0.9453534483909607,0.9487332701683044,0.9487332701683044,0.0,0.9454777240753174,0.9444687366485596,0.5506712198257446,2.160238265991211
2212_Q16881_DB03147,2212,DB03147,Q16881,-1.3666136264801025,0.947311520576477,-1.308935284614563,0.961201012134552,-1.4242918491363525,0.9334220290184021,0.9020145535469055,0.8100290298461914,0.9861644506454468,0.9861644506454468,0.0,0.8809770941734314,0.9425790905952454,0.7473850846290588,0.7786454558372498
2213_Q86YB8_DB03147,2213,DB03147,Q86YB8,-1.7813549041748047,0.8988955020904541,-1.6435024738311768,0.8964900374412537,-1.9192073345184326,0.9013010263442993,0.8341421484947205,0.8625065684318542,0.9868826866149902,0.9868826866149902,0.0,0.7959570288658142,0.8781952857971191,0.773618221282959,0.6812953352928162
2214_Q9UKU7_DB03147,2214,DB03147,Q9UKU7,0.07392379641532898,0.7383443117141724,-0.9735124707221985,0.8850477933883667,1.1213600635528564,0.5916408896446228,0.9355471730232239,0.9289780855178833,0.9386560320854187,0.9386560320854187,0.0,0.9347699880599976,0.9660694599151611,0.6522793769836426,1.9443483352661133
2216_O31616_DB03147,2216,DB03147,O31616,-2.205936908721924,0.9667811393737793,-2.1269240379333496,0.982221782207489,-2.284949779510498,0.9513404369354248,0.9662836194038391,0.978888213634491,0.9925411343574524,0.9925411343574524,0.0,0.9597192406654358,0.9735274910926819,0.30189406871795654,0.3408949375152588
2217_P09546_DB03147,2217,DB03147,P09546,-0.9304968118667603,0.8685195446014404,-0.9452552199363708,0.8988084197044373,-0.9157384634017944,0.8382307291030884,0.9168685078620911,0.93809974193573,0.9845205545425415,0.9845205545425415,0.0,0.8999555110931396,0.9038832187652588,0.44868919253349304,0.9064584374427795
2218_P11310_DB03147,2218,DB03147,P11310,0.46005940437316895,0.7520745992660522,-0.3066251575946808,0.8568134307861328,1.2267439365386963,0.6473358273506165,0.9203962683677673,0.9161751866340637,0.8996446132659912,0.8996446132659912,0.0,0.9255841970443726,0.9582144618034363,0.7695342898368835,3.0380985736846924
2219_P14920_DB03147,2219,DB03147,P14920,-2.0879549980163574,0.9774045944213867,-2.3182497024536133,0.9864434003829956,-1.857660174369812,0.9683657884597778,0.9625784754753113,0.9670559167861938,0.9895899891853333,0.9895899891853333,0.0,0.9558256268501282,0.9701354503631592,0.3403800129890442,0.40624797344207764
2220_P16219_DB03147,2220,DB03147,P16219,0.34769004583358765,0.7030409574508667,-0.5800260305404663,0.8232865333557129,1.2754061222076416,0.5827954411506653,0.9164270758628845,0.9238585829734802,0.9087859392166138,0.9087859392166138,0.0,0.9183372855186462,0.9464296698570251,0.7976184487342834,2.9702370166778564
2221_P16435_DB03147,2221,DB03147,P16435,-1.3586692810058594,0.9364217519760132,-1.3592463731765747,0.9542863368988037,-1.358092188835144,0.9185571074485779,0.9170674681663513,0.8566315770149231,0.9686071276664734,0.9686071276664734,0.0,0.904182493686676,0.9276443123817444,0.6513615846633911,1.5082719326019287
2222_P21397_DB03147,2222,DB03147,P21397,-2.560638189315796,0.9954149723052979,-2.9459638595581055,0.9998891353607178,-2.1753125190734863,0.9909408688545227,0.9617388844490051,0.9548377990722656,0.990909993648529,0.990909993648529,0.0,0.9544460773468018,0.9721993207931519,0.3347012996673584,0.41721463203430176
2223_P37747_DB03147,2223,DB03147,P37747,-3.129415988922119,0.9963494539260864,-3.211577892303467,0.9997240900993347,-3.0472540855407715,0.9929747581481934,0.9649633765220642,0.964364767074585,0.9912351369857788,0.9912351369857788,0.0,0.9583953619003296,0.9502530694007874,0.3057749271392822,0.3754684329032898
2224_P39662_DB03147,2224,DB03147,P39662,-2.4989848136901855,0.9809374809265137,-2.9785141944885254,0.9999682903289795,-2.019455671310425,0.9619067311286926,0.9452182650566101,0.9598308205604553,0.9818450808525085,0.9818450808525085,0.0,0.9360616207122803,0.9047045111656189,0.35343703627586365,0.5147826671600342
2225_P42593_DB03147,2225,DB03147,P42593,-1.3979215621948242,0.9476059675216675,-1.4345324039459229,0.9521838426589966,-1.3613108396530151,0.9430280327796936,0.9726883769035339,0.9628879427909851,0.9813204407691956,0.9813204407691956,0.0,0.9705303907394409,0.9656296968460083,0.34988483786582947,0.6971960067749023
2226_P61497_DB03147,2226,DB03147,P61497,-1.9769212007522583,0.8927854895591736,-1.9564645290374756,0.8644828796386719,-1.997377872467041,0.9210880994796753,0.980169415473938,0.972266674041748,0.9891767501831055,0.9891767501831055,0.0,0.9779175519943237,0.9817826151847839,0.308707058429718,0.36726123094558716
2227_Q56839_DB03147,2227,DB03147,Q56839,-2.547511100769043,0.9801140427589417,-2.5838570594787598,0.9950513243675232,-2.511165142059326,0.9651767611503601,0.9812116026878357,0.9716698527336121,0.986070454120636,0.986070454120636,0.0,0.9799968004226685,0.9800153970718384,0.3366865813732147,0.6573538184165955
2228_Q92947_DB03147,2228,DB03147,Q92947,-0.5686501860618591,0.7858673930168152,-0.9307873249053955,0.8869791626930237,-0.20651309192180634,0.6847556233406067,0.9082918167114258,0.8960909247398376,0.9103909730911255,0.9103909730911255,0.0,0.9077670574188232,0.9331930875778198,0.8501614332199097,2.8612496852874756
2229_Q96RQ9_DB03147,2229,DB03147,Q96RQ9,-2.590330123901367,0.9921504259109497,-2.7455368041992188,0.9986900687217712,-2.4351236820220947,0.985610842704773,0.8723880052566528,0.8697076439857483,0.9902685880661011,0.9902685880661011,0.0,0.8429178595542908,0.9238942265510559,0.7522010207176208,0.5591486692428589
2230_P0A9P4_DB03147,2230,DB03147,P0A9P4,-3.0438449382781982,0.9954801797866821,-2.7086315155029297,0.994748055934906,-3.379058361053467,0.996212363243103,0.9572933316230774,0.9106536507606506,0.9877747893333435,0.9877747893333435,0.0,0.9496729373931885,0.943873941898346,0.3921538293361664,0.6051027178764343
2231_P0AEZ1_DB03147,2231,DB03147,P0AEZ1,-2.499016284942627,0.9743332862854004,-2.6754207611083984,0.9936867356300354,-2.3226120471954346,0.9549798369407654,0.9629233479499817,0.9701856970787048,0.9865631461143494,0.9865631461143494,0.0,0.9570134282112122,0.9529483318328857,0.321424275636673,0.4289933741092682
2232_P0C278_DB03147,2232,DB03147,P0C278,-2.171548843383789,0.9804481267929077,-2.0752692222595215,0.9934839606285095,-2.2678284645080566,0.9674122929573059,0.975804328918457,0.9423910975456238,0.9882929921150208,0.9882929921150208,0.0,0.9726821780204773,0.9785371422767639,0.3706940710544586,0.5844218730926514
2233_P37062_DB03147,2233,DB03147,P37062,-1.006433129310608,0.9010953903198242,-1.8068472146987915,0.9589197635650635,-0.20601914823055267,0.8432709574699402,0.9749366641044617,0.9545571208000183,0.9698972702026367,0.9698972702026367,0.0,0.9761965274810791,0.9760223031044006,0.4127557575702667,1.0103293657302856
2234_Q9AGP8_DB03147,2234,DB03147,Q9AGP8,-1.5988795757293701,0.9332674741744995,-1.9104459285736084,0.9819840788841248,-1.2873132228851318,0.8845508694648743,0.9724293947219849,0.9710814356803894,0.9803237318992615,0.9803237318992615,0.0,0.9704558253288269,0.9736137986183167,0.37380748987197876,1.001867651939392
2235_P00914_DB03147,2235,DB03147,P00914,-2.0562143325805664,0.9457740783691406,-2.0280508995056152,0.9393039345741272,-2.0843775272369385,0.952244222164154,0.9743982553482056,0.9755414128303528,0.988983154296875,0.988983154296875,0.0,0.9707520008087158,0.9721960425376892,0.31076809763908386,0.39557453989982605
2236_P05327_DB03147,2236,DB03147,P05327,-1.8938087224960327,0.9007093906402588,-1.8481498956680298,0.9037825465202332,-1.9394675493240356,0.8976362943649292,0.9630195498466492,0.9644891619682312,0.9892103672027588,0.9892103672027588,0.0,0.9564719200134277,0.9683468341827393,0.33200204372406006,0.4054693877696991
2237_P07771_DB03147,2237,DB03147,P07771,-1.7844820022583008,0.9493972063064575,-1.92561936378479,0.9860560894012451,-1.6433446407318115,0.9127383232116699,0.9373058676719666,0.858040988445282,0.9626301527023315,0.9626301527023315,0.0,0.9309747219085693,0.9305736422538757,0.46784162521362305,0.7969110608100891
2238_P08373_DB03147,2238,DB03147,P08373,-1.823865294456482,0.9791696667671204,-1.767788290977478,0.9739723801612854,-1.8799422979354858,0.9843669533729553,0.9763017892837524,0.9651604890823364,0.9882276058197021,0.9882276058197021,0.0,0.9733202457427979,0.9782150387763977,0.3037310242652893,0.37134936451911926
2239_P09063_DB03147,2239,DB03147,P09063,-2.331634759902954,0.9791274070739746,-2.515716075897217,0.9943483471870422,-2.1475534439086914,0.963906466960907,0.9672045111656189,0.9619016647338867,0.9845010042190552,0.9845010042190552,0.0,0.9628803730010986,0.9685638546943665,0.3549163043498993,0.6202050447463989
2240_P09622_DB03147,2240,DB03147,P09622,-2.3616297245025635,0.9814741611480713,-2.592129707336426,0.9977207779884338,-2.131129741668701,0.9652275443077087,0.9410239458084106,0.9181684851646423,0.9815686345100403,0.9815686345100403,0.0,0.9308876991271973,0.9582639336585999,0.4815838932991028,0.8305359482765198
2241_P09788_DB03147,2241,DB03147,P09788,-1.8871228694915771,0.9411649703979492,-2.7092323303222656,0.9685870409011841,-1.0650134086608887,0.9137428402900696,0.9685394167900085,0.9683710336685181,0.9690656065940857,0.9690656065940857,0.0,0.968407928943634,0.9765618443489075,0.42492052912712097,1.12628173828125
2242_P10902_DB03147,2242,DB03147,P10902,-0.6198216676712036,0.8380483984947205,-0.568036675453186,0.9219693541526794,-0.6716066598892212,0.7541274428367615,0.9419307708740234,0.9479588270187378,0.9818927645683289,0.9818927645683289,0.0,0.9319403171539307,0.9442263841629028,0.4243929386138916,0.7697221636772156
2243_P14218_DB03147,2243,DB03147,P14218,-2.2841734886169434,0.9817872643470764,-2.6574621200561523,0.9981599450111389,-1.9108848571777344,0.9654145836830139,0.9690866470336914,0.9634267687797546,0.984344482421875,0.984344482421875,0.0,0.9652722477912903,0.9733758568763733,0.35704976320266724,0.6599364280700684
2244_P16640_DB03147,2244,DB03147,P16640,-0.7120224833488464,0.8466664552688599,-1.0683056116104126,0.9025063514709473,-0.3557393550872803,0.7908266186714172,0.9675686955451965,0.965406060218811,0.9867953658103943,0.9867953658103943,0.0,0.9627619981765747,0.9679327607154846,0.3296501040458679,0.46631860733032227
2245_P18925_DB03147,2245,DB03147,P18925,-2.244847297668457,0.9811426401138306,-2.524387836456299,0.9968218803405762,-1.9653067588806152,0.9654634594917297,0.9702359437942505,0.9649612903594971,0.9840241074562073,0.9840241074562073,0.0,0.9667888283729553,0.971370279788971,0.35831424593925476,0.6812167763710022
2246_P19480_DB03147,2246,DB03147,P19480,-2.653265953063965,0.992751955986023,-2.4620914459228516,0.9947673082351685,-2.844440460205078,0.9907366633415222,0.9658593535423279,0.7385817766189575,0.9919496774673462,0.9919496774673462,0.0,0.9593367576599121,0.9682587385177612,0.38655397295951843,0.5472843647003174
2247_P21890_DB03147,2247,DB03147,P21890,-1.2285587787628174,0.9131036996841431,-0.9806680679321289,0.8984662294387817,-1.4764493703842163,0.9277411103248596,0.8056999444961548,0.7425515055656433,0.9539405703544617,0.9539405703544617,0.0,0.7686397433280945,0.7549487948417664,1.5129289627075195,2.86906361579895
2248_P22570_DB03147,2248,DB03147,P22570,-1.824200987815857,0.9358473420143127,-1.6814730167388916,0.9566810727119446,-1.9669289588928223,0.9150136113166809,0.9342690706253052,0.9117560386657715,0.9900856614112854,0.9900856614112854,0.0,0.9203149080276489,0.9499022960662842,0.4456479549407959,0.47759905457496643
2249_P24232_DB03147,2249,DB03147,P24232,-1.7495914697647095,0.9643723368644714,-2.0583386421203613,0.9889894127845764,-1.4408442974090576,0.9397552609443665,0.9426189661026001,0.9483944773674011,0.9479913115501404,0.9479913115501404,0.0,0.9412758350372314,0.905321478843689,0.41237831115722656,0.7078201770782471
2250_P27338_DB03147,2250,DB03147,P27338,-2.629746675491333,0.9941179752349854,-2.874995231628418,0.9997547268867493,-2.384498119354248,0.9884812831878662,0.9858948588371277,0.9690157771110535,0.9924890995025635,0.9924890995025635,0.0,0.9842463135719299,0.9864351749420166,0.2946988642215729,0.38058099150657654
2251_P28861_DB03147,2251,DB03147,P28861,-1.7877638339996338,0.9735245704650879,-2.083651065826416,0.9947223663330078,-1.491876482963562,0.9523267149925232,0.9719328880310059,0.9794256687164307,0.9809317588806152,0.9809317588806152,0.0,0.9696831703186035,0.961889386177063,0.3062427341938019,0.3870326280593872
2252_P35340_DB03147,2252,DB03147,P35340,-2.1856250762939453,0.98212730884552,-2.1467761993408203,0.9873425960540771,-2.2244739532470703,0.9769119620323181,0.9579880833625793,0.7212033867835999,0.9893770813941956,0.9893770813941956,0.0,0.9501407742500305,0.9633785486221313,0.4452584981918335,0.7339804768562317
2253_P38038_DB03147,2253,DB03147,P38038,-2.086287021636963,0.9590635299682617,-2.1753158569335938,0.9606736302375793,-1.9972584247589111,0.9574533700942993,0.9108177423477173,0.8220824003219604,0.9621058702468872,0.9621058702468872,0.0,0.89799565076828,0.9173890352249146,0.7787727117538452,1.5593692064285278
2254_P55789_DB03147,2254,DB03147,P55789,-0.9598290920257568,0.9559671878814697,-0.5836132168769836,0.9663504362106323,-1.3360450267791748,0.9455839395523071,0.7914420366287231,0.685481607913971,0.9737877249717712,0.9737877249717712,0.0,0.7458555698394775,0.8889539241790771,1.017275094985962,0.792500913143158
2255_P55792_DB03147,2255,DB03147,P55792,-0.6696736812591553,0.7048715353012085,-1.0812625885009766,0.8199407458305359,-0.2580847144126892,0.5898022651672363,0.9476208090782166,0.952836811542511,0.8512006998062134,0.8512006998062134,0.0,0.9717257618904114,0.9472458958625793,0.7289844751358032,4.663125991821289
2256_P58558_DB03147,2256,DB03147,P58558,-1.1116629838943481,0.9010167717933655,-0.8538933396339417,0.8898260593414307,-1.3694325685501099,0.9122074842453003,0.8037881255149841,0.7327640652656555,0.9604111313819885,0.9604111313819885,0.0,0.7646322846412659,0.7502502799034119,1.5743883848190308,2.935987710952759
2257_P61432_DB03147,2257,DB03147,P61432,-2.446235418319702,0.9897329807281494,-2.488461971282959,0.9935317635536194,-2.4040088653564453,0.9859341979026794,0.9590129852294922,0.9662975668907166,0.9885570406913757,0.9885570406913757,0.0,0.9516270160675049,0.9549857974052429,0.3121335804462433,0.3724892735481262
2258_P77967_DB03147,2258,DB03147,P77967,-2.9090816974639893,0.9927515983581543,-2.6936964988708496,0.9987602233886719,-3.124466896057129,0.9867429733276367,0.959480881690979,0.9757534861564636,0.9922711849212646,0.9922711849212646,0.0,0.95128333568573,0.9720412492752075,0.3076285123825073,0.3545769453048706
2259_P9WHH7_DB03147,2259,DB03147,P9WHH7,-1.428359866142273,0.9416728019714355,-1.8531988859176636,0.9654030203819275,-1.0035208463668823,0.9179426431655884,0.9234392046928406,0.9264518618583679,0.9871795177459717,0.9871795177459717,0.0,0.9075040817260742,0.9452406167984009,0.42689982056617737,0.6231820583343506
2260_P9WIQ1_DB03147,2260,DB03147,P9WIQ1,-2.758298397064209,0.9908590316772461,-2.834846019744873,0.9997709393501282,-2.681750774383545,0.9819471836090088,0.9539304971694946,0.9555360674858093,0.9862399697303772,0.9862399697303772,0.0,0.945853054523468,0.9490123391151428,0.3612522780895233,0.5791109204292297
2261_Q06319_DB03147,2261,DB03147,Q06319,0.3959254026412964,0.7467954754829407,-0.39466503262519836,0.8708359003067017,1.1865158081054688,0.6227550506591797,0.9557531476020813,0.9632155299186707,0.9368428587913513,0.9368428587913513,0.0,0.9604806900024414,0.9585561752319336,0.5232962965965271,2.0058815479278564
2262_Q15067_DB03147,2262,DB03147,Q15067,0.458004891872406,0.5334079265594482,0.30223745107650757,0.7081708312034607,0.6137723326683044,0.35864508152008057,0.9333238005638123,0.9467276930809021,0.9636901617050171,0.9636901617050171,0.0,0.9257321357727051,0.933915913105011,0.45125865936279297,1.3130669593811035
2263_Q44532_DB03147,2263,DB03147,Q44532,-0.9979921579360962,0.878005862236023,-1.3908615112304688,0.9329828023910522,-0.6051228046417236,0.8230288624763489,0.9476505517959595,0.9662574529647827,0.9802243709564209,0.9802243709564209,0.0,0.9395070672035217,0.9036757946014404,0.36703965067863464,0.624631941318512
2264_Q47PU3_DB03147,2264,DB03147,Q47PU3,-2.1087019443511963,0.9544336795806885,-2.4066247940063477,0.9862831234931946,-1.8107789754867554,0.9225842356681824,0.9658474326133728,0.9655057787895203,0.9884365797042847,0.9884365797042847,0.0,0.9602001309394836,0.9671206474304199,0.35109806060791016,0.48087161779403687
2265_Q51225_DB03147,2265,DB03147,Q51225,-2.0616238117218018,0.9588575959205627,-2.217209815979004,0.9688345193862915,-1.9060379266738892,0.948880672454834,0.9170193672180176,0.8416687846183777,0.9811179041862488,0.9811179041862488,0.0,0.9009947776794434,0.940338134765625,0.7218043804168701,1.0482577085494995
2266_Q52437_DB03147,2266,DB03147,Q52437,-0.8399379849433899,0.941447377204895,-1.5362485647201538,0.9683358073234558,-0.14362742006778717,0.9145589470863342,0.9740146994590759,0.9742752313613892,0.9908537268638611,0.9908537268638611,0.0,0.9698048830032349,0.9716548919677734,0.302190363407135,0.3644251823425293
2267_Q72JJ3_DB03147,2267,DB03147,Q72JJ3,0.06694898009300232,0.7438074350357056,-0.4301096200942993,0.8422058820724487,0.564007580280304,0.6454089283943176,0.9623605012893677,0.9653763771057129,0.9492833018302917,0.9492833018302917,0.0,0.9656297564506531,0.9596907496452332,0.4747650921344757,1.6802101135253906
2268_Q7SID9_DB03147,2268,DB03147,Q7SID9,-1.3608286380767822,0.917559027671814,-1.4247345924377441,0.9479395151138306,-1.2969228029251099,0.8871785998344421,0.9486148953437805,0.9528691172599792,0.9821953773498535,0.9821953773498535,0.0,0.9402197599411011,0.9599424004554749,0.43988633155822754,0.6694775223731995
2269_Q888A4_DB03147,2269,DB03147,Q888A4,-2.5463218688964844,0.9833043813705444,-2.9243884086608887,0.9985212683677673,-2.168255567550659,0.9680874943733215,0.9847725033760071,0.9857398271560669,0.9938946962356567,0.9938946962356567,0.0,0.9824919104576111,0.9854562282562256,0.27190619707107544,0.2881016135215759
2270_Q94655_DB03147,2270,DB03147,Q94655,-1.6136868000030518,0.9545706510543823,-1.7215185165405273,0.974212646484375,-1.5058552026748657,0.9349286556243896,0.9369840025901794,0.9408302307128906,0.9849239587783813,0.9849239587783813,0.0,0.924998939037323,0.959788978099823,0.4417351186275482,0.6774717569351196
2271_Q9KIE5_DB03147,2271,DB03147,Q9KIE5,0.5700254440307617,0.7349821329116821,-0.1621258705854416,0.8193464279174805,1.3021767139434814,0.6506178975105286,0.9535035490989685,0.9650570154190063,0.9238791465759277,0.9238791465759277,0.0,0.9609096050262451,0.939488410949707,0.5366170406341553,2.200303077697754
2272_Q9LAG2_DB03147,2272,DB03147,Q9LAG2,-1.3425685167312622,0.9770227670669556,-0.7123129367828369,0.9684532284736633,-1.9728240966796875,0.985592246055603,0.9692908525466919,0.9544307589530945,0.9863656759262085,0.9863656759262085,0.0,0.9650221467018127,0.97837233543396,0.3127775192260742,0.36914297938346863
2273_Q9RA47_DB03147,2273,DB03147,Q9RA47,-2.181784152984619,0.9679832458496094,-1.8866288661956787,0.9770210385322571,-2.4769394397735596,0.9589453935623169,0.9110739827156067,0.957460880279541,0.9858359098434448,0.9858359098434448,0.0,0.8923835158348083,0.8996886610984802,0.4139573276042938,0.6123160123825073
2274_Q9RC23_DB03147,2274,DB03147,Q9RC23,-0.07266569137573242,0.5394323468208313,0.07323479652404785,0.5974975824356079,-0.2185661792755127,0.4813670814037323,0.9279857873916626,0.9451977014541626,0.9375836253166199,0.9375836253166199,0.0,0.9255862832069397,0.8749260306358337,0.43962234258651733,0.6794919967651367
2275_Q9UHQ9_DB03147,2275,DB03147,Q9UHQ9,-0.8802934885025024,0.8331677913665771,-0.9994187951087952,0.9090133309364319,-0.7611681222915649,0.7573221921920776,0.9585393071174622,0.9036191701889038,0.9830710291862488,0.9830710291862488,0.0,0.9524064064025879,0.9581016898155212,0.3389739990234375,0.44791218638420105
2276_Q9Z4P0_DB03147,2276,DB03147,Q9Z4P0,-2.0270071029663086,0.9791349172592163,-2.180079936981201,0.9972866773605347,-1.8739341497421265,0.9609830975532532,0.9345158934593201,0.908396303653717,0.9891142249107361,0.9891142249107361,0.0,0.9208662509918213,0.9503456950187683,0.4813618063926697,0.5826206207275391
2277_Q16795_DB03147,2277,DB03147,Q16795,0.33680883049964905,0.5480113625526428,-0.0038623102009296417,0.7205584645271301,0.6774799823760986,0.37546423077583313,0.9023880958557129,0.8960598707199097,0.9327839016914368,0.9327839016914368,0.0,0.8947890996932983,0.8812638521194458,0.6456085443496704,1.1169428825378418
2279_P07445_DB03619,2279,DB03619,P07445,-0.00866544246673584,0.5996410250663757,0.06262625753879547,0.5368994474411011,-0.07995714247226715,0.6623826026916504,0.8942819833755493,0.9616351127624512,0.945634663105011,0.945634663105011,0.0,0.8814437985420227,0.7359132766723633,0.33329176902770996,0.5330914258956909
2289_Q8TDU6_DB03619,2289,DB03619,Q8TDU6,-0.19699743390083313,0.8543618321418762,-0.3697235882282257,0.9057031273841858,-0.024271279573440552,0.8030205368995667,0.8803107142448425,0.8849074840545654,0.9788813591003418,0.9788813591003418,0.0,0.8556680679321289,0.9091978073120117,0.6119219660758972,0.6114505529403687
2294_P0CG29_DB03619,2294,DB03619,P0CG29,0.8889483213424683,0.5380775928497314,0.7496375441551208,0.633333683013916,1.028259038925171,0.4428215026855469,0.9037300944328308,0.9539397954940796,0.8314732909202576,0.8314732909202576,0.0,0.9217942953109741,0.7988792061805725,0.45572710037231445,1.5682896375656128
2295_P0CG30_DB03619,2295,DB03619,P0CG30,0.8535658121109009,0.5247310400009155,0.6529616713523865,0.5960633158683777,1.05417001247406,0.45339882373809814,0.9163007736206055,0.9541653990745544,0.8560501933097839,0.8560501933097839,0.0,0.9313634037971497,0.8433180451393127,0.43636640906333923,1.3669686317443848
2296_P21266_DB03619,2296,DB03619,P21266,0.7574460506439209,0.506158709526062,0.8948538303375244,0.6321896314620972,0.6200382709503174,0.38012778759002686,0.895694375038147,0.9479021430015564,0.7844347953796387,0.7844347953796387,0.0,0.9235092997550964,0.7465862035751343,0.42873507738113403,1.8683685064315796
2302_P02689_DB03796,2302,DB03796,P02689,0.6105096340179443,0.7224145531654358,0.4540257453918457,0.8445172905921936,0.7669935822486877,0.600311815738678,0.958394467830658,0.971003532409668,0.9426389336585999,0.9426389336585999,0.0,0.9623332619667053,0.9131039381027222,0.3341115713119507,0.5190852880477905
2304_P50897_DB03796,2304,DB03796,P50897,0.6745712161064148,0.5380334258079529,0.7484872341156006,0.5999978184700012,0.600655198097229,0.47606900334358215,0.9466730952262878,0.9074098467826843,0.9572739005088806,0.9572739005088806,0.0,0.9440229535102844,0.9224286675453186,0.3999573290348053,0.7215320467948914
2306_O43617_DB03796,2306,DB03796,O43617,-0.005180343985557556,0.7500560283660889,0.3513847589492798,0.6569716334342957,-0.3617454469203949,0.8431404232978821,0.8578947186470032,0.877616286277771,0.8858525156974792,0.8858525156974792,0.0,0.8509052991867065,0.8205170035362244,0.5802392959594727,0.9306715726852417
2307_P10632_DB03796,2307,DB03796,P10632,0.4741367995738983,0.6036269664764404,0.8596827387809753,0.7766074538230896,0.0885908454656601,0.4306464195251465,0.9412645697593689,0.9309756755828857,0.8597896099090576,0.8597896099090576,0.0,0.9616332054138184,0.8932140469551086,0.4945085644721985,2.3389782905578613
2308_P83812_DB03796,2308,DB03796,P83812,0.9513455629348755,0.5395277142524719,0.6006777286529541,0.703675389289856,1.3020133972167969,0.3753800690174103,0.9612172245979309,0.9682098627090454,0.9654354453086853,0.9654354453086853,0.0,0.9601626396179199,0.939791202545166,0.3604932725429535,0.5864908695220947
2309_Q14541_DB03796,2309,DB03796,Q14541,0.33435964584350586,0.7499616146087646,0.20051226019859314,0.778016984462738,0.4682070314884186,0.7219062447547913,0.7787589430809021,0.6892442107200623,0.9717563390731812,0.9717563390731812,0.0,0.7305095791816711,0.8198844194412231,1.1812658309936523,0.6727536916732788
2310_Q9X1H9_DB03796,2310,DB03796,Q9X1H9,0.13153168559074402,0.9142313003540039,0.29346776008605957,0.9772931933403015,-0.030404377728700638,0.8511694073677063,0.946699321269989,0.9562699794769287,0.9679775238037109,0.9679775238037109,0.0,0.941379725933075,0.924176037311554,0.40354079008102417,0.6386653184890747
2312_Q07869_DB03796,2312,DB03796,Q07869,0.4016662836074829,0.7144528031349182,0.3976929783821106,0.643290638923645,0.40563955903053284,0.7856149673461914,0.7785537242889404,0.6813326478004456,0.9638686776161194,0.9638686776161194,0.0,0.7322250008583069,0.8021109104156494,1.7170748710632324,1.0863219499588013
2313_P03372_DB04574,2313,DB04574,P03372,1.0657458305358887,0.5092644095420837,0.8345739245414734,0.719789445400238,1.2969177961349487,0.29873940348625183,0.6212056279182434,0.6375510096549988,0.9115280508995056,0.9115280508995056,0.0,0.5486249923706055,0.6562088131904602,2.554152011871338,2.249035120010376
2315_P03372_DB04575,2315,DB04575,P03372,-1.3098191022872925,0.8363528847694397,-0.7595895528793335,0.8102781772613525,-1.8600486516952515,0.8624275922775269,0.6508542895317078,0.6516836285591125,0.9912837743759155,0.9912837743759155,0.0,0.5657469034194946,0.750063419342041,2.4324357509613037,0.5298550128936768
2318_O43497_DB04841,2318,DB04841,O43497,0.804821252822876,0.6089792251586914,0.8772290945053101,0.7639274597167969,0.7324134707450867,0.45403096079826355,0.6083551049232483,0.6076769828796387,0.787416934967041,0.787416934967041,0.0,0.5635896325111389,0.6058400273323059,3.359168291091919,6.560544967651367
2321_P35367_DB04841,2321,DB04841,P35367,-0.5600956082344055,0.8707767724990845,-0.8864350914955139,0.964489758014679,-0.2337561547756195,0.7770637273788452,0.7201842069625854,0.8376012444496155,0.9694225788116455,0.9694225788116455,0.0,0.657874584197998,0.7950558662414551,0.8183700442314148,0.7839112877845764
2322_Q9P0X4_DB04841,2322,DB04841,Q9P0X4,0.8046901822090149,0.6125738024711609,0.7008923292160034,0.7845455408096313,0.9084880352020264,0.44060206413269043,0.6110042333602905,0.6291193962097168,0.8300289511680603,0.8300289511680603,0.0,0.5562480092048645,0.599529504776001,3.150315046310425,5.142964839935303
2323_P11229_DB04843,2323,DB04843,P11229,-2.00947904586792,0.9728323817253113,-2.265305995941162,0.9781140089035034,-1.7536518573760986,0.9675507545471191,0.7453751564025879,0.7446736097335815,0.9838008284568787,0.9838008284568787,0.0,0.685768723487854,0.8043519854545593,1.3349792957305908,0.7044839859008789
2324_P20309_DB04843,2324,DB04843,P20309,-1.8415987491607666,0.9439038634300232,-2.0424766540527344,0.9666531085968018,-1.6407208442687988,0.9211546182632446,0.7365102171897888,0.6709738373756409,0.9803965091705322,0.9803965091705322,0.0,0.6755385994911194,0.8163391351699829,1.7537164688110352,0.883500337600708
2325_P47989_DB04854,2325,DB04854,P47989,1.0239498615264893,0.689476490020752,1.2335318326950073,0.7771545648574829,0.8143678307533264,0.601798415184021,0.9278473258018494,0.9662215709686279,0.8845652937889099,0.8845652937889099,0.0,0.9386678338050842,0.9371801614761353,0.4751894176006317,4.728096008300781
2331_P18825_DB04855,2331,DB04855,P18825,0.03938990831375122,0.5330597758293152,-0.042413901537656784,0.7953760623931885,0.12119372189044952,0.2707434594631195,0.7437223196029663,0.7933465242385864,0.8994161486625671,0.8994161486625671,0.0,0.7047988176345825,0.7215687036514282,1.1208568811416626,1.634643316268921
2333_P35348_DB04855,2333,DB04855,P35348,-1.4443788528442383,0.5383042693138123,-1.0655059814453125,0.6226391196250916,-1.8232516050338745,0.45396944880485535,0.7432240843772888,0.8850523233413696,0.9331812858581543,0.9331812858581543,0.0,0.6957347989082336,0.7213222980499268,0.6529972553253174,1.414854884147644
2335_P54284_DB04855,2335,DB04855,P54284,1.0091911554336548,0.5084869265556335,0.7955273985862732,0.7814332246780396,1.2228549718856812,0.23554062843322754,0.6333942413330078,0.8241742253303528,0.6958519816398621,0.6958519816398621,0.0,0.6177797913551331,0.47830119729042053,1.212156891822815,5.090261459350586
2343_P10827_DB04855,2343,DB04855,P10827,0.6905023455619812,0.6002671122550964,0.45527127385139465,0.8381755352020264,0.9257334470748901,0.3623586893081665,0.7205870151519775,0.646028995513916,0.9224913120269775,0.9224913120269775,0.0,0.6701109409332275,0.6732694506645203,1.8404948711395264,2.2909724712371826
2348_P63252_DB04855,2348,DB04855,P63252,0.2441192865371704,0.508294403553009,0.1279921680688858,0.6880961060523987,0.3602463901042938,0.328492671251297,0.6739076972007751,0.5627841949462891,0.6802715063095093,0.6802715063095093,0.0,0.6723166704177856,0.5144201517105103,1.5931380987167358,5.084478378295898
2353_P35367_DB04890,2353,DB04890,P35367,-1.432767629623413,0.960919976234436,-1.6324121952056885,0.9799347519874573,-1.2331230640411377,0.94190514087677,0.7094513177871704,0.7061113119125366,0.9652798175811768,0.9652798175811768,0.0,0.6454941630363464,0.7758113145828247,1.5402952432632446,0.820807695388794
2354_P14416_DB04946,2354,DB04946,P14416,-2.209959030151367,0.9628002643585205,-2.1196680068969727,0.9623768925666809,-2.3002498149871826,0.9632235765457153,0.7694537043571472,0.8070310354232788,0.9688735604286194,0.9688735604286194,0.0,0.7195987105369568,0.7823494076728821,0.8871625065803528,0.7653436660766602
2355_P28223_DB04946,2355,DB04946,P28223,-2.2345261573791504,0.9617296457290649,-2.2873177528381348,0.9624419212341309,-2.181734323501587,0.961017370223999,0.7674331665039062,0.7960624098777771,0.9730314016342163,0.9730314016342163,0.0,0.7160336375236511,0.693780779838562,0.986982524394989,0.6727649569511414
2356_P08908_DB04946,2356,DB04946,P08908,-1.2511305809020996,0.7953686118125916,-1.8256957530975342,0.8128935694694519,-0.6765653491020203,0.7778436541557312,0.8015722632408142,0.8121606111526489,0.9546256065368652,0.9546256065368652,0.0,0.7633088827133179,0.8082541823387146,0.832132875919342,1.1915137767791748
2357_P18825_DB04946,2357,DB04946,P18825,-1.2089362144470215,0.5355978012084961,-1.2668206691741943,0.29911866784095764,-1.1510518789291382,0.7720769643783569,0.7540177702903748,0.7999153733253479,0.9753172993659973,0.9753172993659973,0.0,0.6986929178237915,0.7986719608306885,1.0359185934066772,0.662336528301239
2358_P21728_DB04946,2358,DB04946,P21728,-0.9234225749969482,0.809380054473877,-1.2204176187515259,0.7896606922149658,-0.6264275312423706,0.8290994167327881,0.755506157875061,0.936648428440094,0.9665614366531372,0.9665614366531372,0.0,0.702742338180542,0.7791897058486938,0.4805372655391693,0.8271835446357727
2359_P21917_DB04946,2359,DB04946,P21917,-2.187314748764038,0.8256189823150635,-2.4886693954467773,0.8977480530738831,-1.8859602212905884,0.7534899115562439,0.7909776568412781,0.733557403087616,0.9613932967185974,0.9613932967185974,0.0,0.7483737468719482,0.8823753595352173,1.169305443763733,0.8365406394004822
2360_P34969_DB04946,2360,DB04946,P34969,-1.5418380498886108,0.8028126955032349,-1.8836557865142822,0.851085364818573,-1.2000203132629395,0.7545400857925415,0.756831169128418,0.8105444312095642,0.8855020999908447,0.8855020999908447,0.0,0.7246634364128113,0.7239428162574768,0.9809343218803406,1.745559811592102
2361_P35348_DB04946,2361,DB04946,P35348,-2.236877918243408,0.9062438607215881,-2.872011661529541,0.9721419215202332,-1.6017439365386963,0.8403457999229431,0.7678894400596619,0.8291608691215515,0.9643931984901428,0.9643931984901428,0.0,0.718763530254364,0.838032066822052,0.8537144064903259,0.9430050849914551
2362_P35367_DB04946,2362,DB04946,P35367,-1.425567865371704,0.937725305557251,-1.1103191375732422,0.9285142421722412,-1.7408164739608765,0.9469363689422607,0.71011883020401,0.6930397152900696,0.9693195223808289,0.9693195223808289,0.0,0.6453186273574829,0.7849115133285522,1.6072686910629272,0.8630102872848511
2363_P35462_DB04946,2363,DB04946,P35462,-2.5128848552703857,0.9667102098464966,-2.437460422515869,0.9758156538009644,-2.5883092880249023,0.9576047658920288,0.8889768719673157,0.8209340572357178,0.9633256196975708,0.9633256196975708,0.0,0.8703896403312683,0.9150843620300293,0.660534679889679,0.7533504366874695
2364_P50406_DB04946,2364,DB04946,P50406,-1.8670988082885742,0.7490150332450867,-1.711409091949463,0.6688250303268433,-2.0227885246276855,0.8292050361633301,0.7309299111366272,0.8189195990562439,0.8665366172790527,0.8665366172790527,0.0,0.6970282196998596,0.7988033890724182,1.2449818849563599,2.0848870277404785
2367_P07550_DB05039,2367,DB05039,P07550,-1.4731017351150513,0.9296777248382568,-2.3323864936828613,0.9680668711662292,-0.613817036151886,0.8912886381149292,0.8225871920585632,0.7904585599899292,0.9738329648971558,0.9738329648971558,0.0,0.7847757339477539,0.8815881013870239,1.1564347743988037,0.7000530958175659
2373_P08908_DB05271,2373,DB05271,P08908,-2.209104061126709,0.9655321836471558,-2.575039863586426,0.9902023077011108,-1.843168020248413,0.9408619999885559,0.7928918600082397,0.7868709564208984,0.9879127144813538,0.9879127144813538,0.0,0.7441366314888,0.8444400429725647,1.3879668712615967,1.3023293018341064
2374_P14416_DB05271,2374,DB05271,P14416,-2.3883073329925537,0.9905903339385986,-2.470047950744629,0.9992491602897644,-2.3065667152404785,0.9819314479827881,0.7672938108444214,0.7540707588195801,0.9876793026924133,0.9876793026924133,0.0,0.7121974229812622,0.8175105452537537,1.2298405170440674,0.5824050903320312
2375_P21728_DB05271,2375,DB05271,P21728,-0.6246657967567444,0.8925933837890625,-0.3220753073692322,0.8669334650039673,-0.9272562861442566,0.9182532429695129,0.7642289400100708,0.9150424599647522,0.9866243600845337,0.9866243600845337,0.0,0.7086300253868103,0.8156928420066833,0.5650965571403503,0.5121974349021912
2376_P21917_DB05271,2376,DB05271,P21917,-2.3562333583831787,0.9767206907272339,-2.3176870346069336,0.9917197227478027,-2.394779682159424,0.9617215991020203,0.8021766543388367,0.7972331643104553,0.9885639548301697,0.9885639548301697,0.0,0.7555798888206482,0.8838779926300049,0.8934394121170044,0.45884084701538086
2377_P21918_DB05271,2377,DB05271,P21918,-0.8001459836959839,0.8872537612915039,-0.7949301600456238,0.8828344941139221,-0.805361807346344,0.8916730880737305,0.7301022410392761,0.7951982021331787,0.96327143907547,0.96327143907547,0.0,0.6718099117279053,0.7955753803253174,1.118955135345459,0.9755202531814575
2378_P35462_DB05271,2378,DB05271,P35462,-2.8419089317321777,0.9884274005889893,-3.0677666664123535,0.9996891021728516,-2.616051435470581,0.977165699005127,0.9052929878234863,0.8284543752670288,0.9908963441848755,0.9908963441848755,0.0,0.8838921785354614,0.9312562942504883,0.5920175313949585,0.39713889360427856
2379_P18089_DB05271,2379,DB05271,P18089,-1.8239986896514893,0.9334070682525635,-1.7052370309829712,0.9520244002342224,-1.9427604675292969,0.9147897362709045,0.7441135048866272,0.7120257616043091,0.9760313034057617,0.9760313034057617,0.0,0.6861340403556824,0.8211814761161804,1.6831400394439697,0.6371806859970093
2380_P00533_DB05294,2380,DB05294,P00533,-1.4550116062164307,0.7862497568130493,-1.152856469154358,0.855774998664856,-1.7571666240692139,0.7167244553565979,0.7799080610275269,0.4157533645629883,0.9620046615600586,0.9620046615600586,0.0,0.7343838810920715,0.7753637433052063,1.964274287223816,2.114344596862793
2382_P07949_DB05294,2382,DB05294,P07949,-1.3018348217010498,0.6881157159805298,-1.2541357278823853,0.7853751182556152,-1.349534034729004,0.5908563137054443,0.7945306301116943,0.5203816890716553,0.9788532853126526,0.9788532853126526,0.0,0.748449981212616,0.8062073588371277,1.4106436967849731,1.0477265119552612
2385_P05093_DB05812,2385,DB05812,P05093,-1.514380693435669,0.8924781084060669,-1.4801586866378784,0.9347586035728455,-1.54860258102417,0.8501976728439331,0.9703364372253418,0.9553298354148865,0.9797244668006897,0.9797244668006897,0.0,0.967989444732666,0.9661438465118408,0.3772689998149872,0.6855046153068542
2390_P08172_DB06153,2390,DB06153,P08172,-1.0388484001159668,0.8266018629074097,-0.9208523631095886,0.8794980049133301,-1.1568443775177002,0.773705780506134,0.7398663759231567,0.7151681184768677,0.9806205034255981,0.9806205034255981,0.0,0.6796778440475464,0.8073667883872986,1.3321828842163086,0.6293328404426575
2391_P08908_DB06153,2391,DB06153,P08908,-1.0184454917907715,0.7427299618721008,-0.670073390007019,0.8236463069915771,-1.3668174743652344,0.6618136167526245,0.8237589001655579,0.8218605518341064,0.9751598834991455,0.9751598834991455,0.0,0.7859086394309998,0.8367260098457336,0.7197367548942566,1.001275897026062
2392_P08913_DB06153,2392,DB06153,P08913,-1.8711941242218018,0.8729101419448853,-2.0691146850585938,0.9423694610595703,-1.6732734441757202,0.8034508228302002,0.7561197280883789,0.6922271251678467,0.9797943830490112,0.9797943830490112,0.0,0.7002010941505432,0.8320490121841431,1.7892831563949585,0.7601782083511353
2395_P18825_DB06153,2395,DB06153,P18825,-2.1736152172088623,0.9147433042526245,-1.9186627864837646,0.9331611394882202,-2.42856764793396,0.8963254690170288,0.7666143774986267,0.8978860974311829,0.9876750111579895,0.9876750111579895,0.0,0.7113491892814636,0.8299809098243713,0.5866563320159912,0.44208255410194397
2396_P20309_DB06153,2396,DB06153,P20309,-1.2307665348052979,0.8566567301750183,-1.0443367958068848,0.9251616597175598,-1.417196273803711,0.7881518006324768,0.7274874448776245,0.6561095714569092,0.9814770817756653,0.9814770817756653,0.0,0.6639900207519531,0.8022866249084473,1.8669415712356567,0.992945671081543
2397_P25100_DB06153,2397,DB06153,P25100,-0.942143440246582,0.6978071928024292,-0.81121826171875,0.8099959492683411,-1.073068618774414,0.5856184959411621,0.6519174575805664,0.6257072687149048,0.9582699537277222,0.9582699537277222,0.0,0.5753293037414551,0.7031094431877136,2.3728187084198,1.249763011932373
2398_P28222_DB06153,2398,DB06153,P28222,-1.639796495437622,0.8624486923217773,-1.633052945137024,0.9460609555244446,-1.6465399265289307,0.7788364887237549,0.8461756110191345,0.8554168939590454,0.9794397950172424,0.9794397950172424,0.0,0.8128594756126404,0.8784080743789673,0.6258854866027832,0.6002426743507385
2399_P28223_DB06153,2399,DB06153,P28223,-1.9555796384811401,0.8996561765670776,-1.9225072860717773,0.9596414566040039,-1.988651990890503,0.8396708369255066,0.80561363697052,0.8208225965499878,0.9877695441246033,0.9877695441246033,0.0,0.7600746750831604,0.8231325149536133,0.7287562489509583,0.465044766664505
2400_P28335_DB06153,2400,DB06153,P28335,-2.4588067531585693,0.929745078086853,-2.3498058319091797,0.9687216281890869,-2.567807674407959,0.8907684683799744,0.7771826982498169,0.9063705205917358,0.9819408059120178,0.9819408059120178,0.0,0.7259931564331055,0.8210708498954773,0.5370370149612427,0.5242437124252319
2401_P35348_DB06153,2401,DB06153,P35348,-1.7292697429656982,0.8584164381027222,-1.643420934677124,0.9159926772117615,-1.8151185512542725,0.8008401393890381,0.7673224806785583,0.8302595019340515,0.9791699647903442,0.9791699647903442,0.0,0.7143605351448059,0.8299278020858765,0.8439645767211914,0.7923471927642822
2402_P35367_DB06153,2402,DB06153,P35367,-3.0475668907165527,0.996597170829773,-2.828550338745117,0.9997996687889099,-3.2665836811065674,0.993394672870636,0.7030037045478821,0.7212040424346924,0.9776207208633423,0.9776207208633423,0.0,0.6343494057655334,0.7450625896453857,1.4958562850952148,0.6092097759246826
2403_P35368_DB06153,2403,DB06153,P35368,-1.4440598487854004,0.7853941917419434,-1.1760095357894897,0.8639834523200989,-1.7121102809906006,0.7068049311637878,0.7049360275268555,0.6556128859519958,0.9708284139633179,0.9708284139633179,0.0,0.6384629607200623,0.7742957472801208,2.0856802463531494,0.9328762292861938
2410_P23975_DB06204,2410,DB06204,P23975,0.20144081115722656,0.8993731737136841,0.24071457982063293,0.9621506929397583,0.1621670424938202,0.8365956544876099,0.9094277620315552,0.9101433157920837,0.9784970283508301,0.9784970283508301,0.0,0.8921604156494141,0.9208521842956543,0.6130644679069519,0.7218727469444275
2411_P35372_DB06204,2411,DB06204,P35372,-0.4850320518016815,0.7599496245384216,-0.6703667044639587,0.8376994729042053,-0.2996973991394043,0.6821997761726379,0.8138456344604492,0.8190526366233826,0.9664290547370911,0.9664290547370911,0.0,0.7756997346878052,0.8199273943901062,1.146066427230835,1.5085558891296387
2412_P41143_DB06204,2412,DB06204,P41143,-0.08585970103740692,0.6822175979614258,-0.25302863121032715,0.748006284236908,0.08130922168493271,0.6164289712905884,0.8338004350662231,0.8558270931243896,0.9736759662628174,0.9736759662628174,0.0,0.7988315224647522,0.8539925217628479,0.9514435529708862,1.5117566585540771
2413_P41145_DB06204,2413,DB06204,P41145,-0.5011208653450012,0.7620912790298462,-0.9192507266998291,0.8082336187362671,-0.08299104869365692,0.7159489393234253,0.810391366481781,0.9202794432640076,0.9805885553359985,0.9805885553359985,0.0,0.7678419947624207,0.8175302147865295,0.5995815396308899,0.9244033098220825
2415_P31645_DB06204,2415,DB06204,P31645,-0.6834555864334106,0.9628790616989136,-0.8164912462234497,0.9909074306488037,-0.5504199862480164,0.9348506927490234,0.902519702911377,0.9108060002326965,0.9776016473770142,0.9776016473770142,0.0,0.8837491869926453,0.9239047169685364,0.649122953414917,0.7976195812225342
2416_P25100_DB06207,2416,DB06207,P25100,-1.5457324981689453,0.9139013290405273,-1.1879936456680298,0.9523846507072449,-1.9034712314605713,0.8754180073738098,0.6636688113212585,0.6940074563026428,0.9672735929489136,0.9672735929489136,0.0,0.5877676010131836,0.7368356585502625,1.9204493761062622,1.0056037902832031
2417_P35348_DB06207,2417,DB06207,P35348,-2.3731420040130615,0.9750168919563293,-2.3811092376708984,0.9959747195243835,-2.3651747703552246,0.9540590643882751,0.7834000587463379,0.8415101170539856,0.9667562246322632,0.9667562246322632,0.0,0.7375609874725342,0.8477671146392822,0.7572596669197083,0.8113318681716919
2418_P35368_DB06207,2418,DB06207,P35368,-1.3502939939498901,0.9107943773269653,-0.7960582375526428,0.9453150033950806,-1.9045296907424927,0.8762738108634949,0.7084430456161499,0.8086196184158325,0.9741384387016296,0.9741384387016296,0.0,0.6420191526412964,0.7671146392822266,1.2359694242477417,0.7630578279495239
2424_P30518_DB06212,2424,DB06212,P30518,-2.0637054443359375,0.9072638750076294,-2.0190932750701904,0.9109960198402405,-2.1083173751831055,0.9035317897796631,0.7941945791244507,0.8281636238098145,0.9763438701629639,0.9763438701629639,0.0,0.7486572265625,0.7956870198249817,1.0481292009353638,1.9705027341842651
2425_P37288_DB06212,2425,DB06212,P37288,-0.909339427947998,0.6490628719329834,-1.3941892385482788,0.7550729513168335,-0.4244895577430725,0.5430527329444885,0.760190486907959,0.8399797677993774,0.971640944480896,0.971640944480896,0.0,0.7073279023170471,0.7984728217124939,0.9796018004417419,1.6139050722122192
2426_P08908_DB06216,2426,DB06216,P08908,-1.5977360010147095,0.8411865234375,-2.1924424171447754,0.9483644366264343,-1.0030295848846436,0.7340086698532104,0.7812132239341736,0.8537477254867554,0.9846364259719849,0.9846364259719849,0.0,0.7303574085235596,0.8298107981681824,0.7409482598304749,0.8127453923225403
2427_P08913_DB06216,2427,DB06216,P08913,-1.9514493942260742,0.8852927684783936,-2.6127939224243164,0.9831944108009338,-1.2901047468185425,0.787391185760498,0.7515382170677185,0.7371805906295776,0.9901655316352844,0.9901655316352844,0.0,0.6918814182281494,0.8404117822647095,1.5431636571884155,0.5754744410514832
2428_P14416_DB06216,2428,DB06216,P14416,-1.5711277723312378,0.8974021673202515,-2.1593732833862305,0.9404665231704712,-0.9828822016716003,0.8543378710746765,0.7631122469902039,0.7243108153343201,0.9903035163879395,0.9903035163879395,0.0,0.7063144445419312,0.8275039196014404,1.0566571950912476,0.5303166508674622
2429_P18089_DB06216,2429,DB06216,P18089,-1.4251168966293335,0.7777599096298218,-2.0075929164886475,0.8681605458259583,-0.8426408171653748,0.6873592734336853,0.7360788583755493,0.8557934165000916,0.9932964444160461,0.9932964444160461,0.0,0.6717744469642639,0.8152130246162415,1.01297128200531,0.3844316005706787
2430_P18825_DB06216,2430,DB06216,P18825,-2.0448403358459473,0.8713269233703613,-2.304502487182617,0.9131864905357361,-1.7851779460906982,0.8294674158096313,0.7628995180130005,0.8085166215896606,0.9924293756484985,0.9924293756484985,0.0,0.7055169939994812,0.841417670249939,0.9333568215370178,0.39838817715644836
2431_P21728_DB06216,2431,DB06216,P21728,-1.3241479396820068,0.8746269941329956,-1.4163544178009033,0.9053677320480347,-1.2319414615631104,0.8438863158226013,0.775933563709259,0.9477285146713257,0.993120551109314,0.993120551109314,0.0,0.7216368317604065,0.837597668170929,0.3763575553894043,0.3745100796222687
2432_P21917_DB06216,2432,DB06216,P21917,-1.92344069480896,0.9228413105010986,-2.0956215858459473,0.9414894580841064,-1.7512599229812622,0.9041931629180908,0.8003360033035278,0.7494301795959473,0.9916902780532837,0.9916902780532837,0.0,0.7524974346160889,0.8788830637931824,1.0981630086898804,0.4367160499095917
2434_P28222_DB06216,2434,DB06216,P28222,-2.127342462539673,0.9374586343765259,-2.533350944519043,0.9918531775474548,-1.7213338613510132,0.8830641508102417,0.8517951369285583,0.8474021553993225,0.9879614114761353,0.9879614114761353,0.0,0.8177535533905029,0.8912844657897949,0.6220713257789612,0.4846259355545044
2435_P28223_DB06216,2435,DB06216,P28223,-2.3517541885375977,0.9718053340911865,-2.4776158332824707,0.9973089694976807,-2.2258923053741455,0.9463016390800476,0.8138495683670044,0.8098955750465393,0.9942736625671387,0.9942736625671387,0.0,0.7687435150146484,0.8681992292404175,0.8119871616363525,0.3558596968650818
2436_P28335_DB06216,2436,DB06216,P28335,-2.686044692993164,0.98786461353302,-2.7366862297058105,0.9995437264442444,-2.6354029178619385,0.9761855006217957,0.7831935882568359,0.8302271962165833,0.9927958250045776,0.9927958250045776,0.0,0.7307929992675781,0.8627643585205078,0.979590892791748,0.39215391874313354
2437_P34969_DB06216,2437,DB06216,P34969,-2.056208610534668,0.9295002222061157,-2.194471836090088,0.9807424545288086,-1.9179456233978271,0.8782579302787781,0.806609570980072,0.8085296750068665,0.9837155342102051,0.9837155342102051,0.0,0.7623330950737,0.8497884273529053,0.900149405002594,0.6255570650100708
2438_P35348_DB06216,2438,DB06216,P35348,-1.7481575012207031,0.8579717874526978,-2.333256244659424,0.9582192897796631,-1.1630587577819824,0.7577243447303772,0.7446203231811523,0.6812639832496643,0.9843727946281433,0.9843727946281433,0.0,0.6846821904182434,0.821488618850708,1.5067222118377686,0.825188398361206
2439_P35367_DB06216,2439,DB06216,P35367,-2.4589731693267822,0.9819966554641724,-2.6253418922424316,0.9996341466903687,-2.292604446411133,0.9643592238426208,0.7155112028121948,0.7511531710624695,0.9913077354431152,0.9913077354431152,0.0,0.6465620398521423,0.7874455451965332,1.2637969255447388,0.49538159370422363
2440_P35462_DB06216,2440,DB06216,P35462,-1.9595959186553955,0.9220256805419922,-2.108048915863037,0.9582140445709229,-1.811142921447754,0.8858373761177063,0.8979061245918274,0.8606176972389221,0.9931607246398926,0.9931607246398926,0.0,0.8740924596786499,0.9236321449279785,0.5341466069221497,0.37594303488731384
2442_P50406_DB06216,2442,DB06216,P50406,-1.617070198059082,0.8844271898269653,-1.8163306713104248,0.9454644918441772,-1.4178096055984497,0.8233898282051086,0.7636430859565735,0.7549721002578735,0.9877902269363403,0.9877902269363403,0.0,0.7076062560081482,0.8399001955986023,1.3851323127746582,0.5722691416740417
2443_P07550_DB06216,2443,DB06216,P07550,-1.2076587677001953,0.6364346146583557,-1.677403211593628,0.8426336050033569,-0.7379142642021179,0.4302355945110321,0.8097934722900391,0.8043947815895081,0.9566963315010071,0.9566963315010071,0.0,0.7730677723884583,0.8616373538970947,1.0868558883666992,1.002597689628601
2444_P08588_DB06216,2444,DB06216,P08588,-1.3492059707641602,0.6135277152061462,-1.3793295621871948,0.5855742692947388,-1.3190823793411255,0.6414811611175537,0.7664350867271423,0.8064380884170532,0.9720832705497742,0.9720832705497742,0.0,0.7150229811668396,0.8137035965919495,1.053897500038147,0.8839616179466248
2449_P00742_DB06228,2449,DB06228,P00742,-1.8681175708770752,0.9870765209197998,-1.4524133205413818,0.9950279593467712,-2.2838218212127686,0.9791250824928284,0.8119441866874695,0.6741093397140503,0.9877910017967224,0.9877910017967224,0.0,0.767982542514801,0.866868257522583,1.1838672161102295,0.7297070026397705
2450_O76074_DB06237,2450,DB06237,O76074,-1.6858439445495605,0.7228944301605225,-1.6498606204986572,0.8222574591636658,-1.7218271493911743,0.6235314607620239,0.8077486157417297,0.6043702960014343,0.9639565944671631,0.9639565944671631,0.0,0.7686966061592102,0.8057451844215393,1.0232996940612793,1.4978957176208496
2451_P35367_DB06282,2451,DB06282,P35367,-0.5794259905815125,0.8616706132888794,-0.6492175459861755,0.8406895399093628,-0.5096344351768494,0.882651686668396,0.717359721660614,0.7114218473434448,0.9735097885131836,0.9735097885131836,0.0,0.6533222198486328,0.7961105704307556,1.4875446557998657,0.7665186524391174
2452_P42345_DB06287,2452,DB06287,P42345,-1.630652904510498,0.5014117956161499,-1.7078254222869873,0.34006044268608093,-1.5534802675247192,0.6627631187438965,0.8347811698913574,0.6328127384185791,0.9038143754005432,0.9038143754005432,0.0,0.8175228238105774,0.7815611958503723,0.830367922782898,3.8849868774414062
2453_Q91RS4_DB06290,2453,DB06290,Q91RS4,-2.4250855445861816,0.9668505787849426,-2.3877673149108887,0.986343264579773,-2.4624035358428955,0.9473578929901123,0.9646792411804199,0.9241161942481995,0.9845715165138245,0.9845715165138245,0.0,0.9597061276435852,0.9653995037078857,0.5805568099021912,0.3499728739261627
2454_B0B3C9_DB06290,2454,DB06290,B0B3C9,-2.350602626800537,0.983157753944397,-2.667231559753418,0.9966781139373779,-2.0339739322662354,0.9696373343467712,0.8775634765625,0.6718541383743286,0.9821948409080505,0.9821948409080505,0.0,0.8514056205749512,0.8527716994285583,0.7856674790382385,1.3132542371749878
2455_P31639_DB06292,2455,DB06292,P31639,-2.5536141395568848,0.9960469007492065,-2.494654655456543,0.9997403025627136,-2.6125738620758057,0.9923534989356995,0.8703688979148865,0.9004256129264832,0.9681704044342041,0.9681704044342041,0.0,0.8459184765815735,0.8883265852928162,0.6880924105644226,0.9513523578643799
2456_P27487_DB06335,2456,DB06335,P27487,0.6227338910102844,0.6331840753555298,0.35523656010627747,0.6885653138160706,0.890231192111969,0.5778027772903442,0.9239853024482727,0.9461532235145569,0.7875713109970093,0.7875713109970093,0.0,0.958088755607605,0.9505614638328552,0.6810929179191589,8.537481307983398
2457_P11473_DB06410,2457,DB06410,P11473,-2.0881235599517822,0.9811434745788574,-2.7503929138183594,0.9973255395889282,-1.4258543252944946,0.9649613499641418,0.9115602374076843,0.7583823800086975,0.9938876628875732,0.9938876628875732,0.0,0.8909783959388733,0.9495236873626709,0.5449753999710083,0.3403140604496002
2458_P03366_DB06414,2458,DB06414,P03366,-1.9061322212219238,0.893531322479248,-1.8936008214950562,0.9545194506645203,-1.918663740158081,0.832543134689331,0.7544594407081604,0.4932580292224884,0.9470387101173401,0.9470387101173401,0.0,0.7063146233558655,0.74321448802948,1.7778053283691406,2.058359384536743
2459_P04585_DB06414,2459,DB06414,P04585,-1.7035162448883057,0.8796570301055908,-1.606221079826355,0.9350973963737488,-1.8008114099502563,0.8242167234420776,0.7655090689659119,0.511696994304657,0.9480008482933044,0.9480008482933044,0.0,0.7198861241340637,0.7584123015403748,1.7478584051132202,2.2298836708068848
2460_Q72547_DB06414,2460,DB06414,Q72547,-1.8577837944030762,0.9137577414512634,-1.8214932680130005,0.9845638275146484,-1.8940744400024414,0.8429516553878784,0.9575206637382507,0.8230159878730774,0.9835475087165833,0.9835475087165833,0.0,0.9510139226913452,0.9549123644828796,0.47272706031799316,0.5287160873413086
2461_Q9H244_DB06441,2461,DB06441,Q9H244,-1.490867257118225,0.8701182007789612,-1.2170231342315674,0.8855909705162048,-1.7647113800048828,0.8546454310417175,0.8949792981147766,0.8872722387313843,0.9700413942337036,0.9700413942337036,0.0,0.8762137293815613,0.9211276173591614,0.626414954662323,0.5979452133178711
2462_Q13639_DB06480,2462,DB06480,Q13639,-1.2373417615890503,0.8725727200508118,-0.993414044380188,0.8791369795799255,-1.4812694787979126,0.866008460521698,0.8564724326133728,0.8340998888015747,0.9806123971939087,0.9806123971939087,0.0,0.8254373669624329,0.8891507387161255,0.9165863394737244,0.6403917074203491
2463_P09619_DB06589,2463,DB06589,P09619,-0.7442327737808228,0.6009873151779175,-0.25477397441864014,0.6521399617195129,-1.2336915731430054,0.5498347282409668,0.7677026987075806,0.4719669818878174,0.9761903882026672,0.9761903882026672,0.0,0.7155807614326477,0.7636485695838928,1.8361835479736328,1.6234487295150757
2466_P17948_DB06589,2466,DB06589,P17948,-0.612715482711792,0.6164570450782776,-0.5103108882904053,0.7480415105819702,-0.7151200175285339,0.48487257957458496,0.7595686316490173,0.42409732937812805,0.9747031927108765,0.9747031927108765,0.0,0.7057849764823914,0.7334588766098022,1.752210259437561,1.8136584758758545
2467_P35916_DB06589,2467,DB06589,P35916,-0.9394851922988892,0.8076070547103882,-0.26800721883773804,0.8484878540039062,-1.6109631061553955,0.7667262554168701,0.7518354654312134,0.47160521149635315,0.9770536422729492,0.9770536422729492,0.0,0.695530891418457,0.7619563937187195,1.601222276687622,1.5524423122406006
2517_P35348_DB06706,2517,DB06706,P35348,-0.41151392459869385,0.827724039554596,-0.38596951961517334,0.9104665517807007,-0.43705835938453674,0.7449815273284912,0.7581130266189575,0.9042943120002747,0.9816911816596985,0.9816911816596985,0.0,0.7022184729576111,0.7895920276641846,0.5703254342079163,0.785369873046875
2519_P08913_DB06707,2519,DB06707,P08913,-0.6436187028884888,0.9687554836273193,-0.5895006060600281,0.9662904739379883,-0.6977367997169495,0.9712204933166504,0.7502357363700867,0.7107834219932556,0.9860979914665222,0.9860979914665222,0.0,0.691270112991333,0.8207600712776184,1.6701658964157104,0.6082590818405151
2520_P18089_DB06707,2520,DB06707,P18089,-0.9349907636642456,0.9732141494750977,-0.8737311363220215,0.9861982464790344,-0.9962504506111145,0.9602300524711609,0.7559293508529663,0.7620618343353271,0.9889649748802185,0.9889649748802185,0.0,0.6976704001426697,0.8209048509597778,1.5301969051361084,0.45332640409469604
2521_P18825_DB06707,2521,DB06707,P18825,-0.9752119183540344,0.9758992195129395,-0.4787818491458893,0.9720074534416199,-1.471642017364502,0.979790985584259,0.7641059160232544,0.9490900039672852,0.9912320971488953,0.9912320971488953,0.0,0.7073243260383606,0.8156319260597229,0.3553790748119354,0.39622876048088074
2523_P03372_DB06710,2523,DB06710,P03372,-1.119580626487732,0.8308950662612915,-1.2298574447631836,0.8816876411437988,-1.0093038082122803,0.780102550983429,0.649800181388855,0.5476285219192505,0.9925704598426819,0.9925704598426819,0.0,0.5641075968742371,0.7435000538825989,2.8479723930358887,0.4978850483894348
2525_Q96RJ0_DB06714,2525,DB06714,Q96RJ0,-0.40137648582458496,0.9008752107620239,-0.008574863895773888,0.9211252927780151,-0.7941781282424927,0.8806251287460327,0.9326997995376587,0.9359663724899292,0.9853063225746155,0.9853063225746155,0.0,0.9195481538772583,0.9455316066741943,0.41343384981155396,0.4415792226791382
2527_P25100_DB06764,2527,DB06764,P25100,-0.660133957862854,0.9081409573554993,-0.7605699300765991,0.98784339427948,-0.5596979260444641,0.8284385204315186,0.6598345041275024,0.6492413878440857,0.9865910410881042,0.9865910410881042,0.0,0.5781453251838684,0.7333468794822693,2.2788474559783936,0.7007867693901062
2528_P35348_DB06764,2528,DB06764,P35348,-0.8495798110961914,0.9418572187423706,-1.1221578121185303,0.9823334217071533,-0.5770018100738525,0.9013809561729431,0.7816808819770813,0.7799685001373291,0.9849320650100708,0.9849320650100708,0.0,0.7308680415153503,0.8313217759132385,1.008933424949646,0.7075471878051758
2529_P35368_DB06764,2529,DB06764,P35368,-0.7297210693359375,0.8863850831985474,-0.8557283878326416,0.9532412886619568,-0.6037138104438782,0.8195288777351379,0.7138762474060059,0.6894557476043701,0.9857177734375,0.9857177734375,0.0,0.6459158658981323,0.7830696105957031,1.87617826461792,0.6110225319862366
2530_P08913_DB06764,2530,DB06764,P08913,-1.27334463596344,0.9633859395980835,-1.668637752532959,0.9991710186004639,-0.8780514597892761,0.9276008605957031,0.7391456961631775,0.7118818759918213,0.9873095750808716,0.9873095750808716,0.0,0.677104651927948,0.8119742274284363,1.688889980316162,0.6063871383666992
2531_P18089_DB06764,2531,DB06764,P18089,-0.4001823663711548,0.8051115274429321,-0.8939362168312073,0.9612782597541809,0.0935714840888977,0.6489448547363281,0.7430343627929688,0.7546521425247192,0.9782432913780212,0.9782432913780212,0.0,0.6842321157455444,0.7929530143737793,1.5018376111984253,0.6099264025688171
2532_P18825_DB06764,2532,DB06764,P18825,-0.6000710725784302,0.8231306076049805,-0.7727203965187073,0.9104847311973572,-0.4274217188358307,0.7357764840126038,0.7679777145385742,0.8468296527862549,0.986768364906311,0.986768364906311,0.0,0.7132800817489624,0.8205857872962952,0.7375702857971191,0.4771224558353424
2533_P35367_DB06766,2533,DB06766,P35367,-2.4690141677856445,0.9981511235237122,-2.514909267425537,0.9998468160629272,-2.423119068145752,0.9964554309844971,0.712768018245697,0.7149490118026733,0.9904507398605347,0.9904507398605347,0.0,0.6433472633361816,0.8065849542617798,1.4438385963439941,0.4690101742744446
2538_P68366_DB06772,2538,DB06772,P68366,-0.851158082485199,0.5962059497833252,-0.37970873713493347,0.6693823337554932,-1.322607398033142,0.5230295658111572,0.8307214975357056,0.9388691782951355,0.7017415761947632,0.7017415761947632,0.0,0.8629664778709412,0.5905815958976746,0.7580735087394714,6.593731880187988
2548_P04150_DB06781,2548,DB06781,P04150,-1.9568161964416504,0.961127758026123,-2.0319676399230957,0.9828790426254272,-1.881664752960205,0.9393765330314636,0.6048020720481873,0.4493224620819092,0.9792762398719788,0.9792762398719788,0.0,0.511183500289917,0.7284302115440369,4.048125743865967,0.9839178323745728
2551_P08172_DB06787,2551,DB06787,P08172,-1.3943299055099487,0.9713162183761597,-1.2164158821105957,0.968626081943512,-1.5722439289093018,0.9740064144134521,0.7614505290985107,0.7712096571922302,0.9788601994514465,0.9788601994514465,0.0,0.707098126411438,0.8394600749015808,1.29087233543396,0.6273893117904663
2552_P08173_DB06787,2552,DB06787,P08173,-1.4716696739196777,0.9675697088241577,-1.3891417980194092,0.9661502242088318,-1.5541974306106567,0.9689892530441284,0.7804467678070068,0.7569024562835693,0.9811350703239441,0.9811350703239441,0.0,0.7302746772766113,0.8375016450881958,1.3340556621551514,0.7079101204872131
2553_P11229_DB06787,2553,DB06787,P11229,-1.8473591804504395,0.981777012348175,-1.915166974067688,0.9899623394012451,-1.7795512676239014,0.973591685295105,0.7417932748794556,0.7178366184234619,0.9774071574211121,0.9774071574211121,0.0,0.6828897595405579,0.790525496006012,1.5492275953292847,0.8520157933235168
2554_P20309_DB06787,2554,DB06787,P20309,-1.623604655265808,0.9574371576309204,-1.6986409425735474,0.9608749151229858,-1.5485683679580688,0.9539994597434998,0.7064257860183716,0.6558136940002441,0.9750645756721497,0.9750645756721497,0.0,0.6392660737037659,0.7890224456787109,1.8824272155761719,0.984689474105835
2557_P35372_DB06800,2557,DB06800,P35372,-1.6951189041137695,0.9530547261238098,-2.4153084754943848,0.9777852296829224,-0.9749293923377991,0.9283242225646973,0.819004237651825,0.9512034058570862,0.9909690618515015,0.9909690618515015,0.0,0.7760130763053894,0.8610354661941528,0.3957810401916504,0.4647350013256073
2558_P41145_DB06800,2558,DB06800,P41145,-0.5898182988166809,0.8325206637382507,-1.084226369857788,0.8420217633247375,-0.09541021287441254,0.8230195641517639,0.7955480813980103,0.9152359366416931,0.9829976558685303,0.9829976558685303,0.0,0.7486856579780579,0.8002224564552307,0.589688241481781,0.9012764692306519
2560_P50859_DB06820,2560,DB06820,P50859,-0.7533092498779297,0.6358817219734192,-0.4966781437397003,0.5195691585540771,-1.0099403858184814,0.7521942853927612,0.9338723421096802,0.9319784641265869,0.9446989893913269,0.9446989893913269,0.0,0.9311656951904297,0.8669273853302002,0.42926472425460815,1.193611979484558
2564_P00918_DB08329,2564,DB08329,P00918,-1.706834077835083,0.9975459575653076,-1.772977590560913,0.9999992847442627,-1.6406906843185425,0.9950926303863525,0.978742778301239,0.9920724630355835,0.9918307065963745,0.9918307065963745,0.0,0.975470781326294,0.9650400876998901,0.265957772731781,0.3182433843612671
2567_P35367_DB08799,2567,DB08799,P35367,-0.4460418224334717,0.8667929172515869,-0.4138135612010956,0.9248470664024353,-0.47827011346817017,0.8087387084960938,0.6961050629615784,0.830800473690033,0.9796361327171326,0.9796361327171326,0.0,0.6252222657203674,0.7381285429000854,1.0104682445526123,0.5589438676834106
2568_Q9H244_DB08816,2568,DB08816,Q9H244,-1.0829439163208008,0.6457780599594116,-1.0855027437210083,0.7228820323944092,-1.0803852081298828,0.5686740875244141,0.892257809638977,0.9036322832107544,0.9662572145462036,0.9662572145462036,0.0,0.8737579584121704,0.8789734244346619,0.6444565653800964,0.7512149810791016
2569_P43088_DB08819,2569,DB08819,P43088,-0.5904567837715149,0.7377675771713257,-0.4797241985797882,0.6695367097854614,-0.7011893391609192,0.8059984445571899,0.8692482113838196,0.9479143023490906,0.9838356375694275,0.9838356375694275,0.0,0.8406013250350952,0.9170175790786743,0.4064362049102783,0.4403735399246216
2574_Q72547_DB08864,2574,DB08864,Q72547,-1.8703320026397705,0.9348238706588745,-1.8683191537857056,0.9906230568885803,-1.872344970703125,0.8790247440338135,0.9544448852539062,0.8319131135940552,0.9846027493476868,0.9846027493476868,0.0,0.9469053745269775,0.9481034278869629,0.46399280428886414,0.5193803906440735
2575_P04150_DB08867,2575,DB08867,P04150,-2.137183666229248,0.9619832038879395,-2.2397074699401855,0.9637376666069031,-2.0346598625183105,0.9602288007736206,0.6009733080863953,0.4535177946090698,0.980466365814209,0.980466365814209,0.0,0.5060999989509583,0.6906346082687378,4.183193683624268,1.2849575281143188
2578_Q18BX5_DB08874,2578,DB08874,Q18BX5,-1.4823887348175049,0.5521236658096313,-1.3901472091674805,0.5560961961746216,-1.5746303796768188,0.5481511354446411,0.6451049447059631,0.7048835158348083,0.9144818186759949,0.9144818186759949,0.0,0.5777606964111328,0.4690244495868683,1.4765880107879639,4.353572845458984
2579_O60674_DB08877,2579,DB08877,O60674,-2.5812840461730957,0.9412446618080139,-2.743617057800293,0.9991886019706726,-2.4189510345458984,0.8833007216453552,0.8737062811851501,0.7913233637809753,0.962462842464447,0.962462842464447,0.0,0.8515171408653259,0.8716391324996948,0.7803617715835571,1.7797269821166992
2580_P23458_DB08877,2580,DB08877,P23458,-2.3915555477142334,0.9416082501411438,-2.2808456420898438,0.9706057906150818,-2.502265453338623,0.9126107096672058,0.8766639828681946,0.7837068438529968,0.964070737361908,0.964070737361908,0.0,0.8548123240470886,0.884932279586792,0.6822002530097961,1.8013179302215576
2581_P29597_DB08877,2581,DB08877,P29597,-2.313270092010498,0.9225643873214722,-2.643433094024658,0.9917582869529724,-1.983107328414917,0.8533704280853271,0.8285665512084961,0.7120457887649536,0.9524593353271484,0.9524593353271484,0.0,0.7975934147834778,0.8336615562438965,0.9422929883003235,2.492802381515503
2582_P52333_DB08877,2582,DB08877,P52333,-1.5911054611206055,0.8125765919685364,-1.5840553045272827,0.8417148590087891,-1.5981557369232178,0.7834383249282837,0.8732379078865051,0.831801176071167,0.9536051750183105,0.9536051750183105,0.0,0.8531460762023926,0.8773123621940613,0.7125211358070374,1.9146922826766968
2583_Q02127_DB08880,2583,DB08880,Q02127,-0.8771606683731079,0.8979605436325073,-1.1190606355667114,0.9512994289398193,-0.6352607607841492,0.8446215987205505,0.9589912295341492,0.9370486736297607,0.9805867075920105,0.9805867075920105,0.0,0.9535923600196838,0.9504560232162476,0.39234116673469543,0.7110150456428528
2584_P15056_DB08881,2584,DB08881,P15056,-1.5874558687210083,0.7729830741882324,-1.5123590230941772,0.8020785450935364,-1.6625527143478394,0.7438876628875732,0.6707028746604919,0.5110124349594116,0.9871761202812195,0.9871761202812195,0.0,0.5915845632553101,0.7228327989578247,2.880601406097412,1.73903489112854
2588_P13945_DB08893,2588,DB08893,P13945,-1.214701771736145,0.8671306371688843,-1.5373964309692383,0.9130363464355469,-0.8920071721076965,0.8212249279022217,0.7765723466873169,0.7778093814849854,0.9064807295799255,0.9064807295799255,0.0,0.7440952062606812,0.7569298148155212,1.451087474822998,1.9257957935333252
2589_P08588_DB08893,2589,DB08893,P08588,-0.5765010714530945,0.7148586511611938,-1.1895785331726074,0.8554665446281433,0.03657633438706398,0.5742506980895996,0.7732810378074646,0.8692913055419922,0.9739322066307068,0.9739322066307068,0.0,0.7231181859970093,0.8174880743026733,0.7407272458076477,0.9484878182411194
2590_P00519_DB08896,2590,DB08896,P00519,-1.1394383907318115,0.5023635029792786,-0.632765531539917,0.3508138656616211,-1.646111249923706,0.653913140296936,0.6394298672676086,0.5407164692878723,0.9817755818367004,0.9817755818367004,0.0,0.5538434386253357,0.6971778869628906,3.9249274730682373,1.7497656345367432
2591_P04049_DB08896,2591,DB08896,P04049,-1.5997356176376343,0.6889132261276245,-0.9820535778999329,0.5634157657623291,-2.2174177169799805,0.8144107460975647,0.7002437710762024,0.6643292903900146,0.9876851439476013,0.9876851439476013,0.0,0.6283833980560303,0.7400747537612915,1.8824365139007568,0.992866039276123
2594_P09619_DB08896,2594,DB08896,P09619,-1.786513090133667,0.8327542543411255,-1.319506287574768,0.8209309577941895,-2.2535197734832764,0.8445774912834167,0.7663342356681824,0.447910338640213,0.9701007604598999,0.9701007604598999,0.0,0.7153926491737366,0.7945476770401001,1.9651262760162354,1.5768312215805054
2595_P10721_DB08896,2595,DB08896,P10721,-1.7243211269378662,0.8465030193328857,-1.3350533246994019,0.8735672831535339,-2.11358904838562,0.8194386959075928,0.8125567436218262,0.4455389678478241,0.9831560254096985,0.9831560254096985,0.0,0.7699069380760193,0.833233118057251,1.398342490196228,0.8600294589996338
2596_P11362_DB08896,2596,DB08896,P11362,-1.3153483867645264,0.6680653095245361,-1.2298376560211182,0.6074270606040955,-1.400858998298645,0.7287036180496216,0.7506043314933777,0.5122765898704529,0.9878978133201599,0.9878978133201599,0.0,0.6912809610366821,0.7918638586997986,1.8831981420516968,0.9824627041816711
2597_P15056_DB08896,2597,DB08896,P15056,-1.085339069366455,0.7285693883895874,-0.3435671329498291,0.6465492248535156,-1.827111005783081,0.810589611530304,0.6664093732833862,0.5440570712089539,0.9894514679908752,0.9894514679908752,0.0,0.5856488347053528,0.7073760032653809,2.6790130138397217,1.4084532260894775
2598_P16234_DB08896,2598,DB08896,P16234,-1.865930438041687,0.8658058047294617,-1.6977875232696533,0.9323484897613525,-2.0340733528137207,0.7992631196975708,0.7846403121948242,0.5096479058265686,0.9864892959594727,0.9864892959594727,0.0,0.7341780662536621,0.8173288702964783,1.5962234735488892,0.9161419868469238
2600_P21802_DB08896,2600,DB08896,P21802,-0.9141403436660767,0.5888112783432007,-0.4648086130619049,0.5062065720558167,-1.3634721040725708,0.6714159250259399,0.7427975535392761,0.5380341410636902,0.9805014729499817,0.9805014729499817,0.0,0.6833716034889221,0.7624214291572571,2.040923833847046,1.263352870941162
2601_P29317_DB08896,2601,DB08896,P29317,-0.9404000639915466,0.5919724106788635,-0.40749481320381165,0.47689706087112427,-1.473305344581604,0.7070477604866028,0.8446985483169556,0.5537357926368713,0.9867284297943115,0.9867284297943115,0.0,0.809191107749939,0.8584704995155334,0.8487679362297058,0.7451398968696594
2604_P42685_DB08896,2604,DB08896,P42685,-1.1566447019577026,0.615510106086731,-0.4886089563369751,0.5617139935493469,-1.8246804475784302,0.6693062782287598,0.8686580061912537,0.8437107801437378,0.9892593026161194,0.9892593026161194,0.0,0.8385076522827148,0.8825821280479431,0.7466071248054504,0.6514541506767273
2605_Q02763_DB08896,2605,DB08896,Q02763,-1.0283963680267334,0.5643806457519531,-0.8358008861541748,0.5502164959907532,-1.220991849899292,0.5785447955131531,0.8643460273742676,0.5332930684089661,0.9673935770988464,0.9673935770988464,0.0,0.8385841846466064,0.8549163937568665,0.8956511616706848,1.6596636772155762
2606_Q15759_DB08896,2606,DB08896,Q15759,-0.51694655418396,0.7122876644134521,-0.1357814371585846,0.7437847852706909,-0.8981117010116577,0.6807904839515686,0.9247097373008728,0.9578880667686462,0.9891490340232849,0.9891490340232849,0.0,0.908599853515625,0.9063843488693237,0.3523569107055664,0.409923255443573
2607_Q16832_DB08896,2607,DB08896,Q16832,-0.8348326683044434,0.5165016651153564,-0.5264557003974915,0.573452889919281,-1.14320969581604,0.4595503807067871,0.7780466079711914,0.5352190732955933,0.9812620878219604,0.9812620878219604,0.0,0.7272427082061768,0.7758172750473022,1.5004562139511108,1.3821732997894287
2608_P08172_DB08897,2608,DB08897,P08172,-2.1981968879699707,0.8831549882888794,-2.904059410095215,0.968781590461731,-1.492334246635437,0.7975283861160278,0.7400833964347839,0.686180830001831,0.9722422957420349,0.9722422957420349,0.0,0.6820436716079712,0.8253912925720215,1.6462253332138062,0.7770231366157532
2609_P08173_DB08897,2609,DB08897,P08173,-2.0639514923095703,0.8635638952255249,-2.814974308013916,0.9716281294822693,-1.3129289150238037,0.7554997205734253,0.7717372179031372,0.7412114143371582,0.9779472351074219,0.9779472351074219,0.0,0.7201846837997437,0.8590693473815918,1.4137508869171143,0.932137131690979
2610_P08912_DB08897,2610,DB08897,P08912,-2.127826690673828,0.8743618726730347,-2.8262596130371094,0.9745349884033203,-1.4293937683105469,0.7741886973381042,0.7318187952041626,0.6544204354286194,0.9638975858688354,0.9638975858688354,0.0,0.6737990379333496,0.8329133987426758,2.040431261062622,1.2380897998809814
2611_P11229_DB08897,2611,DB08897,P11229,-1.8813672065734863,0.8187704086303711,-2.719615936279297,0.925496518611908,-1.0431184768676758,0.7120442390441895,0.7370647192001343,0.7361574769020081,0.9599173665046692,0.9599173665046692,0.0,0.6813515424728394,0.7985171675682068,1.4256359338760376,1.0951383113861084
2612_P20309_DB08897,2612,DB08897,P20309,-2.2525930404663086,0.8941783308982849,-2.7451319694519043,0.9586834907531738,-1.7600539922714233,0.829673171043396,0.7212054133415222,0.6805872321128845,0.9534928202629089,0.9534928202629089,0.0,0.6631335616111755,0.8140676617622375,1.851474404335022,1.5872807502746582
2615_P04150_DB08906,2615,DB08906,P04150,-3.3248987197875977,0.9959057569503784,-3.414402961730957,0.9998379945755005,-3.2353947162628174,0.9919735193252563,0.6057025790214539,0.44743362069129944,0.984933078289032,0.984933078289032,0.0,0.5108949542045593,0.7346981763839722,4.008052825927734,0.8313351273536682
2621_Q96SW2_DB08910,2621,DB08910,Q96SW2,0.4227777123451233,0.8331480622291565,0.07070627063512802,0.9434700012207031,0.7748491764068604,0.7228261232376099,0.8797063827514648,0.8956276178359985,0.9907311201095581,0.9907311201095581,0.0,0.8519501686096191,0.9163987636566162,0.7268861532211304,1.6132798194885254
2624_P00533_DB08916,2624,DB08916,P00533,-1.8326587677001953,0.7448440790176392,-1.8403247594833374,0.8563830852508545,-1.8249928951263428,0.633305013179779,0.7775349617004395,0.40785375237464905,0.9438761472702026,0.9438761472702026,0.0,0.7359496355056763,0.7742165327072144,2.0182363986968994,2.5104498863220215
2625_P04626_DB08916,2625,DB08916,P04626,-1.6447988748550415,0.7013878226280212,-1.7073265314102173,0.7724490761756897,-1.5822712182998657,0.6303265690803528,0.7466884851455688,0.5112037658691406,0.9467001557350159,0.9467001557350159,0.0,0.6966855525970459,0.7012588977813721,2.1340010166168213,2.593088388442993
2631_P10613_DB08933,2631,DB08933,P10613,-0.014726419001817703,0.5453879833221436,-0.09199267625808716,0.6220546960830688,0.06253983825445175,0.4687212109565735,0.9119691848754883,0.9327248334884644,0.8981310725212097,0.8981310725212097,0.0,0.9154287576675415,0.826292097568512,0.480878621339798,1.8637763261795044
2633_P35367_DB08936,2633,DB08936,P35367,-1.5966572761535645,0.9429210424423218,-1.2838274240493774,0.9724141955375671,-1.909487247467041,0.9134278297424316,0.7284623980522156,0.8632360696792603,0.9802968502044678,0.9802968502044678,0.0,0.6655037999153137,0.8051654696464539,0.7341552972793579,0.6175406575202942
2646_P25116_DB09030,2646,DB09030,P25116,-1.569528341293335,0.727677047252655,-1.5379012823104858,0.8465195298194885,-1.6011555194854736,0.6088345646858215,0.797528088092804,0.831579864025116,0.9056692719459534,0.9056692719459534,0.0,0.7704927921295166,0.7885496020317078,0.964634120464325,1.6930725574493408
2649_P35372_DB09049,2649,DB09049,P35372,-1.1432908773422241,0.9259998798370361,-1.0356272459030151,0.9731221795082092,-1.250954508781433,0.8788775205612183,0.790795087814331,0.8905653357505798,0.9344961047172546,0.9344961047172546,0.0,0.754869818687439,0.7484374046325684,0.7483309507369995,1.465521216392517
2650_Q06187_DB09053,2650,DB09053,Q06187,-3.171851634979248,0.9844182729721069,-3.2350335121154785,0.9998315572738647,-3.1086697578430176,0.9690049290657043,0.9123225212097168,0.8172072768211365,0.9899773001670837,0.9899773001670837,0.0,0.8929088711738586,0.9230826497077942,0.6230783462524414,0.4903116226196289
2651_O00329_DB09054,2651,DB09054,O00329,-2.116084337234497,0.9760317206382751,-2.3416171073913574,0.9936491847038269,-1.8905515670776367,0.9584142565727234,0.9172987341880798,0.9495802521705627,0.9951955080032349,0.9951955080032349,0.0,0.8978245258331299,0.9251354932785034,0.4004896879196167,0.4158414602279663
2653_P05364_DB09060,2653,DB09060,P05364,-1.3179895877838135,0.8452306985855103,-1.3419407606124878,0.9236743450164795,-1.2940385341644287,0.7667871117591858,0.9618715643882751,0.9741238355636597,0.9685938358306885,0.9685938358306885,0.0,0.9601909518241882,0.9517086148262024,0.30755534768104553,0.6311262249946594
2654_P0A9Z7_DB09060,2654,DB09060,P0A9Z7,-2.284942150115967,0.9628564119338989,-2.604982376098633,0.9999561309814453,-1.9649021625518799,0.9257567524909973,0.9478077292442322,0.9528284668922424,0.9824344515800476,0.9824344515800476,0.0,0.9391509890556335,0.8063808083534241,0.31885045766830444,0.4374505281448364
2655_P0AD63_DB09060,2655,DB09060,P0AD63,-2.2783844470977783,0.9548665285110474,-2.7810282707214355,0.9999752044677734,-1.7757407426834106,0.9097577929496765,0.9363002777099609,0.9557594656944275,0.9742622375488281,0.9742622375488281,0.0,0.9268097877502441,0.8036580681800842,0.3209860026836395,0.4983575940132141
2656_P0AD64_DB09060,2656,DB09060,P0AD64,-2.2730517387390137,0.9592859745025635,-2.698444366455078,0.9999680519104004,-1.8476593494415283,0.9186039566993713,0.9459272623062134,0.9640420079231262,0.981137216091156,0.981137216091156,0.0,0.9371247291564941,0.8159758448600769,0.3051441013813019,0.43133410811424255
2657_P37321_DB09060,2657,DB09060,P37321,-1.1042335033416748,0.9071582555770874,-1.2906382083892822,0.9955514073371887,-0.9178287386894226,0.8187651634216309,0.9562516212463379,0.9136577248573303,0.979869544506073,0.979869544506073,0.0,0.9503471255302429,0.9646609425544739,0.42517825961112976,0.48404186964035034
2658_P62593_DB09060,2658,DB09060,P62593,-2.370502471923828,0.94780433177948,-2.9388999938964844,0.9999991655349731,-1.8021047115325928,0.8956094980239868,0.9668073654174805,0.9402949213981628,0.9806058406829834,0.9806058406829834,0.0,0.9633577466011047,0.9512049555778503,0.3556642234325409,0.43358561396598816
2659_Q840M4_DB09060,2659,DB09060,Q840M4,-1.9557527303695679,0.9643850326538086,-1.910487413406372,0.9980497360229492,-2.0010180473327637,0.9307202696800232,0.9587668776512146,0.924533486366272,0.9751631021499634,0.9751631021499634,0.0,0.9546677470207214,0.9161859750747681,0.37718337774276733,0.4925467073917389
2660_Q939N4_DB09060,2660,DB09060,Q939N4,-1.8848819732666016,0.9610813856124878,-1.8019827604293823,0.9953625202178955,-1.9677810668945312,0.9268002510070801,0.9695068597793579,0.9714120626449585,0.9783856868743896,0.9783856868743896,0.0,0.9672871232032776,0.9302579164505005,0.300776869058609,0.45334383845329285
2661_Q9EXV5_DB09060,2661,DB09060,Q9EXV5,-2.1181375980377197,0.9672051072120667,-2.2124972343444824,0.9991430044174194,-2.023777961730957,0.9352672100067139,0.9471203684806824,0.9335834383964539,0.9806551337242126,0.9806551337242126,0.0,0.9387367367744446,0.8804982304573059,0.3264203369617462,0.4455883204936981
2662_Q9F663_DB09060,2662,DB09060,Q9F663,-2.3203392028808594,0.9767247438430786,-2.5118465423583984,0.9999961853027344,-2.128831624984741,0.9534533023834229,0.9556541442871094,0.9496662616729736,0.9851078987121582,0.9851078987121582,0.0,0.9482906460762024,0.9609553217887878,0.3490900993347168,0.39527496695518494
2663_Q9L5C7_DB09060,2663,DB09060,Q9L5C7,-2.005262851715088,0.9688777923583984,-1.927642583847046,0.9981591105461121,-2.082882881164551,0.93959641456604,0.9659640192985535,0.929574728012085,0.976245105266571,0.976245105266571,0.0,0.9633937478065491,0.9377840161323547,0.3661414682865143,0.4826279580593109
2664_Q9UM73_DB09063,2664,DB09063,Q9UM73,-1.3306360244750977,0.8410540223121643,-1.2666828632354736,0.8187050223350525,-1.3945891857147217,0.8634030222892761,0.7411842346191406,0.45591819286346436,0.9724498391151428,0.9724498391151428,0.0,0.6833678483963013,0.7558661103248596,1.8823796510696411,1.6832995414733887
2671_P09874_DB09074,2671,DB09074,P09874,-2.4919183254241943,0.9922081828117371,-2.4592514038085938,0.9995728135108948,-2.524585247039795,0.9848435521125793,0.8203803896903992,0.7195874452590942,0.9831571578979492,0.9831571578979492,0.0,0.7796862721443176,0.8193178176879883,1.0972923040390015,1.472286343574524
2672_Q9UGN5_DB09074,2672,DB09074,Q9UGN5,-2.222022533416748,0.9881448745727539,-2.2797622680664062,0.9988730549812317,-2.16428279876709,0.9774166345596313,0.849888801574707,0.807715892791748,0.9888495206832886,0.9888495206832886,0.0,0.815148651599884,0.8606697916984558,1.1171886920928955,1.4779362678527832
2673_Q9Y6F1_DB09074,2673,DB09074,Q9Y6F1,-1.3678410053253174,0.9632458686828613,-1.2608859539031982,0.962078332901001,-1.4747960567474365,0.9644133448600769,0.8847460746765137,0.8150145411491394,0.9833967089653015,0.9833967089653015,0.0,0.8600834608078003,0.8584674000740051,0.8362691402435303,1.5564219951629639
2676_P08172_DB09076,2676,DB09076,P08172,-0.6033617258071899,0.804456353187561,-0.18629835546016693,0.830144464969635,-1.0204250812530518,0.7787683010101318,0.7503504157066345,0.8333258032798767,0.9720819592475891,0.9720819592475891,0.0,0.6949175000190735,0.8096359372138977,0.966000497341156,0.7047425508499146
2677_P08173_DB09076,2677,DB09076,P08173,-0.5766369104385376,0.8317153453826904,-0.1150778979063034,0.8474971055984497,-1.0381959676742554,0.8159335851669312,0.7706923484802246,0.7749951481819153,0.9594266414642334,0.9594266414642334,0.0,0.7235087752342224,0.775420606136322,1.196709394454956,1.2471449375152588
2678_P08912_DB09076,2678,DB09076,P08912,-0.4616425931453705,0.7267920970916748,-0.268558144569397,0.7501752376556396,-0.654727041721344,0.7034090161323547,0.7251469492912292,0.680425226688385,0.956697940826416,0.956697940826416,0.0,0.6672592163085938,0.7734258770942688,1.8394056558609009,1.3580036163330078
2679_P11229_DB09076,2679,DB09076,P11229,-0.43093833327293396,0.853518009185791,-0.1136852577328682,0.8704578280448914,-0.7481914162635803,0.8365781903266907,0.749183177947998,0.7325719594955444,0.9530798196792603,0.9530798196792603,0.0,0.6982090473175049,0.7852434515953064,1.4535753726959229,1.3067055940628052
2680_P20309_DB09076,2680,DB09076,P20309,-0.8987870216369629,0.8150595426559448,-0.6512051224708557,0.8529688119888306,-1.1463689804077148,0.7771502733230591,0.7245486378669739,0.6888602375984192,0.9538856744766235,0.9538856744766235,0.0,0.6672143340110779,0.7751424908638,1.66179358959198,1.531314492225647
2681_P06239_DB09079,2681,DB09079,P06239,-1.4555094242095947,0.8227396607398987,-1.0714423656463623,0.9009383320808411,-1.8395764827728271,0.7445409893989563,0.8685696721076965,0.8530940413475037,0.9717777371406555,0.9717777371406555,0.0,0.8427676558494568,0.8700970411300659,0.7602016925811768,0.6690304279327393
2683_P09619_DB09079,2683,DB09079,P09619,-1.3770780563354492,0.8582068681716919,-1.2723690271377563,0.9024485945701599,-1.4817872047424316,0.8139650821685791,0.7561850547790527,0.5308300256729126,0.9656845927238464,0.9656845927238464,0.0,0.7038101553916931,0.7385373711585999,1.7147613763809204,2.1013543605804443
2684_P11362_DB09079,2684,DB09079,P11362,-1.4429683685302734,0.8833540678024292,-1.4367663860321045,0.9086478352546692,-1.4491702318191528,0.8580603003501892,0.7501651048660278,0.5366497039794922,0.9757077097892761,0.9757077097892761,0.0,0.6937794089317322,0.7851539850234985,1.9540247917175293,1.418832540512085
2686_P16234_DB09079,2686,DB09079,P16234,-2.0897042751312256,0.8998904228210449,-2.0590529441833496,0.968619704246521,-2.1203556060791016,0.8311610817909241,0.772284209728241,0.485648512840271,0.9711418151855469,0.9711418151855469,0.0,0.7225698232650757,0.769548237323761,1.5728132724761963,1.3943886756896973
2688_P21802_DB09079,2688,DB09079,P21802,-1.6895108222961426,0.8879794478416443,-1.4760339260101318,0.878555417060852,-1.9029877185821533,0.8974034786224365,0.7302724123001099,0.5101631879806519,0.9718743562698364,0.9718743562698364,0.0,0.6698719263076782,0.7273367047309875,1.9847774505615234,1.3348454236984253
2692_P36888_DB09079,2692,DB09079,P36888,-1.8535354137420654,0.9239999055862427,-1.857128620147705,0.9665632247924805,-1.8499422073364258,0.8814366459846497,0.7778598070144653,0.5186465978622437,0.9670248031616211,0.9670248031616211,0.0,0.730568528175354,0.7911947965621948,1.2602795362472534,1.2706292867660522
2693_P07550_DB09080,2693,DB09080,P07550,-1.9229397773742676,0.9675875306129456,-1.947508454322815,0.9772961735725403,-1.8983712196350098,0.9578788876533508,0.8299576044082642,0.7796617150306702,0.9825519919395447,0.9825519919395447,0.0,0.7918089628219604,0.8959540128707886,1.1837680339813232,0.6036874055862427
2694_P07550_DB09082,2694,DB09082,P07550,-1.0153864622116089,0.9832080602645874,-1.1292428970336914,0.9980736970901489,-0.9015300869941711,0.9683424234390259,0.8231402635574341,0.8193684220314026,0.9655832052230835,0.9655832052230835,0.0,0.7875295281410217,0.8608990907669067,0.9540801644325256,0.685211718082428
2706_P35372_DB09089,2706,DB09089,P35372,0.26735442876815796,0.6917130947113037,0.36849910020828247,0.7584905624389648,0.16620972752571106,0.6249356865882874,0.8115593791007996,0.8502666354179382,0.9419161677360535,0.9419161677360535,0.0,0.7789701819419861,0.7866289615631104,0.9270955324172974,1.4069019556045532
2729_P04040_DB09096,2729,DB09096,P04040,0.9741114974021912,0.5778839588165283,0.9971237182617188,0.6634742021560669,0.9510992765426636,0.49229371547698975,0.9073812365531921,0.9300670027732849,0.8702350854873657,0.8702350854873657,0.0,0.9166678190231323,0.8265541791915894,0.589969277381897,3.7573981285095215
2772_P08172_DB09167,2772,DB09167,P08172,-1.527153730392456,0.9423485994338989,-1.1583735942840576,0.9722346663475037,-1.895933985710144,0.9124624729156494,0.7571717500686646,0.831379771232605,0.9844412207603455,0.9844412207603455,0.0,0.7003543376922607,0.8298678994178772,1.0273168087005615,0.5606924891471863
2773_P08173_DB09167,2773,DB09167,P08173,-1.5193605422973633,0.9277069568634033,-1.0301049947738647,0.9601268172264099,-2.0086159706115723,0.8952870965003967,0.7766100764274597,0.7501407265663147,0.9785056710243225,0.9785056710243225,0.0,0.7261361479759216,0.8140904903411865,1.4042023420333862,0.6984010934829712
2774_P08908_DB09167,2774,DB09167,P08908,-0.9397448301315308,0.6911829710006714,-0.7057477831840515,0.8086814284324646,-1.1737418174743652,0.5736845135688782,0.8109901547431946,0.8306103348731995,0.9812197089195251,0.9812197089195251,0.0,0.7684327363967896,0.8291298747062683,0.6212642192840576,0.6038802266120911
2775_P08912_DB09167,2775,DB09167,P08912,-1.3178154230117798,0.9109982848167419,-0.8612352013587952,0.9600628614425659,-1.7743957042694092,0.861933708190918,0.7332758903503418,0.7682769894599915,0.9792052507400513,0.9792052507400513,0.0,0.671793520450592,0.796863853931427,1.4540235996246338,0.7869178056716919
2776_P08913_DB09167,2776,DB09167,P08913,-1.2998743057250977,0.8273495435714722,-1.0800731182098389,0.8961419463157654,-1.5196754932403564,0.758557140827179,0.7340170741081238,0.6913625597953796,0.9636392593383789,0.9636392593383789,0.0,0.6766115427017212,0.7870936393737793,1.7933273315429688,0.9480234980583191
2777_P11229_DB09167,2777,DB09167,P11229,-1.364051103591919,0.9109562039375305,-0.7048969268798828,0.9415935277938843,-2.023205280303955,0.8803188800811768,0.7389785051345825,0.7362727522850037,0.9854637384414673,0.9854637384414673,0.0,0.6773571372032166,0.7733173370361328,1.38840913772583,0.5973691940307617
2778_P18089_DB09167,2778,DB09167,P18089,-1.1399316787719727,0.7840807437896729,-0.8760372400283813,0.835655152797699,-1.403826117515564,0.7325063347816467,0.7068964242935181,0.7500303387641907,0.9647552967071533,0.9647552967071533,0.0,0.6424316763877869,0.688900351524353,1.5211045742034912,0.7799929976463318
2779_P18825_DB09167,2779,DB09167,P18825,-1.6289511919021606,0.8505399227142334,-0.9259865283966064,0.8427690863609314,-2.331915855407715,0.8583106994628906,0.7835686802864075,0.8393361568450928,0.9835802912712097,0.9835802912712097,0.0,0.7335657477378845,0.8461388945579529,0.7568802237510681,0.5045841932296753
2780_P20309_DB09167,2780,DB09167,P20309,-1.5796579122543335,0.9249652624130249,-1.1452205181121826,0.9598457217216492,-2.0140953063964844,0.8900848031044006,0.7121338248252869,0.650711715221405,0.971606433391571,0.971606433391571,0.0,0.6472656726837158,0.7759647369384766,2.0295279026031494,1.036193609237671
2781_P23975_DB09167,2781,DB09167,P23975,-1.858816385269165,0.9538289904594421,-1.654192566871643,0.9577393531799316,-2.0634403228759766,0.9499186277389526,0.9064933657646179,0.9097310900688171,0.9847314357757568,0.9847314357757568,0.0,0.8869338035583496,0.9182490706443787,0.5853354930877686,0.6026028990745544
2782_P25100_DB09167,2782,DB09167,P25100,-1.3539268970489502,0.8241932392120361,-0.9049391150474548,0.9029645919799805,-1.8029146194458008,0.745421826839447,0.6676010489463806,0.6237674355506897,0.9517730474472046,0.9517730474472046,0.0,0.5965580344200134,0.7382651567459106,2.441998243331909,1.1992255449295044
2783_P28223_DB09167,2783,DB09167,P28223,-1.9068652391433716,0.874853789806366,-1.1800956726074219,0.885657548904419,-2.6336348056793213,0.864050030708313,0.8061615228652954,0.8594834804534912,0.9817776679992676,0.9817776679992676,0.0,0.7622575163841248,0.7948370575904846,0.6004393100738525,0.5390459299087524
2784_P31645_DB09167,2784,DB09167,P31645,-2.3849682807922363,0.9824717044830322,-2.1078433990478516,0.9887428283691406,-2.662092924118042,0.9762005805969238,0.8973162770271301,0.9298874139785767,0.9829795360565186,0.9829795360565186,0.0,0.8759004473686218,0.9207926392555237,0.5383859872817993,0.656744658946991
2785_P35348_DB09167,2785,DB09167,P35348,-1.7845345735549927,0.8755660057067871,-1.4517786502838135,0.9130600690841675,-2.117290496826172,0.8380720019340515,0.7701508402824402,0.8540329933166504,0.9731957912445068,0.9731957912445068,0.0,0.7193895578384399,0.8352272510528564,0.7866876721382141,0.8366308212280273
2786_P35367_DB09167,2786,DB09167,P35367,-3.1588053703308105,0.9776725769042969,-3.5598926544189453,0.99996018409729,-2.757718086242676,0.9553850293159485,0.712371289730072,0.8544113039970398,0.9868068695068359,0.9868068695068359,0.0,0.6437624096870422,0.7703145742416382,0.8368225693702698,0.5186145305633545
2787_P35368_DB09167,2787,DB09167,P35368,-1.3931491374969482,0.817342221736908,-1.4118908643722534,0.9145700931549072,-1.374407410621643,0.7201143503189087,0.7024697661399841,0.6617629528045654,0.9761940240859985,0.9761940240859985,0.0,0.6340386271476746,0.7617783546447754,2.0286009311676025,0.8330562114715576
2788_P87764_DB09183,2788,DB09183,P87764,-0.5007373094558716,0.5838443040847778,-0.49466410279273987,0.5880547165870667,-0.5068105459213257,0.579633891582489,0.6214253306388855,0.758232057094574,0.7675574421882629,0.7675574421882629,0.0,0.5848922729492188,0.4490068256855011,0.6823319792747498,1.5284638404846191
2789_P08913_DB09195,2789,DB09195,P08913,-0.610691487789154,0.7275097370147705,-0.5049561262130737,0.6339326500892639,-0.7164268493652344,0.8210867643356323,0.7304244041442871,0.6923647522926331,0.969182014465332,0.969182014465332,0.0,0.6707350015640259,0.8001587390899658,1.782623529434204,0.9765442609786987
2790_P18089_DB09195,2790,DB09195,P18089,-0.6773238778114319,0.8045428991317749,-0.4931269586086273,0.8027915358543396,-0.8615208268165588,0.8062942028045654,0.7523632049560547,0.766167938709259,0.9815735220909119,0.9815735220909119,0.0,0.6950606107711792,0.8366163372993469,1.3751344680786133,0.5846627354621887
2791_P18825_DB09195,2791,DB09195,P18825,-0.7848179936408997,0.7551166415214539,-0.789390504360199,0.717302680015564,-0.7802454829216003,0.7929306030273438,0.7835502028465271,0.8892852067947388,0.9856047034263611,0.9856047034263611,0.0,0.7330365777015686,0.859504222869873,0.6208827495574951,0.5041966438293457
2792_P25100_DB09195,2792,DB09195,P25100,-0.7254674434661865,0.7879877090454102,-0.7141798138618469,0.7924677729606628,-0.7367551326751709,0.7835077047348022,0.6652599573135376,0.6711722612380981,0.9677022695541382,0.9677022695541382,0.0,0.5896493196487427,0.7221094369888306,2.126188278198242,1.1669048070907593
2793_P28223_DB09195,2793,DB09195,P28223,-1.4111816883087158,0.8900206089019775,-1.1136815547943115,0.855074405670166,-1.7086817026138306,0.9249668121337891,0.8218870162963867,0.8486350774765015,0.9681037664413452,0.9681037664413452,0.0,0.7853328585624695,0.8396817445755005,0.6558740735054016,0.8688206076622009
2794_P28335_DB09195,2794,DB09195,P28335,-1.0937614440917969,0.8923089504241943,-1.1727173328399658,0.8999347686767578,-1.0148054361343384,0.8846830725669861,0.7897745966911316,0.866003155708313,0.9835599660873413,0.9835599660873413,0.0,0.7413282990455627,0.8647831082344055,0.8117393851280212,0.5486848950386047
2795_P31645_DB09195,2795,DB09195,P31645,0.06215642765164375,0.5033823847770691,0.10828086733818054,0.31948789954185486,0.016031986102461815,0.6872768402099609,0.9080089926719666,0.9593613147735596,0.9860957860946655,0.9860957860946655,0.0,0.8884872198104858,0.9372355937957764,0.38654661178588867,0.5694872736930847
2796_P35348_DB09195,2796,DB09195,P35348,-0.5841647386550903,0.8006119728088379,-0.5568040609359741,0.8136364221572876,-0.6115254163742065,0.7875875234603882,0.7726876139640808,0.848236620426178,0.9748684167861938,0.9748684167861938,0.0,0.7221423983573914,0.8365285396575928,0.8327946066856384,0.9827097654342651
2797_P35367_DB09195,2797,DB09195,P35367,-0.7327804565429688,0.8584427237510681,-0.15569230914115906,0.8552672266960144,-1.309868574142456,0.8616182208061218,0.716400146484375,0.7672380805015564,0.9779122471809387,0.9779122471809387,0.0,0.6510221362113953,0.7943764925003052,1.226689338684082,0.693802535533905
2798_P35368_DB09195,2798,DB09195,P35368,-0.7827200889587402,0.6308390498161316,-1.1255574226379395,0.7825314998626709,-0.4398827850818634,0.4791465699672699,0.701784074306488,0.7622532248497009,0.9782640337944031,0.9782640337944031,0.0,0.6326640844345093,0.7338525652885437,1.4004018306732178,0.8039197325706482
2807_P00807_DB09324,2807,DB09324,P00807,0.8404407501220703,0.627226710319519,0.2367667257785797,0.8051056265830994,1.4441148042678833,0.4493477940559387,0.9622992873191833,0.9265549182891846,0.9604615569114685,0.9604615569114685,0.0,0.9627586603164673,0.9611700773239136,0.3638232946395874,0.6538854837417603
2836_P03372_DB09371,2836,DB09371,P03372,-1.5657495260238647,0.8774600625038147,-1.2931411266326904,0.8722495436668396,-1.838357925415039,0.8826705813407898,0.6605766415596008,0.5900323987007141,0.9921661019325256,0.9921661019325256,0.0,0.5776792764663696,0.7578303813934326,2.697516441345215,0.521386981010437
2837_P04278_DB09371,2837,DB09371,P04278,-0.6588070392608643,0.7883864045143127,-0.7019035220146179,0.8433402180671692,-0.6157104969024658,0.7334325909614563,0.9069072008132935,0.8538931608200073,0.9911702871322632,0.9911702871322632,0.0,0.8858413696289062,0.93470698595047,0.5011469721794128,0.47714677453041077
2853_P12821_DB09477,2853,DB09477,P12821,-0.911692202091217,0.9806126952171326,-1.7712794542312622,0.9986710548400879,-0.05210500583052635,0.9625543355941772,0.8913594484329224,0.6233340501785278,0.8469228744506836,0.8469228744506836,0.0,0.9024685621261597,0.878913164138794,0.8093249797821045,9.209450721740723
2855_P35367_DB09488,2855,DB09488,P35367,-0.7100006341934204,0.8958448767662048,-0.677439272403717,0.9573820233345032,-0.742561936378479,0.8343077301979065,0.7116896510124207,0.7933711409568787,0.9783565998077393,0.9783565998077393,0.0,0.6450228691101074,0.7773694396018982,1.1543360948562622,0.596775472164154
2862_P23219_DB11071,2862,DB11071,P23219,1.0966521501541138,0.5768541693687439,0.4186590015888214,0.6236024498939514,1.7746453285217285,0.5301058888435364,0.868743360042572,0.9093299508094788,0.7209320068359375,0.7209320068359375,0.0,0.9056960940361023,0.8600766062736511,0.8896134495735168,9.355161666870117
2863_P35354_DB11071,2863,DB11071,P35354,1.52920663356781,0.5578173995018005,1.0689431428909302,0.509368896484375,1.98947012424469,0.6062659025192261,0.8865401148796082,0.9249350428581238,0.7285727858543396,0.7285727858543396,0.0,0.9260320067405701,0.8867071270942688,0.9440168738365173,9.3949556350708
2874_P70174_DB11160,2874,DB11160,P70174,-1.6338720321655273,0.9707779288291931,-0.9430723786354065,0.9767636060714722,-2.324671745300293,0.9647922515869141,0.7072324752807617,0.8162038922309875,0.9877537488937378,0.9877537488937378,0.0,0.6371021866798401,0.7688592076301575,1.0497077703475952,0.5156854391098022
2875_P08172_DB11181,2875,DB11181,P08172,-1.6675976514816284,0.9818016290664673,-2.3306355476379395,0.992364764213562,-1.0045597553253174,0.9712384939193726,0.7313064336776733,0.6960994005203247,0.9836809039115906,0.9836809039115906,0.0,0.6682127714157104,0.8118315935134888,1.7143148183822632,0.6504542231559753
2876_P08173_DB11181,2876,DB11181,P08173,-1.1316808462142944,0.9543496370315552,-1.750162124633789,0.9790690541267395,-0.5131996273994446,0.9296301603317261,0.7754738926887512,0.7079154849052429,0.9855719804763794,0.9855719804763794,0.0,0.7229493260383606,0.8381631970405579,1.6679431200027466,0.7893916964530945
2877_P08912_DB11181,2877,DB11181,P08912,-1.290302038192749,0.9544535875320435,-2.3066420555114746,0.983951985836029,-0.27396202087402344,0.9249551892280579,0.7433616518974304,0.6959217190742493,0.9832138419151306,0.9832138419151306,0.0,0.6833986043930054,0.8042261600494385,1.8160855770111084,0.8287813067436218
2878_P11229_DB11181,2878,DB11181,P11229,-0.6356054544448853,0.9332574009895325,-1.1063756942749023,0.9472364783287048,-0.16483522951602936,0.9192783236503601,0.7540441751480103,0.7432968020439148,0.9875867962837219,0.9875867962837219,0.0,0.6956585049629211,0.8152799606323242,1.3878400325775146,0.664057195186615
2879_P20309_DB11181,2879,DB11181,P20309,-1.107011079788208,0.9520477056503296,-1.3980562686920166,0.9605582356452942,-0.8159657716751099,0.9435371160507202,0.7291803359985352,0.6586179137229919,0.9772272109985352,0.9772272109985352,0.0,0.6671686172485352,0.7915316224098206,1.9486651420593262,1.1177150011062622
2881_P35354_DB11201,2881,DB11201,P35354,0.8093954920768738,0.5080581903457642,1.0726231336593628,0.5588510036468506,0.5461678504943848,0.45726531744003296,0.8890988230705261,0.9147743582725525,0.7576492428779602,0.7576492428779602,0.0,0.9219611883163452,0.9170495867729187,1.0049022436141968,8.652570724487305
2883_P03372_DB11219,2883,DB11219,P03372,-0.09504605829715729,0.5036966800689697,-0.5663097500801086,0.65712571144104,0.37621763348579407,0.3502676784992218,0.6399955749511719,0.5475354790687561,0.9759153127670288,0.9759153127670288,0.0,0.55601567029953,0.7001785039901733,2.9881558418273926,0.8856490850448608
2887_P04278_DB11221,2887,DB11221,P04278,1.0137550830841064,0.5960262417793274,0.8503786325454712,0.6306169629096985,1.1771316528320312,0.5614355206489563,0.8873015642166138,0.8500332832336426,0.9291859269142151,0.9291859269142151,0.0,0.8768304586410522,0.8504502773284912,0.5392013192176819,1.0347089767456055
2888_P08172_DB11235,2888,DB11235,P08172,-1.328636646270752,0.9320301413536072,-1.717960238456726,0.9410825967788696,-0.9393131732940674,0.9229776859283447,0.7566717267036438,0.8660354614257812,0.9806863069534302,0.9806863069534302,0.0,0.7006680369377136,0.8293368220329285,0.75184565782547,0.5413482785224915
2889_P08173_DB11235,2889,DB11235,P08173,-0.9549494981765747,0.8879367113113403,-1.5209484100341797,0.8909438848495483,-0.38895052671432495,0.8849295973777771,0.7819989323616028,0.7153867483139038,0.975359320640564,0.975359320640564,0.0,0.7336588501930237,0.8445387482643127,1.5959995985031128,0.9262251853942871
2890_P08912_DB11235,2890,DB11235,P08912,-0.6476513147354126,0.8883678317070007,-1.3448500633239746,0.9019203782081604,0.0495474711060524,0.8748152852058411,0.729262113571167,0.6566902995109558,0.9683299660682678,0.9683299660682678,0.0,0.669495165348053,0.7950918674468994,1.8867722749710083,1.04683256149292
2891_P11229_DB11235,2891,DB11235,P11229,-1.270606517791748,0.9329095482826233,-1.8888823986053467,0.9547033309936523,-0.6523306965827942,0.9111157655715942,0.7266897559165955,0.7045645117759705,0.975009560585022,0.975009560585022,0.0,0.6646097302436829,0.7863739728927612,1.5965423583984375,0.8415178060531616
2892_P20309_DB11235,2892,DB11235,P20309,-1.3697999715805054,0.9365605115890503,-2.102369785308838,0.976054310798645,-0.6372301578521729,0.8970667123794556,0.7188146710395813,0.6278731822967529,0.9671750068664551,0.9671750068664551,0.0,0.6567245721817017,0.7986830472946167,2.1036312580108643,1.13274347782135
2893_P35367_DB11235,2893,DB11235,P35367,-2.070801258087158,0.9788583517074585,-2.7714877128601074,0.9978468418121338,-1.370115041732788,0.9598698616027832,0.7194191813468933,0.8731656670570374,0.9847164154052734,0.9847164154052734,0.0,0.6530948877334595,0.801465630531311,0.6466424465179443,0.5077949166297913
2894_P11387_DB11254,2894,DB11254,P11387,0.5092867612838745,0.6226067543029785,1.0574688911437988,0.8138744235038757,-0.03889534994959831,0.4313391447067261,0.6254947781562805,0.6152538657188416,0.3823396861553192,0.3823396861553192,0.0,0.686283528804779,0.5512270331382751,2.206019163131714,12.427247047424316
2897_P14618_DB11263,2897,DB11263,P14618,1.5025899410247803,0.5202707648277283,1.7700775861740112,0.6728339195251465,1.2351024150848389,0.36770761013031006,0.8768041729927063,0.9277582764625549,0.8036719560623169,0.8036719560623169,0.0,0.8950872421264648,0.7063820362091064,0.5298860669136047,3.6607322692871094
2900_P07550_DB11273,2900,DB11273,P07550,-1.8075281381607056,0.8138376474380493,-2.1034955978393555,0.9304795265197754,-1.5115606784820557,0.6971957683563232,0.8288643956184387,0.8212910294532776,0.9742779731750488,0.9742779731750488,0.0,0.792510986328125,0.9031457304954529,0.8995711207389832,0.6908652186393738
2902_P08908_DB11273,2902,DB11273,P08908,-1.9271807670593262,0.8131304979324341,-2.7214102745056152,0.986065149307251,-1.1329513788223267,0.6401957869529724,0.7944343686103821,0.8497245907783508,0.974690318107605,0.974690318107605,0.0,0.7493703961372375,0.8420235514640808,0.7309077382087708,0.7934257984161377
2903_P08913_DB11273,2903,DB11273,P08913,-1.3230093717575073,0.7853960394859314,-1.4432835578918457,0.8839898705482483,-1.202735185623169,0.6868022084236145,0.7505244016647339,0.6877999305725098,0.9735144972801208,0.9735144972801208,0.0,0.6947768330574036,0.8410751223564148,1.6551347970962524,1.0084612369537354
2904_P13945_DB11273,2904,DB11273,P13945,-0.7951701283454895,0.5993247628211975,-0.6375495195388794,0.7975485920906067,-0.9527907371520996,0.4011009633541107,0.8047372698783875,0.8207546472549438,0.9643661975860596,0.9643661975860596,0.0,0.7648300528526306,0.8430184125900269,1.1152600049972534,1.4147621393203735
2905_P18089_DB11273,2905,DB11273,P18089,-1.2984156608581543,0.7181233167648315,-1.4407459497451782,0.8661531209945679,-1.1560852527618408,0.5700934529304504,0.7330819368362427,0.7376492619514465,0.9785836338996887,0.9785836338996887,0.0,0.67170649766922,0.8000659942626953,1.4332547187805176,0.7091502547264099
2906_P18825_DB11273,2906,DB11273,P18825,-1.7264323234558105,0.8723033666610718,-1.7691997289657593,0.957843005657196,-1.6836649179458618,0.7867637276649475,0.754176914691925,0.8067057728767395,0.9707726240158081,0.9707726240158081,0.0,0.7000280022621155,0.8249555826187134,0.9479750990867615,0.6598940491676331
2907_P25100_DB11273,2907,DB11273,P25100,-1.465925693511963,0.8223952054977417,-1.5779845714569092,0.9133808016777039,-1.3538668155670166,0.7314096689224243,0.6612870097160339,0.6181642413139343,0.9556865096092224,0.9556865096092224,0.0,0.5876871347427368,0.7491493225097656,2.268430471420288,1.4570318460464478
2908_P28221_DB11273,2908,DB11273,P28221,-2.0005362033843994,0.8553864359855652,-2.368867874145508,0.9429017305374146,-1.632204532623291,0.7678711414337158,0.8166866302490234,0.807422935962677,0.9671803712844849,0.9671803712844849,0.0,0.7790632247924805,0.8468486070632935,0.9017119407653809,1.1269721984863281
2909_P28222_DB11273,2909,DB11273,P28222,-1.7792418003082275,0.8330296277999878,-2.0964694023132324,0.9604573845863342,-1.4620143175125122,0.7056018114089966,0.8468182682991028,0.852344274520874,0.9767853617668152,0.9767853617668152,0.0,0.8143264651298523,0.8733339309692383,0.621116042137146,0.597362220287323
2910_P28223_DB11273,2910,DB11273,P28223,-1.77689528465271,0.8342702388763428,-2.1044650077819824,0.9497644305229187,-1.449325442314148,0.7187761068344116,0.7939308285713196,0.7831818461418152,0.9757614135742188,0.9757614135742188,0.0,0.7484731674194336,0.8331401348114014,0.8897369503974915,0.6232526302337646
2911_P28335_DB11273,2911,DB11273,P28335,-1.4812886714935303,0.7346423864364624,-1.7509808540344238,0.8920964002609253,-1.2115966081619263,0.5771884322166443,0.7702025175094604,0.7520886659622192,0.966730535030365,0.966730535030365,0.0,0.7210704684257507,0.8425880670547485,1.2564159631729126,0.7413083910942078
2912_P28566_DB11273,2912,DB11273,P28566,-1.3377606868743896,0.6150959730148315,-2.013054370880127,0.8617832660675049,-0.6624670624732971,0.3684086799621582,0.7953635454177856,0.8427480459213257,0.9240068793296814,0.9240068793296814,0.0,0.7632026672363281,0.7990301251411438,0.8979443311691284,1.2481509447097778
2914_P34969_DB11273,2914,DB11273,P34969,-0.9065803289413452,0.5272806286811829,-1.4571751356124878,0.7430647015571594,-0.35598552227020264,0.3114965558052063,0.7973761558532715,0.799270510673523,0.9742645025253296,0.9742645025253296,0.0,0.7531540989875793,0.8515991568565369,0.9117568135261536,0.7337135672569275
2915_P35348_DB11273,2915,DB11273,P35348,-1.4071764945983887,0.7262859344482422,-1.8724933862686157,0.8432222008705139,-0.9418597221374512,0.6093496680259705,0.7467104196548462,0.7162343263626099,0.9539088606834412,0.9539088606834412,0.0,0.6949107646942139,0.815748929977417,1.330267071723938,1.258560061454773
2916_P35368_DB11273,2916,DB11273,P35368,-1.8996697664260864,0.8346540927886963,-2.448296546936035,0.9423342943191528,-1.3510429859161377,0.7269739508628845,0.7018508315086365,0.6966834664344788,0.9723401665687561,0.9723401665687561,0.0,0.6342284679412842,0.7692646980285645,1.6964558362960815,1.0204685926437378
2919_P50406_DB11273,2919,DB11273,P50406,-1.0392060279846191,0.6897703409194946,-1.2921679019927979,0.868408203125,-0.78624427318573,0.5111324191093445,0.7708024978637695,0.7817457914352417,0.9535472989082336,0.9535472989082336,0.0,0.7251163125038147,0.8313585519790649,1.2401081323623657,1.030290126800537
2923_P14416_DB11274,2923,DB11274,P14416,-1.7327792644500732,0.8698570132255554,-1.7709457874298096,0.9076717495918274,-1.6946128606796265,0.8320422768592834,0.7776491045951843,0.8053759932518005,0.9798004627227783,0.9798004627227783,0.0,0.7271112203598022,0.8171132206916809,0.8400493860244751,0.927398681640625
2924_P21728_DB11274,2924,DB11274,P21728,-0.985457181930542,0.7379778623580933,-0.9983270168304443,0.7837113738059998,-0.9725874066352844,0.692244291305542,0.7558006644248962,0.7991708517074585,0.9746764302253723,0.9746764302253723,0.0,0.7010816931724548,0.7998837828636169,1.0875908136367798,0.8037323951721191
2925_P21918_DB11274,2925,DB11274,P21918,-1.2071514129638672,0.7364423871040344,-1.1283924579620361,0.8328808546066284,-1.2859103679656982,0.6400039196014404,0.7454835176467896,0.8304284811019897,0.9712134003639221,0.9712134003639221,0.0,0.6890510320663452,0.8123739957809448,0.9268080592155457,0.9482947587966919
2926_P35462_DB11274,2926,DB11274,P35462,-1.4527634382247925,0.736076831817627,-1.8171532154083252,0.8972852826118469,-1.0883736610412598,0.5748684406280518,0.8805568814277649,0.8609186410903931,0.9824339747428894,0.9824339747428894,0.0,0.8550876379013062,0.904819905757904,0.5134192109107971,0.5018197894096375
2927_P14416_DB11275,2927,DB11275,P14416,-2.12626314163208,0.868512749671936,-2.2628865242004395,0.8826185464859009,-1.9896397590637207,0.8544068932533264,0.7709856033325195,0.7659150958061218,0.9783408045768738,0.9783408045768738,0.0,0.7191467881202698,0.7880738973617554,1.0500332117080688,0.7635568380355835
2928_P21728_DB11275,2928,DB11275,P21728,-1.154958963394165,0.6733243465423584,-1.36967933177948,0.6895284056663513,-0.9402384757995605,0.6571203470230103,0.7614251375198364,0.8720145225524902,0.9752106666564941,0.9752106666564941,0.0,0.7079787254333496,0.7985296845436096,0.7530643939971924,0.7287235260009766
2930_P21918_DB11275,2930,DB11275,P21918,-1.4334230422973633,0.6270475387573242,-1.5280587673187256,0.6147675514221191,-1.3387871980667114,0.6393275856971741,0.7582074403762817,0.8152182698249817,0.9664918780326843,0.9664918780326843,0.0,0.7061362862586975,0.8216388821601868,0.9387311935424805,1.0059738159179688
2931_P35462_DB11275,2931,DB11275,P35462,-1.8402352333068848,0.7598673105239868,-2.4257073402404785,0.8967010378837585,-1.254763126373291,0.6230335831642151,0.8917174339294434,0.8628371357917786,0.9775801301002502,0.9775801301002502,0.0,0.8702517151832581,0.9136435985565186,0.5233272910118103,0.5572110414505005
2934_P08913_DB11278,2934,DB11278,P08913,0.3516477942466736,0.8518445491790771,0.4307239055633545,0.8101223707199097,0.2725716531276703,0.8935667276382446,0.7471231818199158,0.698516845703125,0.9847528338432312,0.9847528338432312,0.0,0.6877157688140869,0.8161333799362183,1.8015007972717285,0.6767094135284424
2936_P18089_DB11278,2936,DB11278,P18089,0.32152897119522095,0.9355380535125732,0.3484710156917572,0.948246955871582,0.2945869565010071,0.9228292107582092,0.7465166449546814,0.7583643198013306,0.9806302785873413,0.9806302785873413,0.0,0.6879881620407104,0.8061937093734741,1.5281859636306763,0.5946754813194275
2937_P18825_DB11278,2937,DB11278,P18825,0.30906611680984497,0.852144181728363,0.46888959407806396,0.8175153732299805,0.14924262464046478,0.8867729902267456,0.7799832224845886,0.921603262424469,0.9930704832077026,0.9930704832077026,0.0,0.7267114520072937,0.828106164932251,0.4509357511997223,0.3684418201446533
2939_P35348_DB11278,2939,DB11278,P35348,1.0770902633666992,0.7343257069587708,1.1476398706436157,0.6274528503417969,1.0065405368804932,0.8411985635757446,0.7547172904014587,0.8222857117652893,0.9799889326095581,0.9799889326095581,0.0,0.6983993053436279,0.807579755783081,0.8801008462905884,0.8454098105430603
2940_P35368_DB11278,2940,DB11278,P35368,1.0875065326690674,0.776336133480072,1.139496088027954,0.6888710856437683,1.0355169773101807,0.8638011813163757,0.6938144564628601,0.6789294481277466,0.9825910329818726,0.9825910329818726,0.0,0.6216202974319458,0.7379294633865356,2.0263760089874268,0.786583423614502
2943_P35228_DB11327,2943,DB11327,P35228,1.1442131996154785,0.7277623414993286,0.9304304718971252,0.8711589574813843,1.357995867729187,0.5843656659126282,0.7753886580467224,0.5368042588233948,0.667137086391449,0.667137086391449,0.0,0.802451491355896,0.7558268308639526,1.2869970798492432,10.440000534057617
2944_P35354_DB11327,2944,DB11327,P35354,1.2429767847061157,0.6467220783233643,0.7969167828559875,0.7699490785598755,1.6890367269515991,0.5234950184822083,0.8599333167076111,0.9117971062660217,0.6291366815567017,0.6291366815567017,0.0,0.9176324605941772,0.8837795257568359,1.1516821384429932,12.54835033416748
2980_P43119_DB11362,2980,DB11362,P43119,0.039972275495529175,0.6615546941757202,0.1986895501613617,0.7385985851287842,-0.11874499917030334,0.5845107436180115,0.7963003516197205,0.8908949494361877,0.9779458045959473,0.9779458045959473,0.0,0.750889003276825,0.8336498141288757,0.7297844886779785,0.5315595865249634
2983_P21728_DB11584,2983,DB11584,P21728,0.758442759513855,0.6256155371665955,0.8098160028457642,0.8415047526359558,0.707069456577301,0.4097262918949127,0.7632901072502136,0.9515075087547302,0.9751443266868591,0.9751443266868591,0.0,0.7103264927864075,0.8051269054412842,0.42150425910949707,0.6259598135948181
2984_P21918_DB11584,2984,DB11584,P21918,0.8873755931854248,0.5966435074806213,0.943569004535675,0.8634770512580872,0.8311821222305298,0.3298099935054779,0.7307928800582886,0.748558759689331,0.9580042958259583,0.9580042958259583,0.0,0.67399001121521,0.7896645069122314,1.2998180389404297,1.06468665599823
2985_P07550_DB11587,2985,DB11587,P07550,1.6627585887908936,0.6710011959075928,1.0848079919815063,0.6411665081977844,2.2407093048095703,0.7008359432220459,0.8208856582641602,0.8021818995475769,0.981360673904419,0.981360673904419,0.0,0.7807668447494507,0.8757027387619019,1.0827890634536743,0.7259643077850342
2991_P35367_DB11614,2991,DB11614,P35367,-1.871061086654663,0.9475749135017395,-2.0880513191223145,0.9964790940284729,-1.6540709733963013,0.8986707329750061,0.732779860496521,0.7091943621635437,0.9868707656860352,0.9868707656860352,0.0,0.6692571043968201,0.8158022165298462,1.4266104698181152,0.5559473633766174
2992_P03372_DB11619,2992,DB11619,P03372,-1.4288541078567505,0.8783662915229797,-1.5199531316757202,0.9532694220542908,-1.3377550840377808,0.8034631609916687,0.6528549790382385,0.5751323103904724,0.9888666272163391,0.9888666272163391,0.0,0.5688520669937134,0.7450655102729797,2.8123533725738525,0.6072198748588562
2994_P04278_DB11619,2994,DB11619,P04278,-0.4287119209766388,0.6518803834915161,-0.9051544666290283,0.747200071811676,0.04773062840104103,0.5565606355667114,0.9008167386054993,0.8674110770225525,0.9798343777656555,0.9798343777656555,0.0,0.8810622692108154,0.922636866569519,0.4837990403175354,0.5543471574783325
2998_O15399_DB13146,2998,DB13146,O15399,1.283699870109558,0.7515345811843872,1.4773976802825928,0.7913116812705994,1.0900020599365234,0.7117575407028198,0.661433219909668,0.44394445419311523,0.9584156274795532,0.9584156274795532,0.0,0.5871875882148743,0.6549390554428101,3.016625165939331,1.9629409313201904
2999_O60391_DB13146,2999,DB13146,O60391,1.049072027206421,0.6093391180038452,1.4675719738006592,0.5667554140090942,0.6305720806121826,0.6519227623939514,0.7781737446784973,0.49391573667526245,0.9716541767120361,0.9716541767120361,0.0,0.7298036217689514,0.7905238270759583,1.363446831703186,1.352460265159607
3000_P42261_DB13146,3000,DB13146,P42261,0.8387755155563354,0.7491814494132996,1.1818281412124634,0.8158698081970215,0.49572286009788513,0.6824930906295776,0.7654184699058533,0.5439232587814331,0.9498855471611023,0.9498855471611023,0.0,0.7193016409873962,0.7458337545394897,1.0633724927902222,2.454615592956543
3001_P42262_DB13146,3001,DB13146,P42262,0.6937434673309326,0.7598258256912231,0.9565397500991821,0.8261975646018982,0.4309471845626831,0.6934541463851929,0.8232588171958923,0.5056474208831787,0.9542965888977051,0.9542965888977051,0.0,0.7904992699623108,0.8001812100410461,0.8699116706848145,2.1858396530151367
3002_P42263_DB13146,3002,DB13146,P42263,0.7857087254524231,0.8682299256324768,1.0458704233169556,0.9715016484260559,0.5255470275878906,0.7649582028388977,0.815843403339386,0.5417827367782593,0.9649615287780762,0.9649615287780762,0.0,0.778563916683197,0.7881423830986023,0.8526154160499573,2.2116074562072754
3003_P48058_DB13146,3003,DB13146,P48058,0.6465373039245605,0.7602285146713257,0.9460036754608154,0.8315465450286865,0.34707099199295044,0.6889104843139648,0.8171318173408508,0.536175012588501,0.9569092392921448,0.9569092392921448,0.0,0.7821874618530273,0.7970263361930847,0.8775875568389893,2.2326724529266357
3004_Q05586_DB13146,3004,DB13146,Q05586,1.4773930311203003,0.6511020660400391,1.551395058631897,0.7347607016563416,1.4033910036087036,0.5674434304237366,0.8303993344306946,0.5859357118606567,0.9717661738395691,0.9717661738395691,0.0,0.7950575947761536,0.8196151852607727,0.7810454368591309,1.3557977676391602
3005_Q12879_DB13146,3005,DB13146,Q12879,1.2897073030471802,0.6889981031417847,1.4769091606140137,0.7547577619552612,1.1025054454803467,0.6232383847236633,0.6295040249824524,0.4233158826828003,0.9406212568283081,0.9406212568283081,0.0,0.5517247319221497,0.6064881086349487,3.584111452102661,2.6305313110351562
3006_Q13224_DB13146,3006,DB13146,Q13224,1.2095261812210083,0.7208916544914246,1.3943843841552734,0.7561912536621094,1.0246679782867432,0.6855920553207397,0.6341342926025391,0.4719848334789276,0.9428151845932007,0.9428151845932007,0.0,0.556964099407196,0.6134161949157715,3.230968475341797,2.481003761291504
3007_Q14957_DB13146,3007,DB13146,Q14957,1.1643610000610352,0.7571523189544678,1.1761056184768677,0.8269055485725403,1.1526165008544922,0.68739914894104,0.6911786794662476,0.5265255570411682,0.9663323760032654,0.9663323760032654,0.0,0.6223902106285095,0.6765384078025818,2.544396162033081,1.7172638177871704
3008_Q15758_DB13146,3008,DB13146,Q15758,1.0854030847549438,0.681006669998169,1.3419535160064697,0.5073288679122925,0.828852653503418,0.8546845316886902,0.7482033967971802,0.7350822687149048,0.9431015253067017,0.9431015253067017,0.0,0.699478805065155,0.7197445631027222,1.3549537658691406,2.2400944232940674
3009_Q8TCU5_DB13146,3009,DB13146,Q8TCU5,0.7739242911338806,0.6851640939712524,1.4141656160354614,0.6052990555763245,0.1336830109357834,0.7650291323661804,0.7341139316558838,0.5641113519668579,0.9734054207801819,0.9734054207801819,0.0,0.6742910742759705,0.7472196817398071,1.534974455833435,1.2473671436309814
3010_Q8WY07_DB13146,3010,DB13146,Q8WY07,1.5399093627929688,0.6564238667488098,1.7817610502243042,0.7158015370368958,1.2980577945709229,0.5970461964607239,0.876569390296936,0.8798231482505798,0.9740682244300842,0.9740682244300842,0.0,0.852194607257843,0.8862965106964111,0.6378227472305298,0.7735306024551392
3011_Q9UM01_DB13146,3011,DB13146,Q9UM01,0.8407883644104004,0.6971603631973267,1.0125365257263184,0.7164507508277893,0.6690401434898376,0.6778699159622192,0.8888844847679138,0.8880009651184082,0.9740598797798157,0.9740598797798157,0.0,0.8675905466079712,0.8825565576553345,0.6817454099655151,0.7728493809700012
3014_P04150_DB13158,3014,DB13158,P04150,-2.4278154373168945,0.9533469676971436,-2.540489673614502,0.9783032536506653,-2.315140962600708,0.9283907413482666,0.6062858700752258,0.4438943564891815,0.9862764477729797,0.9862764477729797,0.0,0.5112882256507874,0.7146891355514526,4.238391876220703,0.8358267545700073
3015_P12821_DB13166,3015,DB13166,P12821,0.5529331564903259,0.5200927257537842,-0.2815687656402588,0.6217586398124695,1.3874350786209106,0.41842684149742126,0.8902136087417603,0.6328803896903992,0.8206299543380737,0.8206299543380737,0.0,0.9076095223426819,0.8269082307815552,0.8492920398712158,8.643585205078125
3055_Q07869_DB13873,3055,DB13873,Q07869,1.2532427310943604,0.8053228855133057,1.4252655506134033,0.7541258335113525,1.0812197923660278,0.8565199971199036,0.7448598742485046,0.6799109578132629,0.9609637260437012,0.9609637260437012,0.0,0.6908338665962219,0.7478460073471069,1.6716699600219727,1.0588809251785278
3057_P37231_DB13873,3057,DB13873,P37231,1.3156629800796509,0.5911099910736084,1.6588914394378662,0.48016905784606934,0.9724344611167908,0.7020508646965027,0.7177836298942566,0.6951962113380432,0.9433905482292175,0.9433905482292175,0.0,0.6613819003105164,0.7274539470672607,1.728589415550232,1.302620530128479
3058_Q03181_DB13873,3058,DB13873,Q03181,1.581782341003418,0.7533833384513855,1.5005661249160767,0.8031007051467896,1.6629986763000488,0.7036659717559814,0.8648316264152527,0.8644908666610718,0.9730865359306335,0.9730865359306335,0.0,0.8377679586410522,0.8827263712882996,0.747517466545105,0.6263622045516968
3061_O75116_DB13931,3061,DB13931,O75116,-1.5589673519134521,0.8710716962814331,-1.6966347694396973,0.880039632320404,-1.421299934387207,0.8621037006378174,0.7875425815582275,0.42741426825523376,0.9429885745048523,0.9429885745048523,0.0,0.7486810684204102,0.7776018381118774,1.5180678367614746,2.801187515258789
3063_Q13464_DB13931,3063,DB13931,Q13464,-1.7380746603012085,0.8846774697303772,-1.5644299983978271,0.9143977165222168,-1.9117193222045898,0.8549572229385376,0.7890461087226868,0.43023383617401123,0.9427677989006042,0.9427677989006042,0.0,0.750615656375885,0.7831922173500061,1.5535295009613037,2.799349308013916
3064_P03372_DB13943,3064,DB13943,P03372,-0.4151112735271454,0.6252024173736572,-0.7067890167236328,0.7779858708381653,-0.12343351542949677,0.47241899371147156,0.6440422534942627,0.5616251826286316,0.9730032086372375,0.9730032086372375,0.0,0.5618020296096802,0.705420196056366,2.7564756870269775,0.9785668849945068
3067_P03372_DB13944,3067,DB13944,P03372,-0.15413504838943481,0.6782052516937256,-0.1007867380976677,0.7191674709320068,-0.20748336613178253,0.6372429728507996,0.6501818299293518,0.5811071991920471,0.9842169880867004,0.9842169880867004,0.0,0.5666730403900146,0.7087730169296265,2.640270709991455,0.7229849100112915
3072_P02768_DB13967,3072,DB13967,P02768,0.25616148114204407,0.5698740482330322,-0.21163205802440643,0.6441949009895325,0.7239550352096558,0.49555322527885437,0.8088228106498718,0.9120047688484192,0.6314765214920044,0.6314765214920044,0.0,0.8531594276428223,0.6211221218109131,0.9596840143203735,6.712310314178467
3074_P25103_DB14019,3074,DB14019,P25103,-2.356405019760132,0.6888769865036011,-2.5401225090026855,0.7003670334815979,-2.172687530517578,0.6773869395256042,0.8043182492256165,0.8104057312011719,0.9569998383522034,0.9569998383522034,0.0,0.7661478519439697,0.8054292798042297,1.1263047456741333,1.833863377571106
3192_P23975_DB14754,3192,DB14754,P23975,1.278138518333435,0.8191765546798706,0.5941159129142761,0.9050995111465454,1.9621610641479492,0.733253538608551,0.8959751129150391,0.9114426374435425,0.955514132976532,0.955514132976532,0.0,0.8810903429985046,0.8952378630638123,0.6208834052085876,1.0313329696655273
3193_Q01959_DB14754,3193,DB14754,Q01959,1.6221916675567627,0.7211529016494751,0.9677474498748779,0.789463222026825,2.2766358852386475,0.6528425812721252,0.865130603313446,0.8791413307189941,0.9526728987693787,0.9526728987693787,0.0,0.8432450890541077,0.8643208742141724,0.7682564854621887,1.087827205657959
3194_O95977_DB14766,3194,DB14766,O95977,-1.9141485691070557,0.9432594180107117,-2.3837146759033203,0.9972809553146362,-1.444582462310791,0.8892378807067871,0.8612516522407532,0.8821832537651062,0.9832293391227722,0.9832293391227722,0.0,0.8307572603225708,0.8982526659965515,0.7842847108840942,0.4952755868434906
3195_P21453_DB14766,3195,DB14766,P21453,-1.4600375890731812,0.9420365691184998,-1.9272935390472412,0.9822379946708679,-0.9927815794944763,0.9018351435661316,0.8540855646133423,0.8383580446243286,0.9846004247665405,0.9846004247665405,0.0,0.8214568495750427,0.9090359210968018,0.8180223703384399,0.4258667230606079
3196_Q9H228_DB14766,3196,DB14766,Q9H228,-1.793229341506958,0.9529645442962646,-2.345712184906006,0.997458279132843,-1.2407464981079102,0.9084707498550415,0.8320649266242981,0.8796194195747375,0.9894533157348633,0.9894533157348633,0.0,0.7927178144454956,0.9010651707649231,0.7774635553359985,0.3796517252922058
3197_P09619_DB14840,3197,DB14840,P09619,-1.8736764192581177,0.8956011533737183,-1.4925756454467773,0.8891113996505737,-2.254777193069458,0.902090847492218,0.7473306059837341,0.5192458629608154,0.98250812292099,0.98250812292099,0.0,0.6885362267494202,0.7549607157707214,1.6513043642044067,1.2283157110214233
3198_P10721_DB14840,3198,DB14840,P10721,-2.3772380352020264,0.9065331220626831,-1.966780662536621,0.8977715969085693,-2.7876954078674316,0.9152945876121521,0.8156291246414185,0.5022400617599487,0.9857303500175476,0.9857303500175476,0.0,0.7731037735939026,0.8428221940994263,1.2498122453689575,0.9136459827423096
3199_P15056_DB14840,3199,DB14840,P15056,-2.1179280281066895,0.894837498664856,-1.7074302434921265,0.8713230490684509,-2.528425931930542,0.918351948261261,0.6615053415298462,0.6275080442428589,0.9852674007415771,0.9852674007415771,0.0,0.5805647969245911,0.7092115879058838,2.5173113346099854,1.4520076513290405
3200_P16234_DB14840,3200,DB14840,P16234,-2.2147600650787354,0.9226384162902832,-1.8894920349121094,0.9435015320777893,-2.5400280952453613,0.9017752408981323,0.7768567204475403,0.47249120473861694,0.9862595796585083,0.9862595796585083,0.0,0.7245059609413147,0.7991222739219666,1.56536865234375,0.8652305006980896
3202_Q02763_DB14840,3202,DB14840,Q02763,-2.4877891540527344,0.8938822746276855,-2.432687282562256,0.9292007684707642,-2.542890787124634,0.8585637807846069,0.8715606927871704,0.5654966831207275,0.9806999564170837,0.9806999564170837,0.0,0.8442758321762085,0.8573676943778992,0.7898200154304504,1.139804482460022
3203_O43613_DB15031,3203,DB15031,O43613,-2.673271656036377,0.9947361946105957,-3.0124993324279785,0.9999984502792358,-2.3340439796447754,0.9894739985466003,0.831555962562561,0.8814501762390137,0.9832116961479187,0.9832116961479187,0.0,0.7936420440673828,0.8925898671150208,0.581661581993103,0.649999737739563
3204_O43614_DB15031,3204,DB15031,O43614,-2.2657251358032227,0.9884426593780518,-2.6892919540405273,0.9998875856399536,-1.8421581983566284,0.9769977331161499,0.8185918927192688,0.9048124551773071,0.9805505871772766,0.9805505871772766,0.0,0.7781022191047668,0.8783388733863831,0.5419088006019592,0.6666030883789062
3215_P03372_DB15690,3215,DB15690,P03372,-2.743898868560791,0.9821890592575073,-2.8588104248046875,0.9974633455276489,-2.6289873123168945,0.966914713382721,0.6621050238609314,0.6082192063331604,0.9928878545761108,0.9928878545761108,0.0,0.5794092416763306,0.765216588973999,2.7159929275512695,0.4676697254180908
3216_Q92731_DB15690,3216,DB15690,Q92731,-2.3022665977478027,0.9721135497093201,-2.150296211242676,0.9857307076454163,-2.4542367458343506,0.9584963917732239,0.6806986927986145,0.5498597621917725,0.9905287623405457,0.9905287623405457,0.0,0.6032411456108093,0.7762783169746399,2.4160006046295166,0.48737913370132446
3218_P03952_DB15982,3218,DB15982,P03952,-2.5029373168945312,0.9534519910812378,-2.6023783683776855,0.9952718615531921,-2.403496026992798,0.9116321206092834,0.908876895904541,0.655218780040741,0.9731682538986206,0.9731682538986206,0.0,0.8928040266036987,0.9304309487342834,0.7560377717018127,1.0412136316299438
3224_P23975_DB00234,3224,DB00234,P23975,-1.618685245513916,0.9650046825408936,-1.985809564590454,0.9770986437797546,-1.2515610456466675,0.9529106616973877,0.9094158411026001,0.9065397381782532,0.9838060140609741,0.9838060140609741,0.0,0.8908182382583618,0.9147444367408752,0.6057657599449158,0.6824438571929932
3225_P11229_DB00332,3225,DB00332,P11229,-1.9580044746398926,0.96794593334198,-2.3361082077026367,0.9825897216796875,-1.5799007415771484,0.9533021450042725,0.751449465751648,0.7182708382606506,0.9779353737831116,0.9779353737831116,0.0,0.6948279738426208,0.8095870018005371,1.512055516242981,0.8252821564674377
3226_P08172_DB00332,3226,DB00332,P08172,-1.858715534210205,0.9193645715713501,-2.462496757507324,0.9748716950416565,-1.254934310913086,0.8638574481010437,0.7574570775032043,0.7203645706176758,0.9781771302223206,0.9781771302223206,0.0,0.7022770643234253,0.826796293258667,1.2986253499984741,0.629425048828125
3227_P20309_DB00332,3227,DB00332,P20309,-2.0848817825317383,0.9685184955596924,-2.5347042083740234,0.9889625906944275,-1.6350593566894531,0.9480744004249573,0.7135701179504395,0.6250714659690857,0.9726986885070801,0.9726986885070801,0.0,0.6487879753112793,0.7873902916908264,2.171475410461426,1.2899327278137207
3230_P29275_DB00824,3230,DB00824,P29275,1.0083270072937012,0.8202139139175415,1.2286345958709717,0.790281355381012,0.7880194783210754,0.850146472454071,0.9229647517204285,0.9056960940361023,0.9782671332359314,0.9782671332359314,0.0,0.9091392159461975,0.9447660446166992,0.5030817985534668,0.46729275584220886
3231_P0DMS8_DB00824,3231,DB00824,P0DMS8,1.2573823928833008,0.74434894323349,1.6025848388671875,0.6892037987709045,0.9121798276901245,0.7994940876960754,0.9263755679130554,0.9247465133666992,0.9710657000541687,0.9710657000541687,0.0,0.9152030348777771,0.9362841248512268,0.4295682907104492,0.5483458638191223
3232_P29274_DB00824,3232,DB00824,P29274,1.2779561281204224,0.8325331211090088,1.7098678350448608,0.8288576602935791,0.8460443615913391,0.8362085223197937,0.8218285441398621,0.7958114743232727,0.9817919135093689,0.9817919135093689,0.0,0.7818377017974854,0.8654354810714722,1.3195686340332031,0.5166350603103638
3233_P30542_DB00824,3233,DB00824,P30542,1.342876672744751,0.742145836353302,1.6630827188491821,0.710063099861145,1.0226706266403198,0.774228572845459,0.9504479765892029,0.9428224563598633,0.9856566786766052,0.9856566786766052,0.0,0.9416457414627075,0.9528475999832153,0.3087608218193054,0.38605937361717224
3234_Q70KI2_DB01326,3234,DB01326,Q70KI2,0.22541172802448273,0.6614636182785034,0.1143210232257843,0.8402361869812012,0.33650243282318115,0.4826910197734833,0.9305440187454224,0.8840687274932861,0.9629849791526794,0.9629849791526794,0.0,0.9224337935447693,0.8961037397384644,0.4434289038181305,0.9150713682174683
3236_P27696_DB01987,3236,DB01987,P27696,-1.0994642972946167,0.9560545682907104,-1.3059298992156982,0.9751072525978088,-0.8929986953735352,0.9370018243789673,0.937657356262207,0.9539885520935059,0.9383537173271179,0.9383537173271179,0.0,0.9374833106994629,0.9413611888885498,0.5026310682296753,2.331562042236328
3237_P0AFG8_DB01987,3237,DB01987,P0AFG8,-0.4966953694820404,0.8897109627723694,-0.5030387043952942,0.8968005776405334,-0.4903520345687866,0.8826213479042053,0.9578127264976501,0.9361750483512878,0.9731085896492004,0.9731085896492004,0.0,0.9539886713027954,0.9452041983604431,0.380195677280426,1.279016375541687
3238_P94692_DB01987,3238,DB01987,P94692,-0.1973986178636551,0.7309885025024414,0.1786193549633026,0.7423242330551147,-0.5734165906906128,0.7196527123451233,0.9313488006591797,0.8799088001251221,0.965263307094574,0.965263307094574,0.0,0.9228702187538147,0.9238024950027466,0.5971862077713013,1.4336316585540771
3239_P23234_DB01987,3239,DB01987,P23234,-2.090843915939331,0.9885653257369995,-2.1302361488342285,0.9954901337623596,-2.0514516830444336,0.9816405177116394,0.9435477256774902,0.9641605615615845,0.9841927289962769,0.9841927289962769,0.0,0.9333864450454712,0.9442214369773865,0.3732868432998657,0.6023047566413879
3240_P27302_DB01987,3240,DB01987,P27302,-1.3665497303009033,0.9800519943237305,-1.5052199363708496,0.9905350804328918,-1.2278796434402466,0.9695689678192139,0.9780959486961365,0.9774084687232971,0.9652677178382874,0.9652677178382874,0.0,0.9813029766082764,0.9586758613586426,0.32453271746635437,1.1138488054275513
3241_Q9LCV9_DB01987,3241,DB01987,Q9LCV9,-1.373934268951416,0.9772688150405884,-1.6057151556015015,0.9940012097358704,-1.1421535015106201,0.9605364799499512,0.9726093411445618,0.9748005270957947,0.9733739495277405,0.9733739495277405,0.0,0.9724181294441223,0.970446765422821,0.3582119345664978,1.0482879877090454
3242_P00438_DB02362,3242,DB02362,P00438,1.6448931694030762,0.5420123934745789,1.9267590045928955,0.6046114563941956,1.3630273342132568,0.47941336035728455,0.9736270308494568,0.971889853477478,0.9748342633247375,0.9748342633247375,0.0,0.9733251929283142,0.9445399045944214,0.3232487440109253,1.0677624940872192
3243_P20586_DB02362,3243,DB02362,P20586,1.6374359130859375,0.5218458771705627,1.9420026540756226,0.5669968724250793,1.332869052886963,0.47669491171836853,0.9733760952949524,0.9709836840629578,0.9744939804077148,0.9744939804077148,0.0,0.9730966687202454,0.944355309009552,0.32392773032188416,1.08892822265625
3245_O75469_DB02789,3245,DB02789,O75469,0.1726464033126831,0.505325973033905,0.1725025475025177,0.6331763863563538,0.1727902591228485,0.3774755895137787,0.825240433216095,0.810550332069397,0.9505594968795776,0.9505594968795776,0.0,0.7939106822013855,0.7360907196998596,0.8707839846611023,0.9123644828796387
3259_P41235_DB03017,3259,DB03017,P41235,0.5517349243164062,0.7506222724914551,0.4125141501426697,0.7502502202987671,0.6909557580947876,0.7509943842887878,0.6989469528198242,0.608571469783783,0.9692807793617249,0.9692807793617249,0.0,0.6313635110855103,0.7521994113922119,1.968013048171997,0.848993182182312
3260_P98155_DB03017,3260,DB03017,P98155,0.9732136726379395,0.5767626762390137,0.7019798159599304,0.7781085968017578,1.2444475889205933,0.37541672587394714,0.644291877746582,0.6980964541435242,0.2939656376838684,0.2939656376838684,0.0,0.7318734526634216,0.6067103743553162,1.54012131690979,16.386341094970703
3261_Q82122_DB03017,3261,DB03017,Q82122,1.1416653394699097,0.5550552606582642,0.6445178389549255,0.767052412033081,1.638812780380249,0.34305816888809204,0.7292276620864868,0.48293912410736084,0.5480247735977173,0.5480247735977173,0.0,0.7745283246040344,0.7657541036605835,1.3447699546813965,19.773033142089844
3262_Q9I194_DB03017,3262,DB03017,Q9I194,0.7311576008796692,0.6903296709060669,1.0138334035873413,0.6909263730049133,0.44848179817199707,0.6897330284118652,0.9526471495628357,0.9538665413856506,0.9680978655815125,0.9680978655815125,0.0,0.9487844109535217,0.9276226758956909,0.4122929573059082,1.0963133573532104
3268_Q07869_DB03193,3268,DB03193,Q07869,0.8743041753768921,0.867530107498169,0.45115166902542114,0.9254249334335327,1.2974566221237183,0.80963534116745,0.7717006802558899,0.6813613176345825,0.9660431146621704,0.9660431146621704,0.0,0.723115086555481,0.8028839230537415,1.7328752279281616,1.033227801322937
3277_Q05586_DB03929,3277,DB03929,Q05586,0.1401231735944748,0.9412106871604919,0.2900516390800476,0.985755205154419,-0.009805303066968918,0.8966661691665649,0.834962010383606,0.6283825039863586,0.9908673167228699,0.9908673167228699,0.0,0.7959856390953064,0.8266228437423706,0.6660743355751038,0.6502848267555237
3280_P36275_DB03929,3280,DB03929,P36275,1.7096827030181885,0.5332216024398804,1.7988044023513794,0.6466125249862671,1.6205610036849976,0.4198307394981384,0.8682522177696228,0.905604362487793,0.7152743339538574,0.7152743339538574,0.0,0.9064966440200806,0.6613592505455017,0.38513249158859253,2.6364097595214844
3281_P22939_DB04160,3281,DB04160,P22939,1.6395659446716309,0.5656603574752808,2.0135698318481445,0.747001051902771,1.2655619382858276,0.3843196630477905,0.9658026099205017,0.9742966890335083,0.9292904138565063,0.9292904138565063,0.0,0.9749305844306946,0.9287123084068298,0.3288843333721161,1.1363822221755981
3287_P09848_DB04564,3287,DB04564,P09848,0.13508737087249756,0.8475115299224854,-0.10270349681377411,0.9653885960578918,0.37287822365760803,0.7296344041824341,0.8964128494262695,0.776993453502655,0.9043595790863037,0.9043595790863037,0.0,0.8944262266159058,0.9041546583175659,0.602677583694458,3.3397040367126465
3291_O95718_DB07776,3291,DB07776,O95718,0.4215956926345825,0.5291945934295654,0.31014296412467957,0.5643412470817566,0.5330483913421631,0.49404799938201904,0.7304024696350098,0.6351228952407837,0.9469621777534485,0.9469621777534485,0.0,0.6762625575065613,0.7609996199607849,1.7808095216751099,1.2476264238357544
3292_P11474_DB07776,3292,DB07776,P11474,0.5359271168708801,0.6889983415603638,0.3149712383747101,0.8141562342643738,0.7568829655647278,0.563840389251709,0.6731961369514465,0.6383526921272278,0.7554183602333069,0.7554183602333069,0.0,0.6526405811309814,0.6542375683784485,1.9260507822036743,3.384255886077881
3293_Q16678_DB07776,3293,DB07776,Q16678,-0.09250395745038986,0.7387231588363647,-0.20457974076271057,0.8095518946647644,0.019571823999285698,0.6678944230079651,0.9027868509292603,0.9028671979904175,0.9539588689804077,0.9539588689804077,0.0,0.8899937868118286,0.8652215003967285,0.43914565443992615,1.1513917446136475
3294_A0A0H2UQB5_DB12153,3294,DB12153,A0A0H2UQB5,0.6616158485412598,0.6132644414901733,0.7810234427452087,0.6766114830970764,0.542208194732666,0.5499173998832703,0.9819427728652954,0.9788613319396973,0.9790332317352295,0.9790332317352295,0.0,0.9826700687408447,0.9784979820251465,0.31707751750946045,0.3948558270931244
3295_A5X5Y0_DB13345,3295,DB13345,A5X5Y0,-0.6050552129745483,0.5046035051345825,-0.6372179388999939,0.6979073286056519,-0.572892427444458,0.3112996220588684,0.7165899276733398,0.7279852032661438,0.5904735922813416,0.5904735922813416,0.0,0.7481189966201782,0.4036283791065216,1.09951913356781,7.633612155914307
3296_O95264_DB13345,3296,DB13345,O95264,-1.4727939367294312,0.6764906048774719,-1.4740111827850342,0.8822441697120667,-1.4715766906738281,0.4707370698451996,0.7013281583786011,0.709348201751709,0.5842688679695129,0.5842688679695129,0.0,0.7305929660797119,0.4451650381088257,1.2470941543579102,7.6312456130981445
3297_P07550_DB13345,3297,DB13345,P07550,-1.1343553066253662,0.6216112971305847,-1.4774953126907349,0.7806658744812012,-0.7912154197692871,0.4625566899776459,0.8082284927368164,0.7866246700286865,0.9597468376159668,0.9597468376159668,0.0,0.770348846912384,0.8589755296707153,1.0657126903533936,0.8332833647727966
3299_P08908_DB13345,3299,DB13345,P08908,-1.6462793350219727,0.8507219552993774,-1.9491256475448608,0.9491972923278809,-1.343433141708374,0.7522465586662292,0.7889114618301392,0.7904638051986694,0.9670702815055847,0.9670702815055847,0.0,0.7443717122077942,0.8321845531463623,1.0849708318710327,0.9813576340675354
3300_P08913_DB13345,3300,DB13345,P08913,-1.4281353950500488,0.8820250630378723,-1.1453875303268433,0.9384945631027222,-1.7108831405639648,0.8255555629730225,0.7286106944084167,0.6973927617073059,0.9670835733413696,0.9670835733413696,0.0,0.6689925193786621,0.7931728363037109,1.6298030614852905,1.0750341415405273
3301_P13945_DB13345,3301,DB13345,P13945,-1.3731261491775513,0.6822184324264526,-1.1520289182662964,0.7673500776290894,-1.5942233800888062,0.5970867872238159,0.7925384044647217,0.8210991024971008,0.9383485913276672,0.9383485913276672,0.0,0.7560858726501465,0.807673454284668,1.1848057508468628,1.8205125331878662
3302_P14416_DB13345,3302,DB13345,P14416,-1.7589151859283447,0.9134281873703003,-1.7485774755477905,0.9507648944854736,-1.7692527770996094,0.8760915398597717,0.7779370546340942,0.8646997213363647,0.9704793095588684,0.9704793095588684,0.0,0.7298014760017395,0.7835060954093933,0.6231828927993774,0.9870516657829285
3303_P18089_DB13345,3303,DB13345,P18089,-1.341186285018921,0.8144822120666504,-0.9227969646453857,0.8795215487480164,-1.759575605392456,0.7494428157806396,0.7442478537559509,0.7213032245635986,0.9706677794456482,0.9706677794456482,0.0,0.6876428127288818,0.8051850199699402,1.4991146326065063,0.799517035484314
3304_P18825_DB13345,3304,DB13345,P18825,-1.4251703023910522,0.8822925090789795,-0.905942976474762,0.9577467441558838,-1.9443976879119873,0.80683833360672,0.7686310410499573,0.8269856572151184,0.9840190410614014,0.9840190410614014,0.0,0.7147840261459351,0.8368164896965027,0.7636556625366211,0.5199568867683411
3305_P21728_DB13345,3305,DB13345,P21728,-0.8399196863174438,0.7577418088912964,-0.5498490929603577,0.8366143107414246,-1.1299902200698853,0.6788692474365234,0.7602357268333435,0.9194307327270508,0.9733592867851257,0.9733592867851257,0.0,0.706954836845398,0.7822496294975281,0.5558633208274841,0.7420070171356201
3306_P21917_DB13345,3306,DB13345,P21917,-0.5929943323135376,0.5386176109313965,-0.27173423767089844,0.7056057453155518,-0.9142544269561768,0.37162941694259644,0.7791176438331604,0.7546801567077637,0.9398181438446045,0.9398181438446045,0.0,0.7389425039291382,0.8210561275482178,1.0977058410644531,1.0906351804733276
3307_P21918_DB13345,3307,DB13345,P21918,-0.8782859444618225,0.7854366302490234,-0.24330119788646698,0.8177658915519714,-1.5132707357406616,0.7531073093414307,0.7451841235160828,0.8371767997741699,0.9703673720359802,0.9703673720359802,0.0,0.6888883113861084,0.8090960383415222,0.8722725510597229,0.9359595775604248
3308_P25100_DB13345,3308,DB13345,P25100,-1.5306081771850586,0.7278334498405457,-1.6052520275115967,0.8056508302688599,-1.45596444606781,0.6500160694122314,0.6623091697692871,0.6153630614280701,0.9562562704086304,0.9562562704086304,0.0,0.5888223648071289,0.7472541928291321,2.2700111865997314,1.5178314447402954
3309_P28221_DB13345,3309,DB13345,P28221,-1.6297777891159058,0.8758809566497803,-1.4765467643737793,0.9037960171699524,-1.7830088138580322,0.8479658961296082,0.8161722421646118,0.8055300116539001,0.9660021662712097,0.9660021662712097,0.0,0.7787147164344788,0.8333306312561035,0.9270481467247009,1.118096947669983
3310_P28222_DB13345,3310,DB13345,P28222,-1.5850210189819336,0.8539761304855347,-1.7805510759353638,0.9443626403808594,-1.389491081237793,0.7635895609855652,0.8464636206626892,0.8729173541069031,0.979500949382782,0.979500949382782,0.0,0.8132042288780212,0.8696268200874329,0.5622524619102478,0.5653197765350342
3311_P28223_DB13345,3311,DB13345,P28223,-1.3533698320388794,0.8396142721176147,-1.3824412822723389,0.9308651089668274,-1.32429838180542,0.7483634352684021,0.7939724326133728,0.7755253911018372,0.9777392148971558,0.9777392148971558,0.0,0.7480307221412659,0.8076054453849792,0.9008214473724365,0.6138403415679932
3312_P28335_DB13345,3312,DB13345,P28335,-0.8614163398742676,0.7046793699264526,-0.7098069787025452,0.8236480355262756,-1.0130257606506348,0.5857107639312744,0.7672935128211975,0.7543047666549683,0.9637704491615295,0.9637704491615295,0.0,0.7181742787361145,0.7891716361045837,1.2424131631851196,0.7944484949111938
3313_P28566_DB13345,3313,DB13345,P28566,-0.8291676044464111,0.6183165311813354,-0.824020504951477,0.7592819929122925,-0.8343147039413452,0.4773511290550232,0.8160338401794434,0.8454498052597046,0.9532079100608826,0.9532079100608826,0.0,0.7817403674125671,0.8341051936149597,0.8563060760498047,1.0111761093139648
3316_P35348_DB13345,3316,DB13345,P35348,-1.5706031322479248,0.7324527502059937,-1.981433629989624,0.8618598580360413,-1.159772515296936,0.6030455827713013,0.7699846625328064,0.8056829571723938,0.9672538638114929,0.9672538638114929,0.0,0.72066730260849,0.8342906832695007,0.8925132751464844,0.9133883118629456
3317_P35368_DB13345,3317,DB13345,P35368,-1.63161301612854,0.730307936668396,-2.021803379058838,0.9216641187667847,-1.2414226531982422,0.5389518141746521,0.7102164626121521,0.7291926145553589,0.9738861322402954,0.9738861322402954,0.0,0.6442989706993103,0.7793052792549133,1.5395989418029785,0.8595989942550659
3318_P35462_DB13345,3318,DB13345,P35462,-1.597514271736145,0.8682257533073425,-1.6748878955841064,0.9495654106140137,-1.5201406478881836,0.7868860960006714,0.8694368600845337,0.8175662755966187,0.9695091247558594,0.9695091247558594,0.0,0.8444187641143799,0.8661775588989258,0.6805499792098999,0.6675277352333069
3321_P50406_DB13345,3321,DB13345,P50406,-0.8324798345565796,0.6772680878639221,-0.6830047369003296,0.7555055618286133,-0.9819548726081848,0.599030613899231,0.7511276006698608,0.8884950876235962,0.9704627394676208,0.9704627394676208,0.0,0.6962937712669373,0.7538272142410278,0.7191900610923767,0.8373398780822754
3330_O60359_DB13746,3330,DB13746,O60359,-1.5219842195510864,0.6768506765365601,-2.0691986083984375,0.8414191603660583,-0.9747697710990906,0.512282133102417,0.6993481516838074,0.6642889976501465,0.8245649933815002,0.8245649933815002,0.0,0.6680439114570618,0.6685231328010559,1.1621026992797852,2.2051923274993896
3331_O60840_DB13746,3331,DB13746,O60840,0.12862080335617065,0.5125197768211365,0.0403265655040741,0.6282446384429932,0.2169150412082672,0.3967949450016022,0.6930286884307861,0.7248201966285706,0.7224757075309753,0.7224757075309753,0.0,0.6856669187545776,0.6682103276252747,1.9223008155822754,7.053734302520752
3337_P62955_DB13746,3337,DB13746,P62955,-1.980474591255188,0.7197587490081787,-2.7103538513183594,0.9112207293510437,-1.2505953311920166,0.5282967686653137,0.7644548416137695,0.7559384107589722,0.7780473828315735,0.7780473828315735,0.0,0.7610567212104797,0.7350581288337708,1.0136115550994873,2.254587173461914
3339_Q01118_DB13746,3339,DB13746,Q01118,0.23756854236125946,0.5246188640594482,0.07492905855178833,0.656395435333252,0.4002080261707306,0.39284229278564453,0.7291308641433716,0.7679702043533325,0.6078352332115173,0.6078352332115173,0.0,0.7594547271728516,0.7294515371322632,1.3357577323913574,8.495492935180664
3342_Q06432_DB13746,3342,DB13746,Q06432,-1.1008069515228271,0.5071512460708618,-1.4123164415359497,0.5578184723854065,-0.7892975807189941,0.45648401975631714,0.761592447757721,0.8196957111358643,0.6274185180664062,0.6274185180664062,0.0,0.7951359152793884,0.5494987964630127,0.8410845398902893,3.498378038406372
3344_Q13698_DB13746,3344,DB13746,Q13698,-0.13464167714118958,0.544285774230957,-0.7536852955818176,0.7725508213043213,0.4844019412994385,0.3160207271575928,0.7163576483726501,0.7741621136665344,0.7750065922737122,0.7750065922737122,0.0,0.7016953825950623,0.666397213935852,1.592372179031372,5.902554988861084
3345_Q13936_DB13746,3345,DB13746,Q13936,0.015512213110923767,0.5127203464508057,-0.1989363133907318,0.6802954077720642,0.22996073961257935,0.3451453149318695,0.651803195476532,0.689169704914093,0.7393560409545898,0.7393560409545898,0.0,0.6299149394035339,0.6248217225074768,2.2947778701782227,7.214503288269043
3346_Q14524_DB13746,3346,DB13746,Q14524,-0.5054657459259033,0.5488787889480591,-0.9371733665466309,0.7113208174705505,-0.07375812530517578,0.38643673062324524,0.6879797577857971,0.7205114364624023,0.7788185477256775,0.7788185477256775,0.0,0.6652700304985046,0.6688520312309265,1.7049787044525146,5.982070446014404
3347_Q15858_DB13746,3347,DB13746,Q15858,-0.2433718889951706,0.5711362361907959,-0.5833479166030884,0.6739789843559265,0.0966041311621666,0.4682934880256653,0.7124423980712891,0.7314829230308533,0.764435350894928,0.764435350894928,0.0,0.6994441747665405,0.6897550225257874,1.6966767311096191,6.398031711578369
3355_Q9NY46_DB13746,3355,DB13746,Q9NY46,-0.0970146432518959,0.5221400260925293,-0.34934476017951965,0.6975032687187195,0.15531547367572784,0.3467768132686615,0.7050455212593079,0.7134770750999451,0.8366283178329468,0.8366283178329468,0.0,0.6721497774124146,0.6648209095001221,1.7830318212509155,4.931387901306152
3358_Q9UBN1_DB13746,3358,DB13746,Q9UBN1,-1.7383155822753906,0.6649773716926575,-2.854215145111084,0.8808620572090149,-0.6224159598350525,0.44909271597862244,0.6927751898765564,0.6300595998764038,0.8672060370445251,0.8672060370445251,0.0,0.6491674780845642,0.7357126474380493,1.5422770977020264,2.1423180103302
3359_Q9UF02_DB13746,3359,DB13746,Q9UF02,-1.416691780090332,0.6004408597946167,-1.809059977531433,0.7389550805091858,-1.0243234634399414,0.4619266390800476,0.7323155403137207,0.7520400285720825,0.7386492490768433,0.7386492490768433,0.0,0.7307320833206177,0.6629411578178406,1.0695880651474,2.578381299972534
3360_Q9UI33_DB13746,3360,DB13746,Q9UI33,-0.19884440302848816,0.5120151042938232,-0.8110698461532593,0.6845965385437012,0.41338104009628296,0.3394337296485901,0.7414965033531189,0.7754148244857788,0.8007878661155701,0.8007878661155701,0.0,0.7266736030578613,0.7306765913963318,1.25240159034729,5.25686502456665
3361_Q9UQD0_DB13746,3361,DB13746,Q9UQD0,0.13196676969528198,0.5249359607696533,-0.16300837695598602,0.7334086894989014,0.4269419312477112,0.3164632320404053,0.6953532099723816,0.7129838466644287,0.7619830369949341,0.7619830369949341,0.0,0.678695797920227,0.6624706387519836,1.8306770324707031,6.53344202041626
3363_Q9Y698_DB13746,3363,DB13746,Q9Y698,-1.3840497732162476,0.7028295993804932,-1.6844482421875,0.8053619265556335,-1.0836513042449951,0.6002973318099976,0.6605810523033142,0.6232197284698486,0.7594696283340454,0.7594696283340454,0.0,0.6358588337898254,0.6225742697715759,1.2636865377426147,2.9209043979644775
3373_P04150_DB13867,3373,DB13867,P04150,-2.553677558898926,0.9722098112106323,-2.8489747047424316,0.9974223375320435,-2.258380651473999,0.9469972848892212,0.6088774800300598,0.45657095313072205,0.987236738204956,0.987236738204956,0.0,0.5142876505851746,0.7201968431472778,4.121121883392334,0.7947964072227478
3378_P10253_DB14109,3378,DB14109,P10253,1.0554535388946533,0.826263427734375,1.5243834257125854,0.7568946480751038,0.5865237712860107,0.895632266998291,0.918515145778656,0.9166259765625,0.9881532788276672,0.9881532788276672,0.0,0.901105523109436,0.9047003984451294,0.7023537755012512,2.445305109024048
3382_O14764_DB15490,3382,DB15490,O14764,0.5631948709487915,0.5513578653335571,0.46635663509368896,0.7047916650772095,0.660033106803894,0.39792400598526,0.7458338141441345,0.7274700403213501,0.8469237685203552,0.8469237685203552,0.0,0.7205613255500793,0.5930706858634949,1.2749381065368652,3.3804104328155518
3393_Q16445_DB15490,3393,DB15490,Q16445,0.2066473662853241,0.5043643712997437,0.2585974931716919,0.697185754776001,0.1546972393989563,0.31154298782348633,0.7997101545333862,0.729436993598938,0.7723191380500793,0.7723191380500793,0.0,0.8065578937530518,0.6129276752471924,0.959040105342865,3.63556170463562
3401_P00492_DB01632,3401,DB01632,P00492,0.44260042905807495,0.5964680910110474,1.0533162355422974,0.7171217799186707,-0.16811540722846985,0.4758143424987793,0.8631095290184021,0.9580717086791992,0.9461957812309265,0.9461957812309265,0.0,0.842337965965271,0.7476528286933899,0.40882015228271484,0.7444350719451904
3402_P08870_DB01632,3402,DB01632,P08870,0.365924596786499,0.5853293538093567,0.8723517656326294,0.6963520050048828,-0.14050255715847015,0.47430673241615295,0.8731028437614441,0.9569568037986755,0.931971549987793,0.931971549987793,0.0,0.8583856821060181,0.6875179409980774,0.37018832564353943,0.7271442413330078
3403_Q9NWZ5_DB01632,3403,DB01632,Q9NWZ5,0.10988695919513702,0.5711866021156311,-0.00029555708169937134,0.6994508504867554,0.22006948292255402,0.4429223835468292,0.7805873155593872,0.7752950191497803,0.7624934911727905,0.7624934911727905,0.0,0.7851107716560364,0.7505274415016174,1.4749430418014526,5.836658954620361
3404_P07741_DB01632,3404,DB01632,P07741,0.9184894561767578,0.5440511703491211,1.724513053894043,0.5863614082336426,0.11246588826179504,0.5017409324645996,0.940198540687561,0.9698020815849304,0.9507342576980591,0.9507342576980591,0.0,0.9375646114349365,0.846044659614563,0.34236666560173035,0.603764533996582
3406_Q8VP84_DB01632,3406,DB01632,Q8VP84,-0.13896408677101135,0.5630444288253784,-0.46662208437919617,0.5821330547332764,0.18869392573833466,0.5439557433128357,0.9150557518005371,0.9460884928703308,0.9108811020851135,0.9108811020851135,0.0,0.9160993695259094,0.8092197775840759,0.5072487592697144,1.643676996231079
3407_P42330_DB01698,3407,DB01698,P42330,0.49890467524528503,0.5972645282745361,0.6016461849212646,0.7754591107368469,0.3961631655693054,0.41906991600990295,0.945686936378479,0.9768344759941101,0.9411922693252563,0.9411922693252563,0.0,0.9468105435371399,0.8605579137802124,0.3703545033931732,0.8477811217308044
3422_Q9ZEU2_DB02772,3422,DB02772,Q9ZEU2,1.5023117065429688,0.50599205493927,1.272765040397644,0.5444362759590149,1.731858491897583,0.4675478935241699,0.9747018218040466,0.9739413857460022,0.9684193730354309,0.9684193730354309,0.0,0.9762724041938782,0.949252188205719,0.3217908442020416,1.092179536819458
3424_P50579_DB02893,3424,DB02893,P50579,0.8698142766952515,0.672357439994812,-0.2015947848558426,0.8295215368270874,1.941223382949829,0.5151932835578918,0.8642727732658386,0.8463106751441956,0.9750452041625977,0.9750452041625977,0.0,0.8365796804428101,0.887397289276123,0.8747254610061646,1.3942954540252686
3427_P28161_DB03310,3427,DB03310,P28161,-0.5630986094474792,0.7500627040863037,-0.644775390625,0.7884032130241394,-0.4814218282699585,0.7117221355438232,0.9522311091423035,0.9761502146720886,0.9385741353034973,0.9385741353034973,0.0,0.9556453824043274,0.8890436887741089,0.3661406338214874,0.7063946723937988
3428_O60760_DB03310,3428,DB03310,O60760,1.2329938411712646,0.5306971073150635,1.555704951286316,0.5260091423988342,0.9102826118469238,0.5353851318359375,0.9281240701675415,0.9672403931617737,0.9069548845291138,0.9069548845291138,0.0,0.9334163665771484,0.8072349429130554,0.42775270342826843,0.9392737746238708
3429_O75715_DB03310,3429,DB03310,O75715,0.2883200943470001,0.5188882946968079,-0.08748508244752884,0.655370831489563,0.6641252636909485,0.38240572810173035,0.8417820930480957,0.8843724131584167,0.8115244507789612,0.8115244507789612,0.0,0.8493465185165405,0.611876904964447,0.6236591339111328,1.8424071073532104
3431_P08263_DB03310,3431,DB03310,P08263,-0.4683086574077606,0.7762267589569092,-0.3285709619522095,0.815946638584137,-0.6080463528633118,0.7365069389343262,0.9341603517532349,0.9721287488937378,0.9030608534812927,0.9030608534812927,0.0,0.9419351816177368,0.8356490731239319,0.4269649386405945,1.3059203624725342
3432_P09210_DB03310,3432,DB03310,P09210,-0.5145041346549988,0.7742893695831299,-0.5319913625717163,0.8186465501785278,-0.49701690673828125,0.7299321889877319,0.9024061560630798,0.9597122669219971,0.8389565944671631,0.8389565944671631,0.0,0.9182685017585754,0.7631781101226807,0.5308523178100586,1.8827333450317383
3433_P09211_DB03310,3433,DB03310,P09211,0.18939194083213806,0.6367470026016235,0.45433685183525085,0.6548848748207092,-0.07555297017097473,0.6186091303825378,0.9257611632347107,0.9604777097702026,0.8396809101104736,0.8396809101104736,0.0,0.9472811818122864,0.826851487159729,0.5300542712211609,1.5321134328842163
3434_P09488_DB03310,3434,DB03310,P09488,-0.1859312653541565,0.6820247173309326,0.008083812892436981,0.7034417390823364,-0.37994635105133057,0.6606077551841736,0.9178839921951294,0.9579054713249207,0.84504234790802,0.84504234790802,0.0,0.936094343662262,0.827680230140686,0.5219537615776062,1.5185147523880005
3436_P0CG30_DB03310,3436,DB03310,P0CG30,-0.4500030279159546,0.5315865278244019,-0.48531898856163025,0.500920832157135,-0.41468706727027893,0.5622522830963135,0.9030542373657227,0.9579363465309143,0.8742358684539795,0.8742358684539795,0.0,0.9102587699890137,0.7816098928451538,0.5106111168861389,1.3750641345977783
3437_P10620_DB03310,3437,DB03310,P10620,0.8987749814987183,0.5003511905670166,1.0857151746749878,0.5590097904205322,0.7118347883224487,0.441692590713501,0.8143144845962524,0.8845094442367554,0.712334930896759,0.712334930896759,0.0,0.8398092985153198,0.6578169465065002,0.814993143081665,3.606433391571045
3439_P21266_DB03310,3439,DB03310,P21266,0.0752170979976654,0.6507589221000671,0.31472286581993103,0.6245751976966858,-0.16428866982460022,0.6769426465034485,0.9174354672431946,0.9579793214797974,0.8838744759559631,0.8838744759559631,0.0,0.9258256554603577,0.8303103446960449,0.474153995513916,1.1315014362335205
3441_P30711_DB03310,3441,DB03310,P30711,-0.3020745813846588,0.5546542406082153,-0.45003315806388855,0.5527302622795105,-0.15411600470542908,0.5565781593322754,0.8843374252319336,0.958967387676239,0.8508445024490356,0.8508445024490356,0.0,0.8927106261253357,0.708743691444397,0.5115315318107605,1.4430663585662842
3443_P46439_DB03310,3443,DB03310,P46439,-0.013472560793161392,0.6644097566604614,0.06576912850141525,0.6844761371612549,-0.09271425008773804,0.6443433165550232,0.9175580143928528,0.9707570672035217,0.9299222230911255,0.9299222230911255,0.0,0.9144669771194458,0.7997164726257324,0.39773571491241455,0.7947336435317993
3445_Q03013_DB03310,3445,DB03310,Q03013,-0.07597039639949799,0.6611560583114624,0.2600419819355011,0.6731863021850586,-0.41198277473449707,0.6491257548332214,0.9267156720161438,0.9687917828559875,0.9026637077331543,0.9026637077331543,0.0,0.9327285885810852,0.8040761351585388,0.43189266324043274,0.9781815409660339
3451_P26514_DB04465,3451,DB04465,P26514,2.2123634815216064,0.6299307346343994,2.2687911987304688,0.85798579454422,2.155935764312744,0.4018756151199341,0.8466846346855164,0.7228057980537415,0.7689817547798157,0.7689817547798157,0.0,0.8661103844642639,0.6992084980010986,0.9233771562576294,6.534895896911621
3452_Q7SI98_DB04465,3452,DB04465,Q7SI98,2.076230049133301,0.5752477645874023,2.1292920112609863,0.769350528717041,2.0231680870056152,0.38114500045776367,0.9233469367027283,0.856259822845459,0.8005622625350952,0.8005622625350952,0.0,0.9540430307388306,0.7250849604606628,0.5972370505332947,5.058577537536621
3453_P17931_DB04465,3453,DB04465,P17931,1.4874303340911865,0.6833791136741638,1.8820935487747192,0.9150726199150085,1.0927671194076538,0.4516856372356415,0.706899106502533,0.6725171804428101,0.9765931367874146,0.9765931367874146,0.0,0.6394755244255066,0.7297273278236389,1.9661763906478882,0.7371339797973633
3455_Q02834_DB04465,3455,DB04465,Q02834,0.9878730773925781,0.5119627714157104,0.9957722425460815,0.5995000600814819,0.9799738526344299,0.4244254529476166,0.9155049324035645,0.8435119390487671,0.9151158332824707,0.9151158332824707,0.0,0.9156022071838379,0.8435844779014587,0.6368958950042725,2.643028974533081
3459_C0H4Y6_DB11638,3459,DB11638,C0H4Y6,0.713945746421814,0.5100564360618591,-0.7945920825004578,0.7732986807823181,2.2224836349487305,0.24681416153907776,0.8959525227546692,0.7029399871826172,0.9254447221755981,0.9254447221755981,0.0,0.8885794878005981,0.7266106009483337,0.5305167436599731,1.9088751077651978
3645_P04150_DB14583,3645,DB14583,P04150,-1.5027494430541992,0.8860280513763428,-1.5144938230514526,0.8789507150650024,-1.4910050630569458,0.8931053280830383,0.6013824343681335,0.4423545002937317,0.9822134375572205,0.9822134375572205,0.0,0.506174623966217,0.680199921131134,4.243359565734863,0.9622870683670044
3648_P21728_DB01239,3648,DB01239,P21728,-1.5567197799682617,0.7306555509567261,-1.8179898262023926,0.8421282768249512,-1.2954496145248413,0.6191828846931458,0.7603628039360046,0.9044724106788635,0.9586994647979736,0.9586994647979736,0.0,0.7107785940170288,0.808650553226471,0.5868796706199646,0.8353289365768433
3649_P14416_DB01239,3649,DB01239,P14416,-1.7979557514190674,0.7926678657531738,-2.3793482780456543,0.9826114773750305,-1.21656334400177,0.6027242541313171,0.7491521835327148,0.7719777822494507,0.9723544716835022,0.9723544716835022,0.0,0.6933516263961792,0.7902466654777527,1.0546302795410156,0.7374745607376099
3650_P28223_DB01239,3650,DB01239,P28223,-2.2947452068328857,0.8530704975128174,-2.396212100982666,0.9436453580856323,-2.1932783126831055,0.7624956369400024,0.8091586232185364,0.886813223361969,0.9841011762619019,0.9841011762619019,0.0,0.7654229402542114,0.8270602226257324,0.6354634165763855,0.4884347915649414
3651_P35367_DB01239,3651,DB01239,P35367,-2.6374497413635254,0.9465999603271484,-2.8255882263183594,0.9992353916168213,-2.4493114948272705,0.8939645290374756,0.7083376049995422,0.7048515677452087,0.980469822883606,0.980469822883606,0.0,0.6403045654296875,0.7647827863693237,1.5404144525527954,0.6125128865242004
3652_P35462_DB01239,3652,DB01239,P35462,-2.250448703765869,0.8813565969467163,-2.169961929321289,0.9381603598594666,-2.3309357166290283,0.8245527744293213,0.9025468826293945,0.8210445046424866,0.9814000129699707,0.9814000129699707,0.0,0.8828335404396057,0.9126319289207458,0.6206137537956238,0.4980837404727936
3653_P08172_DB01239,3653,DB01239,P08172,-0.9581694006919861,0.8713476657867432,-0.6444829702377319,0.955225944519043,-1.2718558311462402,0.7874694466590881,0.7370323538780212,0.7089043855667114,0.975543737411499,0.975543737411499,0.0,0.677404522895813,0.7943834662437439,1.5471367835998535,0.740043044090271
3654_P08173_DB01239,3654,DB01239,P08173,-0.8106626272201538,0.8267260789871216,-0.22639138996601105,0.9009929299354553,-1.394933819770813,0.7524592876434326,0.7578797936439514,0.7057356238365173,0.9757537841796875,0.9757537841796875,0.0,0.7034112811088562,0.7926410436630249,1.6870464086532593,0.955633282661438
3655_P08912_DB01239,3655,DB01239,P08912,-0.8767625689506531,0.8184759616851807,-0.5311679840087891,0.8938562870025635,-1.222357153892517,0.7430956959724426,0.7104734778404236,0.6710896492004395,0.9735516905784607,0.9735516905784607,0.0,0.6447038650512695,0.7531618475914001,1.9868261814117432,0.9539833068847656
3656_P11229_DB01239,3656,DB01239,P11229,-1.0690560340881348,0.8248791694641113,-0.8038086891174316,0.8953218460083008,-1.334303379058838,0.7544365525245667,0.7357221245765686,0.7022923827171326,0.9782214760780334,0.9782214760780334,0.0,0.6750972867012024,0.7955549955368042,1.61496102809906,0.821628987789154
3657_P20309_DB01239,3657,DB01239,P20309,-0.876167893409729,0.8293806314468384,-0.6941855549812317,0.9238252639770508,-1.0581501722335815,0.734935998916626,0.7081331610679626,0.628887951374054,0.9649434089660645,0.9649434089660645,0.0,0.6439306139945984,0.7811363339424133,2.1725759506225586,1.270043969154358
3658_A5X5Y0_DB01239,3658,DB01239,A5X5Y0,0.5167124271392822,0.5418350696563721,0.644889235496521,0.6653916239738464,0.3885355591773987,0.4182785451412201,0.795430064201355,0.7794346213340759,0.8067372441291809,0.8067372441291809,0.0,0.7926032543182373,0.5610410571098328,0.7490582466125488,2.8646814823150635
3659_O95264_DB01239,3659,DB01239,O95264,0.43222343921661377,0.53205406665802,0.6877220869064331,0.6870754957199097,0.17672479152679443,0.37703269720077515,0.7583426833152771,0.7771662473678589,0.8040087819099426,0.8040087819099426,0.0,0.7469261884689331,0.5010957717895508,0.8458391427993774,3.633770227432251
3660_P08908_DB01239,3660,DB01239,P08908,-1.2310384511947632,0.7052866220474243,-1.6128305196762085,0.8645409345626831,-0.8492464423179626,0.5460322499275208,0.7958374619483948,0.8821513056755066,0.9775068163871765,0.9775068163871765,0.0,0.750420093536377,0.8026236295700073,0.8055229783058167,0.7606291174888611
3661_P28221_DB01239,3661,DB01239,P28221,-2.141773223876953,0.9040900468826294,-2.2363381385803223,0.9776606559753418,-2.047208070755005,0.8305193781852722,0.8136743903160095,0.8208090662956238,0.9636273384094238,0.9636273384094238,0.0,0.7761860489845276,0.8286428451538086,0.8779953122138977,0.8557543158531189
3662_P28222_DB01239,3662,DB01239,P28222,-1.9491422176361084,0.8635016083717346,-2.324995994567871,0.9750255346298218,-1.5732883214950562,0.7519776821136475,0.8424110412597656,0.8445144891738892,0.978169858455658,0.978169858455658,0.0,0.8084713220596313,0.8462028503417969,0.6789474487304688,0.5912287831306458
3663_P28335_DB01239,3663,DB01239,P28335,-2.3841402530670166,0.8883395791053772,-2.4974560737609863,0.9653074741363525,-2.270824432373047,0.8113716840744019,0.7834773063659668,0.763543426990509,0.9733167290687561,0.9733167290687561,0.0,0.7360174655914307,0.8189345598220825,1.2458621263504028,0.6527789235115051
3664_P28566_DB01239,3664,DB01239,P28566,-1.7179350852966309,0.8167255520820618,-2.2131218910217285,0.9746866226196289,-1.2227482795715332,0.6587644815444946,0.8313750624656677,0.8597742319107056,0.9520788788795471,0.9520788788795471,0.0,0.8011990189552307,0.888052761554718,0.8182938694953918,0.8511115908622742
3666_P34969_DB01239,3666,DB01239,P34969,-1.6225714683532715,0.7639362812042236,-1.7749285697937012,0.8600839972496033,-1.4702142477035522,0.6677885055541992,0.7921852469444275,0.7920188307762146,0.9604182839393616,0.9604182839393616,0.0,0.7501270174980164,0.8057997822761536,0.9627209901809692,0.8377516865730286
3669_P50406_DB01239,3669,DB01239,P50406,-2.035708427429199,0.8560988903045654,-2.3100128173828125,0.9501675367355347,-1.761404275894165,0.762030303478241,0.7728750109672546,0.8353491425514221,0.9739587903022766,0.9739587903022766,0.0,0.7226040959358215,0.8384926319122314,1.0236440896987915,0.6756858825683594
3670_Q13639_DB01239,3670,DB01239,Q13639,-2.2757015228271484,0.8077366948127747,-2.382193088531494,0.9478787779808044,-2.1692099571228027,0.6675946116447449,0.8569996953010559,0.8662763833999634,0.951882004737854,0.951882004737854,0.0,0.8332791328430176,0.8824580311775208,0.8019738793373108,0.9141461253166199
3673_P07202_DB11496,3673,DB11496,P07202,1.4497207403182983,0.6929705142974854,1.800264835357666,0.7290303111076355,1.0991766452789307,0.6569107174873352,0.8374185562133789,0.8569447994232178,0.9337949156761169,0.9337949156761169,0.0,0.8133244514465332,0.8376113176345825,0.8604986071586609,2.386802911758423
3674_P23975_DB00191,3674,DB00191,P23975,0.015861883759498596,0.9419116973876953,-0.43121814727783203,0.9866275191307068,0.4629419147968292,0.8971959352493286,0.9103279113769531,0.9064574241638184,0.9728764891624451,0.9728764891624451,0.0,0.8946908116340637,0.915928304195404,0.5922720432281494,0.8379578590393066
3675_Q01959_DB00191,3675,DB00191,Q01959,0.10429029166698456,0.9281799793243408,-0.24301832914352417,0.9488959908485413,0.4515989124774933,0.9074639081954956,0.8875712752342224,0.885844349861145,0.9842628240585327,0.9842628240585327,0.0,0.8633983135223389,0.897468626499176,0.7396676540374756,0.5942221283912659
3676_P21397_DB00191,3676,DB00191,P21397,1.680996298789978,0.6925381422042847,1.363081693649292,0.786182165145874,1.998910903930664,0.5988941192626953,0.9634199142456055,0.9585068821907043,0.9805423617362976,0.9805423617362976,0.0,0.959139347076416,0.9509009122848511,0.31988275051116943,0.6884847283363342
3677_P27338_DB00191,3677,DB00191,P27338,1.613167643547058,0.6577169299125671,1.8723078966140747,0.7402441501617432,1.3540273904800415,0.5751897096633911,0.9819399118423462,0.9752058386802673,0.9830223321914673,0.9830223321914673,0.0,0.9816692471504211,0.964353621006012,0.2813543677330017,0.6788296699523926
3678_P31645_DB00191,3678,DB00191,P31645,0.4893297255039215,0.9030638933181763,0.8212383389472961,0.8999674916267395,0.15742111206054688,0.9061602354049683,0.8988639116287231,0.9748629331588745,0.975895881652832,0.975895881652832,0.0,0.8796058893203735,0.9133890867233276,0.32313597202301025,0.8589419722557068
3756_P35372_DB00318,3756,DB00318,P35372,-0.7860376238822937,0.9720518589019775,-0.6396217942237854,0.9772161245346069,-0.932453453540802,0.9668875336647034,0.8210760354995728,0.8264267444610596,0.9866832494735718,0.9866832494735718,0.0,0.779674232006073,0.849391758441925,1.1190046072006226,1.499971628189087
3757_P41143_DB00318,3757,DB00318,P41143,0.2061518132686615,0.9023811221122742,0.08238770067691803,0.9215139746665955,0.3299159109592438,0.8832482695579529,0.8672672510147095,0.9221268892288208,0.9909557104110718,0.9909557104110718,0.0,0.8363450765609741,0.901748538017273,0.5380425453186035,0.5460247993469238
3758_P41145_DB00318,3758,DB00318,P41145,0.05243845283985138,0.9158204793930054,-0.16870641708374023,0.9415681958198547,0.273583322763443,0.890072762966156,0.8404130935668945,0.9519006013870239,0.9933996200561523,0.9933996200561523,0.0,0.8021664023399353,0.8761072158813477,0.39160388708114624,0.4345702528953552
3759_P35372_DB00327,3759,DB00327,P35372,-2.4757254123687744,0.9929724931716919,-2.873739242553711,0.9998818635940552,-2.077711582183838,0.9860630631446838,0.8381659388542175,0.9207263588905334,0.9889203310012817,0.9889203310012817,0.0,0.8004773259162903,0.8720005750656128,0.5303544402122498,0.497598260641098
3760_P41143_DB00327,3760,DB00327,P41143,-1.262484073638916,0.951231837272644,-1.901826024055481,0.9672461748123169,-0.6231420040130615,0.935217559337616,0.8681389093399048,0.8681561350822449,0.9880362749099731,0.9880362749099731,0.0,0.8381645679473877,0.9016834497451782,0.8730024099349976,1.2837785482406616
3761_P41145_DB00327,3761,DB00327,P41145,-1.286663293838501,0.9564511179924011,-1.889163613319397,0.9720320105552673,-0.6841628551483154,0.9408702254295349,0.812799870967865,0.9222488403320312,0.9904283881187439,0.9904283881187439,0.0,0.7683927416801453,0.8419719338417053,0.656032919883728,1.019779920578003
3763_O14764_DB00349,3763,DB00349,O14764,-0.13432127237319946,0.5123662352561951,-1.4230601787567139,0.8034560084342957,1.154417634010315,0.22127647697925568,0.7310583591461182,0.7058176398277283,0.745903491973877,0.745903491973877,0.0,0.7273470759391785,0.5333382487297058,1.4312477111816406,5.380849838256836
3764_P14867_DB00349,3764,DB00349,P14867,0.11756640672683716,0.5111796259880066,-0.8856124877929688,0.7998811602592468,1.120745301246643,0.22247812151908875,0.7903828620910645,0.702541708946228,0.8110144138336182,0.8110144138336182,0.0,0.785224974155426,0.6944330334663391,1.1990010738372803,4.739458084106445
3767_P28472_DB00349,3767,DB00349,P28472,0.45630308985710144,0.5122430920600891,0.02797820419073105,0.7509143352508545,0.8846279978752136,0.2735718786716461,0.7813392281532288,0.6667375564575195,0.7768237590789795,0.7768237590789795,0.0,0.7824680805206299,0.5430663228034973,1.41075599193573,5.716937065124512
3768_P31644_DB00349,3768,DB00349,P31644,-0.08650565147399902,0.545307993888855,-0.8924544453620911,0.8761224746704102,0.719443142414093,0.21449346840381622,0.8134397864341736,0.7164562344551086,0.8740242123603821,0.8740242123603821,0.0,0.7982935905456543,0.7322824001312256,0.9981094598770142,4.065581321716309
3770_P47869_DB00349,3770,DB00349,P47869,-0.16024726629257202,0.5157633423805237,-1.244073510169983,0.8150720000267029,0.9235789775848389,0.21645472943782806,0.8332943916320801,0.7392333149909973,0.8915546536445618,0.8915546536445618,0.0,0.8187292814254761,0.7726600766181946,0.9565491676330566,3.335975170135498
3772_P48169_DB00349,3772,DB00349,P48169,-0.3402855098247528,0.5668952465057373,-1.4775142669677734,0.9094857573509216,0.7969432473182678,0.22430479526519775,0.7342918515205383,0.6138136386871338,0.8496203422546387,0.8496203422546387,0.0,0.705459713935852,0.6788086295127869,2.3256962299346924,6.719680309295654
3774_Q16445_DB00349,3774,DB00349,Q16445,-0.16011157631874084,0.5223180055618286,-0.9413080215454102,0.8279223442077637,0.6210848689079285,0.21671371161937714,0.8219518661499023,0.724306046962738,0.855012059211731,0.855012059211731,0.0,0.8136867880821228,0.6942359209060669,0.9818294644355774,3.933619260787964
3775_Q8N1C3_DB00349,3775,DB00349,Q8N1C3,-0.31139934062957764,0.570140540599823,-1.7324395179748535,0.9697794914245605,1.1096408367156982,0.17050155997276306,0.7701892256736755,0.689782440662384,0.817288339138031,0.817288339138031,0.0,0.7584144473075867,0.49855145812034607,1.3144559860229492,5.455873489379883
3794_P21554_DB00470,3794,DB00470,P21554,-1.9471056461334229,0.9011638164520264,-2.230719566345215,0.9459403157234192,-1.6634917259216309,0.8563872575759888,0.7376140356063843,0.8655051589012146,0.9783989787101746,0.9783989787101746,0.0,0.6774177551269531,0.7953826785087585,0.8682581186294556,0.5875552892684937
3795_P34972_DB00470,3795,DB00470,P34972,-1.7622082233428955,0.8984029293060303,-1.6894804239273071,0.9138368964195251,-1.8349361419677734,0.8829689621925354,0.8824755549430847,0.8764929175376892,0.9735840559005737,0.9735840559005737,0.0,0.8596984148025513,0.9123538732528687,0.7106783390045166,0.530944287776947
3814_P14867_DB00683,3814,DB00683,P14867,0.23840846121311188,0.5296485424041748,-0.35339072346687317,0.7413394451141357,0.8302076458930969,0.31795763969421387,0.7958774566650391,0.7149074673652649,0.8773325085639954,0.8773325085639954,0.0,0.7755137085914612,0.596398115158081,1.0907413959503174,3.4598233699798584
3819_P34903_DB00683,3819,DB00683,P34903,0.1304200291633606,0.5343525409698486,-0.26639264822006226,0.8063635230064392,0.5272327065467834,0.26234161853790283,0.7797155380249023,0.7066968083381653,0.866459846496582,0.866459846496582,0.0,0.7580294609069824,0.6957166790962219,1.391870379447937,4.2203569412231445
3830_P23975_DB00830,3830,DB00830,P23975,0.4458770751953125,0.8985289335250854,0.18524762988090515,0.9302302598953247,0.7065065503120422,0.8668276071548462,0.9157195091247559,0.9217087626457214,0.9786526560783386,0.9786526560783386,0.0,0.8999862670898438,0.9222822189331055,0.5455764532089233,0.7217708230018616
3831_Q01959_DB00830,3831,DB00830,Q01959,0.6823188066482544,0.8996415734291077,0.5629900097846985,0.9044414758682251,0.8016476035118103,0.8948416709899902,0.8840016722679138,0.886987566947937,0.9798402190208435,0.9798402190208435,0.0,0.8600420355796814,0.8908783197402954,0.7159721851348877,0.7068423628807068
3832_P08913_DB00865,3832,DB00865,P08913,-0.3623273968696594,0.8767927289009094,-0.9896058440208435,0.976610004901886,0.26495102047920227,0.7769754528999329,0.7240728735923767,0.6743039488792419,0.9352474808692932,0.9352474808692932,0.0,0.67127925157547,0.7763473391532898,1.9935423135757446,1.388243556022644
3833_P35348_DB00865,3833,DB00865,P35348,0.03040984272956848,0.8332931995391846,-0.6181076765060425,0.9042311310768127,0.6789273619651794,0.7623552680015564,0.766929566860199,0.7183815836906433,0.9599953889846802,0.9599953889846802,0.0,0.7186630964279175,0.805966317653656,1.3507966995239258,1.1911011934280396
3834_Q01959_DB00865,3834,DB00865,Q01959,0.788926362991333,0.8318402767181396,0.9779880046844482,0.7974869608879089,0.599864661693573,0.8661935329437256,0.8759534955024719,0.8834794759750366,0.9758596420288086,0.9758596420288086,0.0,0.8509770035743713,0.8866580724716187,0.7237160801887512,0.7460781931877136
3837_P23975_DB00907,3837,DB00907,P23975,-0.24789468944072723,0.8806208372116089,0.09804663062095642,0.8495012521743774,-0.5938360095024109,0.9117404818534851,0.9077442288398743,0.9028198719024658,0.9754585027694702,0.9754585027694702,0.0,0.8908156752586365,0.922742486000061,0.6664127111434937,0.8166100978851318
3838_P31645_DB00907,3838,DB00907,P31645,-1.1142072677612305,0.9617698192596436,-1.0662035942077637,0.9526456594467163,-1.1622108221054077,0.9708940386772156,0.898932933807373,0.9560689926147461,0.9767764210700989,0.9767764210700989,0.0,0.879472017288208,0.9168281555175781,0.41653138399124146,0.7700439095497131
3842_Q01959_DB00907,3842,DB00907,Q01959,0.41048797965049744,0.7878096103668213,0.18408572673797607,0.7831426858901978,0.6368902325630188,0.7924765348434448,0.8753485679626465,0.8907566070556641,0.9775779843330383,0.9775779843330383,0.0,0.8497911691665649,0.8906478881835938,0.6817538142204285,0.7662288546562195
3853_P08172_DB00907,3853,DB00907,P08172,0.7825600504875183,0.5573017597198486,1.1891717910766602,0.5262662768363953,0.3759482800960541,0.588337242603302,0.7396454811096191,0.6702370643615723,0.9585782885551453,0.9585782885551453,0.0,0.6849122643470764,0.8120539784431458,1.8233587741851807,0.9385521411895752
3854_P11229_DB00907,3854,DB00907,P11229,0.7900426387786865,0.6494022607803345,1.0191090106964111,0.7514738440513611,0.5609762072563171,0.5473306775093079,0.738435685634613,0.7096154689788818,0.9629641771316528,0.9629641771316528,0.0,0.6823035478591919,0.7968176603317261,1.565758228302002,1.06327486038208
3857_P35372_DB00913,3857,DB00913,P35372,-0.2759799361228943,0.8413926362991333,-0.26574406027793884,0.8782792091369629,-0.28621578216552734,0.8045060634613037,0.812741219997406,0.9399487972259521,0.9837887287139893,0.9837887287139893,0.0,0.7699792981147766,0.8212245106697083,0.4707867503166199,0.5235650539398193
3858_P23975_DB00937,3858,DB00937,P23975,0.8923114538192749,0.8974665403366089,0.6787930130958557,0.9408929347991943,1.1058298349380493,0.8540400862693787,0.909773051738739,0.9025291800498962,0.9706566333770752,0.9706566333770752,0.0,0.8945521116256714,0.9139274954795837,0.6328983306884766,0.898135781288147
3859_Q01959_DB00937,3859,DB00937,Q01959,1.3480178117752075,0.8458660244941711,0.9449871182441711,0.910348653793335,1.7510484457015991,0.7813833951950073,0.8768224716186523,0.8763279914855957,0.9660825133323669,0.9660825133323669,0.0,0.8545074462890625,0.8853080868721008,0.7630615830421448,0.9176631569862366
3877_P35372_DB01081,3877,DB01081,P35372,-0.6901507377624512,0.8689894676208496,-0.770153820514679,0.9036328196525574,-0.6101477146148682,0.8343461751937866,0.8148226737976074,0.9570412635803223,0.9795950651168823,0.9795950651168823,0.0,0.7736296057701111,0.8224382996559143,0.390433669090271,0.5716828107833862
3878_P41143_DB01081,3878,DB01081,P41143,-0.9408732652664185,0.8457493782043457,-1.3109463453292847,0.926247239112854,-0.5708001852035522,0.7652515769004822,0.8351823687553406,0.8873653411865234,0.9293233156204224,0.9293233156204224,0.0,0.8116471767425537,0.7860421538352966,0.7553426623344421,1.3867533206939697
3879_P03372_DB01185,3879,DB01185,P03372,-0.028683289885520935,0.6350507736206055,-0.5416989922523499,0.7273328900337219,0.484332412481308,0.5427687168121338,0.650534451007843,0.5521759390830994,0.9908637404441833,0.9908637404441833,0.0,0.5654520988464355,0.7583827376365662,2.794851064682007,0.5507664680480957
3883_O00591_DB01215,3883,DB01215,O00591,0.39593803882598877,0.5157690048217773,-0.20467913150787354,0.6473142504692078,0.9965552091598511,0.3842238187789917,0.7979521155357361,0.7334181070327759,0.9360747933387756,0.9360747933387756,0.0,0.7634214162826538,0.6899011731147766,0.8345838785171509,1.9816431999206543
3907_Q13002_DB01351,3907,DB01351,Q13002,1.050858497619629,0.6321890354156494,1.8635612726211548,0.7427104711532593,0.2381558120250702,0.5216675400733948,0.796245276927948,0.5488358736038208,0.7796248197555542,0.7796248197555542,0.0,0.8004003763198853,0.7771514058113098,0.8601670861244202,7.1604437828063965
3917_Q13002_DB01353,3917,DB01353,Q13002,1.278818130493164,0.6629965305328369,2.232893943786621,0.8228363990783691,0.3247421979904175,0.5031566619873047,0.809326171875,0.5520420074462891,0.8412303924560547,0.8412303924560547,0.0,0.8013501167297363,0.7997839450836182,0.7989409565925598,5.321654319763184
3953_P14867_DB01559,3953,DB01559,P14867,-0.0413016676902771,0.5520547032356262,-0.9208268523216248,0.8313883543014526,0.8382235169410706,0.2727210819721222,0.7980853915214539,0.7347047328948975,0.9268614053726196,0.9268614053726196,0.0,0.765891432762146,0.5818856954574585,0.9791653752326965,2.478506565093994
3954_P18505_DB01559,3954,DB01559,P18505,0.09937620162963867,0.5302976369857788,-0.17778077721595764,0.7177801132202148,0.376533180475235,0.34281522035598755,0.7582166194915771,0.6570302844047546,0.7926864624023438,0.7926864624023438,0.0,0.7495991587638855,0.5741541385650635,1.4813625812530518,5.687517166137695
3958_P34903_DB01559,3958,DB01559,P34903,-0.049324363470077515,0.584579586982727,-0.549557089805603,0.8508138060569763,0.450908362865448,0.31834542751312256,0.738012969493866,0.6758888959884644,0.7455690503120422,0.7455690503120422,0.0,0.7361239790916443,0.6377955675125122,1.7534549236297607,7.090267181396484
3961_P48169_DB01559,3961,DB01559,P48169,-0.13723939657211304,0.5696220397949219,-1.1509687900543213,0.8550897836685181,0.8764899969100952,0.28415432572364807,0.6852884888648987,0.6027333736419678,0.6880627274513245,0.6880627274513245,0.0,0.6845949292182922,0.5628525614738464,2.5132453441619873,8.5139799118042
3963_Q16445_DB01559,3963,DB01559,Q16445,-0.12498140335083008,0.6044049859046936,-0.9600405097007751,0.8967008590698242,0.710077702999115,0.3121091425418854,0.7974706888198853,0.730103075504303,0.8062586784362793,0.8062586784362793,0.0,0.7952736616134644,0.5521848201751709,0.9975646734237671,4.3348517417907715
3967_P35368_DB01576,3967,DB01576,P35368,-0.2516218423843384,0.9377630949020386,-0.21546301245689392,0.9708268642425537,-0.28778067231178284,0.9046993851661682,0.7012032866477966,0.7107588648796082,0.983948826789856,0.983948826789856,0.0,0.6305168867111206,0.7436068058013916,1.879072904586792,0.6257598400115967
3968_Q01959_DB01576,3968,DB01576,Q01959,0.09539306163787842,0.9629350900650024,0.12126754224300385,0.9824998378753662,0.06951858103275299,0.9433704018592834,0.8830053210258484,0.8822951316833496,0.9803116321563721,0.9803116321563721,0.0,0.8586788177490234,0.8916731476783752,0.7415318489074707,0.6538464426994324
3969_P23975_DB01576,3969,DB01576,P23975,-0.10639721155166626,0.9671616554260254,-0.218345046043396,0.9923176765441895,0.005550619214773178,0.9420056343078613,0.9035233855247498,0.9056878089904785,0.9776871204376221,0.9776871204376221,0.0,0.8849824070930481,0.9056009650230408,0.6162425875663757,0.7785871624946594
3970_Q05940_DB01576,3970,DB01576,Q05940,0.6439142227172852,0.8044087886810303,0.4699400067329407,0.8014408349990845,0.8178884983062744,0.8073768019676208,0.7782405614852905,0.7562249302864075,0.9421152472496033,0.9421152472496033,0.0,0.7372718453407288,0.7741348743438721,1.1318086385726929,1.5326082706451416
3971_Q96RJ0_DB01576,3971,DB01576,Q96RJ0,-0.8020408153533936,0.9336377382278442,-0.2957865595817566,0.9358389973640442,-1.3082950115203857,0.9314364790916443,0.9398665428161621,0.9502369165420532,0.983005940914154,0.983005940914154,0.0,0.9290816783905029,0.954353392124176,0.36951008439064026,0.4513138234615326
3972_P08913_DB01576,3972,DB01576,P08913,-0.6654980778694153,0.9634130001068115,-0.4287542998790741,0.9832332730293274,-0.9022418260574341,0.9435927867889404,0.7346959710121155,0.6734139323234558,0.97725909948349,0.97725909948349,0.0,0.6740551590919495,0.7924473285675049,1.9920904636383057,0.7911861538887024
3973_P18089_DB01576,3973,DB01576,P18089,-0.41796964406967163,0.9462431073188782,-0.09080393612384796,0.9777892827987671,-0.7451353669166565,0.9146969318389893,0.74247807264328,0.7616003751754761,0.9846038222312927,0.9846038222312927,0.0,0.6819466352462769,0.7968043088912964,1.5876951217651367,0.5515795350074768
3974_P18825_DB01576,3974,DB01576,P18825,-0.44918033480644226,0.9316157102584839,-0.15202397108078003,0.9573728442192078,-0.7463366985321045,0.90585857629776,0.7724206447601318,0.8705098628997803,0.99056476354599,0.99056476354599,0.0,0.7178846001625061,0.810721755027771,0.6286956667900085,0.4317885935306549
3975_P25100_DB01576,3975,DB01576,P25100,-0.4284074902534485,0.9245548248291016,-0.260041207075119,0.9456547498703003,-0.5967738032341003,0.9034548401832581,0.6625452041625977,0.6477912068367004,0.9857752919197083,0.9857752919197083,0.0,0.5817376971244812,0.7110291123390198,2.3826680183410645,0.6989919543266296
3976_P35348_DB01576,3976,DB01576,P35348,-0.007504560053348541,0.9273280501365662,0.11670087277889252,0.9464658498764038,-0.1317099928855896,0.9081902503967285,0.7667514681816101,0.8327687382698059,0.977910041809082,0.977910041809082,0.0,0.7139618396759033,0.8098627924919128,0.930989682674408,0.8949769735336304
3977_P35348_DB01579,3977,DB01579,P35348,0.4718664288520813,0.8344674110412598,0.016991693526506424,0.8768953680992126,0.9267411828041077,0.7920395135879517,0.7457978129386902,0.8931617736816406,0.9859141111373901,0.9859141111373901,0.0,0.685768723487854,0.8002253174781799,0.64890056848526,0.8101910948753357
3978_P35368_DB01579,3978,DB01579,P35368,0.7758839726448059,0.6965828537940979,0.21490465104579926,0.682704746723175,1.3368632793426514,0.7104609608650208,0.7180875539779663,0.679785966873169,0.9873502254486084,0.9873502254486084,0.0,0.6507718563079834,0.7790898084640503,2.0417277812957764,0.5723238587379456
3979_P23975_DB01579,3979,DB01579,P23975,0.2951836585998535,0.8896787166595459,-0.07424016296863556,0.898870587348938,0.6646074652671814,0.8804868459701538,0.9032163619995117,0.9069246649742126,0.98157799243927,0.98157799243927,0.0,0.8836259841918945,0.910802960395813,0.5980653762817383,0.6455703973770142
3982_P14867_DB01588,3982,DB01588,P14867,0.521438717842102,0.5854735374450684,0.47329181432724,0.8120585083961487,0.5695856809616089,0.35888853669166565,0.7914917469024658,0.7136623859405518,0.8537716865539551,0.8537716865539551,0.0,0.7759217619895935,0.7363322377204895,1.110294222831726,2.798050880432129
3986_P31644_DB01588,3986,DB01588,P31644,0.7170109152793884,0.5343328714370728,0.9536005258560181,0.7879817485809326,0.4804212749004364,0.28068405389785767,0.7972108721733093,0.7128013968467712,0.8295131921768188,0.8295131921768188,0.0,0.7891353368759155,0.6477880477905273,1.013438105583191,3.3219411373138428
3996_O00591_DB01589,3996,DB01589,O00591,0.962388277053833,0.5236349701881409,1.1804025173187256,0.5462607145309448,0.7443739771842957,0.5010092258453369,0.782200813293457,0.7106993794441223,0.8937128186225891,0.8937128186225891,0.0,0.7543228268623352,0.6960629820823669,1.0097379684448242,3.774428129196167
3997_O14764_DB01589,3997,DB01589,O14764,0.3538357615470886,0.5694812536239624,0.26341670751571655,0.679735004901886,0.4442548155784607,0.4592275023460388,0.7821041345596313,0.7161124348640442,0.8680638074874878,0.8680638074874878,0.0,0.7606141567230225,0.5385866761207581,1.2550464868545532,3.4425690174102783
3999_P18505_DB01589,3999,DB01589,P18505,-0.1027756929397583,0.6295661926269531,-0.4669433832168579,0.787712037563324,0.2613919973373413,0.4714203178882599,0.7786451578140259,0.6607875227928162,0.8417402505874634,0.8417402505874634,0.0,0.7628713250160217,0.5700284838676453,1.3538522720336914,4.207425594329834
4001_P28472_DB01589,4001,DB01589,P28472,-0.08819802105426788,0.6677567362785339,-0.34261417388916016,0.9315597414970398,0.1662181317806244,0.4039537310600281,0.7994965314865112,0.6668429374694824,0.8008769154548645,0.8008769154548645,0.0,0.7991514205932617,0.6025390028953552,1.196184515953064,4.118004322052002
4002_P31644_DB01589,4002,DB01589,P31644,-0.09608772397041321,0.5158282518386841,0.2009516954421997,0.5845314264297485,-0.3931271433830261,0.44712504744529724,0.8061929941177368,0.7247127294540405,0.8744513988494873,0.8744513988494873,0.0,0.789128303527832,0.5960498452186584,0.913463830947876,2.69929575920105
4003_P34903_DB01589,4003,DB01589,P34903,0.10827016085386276,0.5238431692123413,0.423114538192749,0.6345415711402893,-0.2065742164850235,0.4131448268890381,0.7443525195121765,0.6988791823387146,0.7718756198883057,0.7718756198883057,0.0,0.7374717593193054,0.6054660081863403,1.5866727828979492,5.2836198806762695
4004_P47869_DB01589,4004,DB01589,P47869,-0.07331211864948273,0.5297936201095581,0.3130907416343689,0.6211916208267212,-0.45971497893333435,0.43839555978775024,0.7969793677330017,0.7316548228263855,0.8085668087005615,0.8085668087005615,0.0,0.7940824627876282,0.5744149684906006,0.9429749250411987,3.557931900024414
4005_P47870_DB01589,4005,DB01589,P47870,-0.12352171540260315,0.6938467025756836,-0.3269861042499542,0.9572455883026123,0.07994267344474792,0.43044787645339966,0.7272781133651733,0.6280210614204407,0.7290888428688049,0.7290888428688049,0.0,0.7268254160881042,0.518764317035675,1.555099368095398,5.630910873413086
4008_Q16445_DB01589,4008,DB01589,Q16445,0.0800633579492569,0.5606424808502197,-0.12030554562807083,0.7462350726127625,0.28043225407600403,0.3750499486923218,0.8247639536857605,0.7266071438789368,0.8733147978782654,0.8733147978782654,0.0,0.812626302242279,0.6434878706932068,0.8884620666503906,2.487220287322998
4026_P35372_DB09209,4026,DB09209,P35372,-0.2813694477081299,0.8164632320404053,-0.05205535143613815,0.8336281776428223,-0.510683536529541,0.7992983460426331,0.8337740302085876,0.8552557229995728,0.9487593770027161,0.9487593770027161,0.0,0.8050276637077332,0.8320909738540649,0.8587989211082458,1.145251750946045
4027_P41143_DB09209,4027,DB09209,P41143,0.395152747631073,0.5033366084098816,0.4650100767612457,0.5801969170570374,0.32529541850090027,0.42647626996040344,0.8593463897705078,0.8738172054290771,0.9673663377761841,0.9673663377761841,0.0,0.8323414325714111,0.850147008895874,0.829844057559967,1.6242324113845825
4028_P41145_DB09209,4028,DB09209,P41145,0.5832473039627075,0.6918262243270874,0.5968448519706726,0.7080454230308533,0.5696497559547424,0.6756070256233215,0.805249810218811,0.865445077419281,0.9650351405143738,0.9650351405143738,0.0,0.7653034329414368,0.7763400673866272,0.8256224989891052,1.5928317308425903
4029_Q01959_DB00182,4029,DB00182,Q01959,-0.011346347630023956,0.9600319862365723,-0.09880658984184265,0.9862187504768372,0.07611389458179474,0.9338451623916626,0.8824278712272644,0.8820334076881409,0.9787077307701111,0.9787077307701111,0.0,0.8583579659461975,0.8896967172622681,0.7531273365020752,0.7046399712562561
4031_Q96RJ0_DB00182,4031,DB00182,Q96RJ0,-0.8626642823219299,0.9342700242996216,-0.41579940915107727,0.9369655847549438,-1.309529185295105,0.9315744638442993,0.9356953501701355,0.9429045915603638,0.982094943523407,0.982094943523407,0.0,0.9240955114364624,0.9517924785614014,0.39468204975128174,0.46376267075538635
4032_Q05940_DB00182,4032,DB00182,Q05940,0.7791682481765747,0.6922070980072021,0.6944473385810852,0.6843004822731018,0.8638890981674194,0.7001137137413025,0.7610869407653809,0.6962102651596069,0.9220813512802124,0.9220813512802124,0.0,0.7208383679389954,0.7065949440002441,1.3024190664291382,1.8779592514038086
4033_P07550_DB00182,4033,DB00182,P07550,0.6554152965545654,0.8166435360908508,1.0125243663787842,0.7678132057189941,0.2983061969280243,0.8654738664627075,0.8113309741020203,0.8331416249275208,0.9813429713249207,0.9813429713249207,0.0,0.7688279747962952,0.8586804270744324,0.9968847036361694,0.7424270510673523
4034_P08588_DB00182,4034,DB00182,P08588,0.3021441102027893,0.8391323089599609,0.651184618473053,0.8375871777534485,-0.04689638689160347,0.8406774997711182,0.7713232040405273,0.8246736526489258,0.9916275143623352,0.9916275143623352,0.0,0.7162471413612366,0.815828263759613,1.0063307285308838,0.5888480544090271
4035_P08913_DB00182,4035,DB00182,P08913,-0.6708797812461853,0.9736950397491455,-0.5478875637054443,0.9882588386535645,-0.7938719987869263,0.9591312408447266,0.7345331907272339,0.7060900330543518,0.9822521209716797,0.9822521209716797,0.0,0.6726034283638,0.7916596531867981,1.8350718021392822,0.7344614863395691
4036_P13945_DB00182,4036,DB00182,P13945,0.32945582270622253,0.7372298836708069,0.4103177785873413,0.7723411321640015,0.24859388172626495,0.7021186351776123,0.7934898734092712,0.7761276960372925,0.9849287271499634,0.9849287271499634,0.0,0.745630145072937,0.8383818864822388,1.4093613624572754,0.824630856513977
4037_P14416_DB00182,4037,DB00182,P14416,0.017859160900115967,0.9514948129653931,-0.09577423334121704,0.9815449714660645,0.13149255514144897,0.9214447140693665,0.7625243663787842,0.73764568567276,0.9740398526191711,0.9740398526191711,0.0,0.7096455097198486,0.7886272072792053,1.2769497632980347,0.7473554015159607
4038_P18089_DB00182,4038,DB00182,P18089,-0.4437142610549927,0.9450030326843262,-0.05722027271986008,0.9741549491882324,-0.8302082419395447,0.9158511161804199,0.7433386445045471,0.7907009720802307,0.9893324971199036,0.9893324971199036,0.0,0.681840181350708,0.7940672636032104,1.3632948398590088,0.4654167592525482
4039_P18825_DB00182,4039,DB00182,P18825,-0.42578691244125366,0.9347494840621948,-0.016336336731910706,0.9633112549781799,-0.8352375030517578,0.9061877131462097,0.7757334113121033,0.9438478946685791,0.9920647740364075,0.9920647740364075,0.0,0.7216506004333496,0.811146080493927,0.39518243074417114,0.3918383717536926
4040_P23975_DB00182,4040,DB00182,P23975,-0.1013455018401146,0.9573332667350769,-0.3591538369655609,0.9844381213188171,0.15646283328533173,0.9302284121513367,0.907258152961731,0.9125367999076843,0.979766845703125,0.979766845703125,0.0,0.8891309499740601,0.9092134833335876,0.5621299147605896,0.7216900587081909
4041_P25100_DB00182,4041,DB00182,P25100,-0.17059412598609924,0.8961693048477173,-0.2607598304748535,0.9414427280426025,-0.08042843639850616,0.8508959412574768,0.6674277782440186,0.6079093217849731,0.9797754287719727,0.9797754287719727,0.0,0.58934086561203,0.7157374024391174,2.5372886657714844,0.8082420229911804
4042_P27338_DB00182,4042,DB00182,P27338,0.9704785346984863,0.7658702731132507,0.6217957139015198,0.8229899406433105,1.319161295890808,0.7087506055831909,0.9809214472770691,0.9766467809677124,0.978114902973175,0.978114902973175,0.0,0.981623113155365,0.9617265462875366,0.28244748711586,0.8255921006202698
4043_P31645_DB00182,4043,DB00182,P31645,0.46831101179122925,0.9502118229866028,0.3959502875804901,0.9710049629211426,0.540671706199646,0.929418683052063,0.9015995264053345,0.9782768487930298,0.9785192608833313,0.9785192608833313,0.0,0.8823695182800293,0.9146060347557068,0.30076250433921814,0.8141600489616394
4044_P35348_DB00182,4044,DB00182,P35348,-0.13598519563674927,0.9119068384170532,-0.19799956679344177,0.9411032795906067,-0.07397080957889557,0.8827103972434998,0.7483775019645691,0.8919432759284973,0.9827694296836853,0.9827694296836853,0.0,0.6897794604301453,0.7935063242912292,0.683707058429718,0.6343295574188232
4045_P35368_DB00182,4045,DB00182,P35368,-0.21156129240989685,0.9424868226051331,-0.06880049407482147,0.9622195363044739,-0.3543221056461334,0.9227541089057922,0.7016203999519348,0.9178040623664856,0.9879475831985474,0.9879475831985474,0.0,0.6300386190414429,0.7454513311386108,0.5766847133636475,0.4942510724067688
4046_P21397_DB00182,4046,DB00182,P21397,1.0529491901397705,0.7999048233032227,0.5242171883583069,0.8354592323303223,1.5816811323165894,0.7643504738807678,0.9574419856071472,0.9551224708557129,0.974622368812561,0.974622368812561,0.0,0.9531468749046326,0.9385183453559875,0.33428725600242615,0.82172691822052
4054_P34903_DB00404,4054,DB00404,P34903,0.4878869354724884,0.5155543684959412,-0.11647658050060272,0.8393855690956116,1.0922504663467407,0.19172319769859314,0.7493157386779785,0.6986135244369507,0.7751106023788452,0.7751106023788452,0.0,0.7428670525550842,0.5999377369880676,1.595505714416504,5.991779327392578
4056_P47870_DB00404,4056,DB00404,P47870,0.37740200757980347,0.5475422739982605,0.15058660507202148,0.820723295211792,0.6042174100875854,0.2743612229824066,0.741823136806488,0.6412295699119568,0.790222704410553,0.790222704410553,0.0,0.7297232747077942,0.5456169843673706,1.525372862815857,5.637969970703125
4065_P14867_DB00475,4065,DB00475,P14867,1.368896722793579,0.5043330192565918,1.3290303945541382,0.6842274069786072,1.4087631702423096,0.32443857192993164,0.8024943470954895,0.7293117642402649,0.8811944723129272,0.8811944723129272,0.0,0.7828193306922913,0.6142412424087524,1.0224958658218384,3.371168375015259
4069_P31644_DB00475,4069,DB00475,P31644,1.0797860622406006,0.53761887550354,1.0301262140274048,0.7349035739898682,1.1294459104537964,0.3403341472148895,0.803646981716156,0.7367068529129028,0.875907301902771,0.875907301902771,0.0,0.7855818271636963,0.6591492891311646,0.9807857871055603,3.378561019897461
4079_P35372_DB00497,4079,DB00497,P35372,-0.6855332255363464,0.9707625508308411,-0.6480022668838501,0.9832637906074524,-0.7230641841888428,0.9582613110542297,0.8172589540481567,0.9422429800033569,0.9917140603065491,0.9917140603065491,0.0,0.7736451625823975,0.8460373878479004,0.4239923655986786,0.4523502290248871
4080_P41143_DB00497,4080,DB00497,P41143,-0.48015809059143066,0.9452824592590332,-0.8880653381347656,0.9882009029388428,-0.0722508579492569,0.9023640155792236,0.8618670701980591,0.8635130524635315,0.9890629649162292,0.9890629649162292,0.0,0.830068051815033,0.8952676057815552,0.9499915242195129,1.6115036010742188
4081_P41145_DB00497,4081,DB00497,P41145,-0.5283544063568115,0.961074948310852,-0.910386323928833,0.9874171018600464,-0.14632242918014526,0.9347327947616577,0.8574787378311157,0.8818252086639404,0.9916888475418091,0.9916888475418091,0.0,0.8239261507987976,0.8870396614074707,0.6593769192695618,0.8778655529022217
4082_O00591_DB00690,4082,DB00690,O00591,0.3274002969264984,0.5246961712837219,0.06162650138139725,0.556742250919342,0.5931740999221802,0.4926501214504242,0.7975475192070007,0.7162808179855347,0.8806765079498291,0.8806765079498291,0.0,0.7767652869224548,0.7805256247520447,0.9634003043174744,3.4328317642211914
4084_P14867_DB00690,4084,DB00690,P14867,0.3010246455669403,0.577506959438324,-0.0010408908128738403,0.7052897810935974,0.6030901670455933,0.4497241675853729,0.7790161967277527,0.7281351685523987,0.914206862449646,0.914206862449646,0.0,0.7452185153961182,0.5553572177886963,1.0812056064605713,1.6205427646636963
4086_P18507_DB00690,4086,DB00690,P18507,-0.8185446262359619,0.5052464008331299,-1.2192596197128296,0.5419435501098633,-0.41782960295677185,0.46854931116104126,0.8058304190635681,0.7070485353469849,0.9428110122680664,0.9428110122680664,0.0,0.7715852856636047,0.6572355031967163,1.2471359968185425,2.9443509578704834
4088_P31644_DB00690,4088,DB00690,P31644,0.5091345310211182,0.5252189636230469,1.1753826141357422,0.6252880692481995,-0.15711352229118347,0.4251498579978943,0.7766226530075073,0.7188429832458496,0.7624529004096985,0.7624529004096985,0.0,0.7801650762557983,0.6189976930618286,1.142893671989441,5.843379020690918
4089_P34903_DB00690,4089,DB00690,P34903,0.10936591029167175,0.5522991418838501,-0.5695202350616455,0.6969979405403137,0.788252055644989,0.4076002836227417,0.7717062830924988,0.7187115550041199,0.8992155194282532,0.8992155194282532,0.0,0.7398290038108826,0.6957677006721497,1.3677128553390503,1.6097373962402344
4090_P47869_DB00690,4090,DB00690,P47869,-0.4177470803260803,0.6352884769439697,-0.8961848020553589,0.7571179270744324,0.06069067120552063,0.5134590864181519,0.8326953053474426,0.7431474924087524,0.9435510039329529,0.9435510039329529,0.0,0.8049814105033875,0.7067689895629883,0.8691912889480591,1.0389043092727661
4091_P47870_DB00690,4091,DB00690,P47870,0.06480161845684052,0.5161176919937134,0.41428080201148987,0.5060531497001648,-0.28467756509780884,0.5261822938919067,0.7289596199989319,0.6327650547027588,0.7740024924278259,0.7740024924278259,0.0,0.717698872089386,0.48520421981811523,1.5634886026382446,5.191269874572754
4094_Q16445_DB00690,4094,DB00690,Q16445,0.20040440559387207,0.5029337406158447,0.8511817455291748,0.5426275134086609,-0.45037293434143066,0.46324002742767334,0.8193120956420898,0.7246653437614441,0.8467949628829956,0.8467949628829956,0.0,0.8124414086341858,0.7246907353401184,1.0082135200500488,3.46522855758667
4105_P35372_DB01452,4105,DB01452,P35372,-0.7858229875564575,0.9293867945671082,-0.16294166445732117,0.9193177223205566,-1.4087042808532715,0.9394558668136597,0.8139347434043884,0.8889954686164856,0.979899525642395,0.979899525642395,0.0,0.7724434733390808,0.8364526629447937,0.8394501209259033,1.5280531644821167
4106_P41143_DB01452,4106,DB01452,P41143,-0.2697944641113281,0.8163483738899231,-0.10300591588020325,0.7893444895744324,-0.436583012342453,0.8433522582054138,0.853672444820404,0.8819888830184937,0.9811108112335205,0.9811108112335205,0.0,0.8218128085136414,0.8686258792877197,0.7007279396057129,0.8330802917480469
4107_P41145_DB01452,4107,DB01452,P41145,-0.05519001930952072,0.8747572898864746,0.026088085025548935,0.8746835589408875,-0.13646812736988068,0.874830961227417,0.8392948508262634,0.9173064231872559,0.9840297698974609,0.9840297698974609,0.0,0.8031110167503357,0.863470196723938,0.6786531805992126,1.42518150806427
4127_P35372_DB00813,4127,DB00813,P35372,-1.527512550354004,0.9725658893585205,-1.9156302213668823,0.9905344247817993,-1.139394998550415,0.9545973539352417,0.8356790542602539,0.9680904150009155,0.9894782304763794,0.9894782304763794,0.0,0.7972292900085449,0.8660672307014465,0.32838335633277893,0.3927491307258606
4128_P41143_DB00813,4128,DB00813,P41143,-0.4323853850364685,0.8960286974906921,-0.25779351592063904,0.9200744032859802,-0.6069772839546204,0.871982991695404,0.8710900545120239,0.8970390558242798,0.9709916710853577,0.9709916710853577,0.0,0.8461146354675293,0.8900343775749207,0.7187406420707703,1.1731901168823242
4129_P41145_DB00813,4129,DB00813,P41145,-1.1210790872573853,0.9619625806808472,-1.3528488874435425,0.9797357320785522,-0.8893092274665833,0.9441893696784973,0.8175560832023621,0.962111234664917,0.9858049750328064,0.9858049750328064,0.0,0.775493860244751,0.8268375396728516,0.3452646732330322,0.44880279898643494
4130_P08183_DB00813,4130,DB00813,P08183,0.47098588943481445,0.586768388748169,0.09143154323101044,0.8699319958686829,0.8505402207374573,0.30360475182533264,0.7584624290466309,0.762424111366272,0.8495461344718933,0.8495461344718933,0.0,0.735691487789154,0.6564170122146606,0.9254984855651855,4.328699111938477
4134_P18505_DB00829,4134,DB00829,P18505,0.04399881511926651,0.5355615615844727,-0.22211869060993195,0.837885320186615,0.31011632084846497,0.23323778808116913,0.7597247362136841,0.6535562872886658,0.7725069522857666,0.7725069522857666,0.0,0.7565291523933411,0.5725013017654419,1.5049968957901,6.018887519836426
4135_P18507_DB00829,4135,DB00829,P18507,-0.3690916895866394,0.5269858241081238,-0.9274560213088989,0.827276349067688,0.18927264213562012,0.22669531404972076,0.7208987474441528,0.6828539967536926,0.6649670004844666,0.6649670004844666,0.0,0.7348816394805908,0.5476534366607666,1.497261643409729,6.9239420890808105
4137_P31644_DB00829,4137,DB00829,P31644,-0.0545756071805954,0.5220357179641724,-0.32701271772384644,0.7940059900283813,0.21786150336265564,0.2500654458999634,0.8118981719017029,0.7241520881652832,0.8680434823036194,0.8680434823036194,0.0,0.7978618144989014,0.7158113718032837,0.973455011844635,3.670369863510132
4139_P47869_DB00829,4139,DB00829,P47869,0.05742274224758148,0.50192791223526,-0.20550811290740967,0.7921302914619446,0.32035359740257263,0.21172551810741425,0.803254246711731,0.716270387172699,0.8019906878471375,0.8019906878471375,0.0,0.8035700917243958,0.5990254878997803,1.0524030923843384,4.570456027984619
4140_P47870_DB00829,4140,DB00829,P47870,0.29685720801353455,0.555583655834198,0.013683438301086426,0.7970422506332397,0.5800309777259827,0.31412506103515625,0.7339865565299988,0.6243400573730469,0.6959472894668579,0.6959472894668579,0.0,0.7434963583946228,0.5517690777778625,1.6536463499069214,7.28911828994751
4141_P48169_DB00829,4141,DB00829,P48169,-0.5238406658172607,0.5637933611869812,-1.2036917209625244,0.9243143200874329,0.1560104340314865,0.20327243208885193,0.7163614630699158,0.6320376992225647,0.8085101842880249,0.8085101842880249,0.0,0.6933242082595825,0.6559023261070251,2.2349395751953125,6.299650192260742
4143_Q16445_DB00829,4143,DB00829,Q16445,-0.3753504455089569,0.5547997951507568,-0.8430812954902649,0.9029995799064636,0.09238038957118988,0.20659996569156647,0.8243162035942078,0.7231642007827759,0.8855065703392029,0.8855065703392029,0.0,0.8090186715126038,0.6347560286521912,0.9678696393966675,2.959078073501587
4144_Q8N1C3_DB00829,4144,DB00829,Q8N1C3,-0.7029086351394653,0.5937368273735046,-1.318899154663086,0.9421042203903198,-0.08691805601119995,0.24536946415901184,0.7613750100135803,0.7018035650253296,0.7942450642585754,0.7942450642585754,0.0,0.7531574964523315,0.5554547905921936,1.2667393684387207,4.835957050323486
4147_P41145_DB00921,4147,DB00921,P41145,-2.2602787017822266,0.9843762516975403,-2.4694862365722656,0.9931249022483826,-2.0510709285736084,0.975627601146698,0.7976340651512146,0.937252938747406,0.9856909513473511,0.9856909513473511,0.0,0.7506197690963745,0.7861976027488708,0.4884253442287445,0.6497004628181458
4148_P35372_DB00921,4148,DB00921,P35372,-2.715348243713379,0.9899715185165405,-2.9942307472229004,0.9997095465660095,-2.4364659786224365,0.9802334904670715,0.8348456621170044,0.8419755697250366,0.9834436774253845,0.9834436774253845,0.0,0.7976961731910706,0.8788020610809326,0.9413528442382812,1.2274513244628906
4149_P41143_DB00921,4149,DB00921,P41143,-2.0156168937683105,0.9572653770446777,-2.3514022827148438,0.9782167673110962,-1.6798312664031982,0.936314046382904,0.8687075972557068,0.8602243661880493,0.9825757145881653,0.9825757145881653,0.0,0.840240478515625,0.887956440448761,0.8473204374313354,1.229980707168579
4150_P41146_DB00921,4150,DB00921,P41146,-1.5152547359466553,0.8727682828903198,-1.7984849214553833,0.9171065092086792,-1.2320244312286377,0.8284300565719604,0.9065032005310059,0.8916219472885132,0.9889841675758362,0.9889841675758362,0.0,0.8858829736709595,0.927084743976593,0.49555978178977966,0.6148032546043396
4151_P28335_DB00574,4151,DB00574,P28335,0.12390817701816559,0.9349468946456909,0.4839567542076111,0.9728979468345642,-0.2361404001712799,0.8969958424568176,0.7901619076728821,0.7993053197860718,0.983383059501648,0.983383059501648,0.0,0.741856575012207,0.85489821434021,1.152883768081665,0.529639482498169
4153_P31645_DB00574,4153,DB00574,P31645,0.05714619159698486,0.9894278049468994,0.45813265442848206,0.9986042380332947,-0.34384027123451233,0.9802513718605042,0.9042488932609558,0.9660468101501465,0.9885832071304321,0.9885832071304321,0.0,0.8831652998924255,0.924012303352356,0.3514919579029083,0.5397756695747375
4154_P28223_DB00574,4154,DB00574,P28223,0.33749204874038696,0.8607546091079712,0.952172577381134,0.8751276731491089,-0.2771884799003601,0.8463816046714783,0.7973267436027527,0.7580768465995789,0.9879164099693298,0.9879164099693298,0.0,0.7496792674064636,0.8589035272598267,1.1992623805999756,0.47706449031829834
4155_P08908_DB00574,4155,DB00574,P08908,0.191254660487175,0.861888587474823,0.535139262676239,0.8611626625061035,-0.15262994170188904,0.8626145124435425,0.8128673434257507,0.9082510471343994,0.9835126399993896,0.9835126399993896,0.0,0.7702060341835022,0.8529371023178101,0.6607585549354553,0.8191413879394531
4156_P28221_DB00574,4156,DB00574,P28221,0.35218173265457153,0.8938965797424316,0.5928512215614319,0.8541100025177002,0.11151224374771118,0.9336831569671631,0.8207738995552063,0.8924927115440369,0.9789055585861206,0.9789055585861206,0.0,0.7812409996986389,0.8628668189048767,0.6261272430419922,0.828776478767395
4158_P35372_DB00647,4158,DB00647,P35372,-0.5501609444618225,0.7281577587127686,-0.9398465752601624,0.9013606309890747,-0.16047529876232147,0.5549548864364624,0.8208205103874207,0.8648537397384644,0.9506772756576538,0.9506772756576538,0.0,0.7883563041687012,0.7950116395950317,0.8318707942962646,1.1300994157791138
4159_P41143_DB00647,4159,DB00647,P41143,0.17517614364624023,0.6889292001724243,-0.17081518471240997,0.9008667469024658,0.5211674571037292,0.4769916534423828,0.8653275370597839,0.8774058818817139,0.9697893857955933,0.9697893857955933,0.0,0.8392121195793152,0.8839063048362732,0.7049534916877747,0.9162119030952454
4160_P41145_DB00647,4160,DB00647,P41145,-0.7414913177490234,0.7517539858818054,-1.5449668169021606,0.961607813835144,0.061984121799468994,0.5419001579284668,0.8111221194267273,0.9260125756263733,0.9736121296882629,0.9736121296882629,0.0,0.7704996466636658,0.7966949939727783,0.5642663240432739,0.9400955438613892
4169_P31645_DB01105,4169,DB01105,P31645,-0.752733588218689,0.9244115352630615,-0.27789872884750366,0.9597200751304626,-1.2275683879852295,0.8891029357910156,0.9021310806274414,0.9704575538635254,0.9662601351737976,0.9662601351737976,0.0,0.8860988020896912,0.9220625162124634,0.349190354347229,0.9965446591377258
4170_P23975_DB01105,4170,DB01105,P23975,0.07140050828456879,0.7231746912002563,0.6031610369682312,0.7968049049377441,-0.46036002039909363,0.6495445370674133,0.8955899477005005,0.9115532636642456,0.9634918570518494,0.9634918570518494,0.0,0.8786144852638245,0.8978569507598877,0.6077040433883667,0.9814519286155701
4171_Q01959_DB01105,4171,DB01105,Q01959,0.9207668900489807,0.5977288484573364,1.573647379875183,0.6248299479484558,0.2678864300251007,0.570627748966217,0.8703410029411316,0.8763905167579651,0.9619340300559998,0.9619340300559998,0.0,0.8474427461624146,0.8810708522796631,0.7632282972335815,1.0250593423843384
4172_P31645_DB01191,4172,DB01191,P31645,-0.1603359580039978,0.9890697002410889,-0.09870310127735138,0.9979422688484192,-0.22196879982948303,0.9801970720291138,0.9063057899475098,0.9717845916748047,0.9893131256103516,0.9893131256103516,0.0,0.8855539560317993,0.9256545901298523,0.32035577297210693,0.5127978324890137
4173_P28335_DB01191,4173,DB01191,P28335,-0.12906263768672943,0.9441965818405151,0.06931250542402267,0.9653146862983704,-0.32743778824806213,0.9230784177780151,0.772315502166748,0.8071790337562561,0.9813454747200012,0.9813454747200012,0.0,0.720058023929596,0.8412778377532959,1.0341846942901611,0.5606377124786377
4174_P41145_DB00611,4174,DB00611,P41145,-0.7056405544281006,0.9143280982971191,-1.0054397583007812,0.8918033242225647,-0.40584132075309753,0.9368528127670288,0.7984514236450195,0.9386679530143738,0.9842093586921692,0.9842093586921692,0.0,0.7520119547843933,0.7990289330482483,0.43942391872406006,0.5264974236488342
4175_P35372_DB00611,4175,DB00611,P35372,-1.95393967628479,0.9838597178459167,-2.4764719009399414,0.9967890977859497,-1.4314073324203491,0.9709303379058838,0.806398868560791,0.9204386472702026,0.9876250624656677,0.9876250624656677,0.0,0.7610923051834106,0.8314846754074097,0.6387339234352112,0.9301949739456177
4176_P41143_DB00611,4176,DB00611,P41143,-1.417962670326233,0.9441776871681213,-1.7826639413833618,0.948018491268158,-1.053261399269104,0.9403368830680847,0.8574029803276062,0.9250884652137756,0.9871569275856018,0.9871569275856018,0.0,0.8249645233154297,0.9034992456436157,0.5637434124946594,0.7714112401008606
4201_P47869_DB00801,4201,DB00801,P47869,1.3980252742767334,0.5622968673706055,1.5000712871551514,0.8661343455314636,1.2959792613983154,0.2584594190120697,0.8508673906326294,0.738445520401001,0.8967138528823853,0.8967138528823853,0.0,0.8394057154655457,0.7980766296386719,0.8570011854171753,2.476158857345581
4203_P48169_DB00801,4203,DB00801,P48169,1.014613151550293,0.5197309255599976,0.9331462979316711,0.7646543383598328,1.09607994556427,0.27480751276016235,0.7347123026847839,0.6050049066543579,0.7788144946098328,0.7788144946098328,0.0,0.723686695098877,0.6269890666007996,2.164458990097046,6.763218879699707
4205_Q16445_DB00801,4205,DB00801,Q16445,0.5871993899345398,0.5703864693641663,0.3374321758747101,0.8435900211334229,0.8369665741920471,0.2971828877925873,0.8185181617736816,0.7334722280502319,0.8410686254501343,0.8410686254501343,0.0,0.8128805160522461,0.6098244190216064,0.9060843586921692,3.0943262577056885
4227_P08913_DB01577,4227,DB01577,P08913,-0.40728580951690674,0.9579546451568604,-0.5887671113014221,0.9664613604545593,-0.22580450773239136,0.9494479298591614,0.7229267954826355,0.671349287033081,0.9789689183235168,0.9789689183235168,0.0,0.6589162945747375,0.7699047327041626,2.0224530696868896,0.7981980443000793
4228_P18089_DB01577,4228,DB01577,P18089,-0.07774215191602707,0.9309779405593872,0.026502709835767746,0.9682925343513489,-0.18198701739311218,0.8936633467674255,0.7520641684532166,0.7569088935852051,0.9869433641433716,0.9869433641433716,0.0,0.6933443546295166,0.8049496412277222,1.5792797803878784,0.5236231088638306
4229_P18825_DB01577,4229,DB01577,P18825,-0.5656638145446777,0.9550462961196899,-0.39851897954940796,0.9847968816757202,-0.7328086495399475,0.9252957105636597,0.7849295735359192,0.8884983062744141,0.9913201928138733,0.9913201928138733,0.0,0.7333319187164307,0.827837347984314,0.6040337681770325,0.4135923683643341
4230_P21397_DB01577,4230,DB01577,P21397,1.1005927324295044,0.6877895593643188,0.4788104295730591,0.7435705661773682,1.7223750352859497,0.6320084929466248,0.9562404751777649,0.955698549747467,0.9655625820159912,0.9655625820159912,0.0,0.9539099335670471,0.9441437125205994,0.3439067304134369,1.0373306274414062
4231_P23975_DB01577,4231,DB01577,P23975,-0.11281342804431915,0.9835426807403564,0.004469268023967743,0.9966008067131042,-0.23009613156318665,0.9704846143722534,0.9066913723945618,0.9066159129142761,0.9840724468231201,0.9840724468231201,0.0,0.8873460292816162,0.9114721417427063,0.6083599925041199,0.597355306148529
4232_P27338_DB01577,4232,DB01577,P27338,0.8553777933120728,0.6964587569236755,0.6957699656486511,0.7556791305541992,1.0149856805801392,0.6372383832931519,0.9791488647460938,0.97553950548172,0.9685920476913452,0.9685920476913452,0.0,0.9817880988121033,0.9675863981246948,0.2984021306037903,1.2019035816192627
4233_P31645_DB01577,4233,DB01577,P31645,0.21691745519638062,0.9893448352813721,0.6602175235748291,0.9975305199623108,-0.22638261318206787,0.9811590909957886,0.8957532048225403,0.9486286044120789,0.9750363230705261,0.9750363230705261,0.0,0.8759323954582214,0.9064693450927734,0.45739036798477173,0.8516297340393066
4234_P54219_DB01577,4234,DB01577,P54219,0.7667405009269714,0.6208342909812927,0.46353575587272644,0.6624286770820618,1.069945216178894,0.5792399048805237,0.7473268508911133,0.7690138220787048,0.9178759455680847,0.9178759455680847,0.0,0.7046895623207092,0.7352749109268188,1.0667551755905151,1.6629314422607422
4235_Q01959_DB01577,4235,DB01577,Q01959,-0.4115317463874817,0.9856230616569519,-0.4798415005207062,0.9974172115325928,-0.3432219624519348,0.973828911781311,0.8800205588340759,0.881670355796814,0.983491063117981,0.983491063117981,0.0,0.8541528582572937,0.8892362713813782,0.7542607188224792,0.5895466804504395
4237_Q96RJ0_DB01577,4237,DB01577,Q96RJ0,0.012635082006454468,0.7964063882827759,0.403756320476532,0.8480913639068604,-0.37848615646362305,0.7447214126586914,0.9380999803543091,0.9511615633964539,0.9833882451057434,0.9833882451057434,0.0,0.9267778396606445,0.9520821571350098,0.3595145344734192,0.43777742981910706
4241_P31645_DB00176,4241,DB00176,P31645,-1.2483329772949219,0.9620166420936584,-1.3705393075942993,0.9814716577529907,-1.1261265277862549,0.9425616264343262,0.9034829139709473,0.9460437893867493,0.9782449007034302,0.9782449007034302,0.0,0.8847923874855042,0.9260889887809753,0.45526161789894104,0.7116972208023071
4243_P30556_DB00177,4243,DB00177,P30556,-1.276330590248108,0.9338701963424683,-0.9147113561630249,0.9481927156448364,-1.637949824333191,0.9195477366447449,0.8508203625679016,0.9523860216140747,0.9727545976638794,0.9727545976638794,0.0,0.8203367590904236,0.8469367623329163,0.40643200278282166,0.6503939032554626
4244_P04150_DB00180,4244,DB00180,P04150,-2.3951146602630615,0.9740310907363892,-2.1912803649902344,0.9925152659416199,-2.5989489555358887,0.9555468559265137,0.6064181327819824,0.44057661294937134,0.9857468605041504,0.9857468605041504,0.0,0.5115859508514404,0.7245994210243225,4.171968460083008,0.8367902636528015
4245_P20618_DB00188,4245,DB00188,P20618,-1.7434728145599365,0.7833089828491211,-2.2866697311401367,0.9995248317718506,-1.2002757787704468,0.5670931339263916,0.8981586694717407,0.8822887539863586,0.8952907919883728,0.8952907919883728,0.0,0.8988756537437439,0.7896482944488525,0.6664237976074219,2.2703425884246826
4246_P28074_DB00188,4246,DB00188,P28074,-1.9912704229354858,0.9703882932662964,-1.9802017211914062,0.9986647367477417,-2.0023391246795654,0.9421119093894958,0.8435010313987732,0.9585782289505005,0.974962592124939,0.974962592124939,0.0,0.8106355667114258,0.8271405696868896,0.4112028479576111,0.5262921452522278
4247_P35372_DB00193,4247,DB00193,P35372,-0.3460237383842468,0.908047080039978,0.31543609499931335,0.9084666967391968,-1.0074836015701294,0.9076274633407593,0.813269317150116,0.9642019867897034,0.9904788136482239,0.9904788136482239,0.0,0.7689669132232666,0.8292222023010254,0.33898138999938965,0.4105561375617981
4248_P23975_DB00193,4248,DB00193,P23975,0.4058230519294739,0.8317866325378418,0.393298864364624,0.8881769180297852,0.4183472692966461,0.7753964066505432,0.9117094278335571,0.9076470732688904,0.9844646453857422,0.9844646453857422,0.0,0.8935205340385437,0.9121976494789124,0.5931053161621094,0.6228412985801697
4250_P31645_DB00193,4250,DB00193,P31645,-0.5466054677963257,0.958629846572876,-0.498970627784729,0.9887264370918274,-0.5942403078079224,0.9285332560539246,0.8954747319221497,0.9187480211257935,0.9896308779716492,0.9896308779716492,0.0,0.8719356656074524,0.9107145071029663,0.576880156993866,0.5264676213264465
4251_P41143_DB00193,4251,DB00193,P41143,0.46328094601631165,0.6916570663452148,0.7055805921554565,0.7463692426681519,0.22098129987716675,0.6369449496269226,0.8574175238609314,0.9142627120018005,0.9874306917190552,0.9874306917190552,0.0,0.8249141573905945,0.8886444568634033,0.6297893524169922,0.9074704647064209
4252_P41145_DB00193,4252,DB00193,P41145,0.20539937913417816,0.6875563859939575,0.3790956735610962,0.7245429754257202,0.03170309588313103,0.6505698561668396,0.8650151491165161,0.8929966688156128,0.9886680245399475,0.9886680245399475,0.0,0.8341019153594971,0.8899808526039124,0.6381948590278625,1.200872540473938
4253_P20309_DB00193,4253,DB00193,P20309,-0.16731922328472137,0.5934692621231079,0.030015043914318085,0.6137349605560303,-0.36465349793434143,0.5732036232948303,0.7184534072875977,0.6521422266960144,0.9667154550552368,0.9667154550552368,0.0,0.6563879251480103,0.7798329591751099,2.02547550201416,1.3654162883758545
4254_P11229_DB00193,4254,DB00193,P11229,0.051205962896347046,0.5973875522613525,0.1719525158405304,0.6246628165245056,-0.0695405900478363,0.5701123476028442,0.7313608527183533,0.7158395648002625,0.9759889245033264,0.9759889245033264,0.0,0.6702038049697876,0.7778343558311462,1.529828429222107,0.9462162256240845
4257_P08913_DB00193,4257,DB00193,P08913,-0.2584104537963867,0.5569713115692139,-0.3334132730960846,0.6822472214698792,-0.18340766429901123,0.4316953718662262,0.7172932028770447,0.6872332692146301,0.9320858716964722,0.9320858716964722,0.0,0.6635950207710266,0.7548468708992004,1.8618937730789185,1.309424877166748
4270_P09250_DB00194,4270,DB00194,P09250,1.060418725013733,0.5042285919189453,1.177498459815979,0.5164967179298401,0.9433389902114868,0.49196040630340576,0.9426943063735962,0.9620859622955322,0.9707151055335999,0.9707151055335999,0.0,0.9356890916824341,0.9489805102348328,0.3613347113132477,0.5947429537773132
4272_P08588_DB00195,4272,DB00195,P08588,-1.4446446895599365,0.9720672965049744,-1.98934006690979,0.9980319142341614,-0.8999492526054382,0.9461026787757874,0.7555322051048279,0.7848464250564575,0.9831621646881104,0.9831621646881104,0.0,0.6986246705055237,0.8006540536880493,1.2692346572875977,0.6585092544555664
4273_P07550_DB00195,4273,DB00195,P07550,-0.4400107264518738,0.9507603645324707,-0.644212007522583,0.9595545530319214,-0.23580944538116455,0.9419662356376648,0.8258846402168274,0.7764641642570496,0.9760047197341919,0.9760047197341919,0.0,0.7883546352386475,0.8912879228591919,1.2578967809677124,0.6851165294647217
4275_O76074_DB00203,4275,DB00203,O76074,-1.982306957244873,0.8901324272155762,-2.178112506866455,0.9525485038757324,-1.7865012884140015,0.8277163505554199,0.8176871538162231,0.5552200078964233,0.970126211643219,0.970126211643219,0.0,0.779577374458313,0.8270439505577087,0.9935875535011292,1.2341911792755127
4283_P28221_DB00216,4283,DB00216,P28221,-1.4241001605987549,0.8807362914085388,-2.067951202392578,0.9529391527175903,-0.7802491784095764,0.8085334300994873,0.8138459324836731,0.8137128353118896,0.9597548842430115,0.9597548842430115,0.0,0.7773687243461609,0.8334437608718872,0.9986445903778076,1.2262111902236938
4284_P08908_DB00216,4284,DB00216,P08908,-1.0039582252502441,0.8084121346473694,-1.33243727684021,0.88420569896698,-0.6754790544509888,0.7326185703277588,0.8242664337158203,0.8631648421287537,0.9819478988647461,0.9819478988647461,0.0,0.7848460674285889,0.8660428524017334,0.8854832649230957,0.6417598724365234
4285_P28222_DB00216,4285,DB00216,P28222,-1.0222783088684082,0.7805091142654419,-1.3987942934036255,0.864493727684021,-0.6457623243331909,0.6965245008468628,0.8559005856513977,0.8570393919944763,0.9766718149185181,0.9766718149185181,0.0,0.825707733631134,0.8707194924354553,0.6276926398277283,0.6149130463600159
4312_P00491_DB00242,4312,DB00242,P00491,1.2335731983184814,0.7046775817871094,1.1112241744995117,0.7532294988632202,1.3559221029281616,0.6561257243156433,0.9251568913459778,0.9606521129608154,0.9832118153572083,0.9832118153572083,0.0,0.9106431603431702,0.8895968198776245,0.4082625210285187,0.7869467735290527
4313_P09884_DB00242,4313,DB00242,P09884,1.2727463245391846,0.5504021644592285,1.5037606954574585,0.6984163522720337,1.041731834411621,0.40238791704177856,0.6435636878013611,0.63591068983078,0.4799783229827881,0.4799783229827881,0.0,0.6844600439071655,0.6036778092384338,2.3552181720733643,15.420445442199707
4314_P23921_DB00242,4314,DB00242,P23921,0.1659676432609558,0.664544939994812,-0.18500767648220062,0.7198119759559631,0.5169429779052734,0.6092779040336609,0.9171461462974548,0.9355268478393555,0.9144320487976074,0.9144320487976074,0.0,0.9178246855735779,0.9060527682304382,0.5989311933517456,2.9019415378570557
4316_P56282_DB00242,4316,DB00242,P56282,0.8807196021080017,0.5972276926040649,1.1023935079574585,0.7404052019119263,0.6590456962585449,0.4540501832962036,0.930311381816864,0.8729228973388672,0.9649794101715088,0.9649794101715088,0.0,0.921644389629364,0.895894467830658,0.41907596588134766,1.0592918395996094
4317_Q07864_DB00242,4317,DB00242,Q07864,2.138927459716797,0.5129327774047852,2.611459732055664,0.5935178399085999,1.6663951873779297,0.4323476552963257,0.8663455247879028,0.7548941969871521,0.9539097547531128,0.9539097547531128,0.0,0.8444544672966003,0.8458114862442017,0.7318022847175598,2.336552381515503
4318_Q7LG56_DB00242,4318,DB00242,Q7LG56,0.7631943821907043,0.530743420124054,1.1263562440872192,0.6927478313446045,0.40003249049186707,0.3687390387058258,0.8127899169921875,0.8379853367805481,0.7840012907981873,0.7840012907981873,0.0,0.8199870586395264,0.8083764314651489,0.9685478210449219,3.6363701820373535
4319_Q9NR33_DB00242,4319,DB00242,Q9NR33,1.2065974473953247,0.6104980111122131,1.6235237121582031,0.7254320383071899,0.7896712422370911,0.49556398391723633,0.7811684608459473,0.7859398126602173,0.845768928527832,0.845768928527832,0.0,0.7650183439254761,0.6712811589241028,0.48278260231018066,1.4960652589797974
4320_Q9NRF9_DB00242,4320,DB00242,Q9NRF9,1.2034205198287964,0.6163263320922852,1.8755947351455688,0.6826149225234985,0.5312463641166687,0.550037682056427,0.8401526808738708,0.7277275323867798,0.8673774003982544,0.8673774003982544,0.0,0.833346426486969,0.6654727458953857,0.43594858050346375,1.2632439136505127
4324_P08588_DB00243,4324,DB00243,P08588,-0.055877771228551865,0.9329984784126282,-0.04290122538805008,0.9738326668739319,-0.06885431706905365,0.8921642899513245,0.7461764216423035,0.7782391309738159,0.9579213857650757,0.9579213857650757,0.0,0.693240225315094,0.8085998892784119,1.3039454221725464,1.1533857583999634
4325_P25100_DB00243,4325,DB00243,P25100,-0.20001450181007385,0.8562164902687073,0.3304847478866577,0.9010341167449951,-0.7305137515068054,0.8113988637924194,0.6605607867240906,0.6128624081611633,0.9468376040458679,0.9468376040458679,0.0,0.5889915823936462,0.7297354936599731,2.3522255420684814,1.577167272567749
4326_P35348_DB00243,4326,DB00243,P35348,-0.36190199851989746,0.8935649394989014,-0.30969762802124023,0.9296902418136597,-0.4141063392162323,0.8574396967887878,0.7665849924087524,0.7217404246330261,0.9517227411270142,0.9517227411270142,0.0,0.720300555229187,0.8311112523078918,1.330864667892456,1.1804395914077759
4327_P35368_DB00243,4327,DB00243,P35368,-0.0809360146522522,0.8629769086837769,0.2599424719810486,0.9146066904067993,-0.421814501285553,0.8113471269607544,0.6929578185081482,0.6896793246269226,0.9596149325370789,0.9596149325370789,0.0,0.6262934803962708,0.7694902420043945,1.7831501960754395,1.0624030828475952
4351_Q9QNF7_DB00249,4351,DB00249,Q9QNF7,0.2491079568862915,0.7136448621749878,0.43356558680534363,0.7533497214317322,0.06465032696723938,0.6739399433135986,0.903171181678772,0.8859890699386597,0.9898090362548828,0.9898090362548828,0.0,0.8815116882324219,0.9284058213233948,0.7039477229118347,0.5021768808364868
4354_P0A7V8_DB00256,4354,DB00256,P0A7V8,0.6325657367706299,0.6157987713813782,0.4864465594291687,0.7229013442993164,0.7786849737167358,0.5086961984634399,0.7394670844078064,0.8625785708427429,0.5951939225196838,0.5951939225196838,0.0,0.7755353450775146,0.3966100513935089,0.8189617991447449,3.9625701904296875
4356_P08588_DB00264,4356,DB00264,P08588,-0.9907186627388,0.9453333616256714,-1.5673532485961914,0.9890838265419006,-0.4140840768814087,0.9015828371047974,0.7680978178977966,0.800085186958313,0.9802813529968262,0.9802813529968262,0.0,0.7150519490242004,0.8090471625328064,1.128888487815857,0.7007273435592651
4357_P07550_DB00264,4357,DB00264,P07550,-0.11738342046737671,0.9341148734092712,-0.5035594701766968,0.9409956336021423,0.26879262924194336,0.9272341132164001,0.8236975073814392,0.7871082425117493,0.9617525339126587,0.9617525339126587,0.0,0.7891837358474731,0.8703749775886536,1.210658311843872,0.8907685279846191
4358_P13945_DB00264,4358,DB00264,P13945,-0.037505753338336945,0.8746731877326965,-0.28635576367378235,0.8637065887451172,0.21134425699710846,0.8856397867202759,0.7882251143455505,0.7844611406326294,0.9693584442138672,0.9693584442138672,0.0,0.7429417371749878,0.8366857767105103,1.3491780757904053,0.9788690805435181
4359_P14416_DB00268,4359,DB00268,P14416,-0.8591138124465942,0.9740396738052368,-0.4237075448036194,0.9759126901626587,-1.2945201396942139,0.9721667170524597,0.774282693862915,0.8068150281906128,0.9808688163757324,0.9808688163757324,0.0,0.7226361632347107,0.8147866725921631,0.7993192672729492,0.583612859249115
4360_P35462_DB00268,4360,DB00268,P35462,-1.617414116859436,0.9747147560119629,-1.3187490701675415,0.9854956269264221,-1.9160791635513306,0.9639338254928589,0.8949679732322693,0.8606176376342773,0.9851998686790466,0.9851998686790466,0.0,0.8724099397659302,0.9154738783836365,0.5140707492828369,0.43397364020347595
4361_P21917_DB00268,4361,DB00268,P21917,-0.6357563734054565,0.889421820640564,-0.576772928237915,0.9307631254196167,-0.694739818572998,0.8480805158615112,0.7964022159576416,0.8375557065010071,0.9848086833953857,0.9848086833953857,0.0,0.7493005990982056,0.8699648380279541,0.7755299210548401,0.5013471245765686
4362_P08913_DB00268,4362,DB00268,P08913,-0.6293178200721741,0.930425763130188,-0.1690683662891388,0.9477303624153137,-1.0895673036575317,0.913121223449707,0.731252133846283,0.6793651580810547,0.9707590341567993,0.9707590341567993,0.0,0.6713753342628479,0.811403751373291,1.8618600368499756,0.8128964900970459
4363_P18089_DB00268,4363,DB00268,P18089,-1.0906498432159424,0.9518496990203857,-0.9441269636154175,0.9922289252281189,-1.2371727228164673,0.9114705324172974,0.7447896003723145,0.7061681151390076,0.9739395976066589,0.9739395976066589,0.0,0.6875020861625671,0.8161872625350952,1.7765705585479736,0.6397272348403931
4364_P18825_DB00268,4364,DB00268,P18825,-1.2435204982757568,0.959810733795166,-0.6883285045623779,0.9628227949142456,-1.7987126111984253,0.9567986726760864,0.7496514320373535,0.827372133731842,0.9863172173500061,0.9863172173500061,0.0,0.6904850006103516,0.8156178593635559,0.8825096487998962,0.47088822722435
4365_P25100_DB00268,4365,DB00268,P25100,-0.7548744678497314,0.9163234829902649,-0.5249942541122437,0.9332990050315857,-0.9847546219825745,0.8993479609489441,0.6607118844985962,0.65850830078125,0.9836488366127014,0.9836488366127014,0.0,0.5799776315689087,0.744594395160675,2.2563085556030273,0.6828362345695496
4366_P35348_DB00268,4366,DB00268,P35348,-0.9788581132888794,0.9361830949783325,-0.959660530090332,0.9609110355377197,-0.998055636882782,0.9114552140235901,0.7619864344596863,0.829034149646759,0.9828693866729736,0.9828693866729736,0.0,0.7067656517028809,0.8260528445243835,0.9074202179908752,0.6327866315841675
4367_P35368_DB00268,4367,DB00268,P35368,-1.1010301113128662,0.9095516204833984,-1.0464506149291992,0.9180081486701965,-1.1556097269058228,0.9010950922966003,0.709216833114624,0.6941149830818176,0.9839682579040527,0.9839682579040527,0.0,0.6405289769172668,0.7872040867805481,1.9127123355865479,0.599726140499115
4405_Q8XJ01_DB00301,4405,DB00301,Q8XJ01,-0.09666578471660614,0.6194071173667908,-0.09322476387023926,0.6941848993301392,-0.10010680556297302,0.5446293354034424,0.9041725993156433,0.7764467597007751,0.9765109419822693,0.9765109419822693,0.0,0.8860880136489868,0.8728936314582825,0.4634290933609009,0.7967008352279663
4406_P44469_DB00303,4406,DB00303,P44469,-0.3049377501010895,0.7278629541397095,-0.4827408194541931,0.8314779996871948,-0.12713468074798584,0.6242479681968689,0.9114381074905396,0.8465749025344849,0.953007698059082,0.953007698059082,0.0,0.9010456800460815,0.8918330073356628,0.5437949299812317,1.1784168481826782
4409_P02919_DB00303,4409,DB00303,P02919,-0.04640325903892517,0.6695334911346436,-0.7326368093490601,0.8760302662849426,0.6398302912712097,0.4630366563796997,0.8514219522476196,0.8633961081504822,0.9325528144836426,0.9325528144836426,0.0,0.8311391472816467,0.7980062961578369,0.844004213809967,2.0655837059020996
4413_P24228_DB00303,4413,DB00303,P24228,-0.4307951331138611,0.704868733882904,-0.46220842003822327,0.7437300086021423,-0.3993818461894989,0.6660074591636658,0.9368827939033508,0.9642763733863831,0.9562823176383972,0.9562823176383972,0.0,0.9320329427719116,0.8318273425102234,0.3475666344165802,0.8474399447441101
4414_P28702_DB00307,4414,DB00307,P28702,0.49251773953437805,0.8585326671600342,0.9147366285324097,0.9234093427658081,0.07029883563518524,0.7936559319496155,0.6358887553215027,0.5195524096488953,0.9648746252059937,0.9648746252059937,0.0,0.5536422729492188,0.6548161506652832,2.6702206134796143,1.5695236921310425
4415_P19793_DB00307,4415,DB00307,P19793,-0.5968750715255737,0.9404362440109253,-0.37300923466682434,0.9583449363708496,-0.8207409381866455,0.9225274920463562,0.7122668623924255,0.6077380180358887,0.9897118210792542,0.9897118210792542,0.0,0.642905592918396,0.7720559239387512,1.9881618022918701,0.8600034117698669
4416_P48443_DB00307,4416,DB00307,P48443,0.08102745562791824,0.8889415264129639,0.29761701822280884,0.9208638072013855,-0.13556210696697235,0.8570192456245422,0.701836884021759,0.6468859314918518,0.9881278872489929,0.9881278872489929,0.0,0.6302641034126282,0.772856593132019,1.9172283411026,0.7602860331535339
4430_Q92769_DB00313,4430,DB00313,Q92769,0.9754943251609802,0.6358476877212524,1.3405719995498657,0.7043535709381104,0.6104166507720947,0.5673417448997498,0.8837471008300781,0.8961142301559448,0.981976330280304,0.981976330280304,0.0,0.8591898083686829,0.8966825008392334,0.6811871528625488,0.7032291889190674
4440_O15379_DB00313,4440,DB00313,O15379,0.9031389951705933,0.6202965974807739,1.0775855779647827,0.8369634747505188,0.7286924719810486,0.40362975001335144,0.8977939486503601,0.9137500524520874,0.965152382850647,0.965152382850647,0.0,0.880954384803772,0.901263415813446,0.6414471864700317,0.7363110184669495
4445_Q13547_DB00313,4445,DB00313,Q13547,1.157785177230835,0.62067711353302,1.5411419868469238,0.6863212585449219,0.7744283080101013,0.5550330281257629,0.861153244972229,0.8253335952758789,0.963172972202301,0.963172972202301,0.0,0.8356482982635498,0.8736732602119446,1.1405527591705322,0.957682728767395
4453_P28221_DB00315,4453,DB00315,P28221,-1.8867162466049194,0.9756305813789368,-1.8234342336654663,0.9934344291687012,-1.9499982595443726,0.9578267335891724,0.825699508190155,0.8285953402519226,0.9836931824684143,0.9836931824684143,0.0,0.7862011194229126,0.858674943447113,0.8756788372993469,0.7539438605308533
4454_P28222_DB00315,4454,DB00315,P28222,-1.116600751876831,0.8777036666870117,-1.1136558055877686,0.8814733624458313,-1.119545578956604,0.8739339709281921,0.8532375693321228,0.873349130153656,0.9843995571136475,0.9843995571136475,0.0,0.8204470276832581,0.8762295842170715,0.5749235153198242,0.503162682056427
4456_P08908_DB00315,4456,DB00315,P08908,-1.495732069015503,0.934747040271759,-1.4572341442108154,0.9330194592475891,-1.5342298746109009,0.936474621295929,0.7926619052886963,0.8865656852722168,0.9801692962646484,0.9801692962646484,0.0,0.7457850575447083,0.8336549401283264,0.7198026776313782,0.720973014831543
4457_P28223_DB00315,4457,DB00315,P28223,0.051661863923072815,0.7594636678695679,-0.16626965999603271,0.7661656737327576,0.26959338784217834,0.752761721611023,0.8199114799499512,0.909142792224884,0.9882839918136597,0.9882839918136597,0.0,0.7778183817863464,0.8462778329849243,0.4769926071166992,0.429789662361145
4458_P28566_DB00315,4458,DB00315,P28566,-1.019404649734497,0.8966277241706848,-0.7807812094688416,0.8811039924621582,-1.2580281496047974,0.9121514558792114,0.8269049525260925,0.8601946234703064,0.9779333472251892,0.9779333472251892,0.0,0.7891479134559631,0.8824682235717773,0.7965762615203857,0.6418049335479736
4459_P34969_DB00315,4459,DB00315,P34969,-0.977854311466217,0.8558518886566162,-1.0989340543746948,0.9226447939872742,-0.8567745685577393,0.7890589237213135,0.7959678769111633,0.8140857219696045,0.9772639870643616,0.9772639870643616,0.0,0.7506438493728638,0.8356727957725525,0.9206573963165283,0.6985949873924255
4461_P00533_DB00317,4461,DB00317,P00533,-0.918034553527832,0.7488332986831665,-1.1348143815994263,0.8152175545692444,-0.701254665851593,0.6824491024017334,0.7732786536216736,0.40672358870506287,0.9411598443984985,0.9411598443984985,0.0,0.7313082814216614,0.7601149678230286,2.0076022148132324,2.2505314350128174
4462_P28221_DB00320,4462,DB00320,P28221,-1.8847349882125854,0.9217478036880493,-1.913697600364685,0.9482524394989014,-1.8557723760604858,0.895243227481842,0.8150078654289246,0.8727138638496399,0.9643847346305847,0.9643847346305847,0.0,0.7776636481285095,0.8428223133087158,0.7020931839942932,0.9989086389541626
4463_P28222_DB00320,4463,DB00320,P28222,-1.8839020729064941,0.9097368717193604,-2.136256694793701,0.9696481227874756,-1.6315475702285767,0.8498255610466003,0.8429417014122009,0.8482529520988464,0.9762293100357056,0.9762293100357056,0.0,0.8096197843551636,0.8819693326950073,0.6532614827156067,0.6077324151992798
4464_P08913_DB00320,4464,DB00320,P08913,-1.5438979864120483,0.8951168060302734,-1.3196851015090942,0.9222395420074463,-1.7681108713150024,0.8679941296577454,0.7418237924575806,0.709008514881134,0.9701988101005554,0.9701988101005554,0.0,0.6847299933433533,0.8194386959075928,1.5808571577072144,0.9749787449836731
4466_P08908_DB00320,4466,DB00320,P08908,-1.5208821296691895,0.8530957102775574,-1.769091010093689,0.9461214542388916,-1.27267324924469,0.7600699663162231,0.8127790689468384,0.8118066787719727,0.9668364524841309,0.9668364524841309,0.0,0.7742646336555481,0.8639607429504395,0.9735227823257446,0.8948819041252136
4467_P13945_DB00320,4467,DB00320,P13945,-1.2258813381195068,0.7769790887832642,-0.8824378252029419,0.8971647620201111,-1.5693247318267822,0.656793475151062,0.7866851687431335,0.8259469270706177,0.958947479724884,0.958947479724884,0.0,0.7436196208000183,0.8530725836753845,1.1245521306991577,1.4731032848358154
4468_P14416_DB00320,4468,DB00320,P14416,-1.505374789237976,0.9009878635406494,-1.607899785041809,0.9325636625289917,-1.402849793434143,0.8694121241569519,0.7658522129058838,0.8655054569244385,0.9723513722419739,0.9723513722419739,0.0,0.7142274379730225,0.780921995639801,0.6913423538208008,0.7585779428482056
4469_P18089_DB00320,4469,DB00320,P18089,-1.4632530212402344,0.8776025772094727,-1.1737349033355713,0.9174784421920776,-1.7527711391448975,0.8377267718315125,0.7409578561782837,0.7300305366516113,0.9688769578933716,0.9688769578933716,0.0,0.6839780211448669,0.804878294467926,1.5202195644378662,0.8137975335121155
4470_P18825_DB00320,4470,DB00320,P18825,-1.4006259441375732,0.9164808988571167,-0.9413676261901855,0.9562405943870544,-1.8598841428756714,0.876721203327179,0.7582993507385254,0.7845345139503479,0.9811031222343445,0.9811031222343445,0.0,0.7025983929634094,0.8339008688926697,1.0100367069244385,0.5512955188751221
4471_P21917_DB00320,4471,DB00320,P21917,-0.7458744645118713,0.6481016874313354,-0.6275914907455444,0.724058210849762,-0.8641574382781982,0.5721451044082642,0.7985830903053284,0.7486793398857117,0.9805030226707458,0.9805030226707458,0.0,0.7531030774116516,0.8832768201828003,1.055614948272705,0.6743773818016052
4472_P25100_DB00320,4472,DB00320,P25100,-1.4226356744766235,0.8241419196128845,-1.5173083543777466,0.9334712624549866,-1.3279629945755005,0.7148125767707825,0.6701908111572266,0.6161679625511169,0.957213282585144,0.957213282585144,0.0,0.5984351634979248,0.7677128314971924,2.2232789993286133,1.36959969997406
4473_P28223_DB00320,4473,DB00320,P28223,-1.698143482208252,0.8930050134658813,-1.874617338180542,0.9425696730613708,-1.5216697454452515,0.8434403538703918,0.8106483817100525,0.8233484625816345,0.9754471182823181,0.9754471182823181,0.0,0.7694486379623413,0.8356116414070129,0.7854986786842346,0.6232264041900635
4474_P28335_DB00320,4474,DB00320,P28335,-1.2303965091705322,0.7268086075782776,-1.2393995523452759,0.7678636908531189,-1.2213934659957886,0.6857535243034363,0.7661511898040771,0.8153625130653381,0.9709935784339905,0.9709935784339905,0.0,0.71494060754776,0.8290655016899109,0.9332990646362305,0.7052938342094421
4475_P28566_DB00320,4475,DB00320,P28566,-1.3239021301269531,0.7664380073547363,-1.665165662765503,0.8624508380889893,-0.9826386570930481,0.6704251766204834,0.8158494830131531,0.8576011061668396,0.9576901197433472,0.9576901197433472,0.0,0.7803893685340881,0.8479463458061218,0.7879330515861511,0.8712435364723206
4477_P35348_DB00320,4477,DB00320,P35348,-1.3738384246826172,0.7346494793891907,-1.7137060165405273,0.8421685695648193,-1.0339707136154175,0.627130389213562,0.7719654440879822,0.7726873159408569,0.973716139793396,0.973716139793396,0.0,0.7215276956558228,0.8532824516296387,0.9362760186195374,0.8163555860519409
4478_P35368_DB00320,4478,DB00320,P35368,-1.5498542785644531,0.8136972188949585,-1.457751750946045,0.8694096207618713,-1.6419568061828613,0.7579847574234009,0.7083824276924133,0.790153980255127,0.9773117899894714,0.9773117899894714,0.0,0.6411500573158264,0.7816916704177856,1.1665844917297363,0.8014850616455078
4479_P35462_DB00320,4479,DB00320,P35462,-1.806930422782898,0.8754497766494751,-2.123086452484131,0.9375588297843933,-1.490774393081665,0.8133406639099121,0.8762008547782898,0.8206319808959961,0.9672744274139404,0.9672744274139404,0.0,0.8534324169158936,0.8613773584365845,0.6686689853668213,0.6714688539505005
4501_P28335_DB00334,4501,DB00334,P28335,-2.9635024070739746,0.9847245216369629,-2.9610533714294434,0.9945429563522339,-2.965951442718506,0.9749060273170471,0.8001713752746582,0.7847912907600403,0.9826350808143616,0.9826350808143616,0.0,0.7545554041862488,0.8654071092605591,1.1662561893463135,0.5720837116241455
4502_P35367_DB00334,4502,DB00334,P35367,-3.07262921333313,0.9932061433792114,-3.165243625640869,0.9999793767929077,-2.9800148010253906,0.9864329695701599,0.7123529314994812,0.827853262424469,0.9847695827484131,0.9847695827484131,0.0,0.6442487239837646,0.7916468381881714,0.9350864887237549,0.5286058187484741
4503_P35368_DB00334,4503,DB00334,P35368,-1.7170321941375732,0.8797810077667236,-1.4057095050811768,0.8567172884941101,-2.0283548831939697,0.9028446674346924,0.699633777141571,0.6955958008766174,0.9729930758476257,0.9729930758476257,0.0,0.6312938928604126,0.7763091325759888,1.8521232604980469,0.8268942832946777
4504_P35462_DB00334,4504,DB00334,P35462,-2.2624282836914062,0.934740424156189,-2.0498194694519043,0.9326404929161072,-2.475037097930908,0.9368403553962708,0.883206307888031,0.8245500922203064,0.9758586287498474,0.9758586287498474,0.0,0.8600432276725769,0.8743743896484375,0.6293318271636963,0.6075310707092285
4505_P21918_DB00334,4505,DB00334,P21918,-1.7849397659301758,0.8613536357879639,-1.6126495599746704,0.8700207471847534,-1.9572298526763916,0.8526865243911743,0.7246917486190796,0.7390474081039429,0.9521096348762512,0.9521096348762512,0.0,0.6678372621536255,0.7896655797958374,1.3177603483200073,1.0568236112594604
4506_P35348_DB00334,4506,DB00334,P35348,-1.884145975112915,0.9070955514907837,-1.921260952949524,0.9183722734451294,-1.8470311164855957,0.8958187699317932,0.7790309190750122,0.7408050894737244,0.97976154088974,0.97976154088974,0.0,0.7288482189178467,0.8443934321403503,1.187537670135498,0.7583081722259521
4508_P50406_DB00334,4508,DB00334,P50406,-2.1890642642974854,0.9289151430130005,-2.0652356147766113,0.9305366277694702,-2.3128929138183594,0.9272937178611755,0.7690470814704895,0.829053521156311,0.9685094356536865,0.9685094356536865,0.0,0.719181478023529,0.8363299369812012,0.9801638126373291,0.723646879196167
4509_P07550_DB00334,4509,DB00334,P07550,-1.6594246625900269,0.8797918558120728,-1.6878548860549927,0.8745965361595154,-1.630994439125061,0.8849872350692749,0.8071948885917664,0.8530546426773071,0.9672496318817139,0.9672496318817139,0.0,0.7671812772750854,0.8588146567344666,0.8336410522460938,0.80073481798172
4510_P08588_DB00334,4510,DB00334,P08588,-2.223780632019043,0.9101834893226624,-2.0729727745056152,0.8843303322792053,-2.3745884895324707,0.9360366463661194,0.7594913840293884,0.7847214341163635,0.9791777729988098,0.9791777729988098,0.0,0.7045698165893555,0.8275622129440308,1.220515489578247,0.708639919757843
4511_P13945_DB00334,4511,DB00334,P13945,-1.391021728515625,0.8167998790740967,-1.2082767486572266,0.8009997606277466,-1.5737665891647339,0.8326000571250916,0.806193470954895,0.863984227180481,0.9797395467758179,0.9797395467758179,0.0,0.7628068923950195,0.8511148691177368,0.8677551746368408,0.7527520060539246
4512_P08908_DB00334,4512,DB00334,P08908,-0.791510820388794,0.7647803425788879,-0.18654035031795502,0.6887876391410828,-1.3964812755584717,0.8407730460166931,0.8086327910423279,0.832283616065979,0.9833444356918335,0.9833444356918335,0.0,0.7649548649787903,0.8483755588531494,0.6044334173202515,0.5794504284858704
4515_P28221_DB00334,4515,DB00334,P28221,-1.4745622873306274,0.9363168478012085,-0.903940737247467,0.9177495241165161,-2.0451838970184326,0.9548841714859009,0.8223050236701965,0.8038846850395203,0.9710304141044617,0.9710304141044617,0.0,0.7851236462593079,0.8728204369544983,0.9391247034072876,0.8602123260498047
4516_P28222_DB00334,4516,DB00334,P28222,-1.6112086772918701,0.8905278444290161,-1.6542388200759888,0.8905733823776245,-1.568178653717041,0.8904823064804077,0.8552014231681824,0.8676258325576782,0.9787219166755676,0.9787219166755676,0.0,0.8243212699890137,0.8869504332542419,0.5490590929985046,0.5503098964691162
4517_P28566_DB00334,4517,DB00334,P28566,-1.6802211999893188,0.9048101902008057,-1.4880142211914062,0.9254741668701172,-1.8724281787872314,0.8841462135314941,0.8433651924133301,0.8886548280715942,0.9619237780570984,0.9619237780570984,0.0,0.8137255907058716,0.8994891047477722,0.6295592784881592,0.7245727181434631
4524_P62942_DB00337,4524,DB00337,P62942,-2.160885810852051,0.9882312417030334,-2.503173351287842,0.9979528188705444,-1.8185980319976807,0.9785096645355225,0.9732889533042908,0.9813209176063538,0.9853025078773499,0.9853025078773499,0.0,0.9702855348587036,0.9669831991195679,0.2729082405567169,0.30560413002967834
4532_P32754_DB00348,4532,DB00348,P32754,-0.5039049983024597,0.6784107685089111,-1.1816730499267578,0.843420684337616,0.17386306822299957,0.5134008526802063,0.957345187664032,0.9692926406860352,0.9624662399291992,0.9624662399291992,0.0,0.9560648798942566,0.9504777789115906,0.39708590507507324,1.0529085397720337
4537_P05108_DB00357,4537,DB00357,P05108,-0.5101699829101562,0.6450175642967224,-0.5668375492095947,0.8419644236564636,-0.45350244641304016,0.4480707347393036,0.8901220560073853,0.9112812280654907,0.841633141040802,0.841633141040802,0.0,0.9022442698478699,0.812202513217926,0.6906145215034485,2.447150945663452
4539_P00439_DB00360,4539,DB00360,P00439,0.5992356538772583,0.7216828465461731,0.44746026396751404,0.8013179302215576,0.751011073589325,0.6420477628707886,0.842742383480072,0.8815357089042664,0.9809969663619995,0.9809969663619995,0.0,0.8081786632537842,0.8210715055465698,0.7090443968772888,1.2753785848617554
4540_P07101_DB00360,4540,DB00360,P07101,0.7492709159851074,0.6008484363555908,0.7246103882789612,0.6717155575752258,0.7739315032958984,0.5299813151359558,0.7950817942619324,0.7199292182922363,0.9756585359573364,0.9756585359573364,0.0,0.7499375939369202,0.7909759879112244,1.4839073419570923,2.0242104530334473
4541_P17752_DB00360,4541,DB00360,P17752,0.941288948059082,0.6817442178726196,0.61646968126297,0.7951222658157349,1.2661082744598389,0.5683661699295044,0.8771514296531677,0.9400261640548706,0.9863290190696716,0.9863290190696716,0.0,0.849856972694397,0.8474514484405518,0.38967546820640564,0.6248297095298767
4545_P03372_DB00367,4545,DB00367,P03372,-1.067486047744751,0.843185544013977,-0.9568419456481934,0.8887588381767273,-1.178130030632019,0.7976123094558716,0.652809739112854,0.6152805089950562,0.9914413690567017,0.9914413690567017,0.0,0.5681517720222473,0.7478855848312378,2.5022614002227783,0.5248278379440308
4548_P04278_DB00367,4548,DB00367,P04278,-0.5010652542114258,0.5822339057922363,-0.7494687438011169,0.6631627082824707,-0.252661794424057,0.5013050436973572,0.8914588093757629,0.849607527256012,0.9567928314208984,0.9567928314208984,0.0,0.8751252889633179,0.8920668363571167,0.5303120613098145,0.7597775459289551
4549_P04150_DB00367,4549,DB00367,P04150,-1.6002217531204224,0.8959094285964966,-1.972135066986084,0.936000406742096,-1.2283084392547607,0.8558183908462524,0.6007667779922485,0.4353797137737274,0.9826165437698364,0.9826165437698364,0.0,0.5053043365478516,0.6808265447616577,4.388217926025391,0.9868221282958984
4550_Q03181_DB00374,4550,DB00374,Q03181,0.46123218536376953,0.6435250043869019,0.2282312512397766,0.593380868434906,0.6942331194877625,0.6936691999435425,0.8675524592399597,0.8224653005599976,0.9818062782287598,0.9818062782287598,0.0,0.8389890193939209,0.896056056022644,0.9001873731613159,0.5772203207015991
4551_Q9H244_DB00374,4551,DB00374,Q9H244,-0.4219004213809967,0.6327849626541138,-1.1667499542236328,0.7479691505432129,0.3229491114616394,0.5176007151603699,0.8819449543952942,0.8946294784545898,0.9605692028999329,0.9605692028999329,0.0,0.8622888326644897,0.8758299350738525,0.6837081909179688,0.9284264445304871
4552_P43119_DB00374,4552,DB00374,P43119,-0.28043439984321594,0.9456595182418823,0.03141425549983978,0.9758062362670898,-0.5922830700874329,0.9155128598213196,0.7930688261985779,0.811016857624054,0.9675721526145935,0.9675721526145935,0.0,0.749442994594574,0.8053306341171265,0.949100911617279,0.6443679928779602
4553_P43116_DB00374,4553,DB00374,P43116,0.3317840099334717,0.9470480680465698,0.49229860305786133,0.9534147381782532,0.17126943171024323,0.9406813979148865,0.8458618521690369,0.8808475136756897,0.976041316986084,0.976041316986084,0.0,0.8133169412612915,0.864801287651062,0.6001535058021545,0.5197260975837708
4554_Q13258_DB00374,4554,DB00374,Q13258,-0.16699588298797607,0.9149266481399536,-0.38226237893104553,0.9526048898696899,0.04827061668038368,0.8772484064102173,0.874886155128479,0.8681056499481201,0.9614946842193604,0.9614946842193604,0.0,0.8532339334487915,0.8815798163414001,0.6675301790237427,0.6819885969161987
4559_P14416_DB00391,4559,DB00391,P14416,-0.9879047870635986,0.5409446358680725,-0.7906696200370789,0.7334604859352112,-1.1851398944854736,0.3484288156032562,0.7656598687171936,0.8376728296279907,0.9714664816856384,0.9714664816856384,0.0,0.71420818567276,0.7988460063934326,0.7762129306793213,0.9079906940460205
4560_P35462_DB00391,4560,DB00391,P35462,-0.887344479560852,0.515473484992981,-1.0597622394561768,0.778617262840271,-0.7149266600608826,0.25232967734336853,0.8929920196533203,0.8364638090133667,0.9734446406364441,0.9734446406364441,0.0,0.872878909111023,0.8973114490509033,0.5978758335113525,0.6155310869216919
4561_P00918_DB00391,4561,DB00391,P00918,-1.5689735412597656,0.9928011894226074,-1.4442161321640015,0.9998273253440857,-1.6937309503555298,0.9857749938964844,0.9771068692207336,0.9919276237487793,0.9891863465309143,0.9891863465309143,0.0,0.9740869998931885,0.9549070596694946,0.27079084515571594,0.33302056789398193
4562_P07451_DB00391,4562,DB00391,P07451,-0.48049938678741455,0.9197200536727905,-0.6068243980407715,0.9930351972579956,-0.35417440533638,0.8464049100875854,0.9716286659240723,0.9852400422096252,0.9670447707176208,0.9670447707176208,0.0,0.9727746248245239,0.9297524094581604,0.29453080892562866,0.4613097310066223
4575_P15056_DB00398,4575,DB00398,P15056,-1.4942303895950317,0.7904759645462036,-1.2334966659545898,0.7552860379219055,-1.7549641132354736,0.8256658911705017,0.6615200042724609,0.45457157492637634,0.9809852838516235,0.9809852838516235,0.0,0.5816536545753479,0.7157717943191528,3.1292765140533447,1.889526128768921
4576_P04049_DB00398,4576,DB00398,P04049,-1.876873254776001,0.824840784072876,-2.0261874198913574,0.8325358629226685,-1.7275590896606445,0.8171457052230835,0.6960644125938416,0.6887856721878052,0.9894735813140869,0.9894735813140869,0.0,0.6227120757102966,0.7350318431854248,1.7912791967391968,0.8506941795349121
4577_P09619_DB00398,4577,DB00398,P09619,-1.7996389865875244,0.8106660842895508,-1.5548162460327148,0.8071426153182983,-2.044461727142334,0.814189612865448,0.7677407264709473,0.6250413060188293,0.9852091073989868,0.9852091073989868,0.0,0.7133736610412598,0.7787704467773438,1.4402825832366943,1.0176585912704468
4578_P10721_DB00398,4578,DB00398,P10721,-1.945849895477295,0.9023295640945435,-1.6257719993591309,0.9049893617630005,-2.265927791595459,0.8996697664260864,0.8173149228096008,0.4835728704929352,0.9869438409805298,0.9869438409805298,0.0,0.774907648563385,0.8430235385894775,1.3138419389724731,0.8272168040275574
4579_P35916_DB00398,4579,DB00398,P35916,-1.779783844947815,0.8135098814964294,-1.6581201553344727,0.7966410517692566,-1.9014475345611572,0.8303787112236023,0.761479914188385,0.4849209487438202,0.9805355072021484,0.9805355072021484,0.0,0.706716001033783,0.7703744173049927,1.6303223371505737,1.6589250564575195
4581_P36888_DB00398,4581,DB00398,P36888,-1.7513844966888428,0.8572596907615662,-1.6371374130249023,0.8771166801452637,-1.8656314611434937,0.8374027013778687,0.7912054061889648,0.5117279291152954,0.9777045249938965,0.9777045249938965,0.0,0.7445806264877319,0.8261355757713318,1.204216480255127,1.0784783363342285
4582_P07949_DB00398,4582,DB00398,P07949,-1.6150593757629395,0.7166699171066284,-1.493224859237671,0.6982483863830566,-1.736893892288208,0.735091507434845,0.7984710931777954,0.5273531079292297,0.9812334179878235,0.9812334179878235,0.0,0.7527804970741272,0.8062906861305237,1.5396802425384521,1.2924227714538574
4583_P11362_DB00398,4583,DB00398,P11362,-1.5783036947250366,0.7450224757194519,-1.6509517431259155,0.741548478603363,-1.5056556463241577,0.7484964728355408,0.7485741972923279,0.5186058878898621,0.984947919845581,0.984947919845581,0.0,0.689480721950531,0.7956435680389404,1.9332787990570068,1.1721367835998535
4584_P17948_DB00398,4584,DB00398,P17948,-1.4762341976165771,0.8454916477203369,-1.286354422569275,0.883038341999054,-1.666114091873169,0.8079450130462646,0.776229977607727,0.4192408323287964,0.9750115871429443,0.9750115871429443,0.0,0.7265345454216003,0.7951563000679016,1.790207028388977,1.563444972038269
4601_P37231_DB00412,4601,DB00412,P37231,0.7473331689834595,0.6824151873588562,1.2113622426986694,0.7836151719093323,0.2833040952682495,0.5812152028083801,0.7413744926452637,0.6811730861663818,0.9893126487731934,0.9893126487731934,0.0,0.6793899536132812,0.7943205237388611,1.703847050666809,0.6730504631996155
4603_Q03181_DB00412,4603,DB00412,Q03181,0.933746337890625,0.5451880097389221,1.1052476167678833,0.698155403137207,0.7622450590133667,0.3922206461429596,0.8758102655410767,0.8457916378974915,0.9748861789703369,0.9748861789703369,0.0,0.851041316986084,0.8948463201522827,0.8012092709541321,0.6361908316612244
4604_Q07869_DB00412,4604,DB00412,Q07869,0.7299214005470276,0.5842170119285583,0.6837093830108643,0.8240002989768982,0.7761334180831909,0.3444337248802185,0.7771525382995605,0.6464357376098633,0.9758060574531555,0.9758060574531555,0.0,0.727489173412323,0.836249589920044,1.7633734941482544,0.9928975701332092
4608_P35462_DB00413,4608,DB00413,P35462,-2.676534652709961,0.9955740571022034,-2.7970757484436035,0.9999508857727051,-2.5559933185577393,0.9911972284317017,0.8975249528884888,0.906930148601532,0.9913697242736816,0.9913697242736816,0.0,0.8740637302398682,0.9209998846054077,0.41929948329925537,0.36207762360572815
4609_P14416_DB00413,4609,DB00413,P14416,-1.725771427154541,0.9938106536865234,-1.7914859056472778,0.9992426633834839,-1.6600568294525146,0.9883785843849182,0.783505380153656,0.8716690540313721,0.9875010848045349,0.9875010848045349,0.0,0.7325063943862915,0.8094956278800964,0.5388549566268921,0.5221126079559326
4610_P21917_DB00413,4610,DB00413,P21917,-1.7562357187271118,0.9491575360298157,-1.7140477895736694,0.9625213146209717,-1.7984236478805542,0.9357937574386597,0.7877420783042908,0.7927226424217224,0.9888613820075989,0.9888613820075989,0.0,0.7374622821807861,0.850800096988678,0.9716801047325134,0.46848249435424805
4611_P08908_DB00413,4611,DB00413,P08908,-0.14152713119983673,0.7794866561889648,-0.060180455446243286,0.7565470933914185,-0.22287380695343018,0.8024262189865112,0.8306965231895447,0.8077858686447144,0.991062581539154,0.991062581539154,0.0,0.7906049489974976,0.8743268847465515,0.9269088506698608,0.9103773236274719
4612_P08913_DB00413,4612,DB00413,P08913,-1.4133572578430176,0.9903350472450256,-1.2547075748443604,0.9995042085647583,-1.5720070600509644,0.981165885925293,0.7344653010368347,0.8446282148361206,0.9911425113677979,0.9911425113677979,0.0,0.6702960133552551,0.7985118627548218,0.9928776621818542,0.43709734082221985
4613_Q01959_DB00422,4613,DB00422,Q01959,1.4199504852294922,0.7543459534645081,1.0662614107131958,0.8722373247146606,1.7736396789550781,0.6364545822143555,0.8839675784111023,0.8793907761573792,0.9735627174377441,0.9735627174377441,0.0,0.861568808555603,0.8947576284408569,0.7443551421165466,0.8331332206726074
4614_P23975_DB00422,4614,DB00422,P23975,1.2494385242462158,0.7935268878936768,1.212954044342041,0.9368048906326294,1.2859231233596802,0.6502488255500793,0.9049698710441589,0.906990110874176,0.9697879552841187,0.9697879552841187,0.0,0.8887653350830078,0.911544919013977,0.6250550150871277,0.8821759819984436
4618_Q89ZI2_DB00428,4618,DB00428,Q89ZI2,-0.5251922011375427,0.6767458915710449,-0.4821178913116455,0.7206843495368958,-0.5682665109634399,0.6328073740005493,0.9585832953453064,0.9107096195220947,0.9602581858634949,0.9602581858634949,0.0,0.9581645727157593,0.9260409474372864,0.46055757999420166,2.0211751461029053
4619_O60502_DB00428,4619,DB00428,O60502,0.3961811065673828,0.5975714921951294,0.24222531914710999,0.6966290473937988,0.5501368641853333,0.49851396679878235,0.7812806963920593,0.7548736929893494,0.9647281765937805,0.9647281765937805,0.0,0.7354188561439514,0.7725804448127747,1.7535032033920288,2.384969711303711
4621_P20648_DB00448,4621,DB00448,P20648,0.25171878933906555,0.5027565956115723,-0.10851166397333145,0.7289036512374878,0.6119492650032043,0.27660951018333435,0.8243598341941833,0.8290483355522156,0.786758303642273,0.786758303642273,0.0,0.833760142326355,0.7980073690414429,0.7462731003761292,4.374067306518555
4623_P35367_DB00455,4623,DB00455,P35367,-1.1494317054748535,0.8929418325424194,-1.351143717765808,0.9572208523750305,-0.9477195739746094,0.8286628723144531,0.7238338589668274,0.8901954889297485,0.9879618883132935,0.9879618883132935,0.0,0.6578018665313721,0.8014096021652222,0.5834648013114929,0.47745269536972046
4631_P03372_DB00481,4631,DB00481,P03372,-2.1903464794158936,0.9720410704612732,-2.32877779006958,0.9842001795768738,-2.051915168762207,0.9598819613456726,0.6468538641929626,0.6529286503791809,0.9824002385139465,0.9824002385139465,0.0,0.5629673004150391,0.7064134478569031,2.3810882568359375,1.335908055305481
4632_Q92731_DB00481,4632,DB00481,Q92731,-1.536905288696289,0.9162849187850952,-1.6939641237258911,0.9526342153549194,-1.3798465728759766,0.8799356818199158,0.6668742299079895,0.556247353553772,0.9582736492156982,0.9582736492156982,0.0,0.5940243601799011,0.7115349173545837,2.3929989337921143,1.8491522073745728
4633_P04155_DB00481,4633,DB00481,P04155,0.018617665395140648,0.555103063583374,0.06915689259767532,0.6543031930923462,-0.03192156180739403,0.45590290427207947,0.8101606369018555,0.8249948024749756,0.8717329502105713,0.8717329502105713,0.0,0.7947674989700317,0.7045472860336304,0.4088737666606903,0.7892401218414307
4637_P00918_DB00482,4637,DB00482,P00918,-1.4268920421600342,0.9876376986503601,-1.4060250520706177,0.9989217519760132,-1.4477591514587402,0.976353645324707,0.9748266339302063,0.9905115962028503,0.9794723391532898,0.9794723391532898,0.0,0.9736652374267578,0.9594156742095947,0.28291094303131104,0.42960622906684875
4638_P07451_DB00482,4638,DB00482,P07451,0.16351832449436188,0.9031516909599304,-0.022573677822947502,0.973609983921051,0.3496103286743164,0.8326933979988098,0.977898120880127,0.9824237823486328,0.9629837274551392,0.9629837274551392,0.0,0.9816266894340515,0.9732604026794434,0.3027937412261963,0.5138768553733826
4640_P34972_DB00486,4640,DB00486,P34972,-2.617095947265625,0.9934978485107422,-2.04164981842041,0.9959718585014343,-3.19254207611084,0.9910238981246948,0.8977240920066833,0.8973066210746765,0.9868060350418091,0.9868060350418091,0.0,0.8754535913467407,0.9297131299972534,0.5885364413261414,0.3867236375808716
4641_P21554_DB00486,4641,DB00486,P21554,-3.1921780109405518,0.9979705810546875,-2.87337589263916,0.9997829794883728,-3.5109801292419434,0.9961581826210022,0.7479193210601807,0.7901679873466492,0.9865152835845947,0.9865152835845947,0.0,0.6882703304290771,0.8234986662864685,1.1256288290023804,0.47951003909111023
4642_P08908_DB00490,4642,DB00490,P08908,-0.950231671333313,0.8863464593887329,-1.0644869804382324,0.9263367056846619,-0.8359764218330383,0.8463561534881592,0.8046228289604187,0.9226493239402771,0.9819000363349915,0.9819000363349915,0.0,0.7603035569190979,0.7995216846466064,0.5247485041618347,0.6132033467292786
4643_P14416_DB00490,4643,DB00490,P14416,-0.5033974051475525,0.8868178725242615,-0.4899541735649109,0.9123625755310059,-0.5168406367301941,0.8612731695175171,0.7593337297439575,0.7161605358123779,0.9587827324867249,0.9587827324867249,0.0,0.7094714641571045,0.7776076197624207,1.3216907978057861,1.007617473602295
4644_P21917_DB00490,4644,DB00490,P21917,-1.4801030158996582,0.9096925258636475,-1.4864507913589478,0.8882790207862854,-1.4737552404403687,0.9311060309410095,0.7824234366416931,0.7553136348724365,0.980135977268219,0.980135977268219,0.0,0.732995331287384,0.8399612903594971,1.0849014520645142,0.572857677936554
4645_P25100_DB00490,4645,DB00490,P25100,-0.1261061131954193,0.6297252178192139,0.29540008306503296,0.676643967628479,-0.5476123094558716,0.582806408405304,0.6516885161399841,0.6423719525337219,0.9486028552055359,0.9486028552055359,0.0,0.5774599313735962,0.6885802745819092,2.3351945877075195,1.408819317817688
4646_P35348_DB00490,4646,DB00490,P35348,-0.6946731805801392,0.875572919845581,-0.8879930973052979,0.9078977108001709,-0.5013532638549805,0.8432480692863464,0.7481743693351746,0.7619618773460388,0.963081955909729,0.963081955909729,0.0,0.6944475173950195,0.7914260029792786,1.2855725288391113,0.9268553256988525
4647_P35368_DB00490,4647,DB00490,P35368,-0.3567589521408081,0.8604419827461243,0.08509624004364014,0.8988841772079468,-0.7986141443252563,0.8219997882843018,0.70113205909729,0.6964030265808105,0.9660162925720215,0.9660162925720215,0.0,0.6349110007286072,0.7403234839439392,1.8460983037948608,0.9164297580718994
4648_P35462_DB00490,4648,DB00490,P35462,-1.2514007091522217,0.9182393550872803,-1.597892165184021,0.9607559442520142,-0.9049091935157776,0.8757227659225464,0.8817083239555359,0.8643734455108643,0.9841299653053284,0.9841299653053284,0.0,0.8561029434204102,0.8913264274597168,0.4853520095348358,0.44005730748176575
4649_P21964_DB00494,4649,DB00494,P21964,0.22082014381885529,0.5922746658325195,-0.07445481419563293,0.772031843662262,0.5160951018333435,0.4125175476074219,0.8380075693130493,0.90254145860672,0.88149094581604,0.88149094581604,0.0,0.827136754989624,0.6534974575042725,0.46947839856147766,1.3699325323104858
4650_P20309_DB00496,4650,DB00496,P20309,-1.7110302448272705,0.5995478630065918,-1.9543081521987915,0.6327728033065796,-1.4677523374557495,0.5663229823112488,0.6776832938194275,0.6315914988517761,0.8528269529342651,0.8528269529342651,0.0,0.6338973045349121,0.6953505873680115,2.11635160446167,2.961625814437866
4651_P08172_DB00496,4651,DB00496,P08172,-1.7784817218780518,0.6797130107879639,-1.8376102447509766,0.7730746865272522,-1.719353199005127,0.5863513350486755,0.7067180871963501,0.7936862707138062,0.9142481088638306,0.9142481088638306,0.0,0.6548355221748352,0.7577199935913086,1.213775634765625,1.5024274587631226
4652_P08173_DB00496,4652,DB00496,P08173,-1.426982045173645,0.6355646848678589,-2.22052001953125,0.8787477016448975,-0.6334441304206848,0.39238160848617554,0.7539777159690857,0.7172726988792419,0.9383086562156677,0.9383086562156677,0.0,0.7078949809074402,0.7231916785240173,1.6062227487564087,1.46892249584198
4653_P08912_DB00496,4653,DB00496,P08912,-1.2047297954559326,0.5306821465492249,-2.069272041320801,0.7335081100463867,-0.34018757939338684,0.327856183052063,0.7074863314628601,0.8125894069671631,0.8848114609718323,0.8848114609718323,0.0,0.6631550788879395,0.7422406077384949,1.2030285596847534,2.1249496936798096
4654_P11229_DB00496,4654,DB00496,P11229,-1.605886459350586,0.5744497776031494,-2.3018155097961426,0.7185041904449463,-0.9099574089050293,0.43039533495903015,0.7360886335372925,0.7127218842506409,0.9486718773841858,0.9486718773841858,0.0,0.682942807674408,0.7887070775032043,1.498400330543518,1.344534158706665
4662_P07202_DB00509,4662,DB00509,P07202,-0.19279098510742188,0.6445876359939575,0.6545010805130005,0.7825415730476379,-1.0400830507278442,0.5066337585449219,0.8200870752334595,0.8530943989753723,0.8720526695251465,0.8720526695251465,0.0,0.8070957064628601,0.843554675579071,0.9753702282905579,3.2587292194366455
4663_P10827_DB00509,4663,DB00509,P10827,-2.487590789794922,0.8541905879974365,-2.377746105194092,0.9131587743759155,-2.597435235977173,0.7952223420143127,0.7190423011779785,0.6291847825050354,0.9517377614974976,0.9517377614974976,0.0,0.6608684659004211,0.7056751847267151,1.8583515882492065,2.4404265880584717
4664_P10828_DB00509,4664,DB00509,P10828,-2.9320573806762695,0.905249834060669,-2.8798441886901855,0.959474503993988,-2.9842705726623535,0.8510251641273499,0.8163900375366211,0.7779615521430969,0.9886631369590759,0.9886631369590759,0.0,0.7733217477798462,0.8742420077323914,0.915051281452179,0.4661779999732971
4665_P00747_DB00513,4665,DB00513,P00747,0.5455235838890076,0.7376753091812134,0.5690031051635742,0.8315401077270508,0.5220440626144409,0.6438104510307312,0.8711267709732056,0.7187048196792603,0.8687975406646729,0.8687975406646729,0.0,0.8717090487480164,0.8496828675270081,0.9061440825462341,6.762080192565918
4666_P00750_DB00513,4666,DB00513,P00750,1.2682325839996338,0.6461696624755859,1.1014729738235474,0.8044814467430115,1.4349920749664307,0.4878578782081604,0.863501250743866,0.6882697343826294,0.8554312586784363,0.8554312586784363,0.0,0.8655188083648682,0.8526134490966797,0.913064181804657,5.80293607711792
4667_P08519_DB00513,4667,DB00513,P08519,2.7883644104003906,0.5143133401870728,3.0372986793518066,0.48625677824020386,2.5394303798675537,0.5423698425292969,0.6630836725234985,0.3136521577835083,0.6083316206932068,0.6083316206932068,0.0,0.6767716407775879,0.6570156216621399,1.9446710348129272,15.36308479309082
4668_P10276_DB00523,4668,DB00523,P10276,-2.7722327709198,0.9939004778862,-3.2216806411743164,0.9997029900550842,-2.322784900665283,0.9880979657173157,0.7742885947227478,0.6127005815505981,0.9888662695884705,0.9888662695884705,0.0,0.7206441164016724,0.851056694984436,1.6997874975204468,0.5451005101203918
4669_P10826_DB00523,4669,DB00523,P10826,-2.6805076599121094,0.9899576902389526,-3.205199718475342,0.9993407130241394,-2.155815362930298,0.9805746078491211,0.7682900428771973,0.6284307837486267,0.9885439276695251,0.9885439276695251,0.0,0.7132265567779541,0.8421730995178223,1.5585925579071045,0.5399380922317505
4670_P13631_DB00523,4670,DB00523,P13631,-2.8510544300079346,0.9937599897384644,-3.3429088592529297,0.9992417097091675,-2.3592000007629395,0.9882782101631165,0.7675806879997253,0.6294448971748352,0.9889702200889587,0.9889702200889587,0.0,0.712233304977417,0.8475026488304138,1.668217658996582,0.5612893104553223
4671_P19793_DB00523,4671,DB00523,P19793,-0.2892794907093048,0.8474273681640625,-0.30220597982406616,0.8948378562927246,-0.27635300159454346,0.8000168800354004,0.6924197673797607,0.6465312838554382,0.9857416152954102,0.9857416152954102,0.0,0.6190893054008484,0.751581072807312,1.8521276712417603,0.8524236679077148
4672_P28702_DB00523,4672,DB00523,P28702,-0.2826952338218689,0.7778291702270508,-0.21339347958564758,0.7610169053077698,-0.3519970178604126,0.794641375541687,0.6534600257873535,0.5361230373382568,0.9825998544692993,0.9825998544692993,0.0,0.5711750388145447,0.7131812572479248,2.7415006160736084,1.1642305850982666
4673_P48443_DB00523,4673,DB00523,P48443,-0.3683772087097168,0.8611276149749756,-0.35480114817619324,0.8680798411369324,-0.38195323944091797,0.854175329208374,0.7119545340538025,0.6211575269699097,0.9840072989463806,0.9840072989463806,0.0,0.6439412832260132,0.7714298367500305,1.9344764947891235,0.823378324508667
4674_P17936_DB00523,4674,DB00523,P17936,0.8380295634269714,0.6161491870880127,0.764052152633667,0.7625548243522644,0.9120069742202759,0.469743549823761,0.6010510325431824,0.7860064506530762,0.8704977631568909,0.8704977631568909,0.0,0.5336893200874329,0.447715163230896,1.1451444625854492,2.505939245223999
4675_Q15238_DB00523,4675,DB00523,Q15238,0.22965897619724274,0.5760737657546997,0.5249794721603394,0.7026644945144653,-0.06566151976585388,0.44948309659957886,0.812545120716095,0.6926571130752563,0.9581517577171326,0.9581517577171326,0.0,0.776143491268158,0.6569623351097107,0.4745294749736786,0.9513043165206909
4676_Q6V0L0_DB00523,4676,DB00523,Q6V0L0,0.3689282536506653,0.6017663478851318,0.1682974398136139,0.6605425477027893,0.5695590972900391,0.5429900884628296,0.8491031527519226,0.8891615867614746,0.841620922088623,0.841620922088623,0.0,0.8509737253189087,0.7522338032722473,0.7251105904579163,3.302912473678589
4678_P00533_DB00530,4678,DB00530,P00533,-0.9041919708251953,0.8116111755371094,-1.2322008609771729,0.8492017984390259,-0.5761831402778625,0.7740204930305481,0.7764106392860413,0.4283227026462555,0.953890323638916,0.953890323638916,0.0,0.7320407032966614,0.7544922232627869,1.9461357593536377,2.4276583194732666
4692_P03372_DB00539,4692,DB00539,P03372,-1.505022406578064,0.9143333435058594,-1.3786470890045166,0.9377568364143372,-1.6313977241516113,0.8909099102020264,0.6336273550987244,0.5850704312324524,0.9801860451698303,0.9801860451698303,0.0,0.5469877123832703,0.6714576482772827,2.6792662143707275,1.1448643207550049
4693_P04278_DB00539,4693,DB00539,P04278,0.20631268620491028,0.504464328289032,-0.34053629636764526,0.6518006324768066,0.7531616687774658,0.3571280241012573,0.8967127799987793,0.84194016456604,0.9335087537765503,0.9335087537765503,0.0,0.8875137567520142,0.890436589717865,0.6361674070358276,1.2339729070663452
4701_P00813_DB00552,4701,DB00552,P00813,0.21561187505722046,0.620917022228241,0.05189122259616852,0.6350395083427429,0.3793325126171112,0.606794536113739,0.9674838185310364,0.9787294268608093,0.9902180433273315,0.9902180433273315,0.0,0.9618002772331238,0.9622178673744202,0.30182141065597534,0.435635507106781
4745_P06818_DB00558,4745,DB00558,P06818,-1.193278193473816,0.8037698864936829,-2.582056999206543,0.9997344613075256,0.1955006867647171,0.6078053116798401,0.8988143801689148,0.8889250755310059,0.9821493625640869,0.9821493625640869,0.0,0.8779807090759277,0.9215609431266785,0.4414447546005249,0.6249942183494568
4746_P27907_DB00558,4746,DB00558,P27907,-0.50470370054245,0.7552876472473145,-1.8800501823425293,0.9807157516479492,0.8706427812576294,0.5298595428466797,0.904156506061554,0.8968145251274109,0.9687746167182922,0.9687746167182922,0.0,0.8880019783973694,0.9280030131340027,0.530573844909668,1.1308884620666504
4747_Q9Y3R4_DB00558,4747,DB00558,Q9Y3R4,0.059432562440633774,0.9372918009757996,-0.01640097238123417,0.9783781170845032,0.13526609539985657,0.896205484867096,0.9634153246879578,0.9828789830207825,0.9890732765197754,0.9890732765197754,0.0,0.9570007920265198,0.9646114706993103,0.28153088688850403,0.3591676950454712
4801_P02919_DB00578,4801,DB00578,P02919,0.6875115633010864,0.6498621702194214,0.38168880343437195,0.6572020649909973,0.9933343529701233,0.6425222754478455,0.8663516044616699,0.8509579300880432,0.983440101146698,0.983440101146698,0.0,0.8370794653892517,0.8687455654144287,0.8674617409706116,1.2069271802902222
4802_P08506_DB00578,4802,DB00578,P08506,0.6312791109085083,0.5458251237869263,1.343607783317566,0.5224846601486206,-0.08104957640171051,0.5691655874252319,0.8924469351768494,0.8693834543228149,0.9480246901512146,0.9480246901512146,0.0,0.8785524964332581,0.7104079723358154,0.5014344453811646,0.8693554401397705
4804_P0AD68_DB00578,4804,DB00578,P0AD68,0.5733128786087036,0.5884191393852234,0.503131091594696,0.5537449717521667,0.643494725227356,0.62309330701828,0.9220041632652283,0.8541681170463562,0.9877769947052002,0.9877769947052002,0.0,0.9055609107017517,0.9047812223434448,0.46039724349975586,0.5630883574485779
4807_Q47066_DB00578,4807,DB00578,Q47066,-0.3245830535888672,0.900058388710022,-0.5645567178726196,0.9040911793708801,-0.08460940420627594,0.8960255980491638,0.9638563394546509,0.9430925250053406,0.9855489134788513,0.9855489134788513,0.0,0.9584331512451172,0.9438140988349915,0.30399319529533386,0.37901073694229126
4808_P23975_DB00579,4808,DB00579,P23975,-0.9096735715866089,0.8439661264419556,-1.1423804759979248,0.9458898305892944,-0.676966667175293,0.7420424818992615,0.8961139917373657,0.9037959575653076,0.9850742220878601,0.9850742220878601,0.0,0.8738739490509033,0.9088184833526611,0.6177719831466675,0.643307626247406
4809_Q01959_DB00579,4809,DB00579,Q01959,-0.6257956624031067,0.6257711052894592,-0.9271268248558044,0.8201573491096497,-0.32446449995040894,0.4313848614692688,0.8589710593223572,0.8728544116020203,0.957543134689331,0.957543134689331,0.0,0.8343280553817749,0.8565440773963928,0.7705381512641907,1.0608211755752563
4810_P31645_DB00579,4810,DB00579,P31645,-0.8448320627212524,0.8721420764923096,-1.0816570520401,0.9780248403549194,-0.6080070734024048,0.7662592530250549,0.899878203868866,0.8956282734870911,0.9897063374519348,0.9897063374519348,0.0,0.8774211406707764,0.9261590838432312,0.6750533580780029,0.5140661597251892
4813_O43772_DB00583,4813,DB00583,O43772,1.5188838243484497,0.6956275105476379,0.8362579941749573,0.43510374426841736,2.201509714126587,0.9561513066291809,0.8908724188804626,0.9168427586555481,0.9710814952850342,0.9710814952850342,0.0,0.8708200454711914,0.886027991771698,0.4465520977973938,0.6010755896568298
4814_O76082_DB00583,4814,DB00583,O76082,2.0215628147125244,0.7836858034133911,1.5730677843093872,0.6059759855270386,2.470057964324951,0.9613956809043884,0.8787605166435242,0.9045628309249878,0.9601910710334778,0.9601910710334778,0.0,0.8584029078483582,0.8364436626434326,0.5748531222343445,1.1464990377426147
4815_P23786_DB00583,4815,DB00583,P23786,3.1683874130249023,0.5222507119178772,2.7688746452331543,0.43241971731185913,3.5679004192352295,0.6120817065238953,0.9370152354240417,0.9359989166259766,0.941156804561615,0.941156804561615,0.0,0.9359798431396484,0.9146172404289246,0.5781230330467224,2.057645082473755
4816_P43155_DB00583,4816,DB00583,P43155,3.443067789077759,0.5050905346870422,2.8695716857910156,0.4616157114505768,4.016563892364502,0.5485653877258301,0.9313273429870605,0.934367299079895,0.9340865015983582,0.9340865015983582,0.0,0.9306375980377197,0.9246704578399658,0.5525153279304504,2.1350550651550293
4818_Q9H015_DB00583,4818,DB00583,Q9H015,2.364290714263916,0.6708096265792847,2.155872344970703,0.4034225046634674,2.57270884513855,0.9381967782974243,0.8712273836135864,0.9093264937400818,0.9537473320960999,0.9537473320960999,0.0,0.8505973219871521,0.8254454731941223,0.5285219550132751,1.103014349937439
4823_P21728_DB00589,4823,DB00589,P21728,-0.8154127597808838,0.8816486597061157,-0.7194029092788696,0.9150800108909607,-0.9114225506782532,0.848217248916626,0.7672881484031677,0.940501868724823,0.9885174036026001,0.9885174036026001,0.0,0.7119807600975037,0.8155069947242737,0.43250924348831177,0.4774107038974762
4824_P08908_DB00589,4824,DB00589,P08908,-2.3759989738464355,0.9466263651847839,-2.454484462738037,0.9714288711547852,-2.297513246536255,0.9218238592147827,0.8170250058174133,0.9044601917266846,0.9905808568000793,0.9905808568000793,0.0,0.7736360430717468,0.8606031537055969,0.5349902510643005,0.5289098024368286
4825_P14416_DB00589,4825,DB00589,P14416,-2.4448726177215576,0.9812592267990112,-2.2493090629577637,0.9918225407600403,-2.6404361724853516,0.9706958532333374,0.7825481295585632,0.8886294960975647,0.9901504516601562,0.9901504516601562,0.0,0.7306475043296814,0.8265164494514465,0.486992210149765,0.42501071095466614
4826_P08913_DB00589,4826,DB00589,P08913,-2.4316272735595703,0.9782348275184631,-2.0434370040893555,0.9868502616882324,-2.819817543029785,0.9696193933486938,0.743743360042572,0.6783732771873474,0.976373016834259,0.976373016834259,0.0,0.6855859756469727,0.8317526578903198,1.8130390644073486,0.8375787138938904
4827_P18089_DB00589,4827,DB00589,P18089,-1.6876027584075928,0.8822536468505859,-1.5429539680480957,0.9114275574684143,-1.8322515487670898,0.8530796766281128,0.7339955568313599,0.762793242931366,0.975597620010376,0.975597620010376,0.0,0.6735950112342834,0.8110248446464539,1.4744101762771606,0.6759539842605591
4828_P18825_DB00589,4828,DB00589,P18825,-2.372241735458374,0.9651740789413452,-2.1644372940063477,0.9829967021942139,-2.5800461769104004,0.9473515152931213,0.7746309638023376,0.8713183403015137,0.9909989237785339,0.9909989237785339,0.0,0.7205389738082886,0.8423113822937012,0.6401754021644592,0.40791985392570496
4829_P21917_DB00589,4829,DB00589,P21917,-1.8749945163726807,0.9206067323684692,-1.7182201147079468,0.9353578090667725,-2.031768798828125,0.9058557152748108,0.8009318709373474,0.7412253618240356,0.9888384342193604,0.9888384342193604,0.0,0.7539551854133606,0.8899235725402832,1.1549217700958252,0.505370557308197
4830_P21918_DB00589,4830,DB00589,P21918,-1.1585843563079834,0.8534666895866394,-0.9847222566604614,0.8745532631874084,-1.3324464559555054,0.8323801159858704,0.7544934153556824,0.9055041074752808,0.9856319427490234,0.9856319427490234,0.0,0.6967087984085083,0.8125845789909363,0.5962738990783691,0.5501373410224915
4831_P28221_DB00589,4831,DB00589,P28221,-2.142302989959717,0.942069947719574,-2.1344499588012695,0.9842948913574219,-2.150156021118164,0.8998450040817261,0.8168919682502747,0.8438591361045837,0.9806308150291443,0.9806308150291443,0.0,0.7759572267532349,0.8564463257789612,0.7651404142379761,0.8741281628608704
4832_P28222_DB00589,4832,DB00589,P28222,-1.6779863834381104,0.8625343441963196,-1.67820405960083,0.9244185090065002,-1.6777688264846802,0.8006501793861389,0.8463845252990723,0.8479205965995789,0.9852294921875,0.9852294921875,0.0,0.8116732835769653,0.8878811597824097,0.6397370100021362,0.5319728851318359
4833_P28223_DB00589,4833,DB00589,P28223,-2.0278053283691406,0.9547924995422363,-1.799270510673523,0.9635103344917297,-2.2563400268554688,0.9460746049880981,0.7867545485496521,0.7577393651008606,0.9872981905937195,0.9872981905937195,0.0,0.7366185784339905,0.830250084400177,1.0173215866088867,0.506587564945221
4834_P28335_DB00589,4834,DB00589,P28335,-2.2262606620788574,0.9393033981323242,-2.101177215576172,0.9490846395492554,-2.351344347000122,0.9295220971107483,0.7879461646080017,0.7609456181526184,0.9871145486831665,0.9871145486831665,0.0,0.7381539940834045,0.8612623810768127,1.2554606199264526,0.5085891485214233
4835_P35462_DB00589,4835,DB00589,P35462,-2.5602188110351562,0.9729360342025757,-2.621068000793457,0.9894666075706482,-2.4993696212768555,0.9564054012298584,0.8937554359436035,0.8124435544013977,0.9900147318840027,0.9900147318840027,0.0,0.8696905970573425,0.9182618260383606,0.6373859643936157,0.43365710973739624
4837_P34969_DB00589,4837,DB00589,P34969,-1.9802281856536865,0.8972102403640747,-2.0749640464782715,0.9236138463020325,-1.8854924440383911,0.8708065748214722,0.7878701686859131,0.7904980182647705,0.970834493637085,0.970834493637085,0.0,0.7421290874481201,0.8308287858963013,0.9734824299812317,0.6812269687652588
4839_P03372_DB00603,4839,DB00603,P03372,-0.2512950599193573,0.6824096441268921,-0.18072979152202606,0.806148886680603,-0.32186031341552734,0.5586704611778259,0.6435909867286682,0.5647159814834595,0.9512967467308044,0.9512967467308044,0.0,0.5666645169258118,0.7187991142272949,2.7379508018493652,1.1729850769042969
4842_P08183_DB00603,4842,DB00603,P08183,0.2072708010673523,0.6152048110961914,0.12206888198852539,0.6673438549041748,0.2924727201461792,0.5630658268928528,0.7743722796440125,0.7490622401237488,0.8699477910995483,0.8699477910995483,0.0,0.7504784464836121,0.6349899172782898,0.9175577759742737,3.4316036701202393
4847_P31644_DB00603,4847,DB00603,P31644,-0.4770246744155884,0.5725552439689636,-0.9256784319877625,0.8128498196601868,-0.028370942920446396,0.33226069808006287,0.7526313662528992,0.6896695494651794,0.6873185038566589,0.6873185038566589,0.0,0.7689595222473145,0.6087536215782166,1.1570720672607422,4.923336982727051
4852_P78334_DB00603,4852,DB00603,P78334,-0.01362106204032898,0.540636420249939,-0.7542254328727722,0.7533747553825378,0.7269833087921143,0.32789814472198486,0.6578961610794067,0.6265400648117065,0.6501327753067017,0.6501327753067017,0.0,0.659837007522583,0.48530980944633484,1.615247368812561,5.1774797439575195
4858_P15121_DB00605,4858,DB00605,P15121,-0.18742874264717102,0.703127384185791,-1.094078779220581,0.8615835905075073,0.719221293926239,0.5446712374687195,0.9741511344909668,0.9842101335525513,0.9594885110855103,0.9594885110855103,0.0,0.9778167605400085,0.9561077952384949,0.31915709376335144,0.7810059785842896
4861_Q03181_DB00605,4861,DB00605,Q03181,0.4807857871055603,0.6185330748558044,0.2875724732875824,0.6139994859695435,0.6739990711212158,0.6230666637420654,0.8650214076042175,0.8449928760528564,0.950984537601471,0.950984537601471,0.0,0.8435306549072266,0.8899727463722229,0.8434255123138428,0.8620673418045044
4862_Q9Y5Y4_DB00605,4862,DB00605,Q9Y5Y4,-0.3068593144416809,0.7814602851867676,-0.0039021670818328857,0.8176122307777405,-0.6098164319992065,0.7453083992004395,0.8886270523071289,0.9374943375587463,0.9782300591468811,0.9782300591468811,0.0,0.866226315498352,0.9026323556900024,0.4705630838871002,0.5299088358879089
4863_O60218_DB00605,4863,DB00605,O60218,0.1013731062412262,0.7639360427856445,-0.5677669644355774,0.8118958473205566,0.7705131769180298,0.7159762978553772,0.977583110332489,0.98256516456604,0.9735990166664124,0.9735990166664124,0.0,0.9785791635513306,0.950882613658905,0.3087427020072937,0.5988907217979431
4864_P0A3M6_DB00607,4864,DB00607,P0A3M6,0.3361280560493469,0.6873466968536377,0.48660528659820557,0.6428227424621582,0.1856508105993271,0.7318705916404724,0.9001175761222839,0.8440261483192444,0.9741834402084351,0.9741834402084351,0.0,0.881601095199585,0.8579591512680054,0.4471173584461212,0.7312660813331604
4865_Q75Y35_DB00607,4865,DB00607,Q75Y35,1.0685405731201172,0.6610755324363708,1.201791524887085,0.6616334319114685,0.9352896809577942,0.6605176329612732,0.9309167265892029,0.895863950252533,0.981742799282074,0.981742799282074,0.0,0.9182101488113403,0.9089075326919556,0.40567585825920105,0.6763712763786316
4867_Q8DNB6_DB00607,4867,DB00607,Q8DNB6,0.8356977701187134,0.5416861176490784,0.6299213767051697,0.6064601540565491,1.0414742231369019,0.47691208124160767,0.8791857957839966,0.8174957036972046,0.9694653749465942,0.9694653749465942,0.0,0.8566159009933472,0.8384259939193726,0.678709089756012,1.0961332321166992
4868_Q8DR59_DB00607,4868,DB00607,Q8DR59,0.3302510678768158,0.637954592704773,0.24272963404655457,0.6564121842384338,0.417772501707077,0.6194970011711121,0.8558999300003052,0.8548445105552673,0.9680458307266235,0.9680458307266235,0.0,0.8278633952140808,0.8043293952941895,0.8443137407302856,1.9742395877838135
4869_P35348_DB00610,4869,DB00610,P35348,-0.48051953315734863,0.9214106798171997,-0.3418007493019104,0.9204411506652832,-0.6192383170127869,0.9223802089691162,0.7477298378944397,0.8374316096305847,0.987612247467041,0.987612247467041,0.0,0.6877592206001282,0.8073789477348328,1.0237209796905518,0.6985798478126526
4871_P0A7Z4_DB00615,4871,DB00615,P0A7Z4,-1.1393072605133057,0.547274112701416,0.2058589607477188,0.24459147453308105,-2.484473466873169,0.849956750869751,0.7531617283821106,0.6646515727043152,0.7456519603729248,0.7456519603729248,0.0,0.7550391554832458,0.4170440137386322,0.6929837465286255,5.0607428550720215
4875_P0A8V2_DB00615,4875,DB00615,P0A8V2,-1.3663113117218018,0.7788146138191223,-1.2520453929901123,0.7733127474784851,-1.4805771112442017,0.7843164801597595,0.9120546579360962,0.9156578779220581,0.9829709529876709,0.9829709529876709,0.0,0.8943254947662354,0.8904936909675598,0.4389748275279999,0.7261806130409241
4877_Q13936_DB00622,4877,DB00622,Q13936,0.35362040996551514,0.5881742835044861,-0.3421066701412201,0.8136170506477356,1.0493475198745728,0.3627314865589142,0.685571014881134,0.6973233222961426,0.8989667892456055,0.8989667892456055,0.0,0.632222056388855,0.6408045291900635,2.218146562576294,3.1284351348876953
4890_Q01668_DB00622,4890,DB00622,Q01668,0.3377924859523773,0.5882033109664917,-0.25336259603500366,0.779900848865509,0.9289475679397583,0.3965057134628296,0.7071370482444763,0.7054381370544434,0.897589385509491,0.897589385509491,0.0,0.6595239043235779,0.6420780420303345,2.1924424171447754,3.1195504665374756
4903_Q13698_DB00622,4903,DB00622,Q13698,0.08948728442192078,0.5859055519104004,-0.19910013675689697,0.8014119267463684,0.3780747056007385,0.37039923667907715,0.7401971817016602,0.7649784088134766,0.879833996295929,0.879833996295929,0.0,0.7052879929542542,0.6847662925720215,1.5958759784698486,3.1086606979370117
4910_Q9P0X4_DB00622,4910,DB00622,Q9P0X4,0.2132744938135147,0.568915605545044,-0.07722660154104233,0.7634314894676208,0.5037755966186523,0.3743997812271118,0.6019133925437927,0.6200525760650635,0.8072761297225952,0.8072761297225952,0.0,0.5505726933479309,0.5799140930175781,3.1428892612457275,5.800314426422119
4915_P03372_DB00624,4915,DB00624,P03372,-0.4864718019962311,0.8324905037879944,0.46801942586898804,0.8221601247787476,-1.4409630298614502,0.8428208827972412,0.6564303636550903,0.5705474019050598,0.9928056001663208,0.9928056001663208,0.0,0.5723365545272827,0.7565430402755737,2.8274617195129395,0.49798399209976196
4917_Q72547_DB00625,4917,DB00625,Q72547,-2.098358631134033,0.9815045595169067,-2.0568666458129883,0.9996399879455566,-2.139850378036499,0.9633691310882568,0.9531941413879395,0.8446583151817322,0.9891675114631653,0.9891675114631653,0.0,0.9442007541656494,0.9531821012496948,0.43171221017837524,0.4821193218231201
4918_P08913_DB00629,4918,DB00629,P08913,-1.0786477327346802,0.9569603204727173,-0.8922917246818542,0.9869913458824158,-1.2650038003921509,0.9269292950630188,0.7143124341964722,0.720120370388031,0.9737982153892517,0.9737982153892517,0.0,0.6494409441947937,0.7683464884757996,1.7092291116714478,0.7632010579109192
4919_P18089_DB00629,4919,DB00629,P18089,-0.9189376831054688,0.9287073612213135,-0.6397220492362976,0.9971042275428772,-1.1981532573699951,0.8603105545043945,0.7417712211608887,0.7217167615890503,0.9822932481765747,0.9822932481765747,0.0,0.6816407442092896,0.8106533288955688,1.6709973812103271,0.5233727693557739
4921_P23921_DB00631,4921,DB00631,P23921,-0.05456063896417618,0.6990809440612793,-0.328668475151062,0.738229513168335,0.21954719722270966,0.6599324345588684,0.9143792986869812,0.9377297163009644,0.9032440781593323,0.9032440781593323,0.0,0.9171631336212158,0.9043653011322021,0.5962783694267273,3.185621976852417
4925_P0DMS8_DB00640,4925,DB00640,P0DMS8,-1.1887309551239014,0.9681339263916016,-1.704878568649292,0.9652273058891296,-0.6725834012031555,0.9710406064987183,0.936673104763031,0.9206367135047913,0.986606776714325,0.986606776714325,0.0,0.9241896271705627,0.9605686664581299,0.4311831593513489,0.4158312678337097
4926_P29274_DB00640,4926,DB00640,P29274,-1.3013947010040283,0.9794491529464722,-1.5091451406478882,0.9784422516822815,-1.093644142150879,0.9804559946060181,0.8355072140693665,0.8966933488845825,0.9906342029571533,0.9906342029571533,0.0,0.7967253923416138,0.8830274939537048,0.7299110293388367,0.38553935289382935
4927_P29275_DB00640,4927,DB00640,P29275,-1.5628451108932495,0.9783535003662109,-2.1196255683898926,0.9928419589996338,-1.0060646533966064,0.9638650417327881,0.9233620762825012,0.913735568523407,0.9860441088676453,0.9860441088676453,0.0,0.9076915383338928,0.9471808671951294,0.453325480222702,0.40631547570228577
4928_P30542_DB00640,4928,DB00640,P30542,-1.099669098854065,0.9649492502212524,-1.4693443775177002,0.9761505126953125,-0.7299938797950745,0.9537479281425476,0.9547784924507141,0.9314277172088623,0.9841120839118958,0.9841120839118958,0.0,0.9474450349807739,0.962096095085144,0.3292836844921112,0.4299381375312805
4929_P04818_DB00642,4929,DB00642,P04818,1.0205955505371094,0.7412298917770386,1.373628854751587,0.8774035573005676,0.6675621867179871,0.6050562858581543,0.9450258612632751,0.9550639390945435,0.9817221760749817,0.9817221760749817,0.0,0.9358516931533813,0.8987120389938354,0.31840595602989197,0.5102788805961609
4930_P00374_DB00642,4930,DB00642,P00374,0.06107302010059357,0.9501863718032837,0.35926303267478943,0.9446343183517456,-0.2371169924736023,0.9557384252548218,0.9781293272972107,0.9810794591903687,0.9828589558601379,0.9828589558601379,0.0,0.9769468903541565,0.9722984433174133,0.2991220951080322,0.34753939509391785
4931_P22102_DB00642,4931,DB00642,P22102,0.5896832942962646,0.9045552015304565,1.202690601348877,0.9629557728767395,-0.02332405000925064,0.8461545705795288,0.8921440243721008,0.566118597984314,0.7815341353416443,0.7815341353416443,0.0,0.9197965264320374,0.8921216726303101,0.836022138595581,8.862430572509766
4934_P43088_DB00654,4934,DB00654,P43088,-0.970984935760498,0.8172546625137329,-0.8484544157981873,0.827401876449585,-1.093515396118164,0.8071073889732361,0.8789680600166321,0.898703396320343,0.9802107810974121,0.9802107810974121,0.0,0.8536574244499207,0.909201443195343,0.6428146362304688,0.4826485812664032
4935_P28223_DB00656,4935,DB00656,P28223,-1.1083037853240967,0.916683554649353,-1.332464337348938,0.9269755482673645,-0.8841432929039001,0.9063916206359863,0.7907360196113586,0.7400779128074646,0.94004887342453,0.94004887342453,0.0,0.7534077763557434,0.8398234248161316,1.205485463142395,1.2222061157226562
4936_P08908_DB00656,4936,DB00656,P08908,-0.7013102769851685,0.9285625219345093,-0.9311407804489136,0.9596813321113586,-0.47147977352142334,0.8974436521530151,0.7764613032341003,0.8583522439002991,0.9759690761566162,0.9759690761566162,0.0,0.7265843749046326,0.7651466131210327,0.9465509653091431,0.9649951457977295
4937_P08913_DB00656,4937,DB00656,P08913,-0.943070113658905,0.9358653426170349,-1.0277230739593506,0.9540972113609314,-0.8584171533584595,0.9176334738731384,0.7367519736289978,0.6809862852096558,0.957567572593689,0.957567572593689,0.0,0.681547999382019,0.7596354484558105,1.8960012197494507,1.1916805505752563
4938_P31645_DB00656,4938,DB00656,P31645,-0.8037385940551758,0.8127807378768921,-1.22098970413208,0.8729642629623413,-0.38648754358291626,0.7525972127914429,0.900202751159668,0.9523350596427917,0.9793383479118347,0.9793383479118347,0.0,0.8804188966751099,0.9230594038963318,0.42484939098358154,0.6824402213096619
4939_P35348_DB00656,4939,DB00656,P35348,-0.7303528189659119,0.9296243190765381,-1.006073236465454,0.9548935294151306,-0.45463237166404724,0.9043551087379456,0.7553356289863586,0.8281874060630798,0.9707370400428772,0.9707370400428772,0.0,0.701485276222229,0.7803346514701843,0.8848859071731567,0.8806039690971375
4940_P35367_DB00656,4940,DB00656,P35367,-0.13333089649677277,0.9446843266487122,0.27843227982521057,0.9665316939353943,-0.5450940728187561,0.92283695936203,0.723299503326416,0.8726110458374023,0.9813514947891235,0.9813514947891235,0.0,0.6587865352630615,0.7818888425827026,0.6940330266952515,0.6020605564117432
4941_P28335_DB00656,4941,DB00656,P28335,-1.3058276176452637,0.9120702743530273,-1.79672110080719,0.9548799395561218,-0.8149340748786926,0.8692606091499329,0.7766212224960327,0.7680477499961853,0.9185760617256165,0.9185760617256165,0.0,0.7411324977874756,0.8145623803138733,1.271056890487671,1.4283344745635986
4942_P08909_DB00656,4942,DB00656,P08909,-0.9288228750228882,0.8824882507324219,-1.5347882509231567,0.9185265302658081,-0.32285746932029724,0.8464499115943909,0.7609888315200806,0.7551384568214417,0.906453013420105,0.906453013420105,0.0,0.7246227860450745,0.8140532970428467,1.3970119953155518,1.5326623916625977
4943_Q15822_DB00657,4943,DB00657,Q15822,0.974396824836731,0.5424863696098328,0.8582658171653748,0.7468553185462952,1.0905277729034424,0.33811745047569275,0.7196601629257202,0.7507944107055664,0.9247179627418518,0.9247179627418518,0.0,0.6683956980705261,0.6781548857688904,1.0405936241149902,1.8830333948135376
4945_P36544_DB00657,4945,DB00657,P36544,1.2560815811157227,0.5974069237709045,1.2044830322265625,0.8991642594337463,1.3076800107955933,0.29564955830574036,0.8029651641845703,0.7031253576278687,0.9067771434783936,0.9067771434783936,0.0,0.7770122289657593,0.7800019979476929,1.0813665390014648,2.372361183166504
4946_P43681_DB00657,4946,DB00657,P43681,0.7273093461990356,0.5977282524108887,0.6400158405303955,0.8198761343955994,0.8146029114723206,0.3755803406238556,0.693725049495697,0.6212784051895142,0.8882363438606262,0.8882363438606262,0.0,0.6450972557067871,0.673740804195404,2.0325286388397217,3.076756238937378
4957_P28221_DB00669,4957,DB00669,P28221,-1.7124664783477783,0.9693800210952759,-1.9179519414901733,0.9868122935295105,-1.5069811344146729,0.9519476890563965,0.8168401122093201,0.8807368278503418,0.9817771315574646,0.9817771315574646,0.0,0.7756058573722839,0.8692646026611328,0.6642909049987793,0.6433369517326355
4958_P28222_DB00669,4958,DB00669,P28222,-1.5622154474258423,0.9290016889572144,-1.7476673126220703,0.9463354349136353,-1.3767635822296143,0.9116678833961487,0.8498756289482117,0.8476857542991638,0.9834074974060059,0.9834074974060059,0.0,0.8164926171302795,0.8770657777786255,0.6613569855690002,0.5191618204116821
4960_P08908_DB00669,4960,DB00669,P08908,-1.2368372678756714,0.9042981863021851,-1.1119543313980103,0.9130471348762512,-1.3617202043533325,0.8955491781234741,0.8016023635864258,0.8087056279182434,0.980205237865448,0.980205237865448,0.0,0.756951630115509,0.846952497959137,1.1536840200424194,0.760461688041687
4961_P44469_DB00671,4961,DB00671,P44469,-0.37858620285987854,0.6981993913650513,-0.46920281648635864,0.8540267944335938,-0.28796958923339844,0.5423720479011536,0.9011967778205872,0.8418431282043457,0.9267982840538025,0.9267982840538025,0.0,0.8947963714599609,0.842291533946991,0.5834693908691406,1.7050975561141968
4963_P25103_DB00673,4963,DB00673,P25103,-2.9369282722473145,0.9663926959037781,-3.2297744750976562,0.9975510239601135,-2.6440818309783936,0.9352343678474426,0.8091861009597778,0.8925062417984009,0.9847825765609741,0.9847825765609741,0.0,0.7652869820594788,0.8639075756072998,0.7980577349662781,1.3210067749023438
4969_P08913_DB00697,4969,DB00697,P08913,-0.9477014541625977,0.9148198366165161,-0.9451278448104858,0.943293035030365,-0.9502750635147095,0.8863465785980225,0.7308369874954224,0.6973991990089417,0.9760124683380127,0.9760124683380127,0.0,0.6695430874824524,0.8044396638870239,1.801900863647461,0.742777407169342
4970_P18089_DB00697,4970,DB00697,P18089,-0.9898682832717896,0.8539660573005676,-1.1559526920318604,0.9204850196838379,-0.8237838745117188,0.7874470949172974,0.7301668524742126,0.7670953273773193,0.9831864833831787,0.9831864833831787,0.0,0.6669119000434875,0.7688235640525818,1.493699312210083,0.523563027381897
4971_P18825_DB00697,4971,DB00697,P18825,-1.1585088968276978,0.8895959854125977,-1.0420031547546387,0.9322406649589539,-1.2750146389007568,0.8469513058662415,0.7676083445549011,0.894535481929779,0.9869613647460938,0.9869613647460938,0.0,0.7127701044082642,0.8175399303436279,0.5763726234436035,0.44841042160987854
4973_P25100_DB00697,4973,DB00697,P25100,-0.6838592886924744,0.8316293954849243,-0.4470783770084381,0.8907150030136108,-0.920640230178833,0.7725438475608826,0.6756779551506042,0.5980633497238159,0.9823199510574341,0.9823199510574341,0.0,0.5990175008773804,0.7428432703018188,2.555065870285034,0.756985068321228
4974_P35348_DB00697,4974,DB00697,P35348,-0.7462294697761536,0.8697492480278015,-0.877007782459259,0.8943629264831543,-0.6154511570930481,0.8451355695724487,0.7507637739181519,0.7571535110473633,0.9867283701896667,0.9867283701896667,0.0,0.6917725801467896,0.8038293719291687,1.1640278100967407,0.6259349584579468
4975_P35368_DB00697,4975,DB00697,P35368,-0.9117118120193481,0.8553388714790344,-0.968817949295044,0.8984857797622681,-0.8546056747436523,0.8121919631958008,0.6967074275016785,0.9507477879524231,0.9805048704147339,0.9805048704147339,0.0,0.6257580518722534,0.7113743424415588,0.410106360912323,0.5682996511459351
4976_P35348_DB00699,4976,DB00699,P35348,-1.742720365524292,0.7680157423019409,-2.416599750518799,0.8763622641563416,-1.0688409805297852,0.6596691608428955,0.7498754858970642,0.7070566415786743,0.9706292748451233,0.9706292748451233,0.0,0.694687008857727,0.8229207992553711,1.4582622051239014,1.355553150177002
4978_P35348_DB00706,4978,DB00706,P35348,-2.791564464569092,0.9766401648521423,-3.0311827659606934,0.999687671661377,-2.551945924758911,0.9535926580429077,0.7754131555557251,0.8697624802589417,0.9808106422424316,0.9808106422424316,0.0,0.7240637540817261,0.8354334235191345,0.6270604133605957,0.7963162660598755
4979_P25100_DB00706,4979,DB00706,P25100,-1.883563756942749,0.9318118095397949,-2.0363006591796875,0.994667649269104,-1.7308269739151,0.8689559698104858,0.6698099970817566,0.6600404977798462,0.9758068323135376,0.9758068323135376,0.0,0.5933108329772949,0.7547898888587952,2.1008639335632324,0.9019122123718262
4980_P35368_DB00706,4980,DB00706,P35368,-2.0841071605682373,0.9688687324523926,-1.8047657012939453,0.9797158241271973,-2.3634486198425293,0.9580216407775879,0.6992062330245972,0.759985089302063,0.9851449131965637,0.9851449131965637,0.0,0.6277215480804443,0.7650414109230042,1.440930724143982,0.6321443915367126
4981_P35372_DB00708,4981,DB00708,P35372,-1.9889146089553833,0.9593440890312195,-3.2589101791381836,0.9999210834503174,-0.7189190983772278,0.9187670946121216,0.7932538986206055,0.8134568929672241,0.9536300897598267,0.9536300897598267,0.0,0.7531598210334778,0.7797529697418213,1.2578809261322021,2.1105527877807617
4982_P41143_DB00708,4982,DB00708,P41143,-0.41653910279273987,0.7414681911468506,-0.8590031266212463,0.8699293732643127,0.025924932211637497,0.6130070090293884,0.8386639952659607,0.879092276096344,0.9402867555618286,0.9402867555618286,0.0,0.8132582902908325,0.8075544834136963,0.8355048298835754,1.5884147882461548
4983_P41145_DB00708,4983,DB00708,P41145,-1.6598056554794312,0.9457541108131409,-2.424227714538574,0.9980857372283936,-0.8953836560249329,0.8934224843978882,0.81716388463974,0.8998945355415344,0.974311888217926,0.974311888217926,0.0,0.7778767943382263,0.7793575525283813,0.5292356014251709,0.7409582138061523
4986_P14324_DB00710,4986,DB00710,P14324,0.3925415873527527,0.6371715068817139,0.10417750477790833,0.7301766276359558,0.6809056997299194,0.5441663861274719,0.8377770781517029,0.8386372327804565,0.9314054250717163,0.9314054250717163,0.0,0.8143699169158936,0.7542746067047119,0.7747066020965576,1.8661350011825562
4987_O95749_DB00710,4987,DB00710,O95749,1.6276497840881348,0.5803240537643433,2.014857292175293,0.57197105884552,1.240442156791687,0.5886769890785217,0.9222666025161743,0.9500207304954529,0.9499239921569824,0.9499239921569824,0.0,0.9153522849082947,0.8186540603637695,0.37190333008766174,0.8591697216033936
5001_P21728_DB00714,5001,DB00714,P21728,-1.5595557689666748,0.9424090385437012,-1.2028306722640991,0.9145583510398865,-1.91628098487854,0.9702597856521606,0.7606008648872375,0.8464780449867249,0.9911953210830688,0.9911953210830688,0.0,0.7029522657394409,0.8316798806190491,0.8625240921974182,0.45188194513320923
5002_P21917_DB00714,5002,DB00714,P21917,-2.2346858978271484,0.9696694612503052,-2.51324462890625,0.9790195822715759,-1.9561269283294678,0.9603192806243896,0.7715740203857422,0.7599182724952698,0.9732871055603027,0.9732871055603027,0.0,0.721145749092102,0.831920325756073,1.147763729095459,0.7656277418136597
5003_P21918_DB00714,5003,DB00714,P21918,-1.3277901411056519,0.9221930503845215,-1.0366138219833374,0.9053175449371338,-1.6189664602279663,0.939068615436554,0.763321042060852,0.8024880290031433,0.9898786544799805,0.9898786544799805,0.0,0.7066816091537476,0.8347728848457336,1.0353868007659912,0.62899249792099
5004_P35462_DB00714,5004,DB00714,P35462,-2.317323684692383,0.9590429067611694,-2.172820568084717,0.9401373863220215,-2.4618265628814697,0.9779484272003174,0.8844810724258423,0.8524960279464722,0.9892946481704712,0.9892946481704712,0.0,0.8582776784896851,0.9101971983909607,0.5735820531845093,0.45616596937179565
5005_P08908_DB00714,5005,DB00714,P08908,-1.1837618350982666,0.8453294634819031,-1.775428295135498,0.8383128046989441,-0.5920953750610352,0.8523461222648621,0.804236888885498,0.7776333093643188,0.9886696934700012,0.9886696934700012,0.0,0.7581287026405334,0.8521606922149658,1.0946216583251953,0.6123928427696228
5006_P08913_DB00714,5006,DB00714,P08913,-2.995854377746582,0.9936240315437317,-2.987398147583008,0.9979519248008728,-3.0043106079101562,0.9892961382865906,0.7530158162117004,0.6825805306434631,0.9794966578483582,0.9794966578483582,0.0,0.6963955760002136,0.8355807065963745,1.874768614768982,0.9051144123077393
5007_P18089_DB00714,5007,DB00714,P18089,-2.451427698135376,0.9754137992858887,-2.437039852142334,0.980993390083313,-2.465815544128418,0.9698342084884644,0.7372954487800598,0.7165485620498657,0.983193039894104,0.983193039894104,0.0,0.6758210062980652,0.8088003396987915,1.7008572816848755,0.5888667106628418
5008_P18825_DB00714,5008,DB00714,P18825,-3.157104015350342,0.9952728748321533,-2.8609914779663086,0.9957418441772461,-3.453216791152954,0.9948039650917053,0.7628629803657532,0.9124277830123901,0.9927719831466675,0.9927719831466675,0.0,0.705385684967041,0.8271289467811584,0.5040907263755798,0.43324655294418335
5009_P28221_DB00714,5009,DB00714,P28221,-1.6620407104492188,0.9526770114898682,-1.563482403755188,0.9429186582565308,-1.760599136352539,0.9624353647232056,0.8148216605186462,0.8043069839477539,0.9832186698913574,0.9832186698913574,0.0,0.7727223038673401,0.8567326068878174,1.0026147365570068,1.0501850843429565
5010_P28222_DB00714,5010,DB00714,P28222,-1.698173999786377,0.9262888431549072,-1.8096860647201538,0.9232617020606995,-1.5866620540618896,0.9293159246444702,0.846110463142395,0.8799961805343628,0.9756763577461243,0.9756763577461243,0.0,0.8137189149856567,0.8727511167526245,0.545082151889801,0.5795162320137024
5011_P28223_DB00714,5011,DB00714,P28223,-1.8137176036834717,0.9381718635559082,-2.010834217071533,0.9566142559051514,-1.6166011095046997,0.9197294116020203,0.7917854189872742,0.780987560749054,0.9814112782478333,0.9814112782478333,0.0,0.7443789839744568,0.7987977862358093,0.9347230195999146,0.5713623762130737
5012_P28335_DB00714,5012,DB00714,P28335,-2.1018283367156982,0.9463886618614197,-2.0579028129577637,0.93560791015625,-2.145753860473633,0.9571694135665894,0.766969621181488,0.7105054259300232,0.9764714241027832,0.9764714241027832,0.0,0.7145941257476807,0.8241193294525146,1.5236396789550781,0.6792367696762085
5014_P31645_DB00715,5014,DB00715,P31645,-2.509376049041748,0.988460898399353,-2.807450294494629,0.9995366334915161,-2.211301565170288,0.9773851037025452,0.8969708681106567,0.9408218264579773,0.9902096390724182,0.9902096390724182,0.0,0.8736611604690552,0.9183343648910522,0.4649665951728821,0.48415669798851013
5015_P23975_DB00715,5015,DB00715,P23975,-2.018864631652832,0.9860622882843018,-1.6823480129241943,0.9910396933555603,-2.3553810119628906,0.981084942817688,0.9062376022338867,0.9058045744895935,0.9855204224586487,0.9855204224586487,0.0,0.8864169120788574,0.9197332262992859,0.6046059131622314,0.61553555727005
5016_P28223_DB00715,5016,DB00715,P28223,-1.9723565578460693,0.797634482383728,-2.093169689178467,0.8377523422241211,-1.8515435457229614,0.7575166821479797,0.7999519109725952,0.7525184750556946,0.9769854545593262,0.9769854545593262,0.0,0.7556934952735901,0.8054681420326233,1.1144343614578247,0.6357004642486572
5019_P07550_DB00715,5019,DB00715,P07550,-0.26775506138801575,0.5986514091491699,-0.17672620713710785,0.7783201336860657,-0.35878393054008484,0.41898268461227417,0.8089661598205566,0.8074960708618164,0.9605213403701782,0.9605213403701782,0.0,0.7710773944854736,0.8567076921463013,1.0967259407043457,0.982248067855835
5020_P08172_DB00715,5020,DB00715,P08172,-0.7594547271728516,0.5329509377479553,-0.7753838300704956,0.4730604588985443,-0.7435256838798523,0.5928414463996887,0.7568458914756775,0.7319908142089844,0.974641740322113,0.974641740322113,0.0,0.7023969292640686,0.8190908432006836,1.484832525253296,0.812391459941864
5021_P08173_DB00715,5021,DB00715,P08173,-0.35056114196777344,0.506085991859436,-0.14837035536766052,0.45569518208503723,-0.552751898765564,0.5564767718315125,0.7863653898239136,0.7863998413085938,0.980332612991333,0.980332612991333,0.0,0.7378735542297363,0.8374661803245544,1.229075312614441,1.062469244003296
5023_P08908_DB00715,5023,DB00715,P08908,-0.6368100047111511,0.6368674635887146,-0.5937566757202148,0.7441595196723938,-0.6798633337020874,0.5295754075050354,0.8060639500617981,0.8695053458213806,0.9751401543617249,0.9751401543617249,0.0,0.7637948393821716,0.8108401894569397,0.7206795811653137,0.8599329590797424
5024_P08912_DB00715,5024,DB00715,P08912,-0.4370442032814026,0.7228217720985413,-0.7320327162742615,0.7971080541610718,-0.1420557200908661,0.6485354900360107,0.7623990178108215,0.6913052797317505,0.9779323935508728,0.9779323935508728,0.0,0.7085156440734863,0.8306853771209717,1.0143041610717773,1.0839848518371582
5025_P08913_DB00715,5025,DB00715,P08913,-0.8999025821685791,0.6720858812332153,-1.2085154056549072,0.7446421980857849,-0.591289758682251,0.5995296239852905,0.7461152076721191,0.6763738989830017,0.965352475643158,0.965352475643158,0.0,0.6913058757781982,0.8090367317199707,1.8317832946777344,1.0125569105148315
5026_P11229_DB00715,5026,DB00715,P11229,-0.4254809319972992,0.6203384399414062,-0.8009623289108276,0.7103747129440308,-0.049999553710222244,0.530302107334137,0.7418837547302246,0.7432425618171692,0.9853854179382324,0.9853854179382324,0.0,0.6810083389282227,0.8096429705619812,1.3517507314682007,0.8013607263565063
5028_P14416_DB00715,5028,DB00715,P14416,-0.2725467085838318,0.5369200706481934,-0.2949482202529907,0.7399325966835022,-0.25014519691467285,0.3339075744152069,0.7701363563537598,0.8358955383300781,0.971814751625061,0.971814751625061,0.0,0.7197167873382568,0.8083046674728394,0.7352980375289917,0.7960914969444275
5029_P18089_DB00715,5029,DB00715,P18089,-0.8645187616348267,0.6701836585998535,-1.1675180196762085,0.7809035181999207,-0.5615194439888,0.5594638586044312,0.7259350419044495,0.8584879040718079,0.9621479511260986,0.9621479511260986,0.0,0.666881799697876,0.7414377927780151,0.9897273182868958,0.836781919002533
5030_P18825_DB00715,5030,DB00715,P18825,-1.0647614002227783,0.6505993008613586,-1.029482126235962,0.6479268074035645,-1.1000406742095947,0.6532717943191528,0.7761523127555847,0.8649540543556213,0.9799067378044128,0.9799067378044128,0.0,0.7252137064933777,0.8359550833702087,0.6537948846817017,0.5755839943885803
5031_P20309_DB00715,5031,DB00715,P20309,-0.8738808631896973,0.6816866397857666,-1.5192735195159912,0.7464838624000549,-0.22848817706108093,0.6168893575668335,0.718904435634613,0.658530056476593,0.9764242172241211,0.9764242172241211,0.0,0.6545245051383972,0.7951960563659668,1.969801425933838,1.2757272720336914
5035_P28221_DB00715,5035,DB00715,P28221,-0.5130981206893921,0.7450454831123352,-0.5725763440132141,0.8611289262771606,-0.45361995697021484,0.6289620399475098,0.8040691614151001,0.8201255798339844,0.9624013304710388,0.9624013304710388,0.0,0.7644861340522766,0.7926230430603027,0.9273343682289124,1.1571877002716064
5036_P28222_DB00715,5036,DB00715,P28222,-0.8761658668518066,0.6922072172164917,-0.9651157855987549,0.7372917532920837,-0.7872158885002136,0.6471227407455444,0.8487167358398438,0.8822985887527466,0.9713816046714783,0.9713816046714783,0.0,0.8180505633354187,0.8687081933021545,0.5415060520172119,0.6776170134544373
5037_P28335_DB00715,5037,DB00715,P28335,-1.6444926261901855,0.7907859683036804,-1.6848814487457275,0.8182476758956909,-1.604103684425354,0.7633242607116699,0.7568672299385071,0.7930428981781006,0.9392343759536743,0.9392343759536743,0.0,0.7112753987312317,0.7698039412498474,1.1069327592849731,1.0205028057098389
5038_P28566_DB00715,5038,DB00715,P28566,0.04642747342586517,0.5589814186096191,-0.3469754159450531,0.7088359594345093,0.43983036279678345,0.4091269373893738,0.828636646270752,0.8485347628593445,0.9683861136436462,0.9683861136436462,0.0,0.7936992645263672,0.890789806842804,0.8203619122505188,0.7770962715148926
5040_P34969_DB00715,5040,DB00715,P34969,-0.8422282934188843,0.5585027933120728,-0.7493593692779541,0.6584839820861816,-0.9350971579551697,0.45852166414260864,0.7899575233459473,0.8421265482902527,0.9386569857597351,0.9386569857597351,0.0,0.7527826428413391,0.7630244493484497,0.8436263203620911,1.2358782291412354
5041_P35348_DB00715,5041,DB00715,P35348,-0.8043875098228455,0.6155025959014893,-1.0569005012512207,0.7476003766059875,-0.5518745183944702,0.4834047555923462,0.7707613110542297,0.7230504751205444,0.9389320611953735,0.9389320611953735,0.0,0.728718638420105,0.8232013583183289,1.359717845916748,1.3993690013885498
5042_P35367_DB00715,5042,DB00715,P35367,-1.4300320148468018,0.8044561147689819,-1.5802897214889526,0.8251059651374817,-1.2797743082046509,0.7838062644004822,0.7069222331047058,0.8561180830001831,0.9473878741264343,0.9473878741264343,0.0,0.6468058228492737,0.7669312953948975,0.8569673895835876,1.0793654918670654
5043_P35368_DB00715,5043,DB00715,P35368,-1.0637325048446655,0.5549482703208923,-1.3407831192016602,0.6919179558753967,-0.7866818308830261,0.41797855496406555,0.7025838494300842,0.8228468894958496,0.9613463282585144,0.9613463282585144,0.0,0.6378931999206543,0.7065260410308838,0.9666115641593933,1.126454472541809
5046_P50406_DB00715,5046,DB00715,P50406,-1.1991472244262695,0.6619053483009338,-1.1125601530075073,0.7280654907226562,-1.2857341766357422,0.5957452058792114,0.7460020184516907,0.7230798006057739,0.95540452003479,0.95540452003479,0.0,0.6936513781547546,0.8005472421646118,1.5720189809799194,0.9878811836242676
5055_P24024_DB00718,5055,DB00718,P24024,0.02088502049446106,0.5447103977203369,0.545156717300415,0.8255144357681274,-0.5033866763114929,0.26390641927719116,0.6899617314338684,0.736457109451294,0.6029970049858093,0.6029970049858093,0.0,0.7117028832435608,0.503014326095581,2.0305469036102295,9.854265213012695
5056_P12821_DB00722,5056,DB00722,P12821,-0.13254982233047485,0.9700667858123779,-0.07068515568971634,0.9954924583435059,-0.19441448152065277,0.9446410536766052,0.9048609733581543,0.6523148417472839,0.8958661556243896,0.8958661556243896,0.0,0.9071096777915955,0.8791559934616089,0.7954997420310974,6.482219219207764
5058_P35348_DB00723,5058,DB00723,P35348,0.08455260097980499,0.891726016998291,0.40244442224502563,0.8721573948860168,-0.23333922028541565,0.9112945795059204,0.7684909701347351,0.789661169052124,0.9860393404960632,0.9860393404960632,0.0,0.7141038179397583,0.8267073035240173,1.0735688209533691,0.7221130132675171
5059_P35368_DB00723,5059,DB00723,P35368,-0.1837819665670395,0.9295592308044434,0.2523716390132904,0.8999808430671692,-0.6199355721473694,0.9591376185417175,0.706436812877655,0.8904061913490295,0.9913842082023621,0.9913842082023621,0.0,0.6351999640464783,0.7763007879257202,0.626585066318512,0.45561230182647705
5060_P25100_DB00723,5060,DB00723,P25100,0.055186837911605835,0.9317082762718201,0.08052457869052887,0.9832118153572083,0.029849093407392502,0.8802047371864319,0.6556212306022644,0.5964455008506775,0.9828916788101196,0.9828916788101196,0.0,0.5738036632537842,0.7322579026222229,2.6050217151641846,0.7559732794761658
5063_P16066_DB00727,5063,DB00727,P16066,0.8944417238235474,0.5410827994346619,-0.26329419016838074,0.7555986642837524,2.052177667617798,0.3265669643878937,0.77564537525177,0.5473328828811646,0.6365194320678711,0.6365194320678711,0.0,0.8104268312454224,0.7134171724319458,1.0815017223358154,13.126923561096191
5066_P08908_DB00734,5066,DB00734,P08908,-0.7430885434150696,0.7555598020553589,-0.2286381870508194,0.6492368578910828,-1.257538914680481,0.861882746219635,0.7921752333641052,0.8198810815811157,0.964156985282898,0.964156985282898,0.0,0.7491797208786011,0.8309186697006226,0.9391940236091614,1.0140644311904907
5067_P14416_DB00734,5067,DB00734,P14416,-2.5544097423553467,0.9722212553024292,-2.4675540924072266,0.9706658720970154,-2.641265392303467,0.9737766981124878,0.7731631994247437,0.8567853569984436,0.9734110236167908,0.9734110236167908,0.0,0.7231011986732483,0.8058153390884399,0.6090779900550842,0.8339686989784241
5068_P18089_DB00734,5068,DB00734,P18089,-1.3784708976745605,0.7699098587036133,-0.9815132021903992,0.6659624576568604,-1.7754285335540771,0.873857319355011,0.7433180212974548,0.7511778473854065,0.9746811389923096,0.9746811389923096,0.0,0.6854771971702576,0.822655439376831,1.5129575729370117,0.7143628001213074
5069_P18825_DB00734,5069,DB00734,P18825,-1.801425576210022,0.8186619281768799,-1.854990005493164,0.7668663263320923,-1.7478611469268799,0.8704574704170227,0.7789791226387024,0.8056651949882507,0.9803791642189026,0.9803791642189026,0.0,0.7286291122436523,0.8517554998397827,0.9888319969177246,0.5904590487480164
5070_P21728_DB00734,5070,DB00734,P21728,-1.2978172302246094,0.753028154373169,-1.6455069780349731,0.6404110789299011,-0.9501274824142456,0.8656452298164368,0.7488479614257812,0.877289354801178,0.9634514451026917,0.9634514451026917,0.0,0.6951971054077148,0.7927195429801941,0.7302476763725281,0.9437209367752075
5071_P28221_DB00734,5071,DB00734,P28221,-2.0987472534179688,0.9443221688270569,-2.073274612426758,0.9404336810112,-2.124220132827759,0.9482106566429138,0.8140588998794556,0.8102998733520508,0.9532055854797363,0.9532055854797363,0.0,0.7792721390724182,0.8718318939208984,0.9081945419311523,1.1223148107528687
5072_P28223_DB00734,5072,DB00734,P28223,-3.476534605026245,0.9968811273574829,-3.55684232711792,0.9999889135360718,-3.3962268829345703,0.9937732815742493,0.7784618735313416,0.7484709620475769,0.9753324389457703,0.9753324389457703,0.0,0.7292442321777344,0.821982741355896,1.17036771774292,0.6747081279754639
5073_P28335_DB00734,5073,DB00734,P28335,-3.082498550415039,0.9887484312057495,-3.372410774230957,0.9988492727279663,-2.792586326599121,0.9786475896835327,0.7677876353263855,0.7626446485519409,0.9700428247451782,0.9700428247451782,0.0,0.7172238230705261,0.8130956888198853,1.2684015035629272,0.7784688472747803
5074_P34969_DB00734,5074,DB00734,P34969,-2.488034725189209,0.9170228242874146,-2.8631515502929688,0.952000081539154,-2.112917900085449,0.8820455074310303,0.771972119808197,0.7503111958503723,0.9562296271324158,0.9562296271324158,0.0,0.7259077429771423,0.8381566405296326,1.1627588272094727,0.9727341532707214
5075_P35348_DB00734,5075,DB00734,P35348,-2.3241629600524902,0.9065098762512207,-2.4357967376708984,0.8936179280281067,-2.212529182434082,0.9194018840789795,0.7719048857688904,0.7693727016448975,0.9609251022338867,0.9609251022338867,0.0,0.7246497869491577,0.8449274897575378,0.990773618221283,1.0659486055374146
5076_P35367_DB00734,5076,DB00734,P35367,-1.398108720779419,0.9158577919006348,-0.9422095417976379,0.8873517513275146,-1.8540078401565552,0.9443637728691101,0.7109730839729309,0.7749325633049011,0.9788577556610107,0.9788577556610107,0.0,0.6440019011497498,0.7969458699226379,1.1756212711334229,0.6653279662132263
5077_P35368_DB00734,5077,DB00734,P35368,-2.007904052734375,0.8498304486274719,-1.7990317344665527,0.7898193597793579,-2.2167766094207764,0.9098415374755859,0.7017752528190613,0.7294771075248718,0.9739557504653931,0.9739557504653931,0.0,0.6337301731109619,0.7720516324043274,1.6399263143539429,0.8731101751327515
5083_Q01959_DB00745,5083,DB00745,Q01959,2.223783493041992,0.5372068881988525,1.648417353630066,0.6164957880973816,2.799149513244629,0.45791804790496826,0.880868136882782,0.8879392743110657,0.9675657749176025,0.9675657749176025,0.0,0.8591938018798828,0.8951939344406128,0.716507613658905,0.9050910472869873
5086_P11229_DB00747,5086,DB00747,P11229,-0.37058553099632263,0.92931067943573,-0.30412423610687256,0.9256356954574585,-0.4370468258857727,0.9329857230186462,0.7380634546279907,0.719569206237793,0.9901760220527649,0.9901760220527649,0.0,0.675035297870636,0.8107793927192688,1.5450812578201294,0.68407142162323
5088_P08172_DB00747,5088,DB00747,P08172,-0.7423567771911621,0.9424942135810852,-0.7427489161491394,0.9341540336608887,-0.7419646382331848,0.9508343935012817,0.7505167126655579,0.7138873338699341,0.9877460598945618,0.9877460598945618,0.0,0.6912093758583069,0.8287487030029297,1.5074536800384521,0.585613489151001
5089_P08173_DB00747,5089,DB00747,P08173,-0.7141372561454773,0.887042224407196,-1.439301609992981,0.9290057420730591,0.011027103289961815,0.845078706741333,0.785912811756134,0.7199599742889404,0.9886871576309204,0.9886871576309204,0.0,0.7352192401885986,0.8534950613975525,1.6436506509780884,0.8020656108856201
5090_P08912_DB00747,5090,DB00747,P08912,-0.4484582245349884,0.9111825227737427,-0.5485398769378662,0.9108442068099976,-0.3483765721321106,0.911520779132843,0.7595826983451843,0.7253110408782959,0.9900562763214111,0.9900562763214111,0.0,0.7019643187522888,0.8202388882637024,0.89124995470047,0.5277543663978577
5091_P20309_DB00747,5091,DB00747,P20309,-0.4421114921569824,0.9223368167877197,0.004426226019859314,0.9047136306762695,-0.8886492252349854,0.9399600625038147,0.7237348556518555,0.7787876725196838,0.9881709814071655,0.9881709814071655,0.0,0.6576257944107056,0.7934727668762207,1.2777212858200073,0.7930256128311157
5094_P08913_DB00751,5094,DB00751,P08913,-1.2640953063964844,0.8218811750411987,-1.4219040870666504,0.9055530428886414,-1.106286644935608,0.7382093667984009,0.733663022518158,0.6991928815841675,0.9689843058586121,0.9689843058586121,0.0,0.6748327016830444,0.8061272501945496,1.8240638971328735,0.8432068228721619
5096_P28223_DB00751,5096,DB00751,P28223,-0.8915592432022095,0.7080057859420776,-0.9517468810081482,0.6977538466453552,-0.8313716650009155,0.7182577848434448,0.7905932664871216,0.8802027106285095,0.9904472231864929,0.9904472231864929,0.0,0.7406297326087952,0.8394654989242554,0.7095093131065369,0.4208660125732422
5097_P35348_DB00751,5097,DB00751,P35348,-0.9406671524047852,0.7328798770904541,-0.6596523523330688,0.7720606327056885,-1.2216819524765015,0.693699061870575,0.7599233984947205,0.7734814882278442,0.9713239073753357,0.9713239073753357,0.0,0.7070732116699219,0.8168995976448059,1.0841059684753418,0.9901959300041199
5098_P35367_DB00751,5098,DB00751,P35367,-1.880422830581665,0.9758650064468384,-1.7462855577468872,0.9861288666725159,-2.0145602226257324,0.9656011462211609,0.710239827632904,0.8349857926368713,0.9927226901054382,0.9927226901054382,0.0,0.6396190524101257,0.791016161441803,0.8719965219497681,0.43819907307624817
5099_P34969_DB00751,5099,DB00751,P34969,-1.2615165710449219,0.6662732362747192,-1.2291231155395508,0.7446869611740112,-1.2939099073410034,0.5878595113754272,0.7867092490196228,0.8268134593963623,0.976146399974823,0.976146399974823,0.0,0.739349901676178,0.8249332904815674,0.856277346611023,0.6868056654930115
5100_P21397_DB00752,5100,DB00752,P21397,0.5785189867019653,0.7850921154022217,0.22193127870559692,0.7855305671691895,0.9351067543029785,0.7846536040306091,0.9486061334609985,0.9557762145996094,0.9660102128982544,0.9660102128982544,0.0,0.9442551136016846,0.911834180355072,0.33341118693351746,0.9934298992156982
5101_P27338_DB00752,5101,DB00752,P27338,0.4934956431388855,0.8099199533462524,0.4953911304473877,0.8348487615585327,0.4916001558303833,0.7849910855293274,0.9713354110717773,0.9742409586906433,0.9500119686126709,0.9500119686126709,0.0,0.976666271686554,0.9272943735122681,0.30222034454345703,1.3874999284744263
5103_P24228_DB00760,5103,DB00760,P24228,0.1640477329492569,0.5130649209022522,-0.03012331947684288,0.619566023349762,0.358218789100647,0.40656378865242004,0.9471441507339478,0.9530525803565979,0.9449461698532104,0.9449461698532104,0.0,0.9476936459541321,0.9236711263656616,0.37592968344688416,0.8545430898666382
5104_Q969P6_DB00762,5104,DB00762,Q969P6,-0.37579482793807983,0.5136882066726685,-0.7133074402809143,0.5350850224494934,-0.03828218951821327,0.4922914505004883,0.7991722226142883,0.7408098578453064,0.7038501501083374,0.7038501501083374,0.0,0.8230026960372925,0.5597060918807983,0.9690292477607727,5.5371270179748535
5105_P11387_DB00762,5105,DB00762,P11387,-0.0796467587351799,0.5524514317512512,-0.1400967836380005,0.6596537828445435,-0.019196737557649612,0.4452490508556366,0.6479527354240417,0.6300329566001892,0.44896361231803894,0.44896361231803894,0.0,0.6976999640464783,0.4712075889110565,2.213674783706665,11.810437202453613
5106_P43116_DB00770,5106,DB00770,P43116,-1.8922500610351562,0.9835041165351868,-2.040076732635498,0.982159435749054,-1.744423270225525,0.9848487973213196,0.8288556933403015,0.8857894539833069,0.9602532982826233,0.9602532982826233,0.0,0.7960063219070435,0.8292951583862305,0.6157668828964233,0.6644309163093567
5108_Q9Y5Y4_DB00770,5108,DB00770,Q9Y5Y4,-0.3793208599090576,0.5395596027374268,-0.9317624568939209,0.7068343162536621,0.17312072217464447,0.3722849190235138,0.8720144629478455,0.891085684299469,0.9500071406364441,0.9500071406364441,0.0,0.852516233921051,0.8335025310516357,0.7016726136207581,0.8536049723625183
5109_P35408_DB00770,5109,DB00770,P35408,-2.303952217102051,0.9861853122711182,-3.038891315460205,0.9999533891677856,-1.5690131187438965,0.9724172353744507,0.7207006216049194,0.7986442446708679,0.9704630374908447,0.9704630374908447,0.0,0.6582599878311157,0.7436316013336182,1.2405017614364624,0.7107677459716797
5110_P43115_DB00770,5110,DB00770,P43115,-2.643238067626953,0.9957320094108582,-2.847740650177002,0.9999635219573975,-2.4387354850769043,0.9915004968643188,0.849953293800354,0.9251887798309326,0.987263560295105,0.987263560295105,0.0,0.8156256675720215,0.8862534761428833,0.5160826444625854,0.41852283477783203
5111_P06276_DB00772,5111,DB00772,P06276,0.7174915671348572,0.6413050889968872,-0.12551960349082947,0.7895864844322205,1.5605027675628662,0.49302375316619873,0.83541339635849,0.9002326726913452,0.560100257396698,0.560100257396698,0.0,0.9042416214942932,0.7934877276420593,1.2697397470474243,15.914477348327637
5112_P10276_DB00799,5112,DB00799,P10276,-0.8408445715904236,0.8195558786392212,-1.057215690612793,0.876431941986084,-0.6244734525680542,0.7626798152923584,0.7856684923171997,0.6324332356452942,0.9781664609909058,0.9781664609909058,0.0,0.7375439405441284,0.8400307297706604,1.6274832487106323,0.7462074756622314
5113_P10826_DB00799,5113,DB00799,P10826,-0.6908057332038879,0.7966916561126709,-0.8803084492683411,0.8780254125595093,-0.5013030171394348,0.7153578400611877,0.7638117074966431,0.6506473422050476,0.9739691019058228,0.9739691019058228,0.0,0.7112722992897034,0.8083400130271912,1.5803478956222534,0.7416757941246033
5114_P13631_DB00799,5114,DB00799,P13631,-0.4238404333591461,0.7670681476593018,-0.7310988306999207,0.834079921245575,-0.11658203601837158,0.7000563740730286,0.8201185464859009,0.7913327813148499,0.9839234948158264,0.9839234948158264,0.0,0.7791672348976135,0.8493466377258301,0.6931827068328857,0.495104044675827
5115_P28702_DB00799,5115,DB00799,P28702,0.555748701095581,0.5063722729682922,0.25763988494873047,0.5681032538414001,0.8538574576377869,0.4446412920951843,0.6028508543968201,0.5284247994422913,0.8632413744926453,0.8632413744926453,0.0,0.5377532243728638,0.5274524092674255,2.7815210819244385,3.066162586212158
5117_P29274_DB00806,5117,DB00806,P29274,1.2608234882354736,0.5875637531280518,1.684465765953064,0.8683943748474121,0.8371811509132385,0.3067331314086914,0.8149299621582031,0.8259534239768982,0.9489016532897949,0.9489016532897949,0.0,0.7814370393753052,0.8448821306228638,1.1408439874649048,0.7890592217445374
5118_P30542_DB00806,5118,DB00806,P30542,1.5602173805236816,0.6286783218383789,2.0117979049682617,0.8943110108375549,1.1086369752883911,0.36304569244384766,0.949833333492279,0.932337760925293,0.9772822260856628,0.9772822260856628,0.0,0.9429710507392883,0.9378181099891663,0.33064937591552734,0.4636749029159546
5123_P11229_DB00810,5123,DB00810,P11229,-1.6925907135009766,0.8653888702392578,-1.695727825164795,0.8628377914428711,-1.6894536018371582,0.8679400086402893,0.7430645823478699,0.7570886015892029,0.9884987473487854,0.9884987473487854,0.0,0.6817060112953186,0.7919602394104004,1.3191510438919067,0.6341772079467773
5126_O76074_DB00820,5126,DB00820,O76074,-2.21903133392334,0.8230982422828674,-2.549365997314453,0.983187735080719,-1.8886969089508057,0.6630087494850159,0.7791776061058044,0.5869080424308777,0.8486477732658386,0.8486477732658386,0.0,0.7618100047111511,0.7674649357795715,1.1545922756195068,3.8435440063476562
5127_Q9HCR9_DB00820,5127,DB00820,Q9HCR9,-1.8604028224945068,0.6303431391716003,-2.1886181831359863,0.924950361251831,-1.5321874618530273,0.33573591709136963,0.7465657591819763,0.5285616517066956,0.9152455925941467,0.9152455925941467,0.0,0.7043958306312561,0.7292790412902832,1.7318106889724731,3.035641670227051
5129_P14416_DB00831,5129,DB00831,P14416,-1.986673355102539,0.9314358234405518,-2.511399745941162,0.9732393622398376,-1.4619468450546265,0.8896322250366211,0.7782370448112488,0.875126838684082,0.9917647242546082,0.9917647242546082,0.0,0.7248550653457642,0.8345330953598022,0.5405994057655334,0.3821924328804016
5130_P35348_DB00831,5130,DB00831,P35348,-1.5090670585632324,0.7959014773368835,-1.5382336378097534,0.8579193353652954,-1.4799003601074219,0.7338836193084717,0.7488399147987366,0.7174591422080994,0.9762852191925049,0.9762852191925049,0.0,0.6919785737991333,0.8106721043586731,1.3451706171035767,0.8586788773536682
5132_P0DP23_DB00831,5132,DB00831,P0DP23,-0.21993306279182434,0.5312423706054688,-0.26213639974594116,0.633404016494751,-0.1777297407388687,0.42908069491386414,0.9082388877868652,0.8580411076545715,0.9750052094459534,0.9750052094459534,0.0,0.8915473222732544,0.8673540353775024,0.33829542994499207,0.4942775070667267
5134_P63316_DB00831,5134,DB00831,P63316,-0.1482875794172287,0.5836094617843628,0.11519354581832886,0.6770044565200806,-0.41176870465278625,0.49021440744400024,0.7912965416908264,0.9263682961463928,0.9450569748878479,0.9450569748878479,0.0,0.752856433391571,0.6775875687599182,0.38083526492118835,0.615770697593689
5137_O75469_DB00834,5137,DB00834,O75469,-0.6534247398376465,0.5863943099975586,-1.1416128873825073,0.6758670806884766,-0.16523657739162445,0.4969215393066406,0.850696861743927,0.756064772605896,0.966974139213562,0.966974139213562,0.0,0.8216275572776794,0.8815343379974365,0.8625102639198303,0.7877991795539856
5148_P62942_DB00864,5148,DB00864,P62942,-2.2778828144073486,0.9907758235931396,-2.7070298194885254,0.9988827109336853,-1.8487358093261719,0.9826688766479492,0.976423442363739,0.9793370962142944,0.9829815626144409,0.9829815626144409,0.0,0.9747838973999023,0.9747867584228516,0.2775121033191681,0.310798704624176
5149_P07550_DB00867,5149,DB00867,P07550,-0.46381932497024536,0.9444765448570251,-1.2164275646209717,0.9686919450759888,0.28878891468048096,0.9202611446380615,0.8209662437438965,0.7958361506462097,0.9759088158607483,0.9759088158607483,0.0,0.7822305560112,0.8873039484024048,1.123161792755127,0.6989308595657349
5150_O14983_DB00867,5150,DB00867,O14983,0.6940685510635376,0.5134544968605042,0.2003312110900879,0.6510884165763855,1.1878058910369873,0.3758205473423004,0.8821158409118652,0.8842558264732361,0.8774656057357788,0.8774656057357788,0.0,0.8832784295082092,0.7999240159988403,0.49133625626564026,2.7290194034576416
5154_P08588_DB00867,5154,DB00867,P08588,-0.36522069573402405,0.9229412078857422,-0.37363284826278687,0.9336117506027222,-0.35680854320526123,0.9122706651687622,0.7622506022453308,0.8328089118003845,0.9863290190696716,0.9863290190696716,0.0,0.7062309980392456,0.830919086933136,1.0082802772521973,0.6510846614837646
5155_P13945_DB00867,5155,DB00867,P13945,-0.8048027753829956,0.910382866859436,-1.2801979780197144,0.9118688702583313,-0.3294075131416321,0.9088969230651855,0.7937641143798828,0.8072856664657593,0.973591685295105,0.973591685295105,0.0,0.7488071918487549,0.8428245186805725,1.2214289903640747,0.9532495737075806
5178_P37288_DB00872,5178,DB00872,P37288,-1.8624252080917358,0.6790006160736084,-2.523007392883301,0.939570963382721,-1.201843023300171,0.41843026876449585,0.7686033248901367,0.7715005278587341,0.9533137679100037,0.9533137679100037,0.0,0.7224256992340088,0.795792818069458,1.331182599067688,1.8227074146270752
5179_P30518_DB00872,5179,DB00872,P30518,-1.9611992835998535,0.6882736086845398,-2.5139245986938477,0.9227380752563477,-1.408474087715149,0.4538091719150543,0.7784765362739563,0.8486428260803223,0.9613610506057739,0.9613610506057739,0.0,0.7327554225921631,0.7457771897315979,0.8571128845214844,1.359566569328308
5180_P42345_DB00877,5180,DB00877,P42345,-1.2025889158248901,0.6513502597808838,-0.9752665162086487,0.5401259064674377,-1.4299112558364868,0.7625746130943298,0.8398957252502441,0.6378412842750549,0.9209337830543518,0.9209337830543518,0.0,0.8196362257003784,0.7943224310874939,0.7969623804092407,3.583746910095215
5182_P12821_DB00881,5182,DB00881,P12821,0.2979753911495209,0.6386289000511169,0.5734792947769165,0.7200761437416077,0.022471478208899498,0.5571816563606262,0.8788967132568359,0.6272889375686646,0.7628723978996277,0.7628723978996277,0.0,0.9079027771949768,0.8475971221923828,0.8973192572593689,11.70044231414795
5183_P03372_DB00882,5183,DB00882,P03372,-1.3245618343353271,0.9439858198165894,-1.3242923021316528,0.9555338621139526,-1.324831485748291,0.9324378371238708,0.6394696235656738,0.555755615234375,0.9752309322357178,0.9752309322357178,0.0,0.5555292963981628,0.6912529468536377,2.8398778438568115,1.496353030204773
5184_P04278_DB00882,5184,DB00882,P04278,0.7074870467185974,0.5115876793861389,0.3032204806804657,0.6355114579200745,1.1117535829544067,0.387663871049881,0.9064469337463379,0.8663150668144226,0.9472078084945679,0.9472078084945679,0.0,0.8962567448616028,0.9096387624740601,0.5554429888725281,1.0613654851913452
5186_P14324_DB00884,5186,DB00884,P14324,-0.3195316195487976,0.6527129411697388,-0.15517506003379822,0.6974337697029114,-0.4838882088661194,0.6079921126365662,0.8205041885375977,0.8422116041183472,0.8553787469863892,0.8553787469863892,0.0,0.8117855787277222,0.6761232018470764,0.8931584358215332,3.9931724071502686
5188_P03372_DB00890,5188,DB00890,P03372,-1.648745059967041,0.9045690298080444,-1.5380842685699463,0.9461315870285034,-1.7594059705734253,0.8630065321922302,0.6466770172119141,0.5583382844924927,0.9685193300247192,0.9685193300247192,0.0,0.5662164092063904,0.7096848487854004,2.853834390640259,0.8635320663452148
5189_P04278_DB00890,5189,DB00890,P04278,0.48574936389923096,0.6048392057418823,0.14654380083084106,0.6914143562316895,0.8249549269676208,0.51826411485672,0.9033675193786621,0.8618041276931763,0.9671541452407837,0.9671541452407837,0.0,0.8874208927154541,0.918864905834198,0.5279034972190857,0.7087875008583069
5194_P14867_DB00897,5194,DB00897,P14867,0.466787189245224,0.530082106590271,0.006521530449390411,0.7461408376693726,0.9270528554916382,0.3140234351158142,0.7830527424812317,0.7284355759620667,0.8652763962745667,0.8652763962745667,0.0,0.762496829032898,0.5430358648300171,1.1147010326385498,3.3536994457244873
5195_P18505_DB00897,5195,DB00897,P18505,-0.21467332541942596,0.5992221832275391,-0.39043471217155457,0.8481655120849609,-0.03891194984316826,0.3502788543701172,0.7763493061065674,0.6665838360786438,0.8291385173797607,0.8291385173797607,0.0,0.763152003288269,0.5539751648902893,1.2377285957336426,4.985017776489258
5201_P47870_DB00897,5201,DB00897,P47870,-0.3193884491920471,0.5956985354423523,-0.5502135753631592,0.8475348353385925,-0.08856329321861267,0.34386226534843445,0.7417282462120056,0.6223570704460144,0.7772815823554993,0.7772815823554993,0.0,0.7328399419784546,0.584419846534729,1.6201701164245605,5.895455360412598
5209_P05023_DB00903,5209,DB00903,P05023,1.165998935699463,0.5096896290779114,1.406221866607666,0.7234428524971008,0.925775945186615,0.29593637585639954,0.7641876935958862,0.8303692936897278,0.6001276969909668,0.6001276969909668,0.0,0.8052026629447937,0.6486186981201172,0.7306344509124756,7.783008575439453
5213_P43088_DB00905,5213,DB00905,P43088,-0.7419700622558594,0.8827182650566101,-0.7673279047012329,0.9019389152526855,-0.7166122198104858,0.8634976148605347,0.863776683807373,0.8789597749710083,0.9838557839393616,0.9838557839393616,0.0,0.8337568640708923,0.9084728360176086,0.7315427660942078,0.4680868089199066
5214_P43115_DB00905,5214,DB00905,P43115,0.2807987630367279,0.6411728858947754,0.5450971126556396,0.5785021185874939,0.016500411555171013,0.7038437128067017,0.8559834361076355,0.9275884032249451,0.989434540271759,0.989434540271759,0.0,0.8226206302642822,0.8971222043037415,0.5128483176231384,0.40396058559417725
5215_P30531_DB00906,5215,DB00906,P30531,0.322204053401947,0.7743853330612183,0.5960919260978699,0.8640611171722412,0.04831618070602417,0.6847095489501953,0.825051486492157,0.8689025640487671,0.8604180812835693,0.8604180812835693,0.0,0.8162099123001099,0.7658605575561523,0.8343119025230408,2.0770821571350098
5220_P25100_DB00908,5220,DB00908,P25100,0.23706360161304474,0.770251989364624,0.5077718496322632,0.8207336068153381,-0.03364464268088341,0.7197703123092651,0.6650887131690979,0.6569321155548096,0.9719860553741455,0.9719860553741455,0.0,0.5883643627166748,0.7566811442375183,2.157808303833008,0.9327256083488464
5221_P35348_DB00908,5221,DB00908,P35348,0.41732093691825867,0.5333717465400696,-0.10080888122320175,0.6255137324333191,0.9354507327079773,0.44122976064682007,0.7567836046218872,0.7931122183799744,0.9747101068496704,0.9747101068496704,0.0,0.7023019194602966,0.8296646475791931,0.9865047931671143,0.8344019651412964
5222_P35368_DB00908,5222,DB00908,P35368,-0.26146355271339417,0.671427309513092,-0.21787941455841064,0.7353538870811462,-0.3050476908683777,0.6075007319450378,0.7115477919578552,0.6860528588294983,0.9846675395965576,0.9846675395965576,0.0,0.6432678699493408,0.7763054370880127,1.832370638847351,0.618075430393219
5225_P00915_DB00909,5225,DB00909,P00915,-1.3804130554199219,0.9785245656967163,-1.4364283084869385,0.9999526739120483,-1.3243978023529053,0.9570963978767395,0.9824029207229614,0.9833260774612427,0.9834269285202026,0.9834269285202026,0.0,0.9821468591690063,0.9686217308044434,0.28800293803215027,0.4444027245044708
5227_O43570_DB00909,5227,DB00909,O43570,-0.7535592317581177,0.9467020034790039,-0.4361812174320221,0.9859578013420105,-1.0709372758865356,0.9074461460113525,0.9338189363479614,0.8557875156402588,0.9897990822792053,0.9897990822792053,0.0,0.9198238253593445,0.9440250396728516,0.3435223400592804,0.39468884468078613
5229_O75493_DB00909,5229,DB00909,O75493,0.8979301452636719,0.5713727474212646,0.6199021339416504,0.7873862385749817,1.1759581565856934,0.3553592562675476,0.900793731212616,0.910306990146637,0.9606669545173645,0.9606669545173645,0.0,0.8858254551887512,0.8461493849754333,0.5345492959022522,0.8190074563026428
5231_P00918_DB00909,5231,DB00909,P00918,-1.4728525876998901,0.9877322912216187,-1.4657788276672363,0.999967098236084,-1.479926347732544,0.9754974842071533,0.9786553382873535,0.9912739992141724,0.9825814366340637,0.9825814366340637,0.0,0.9776738286018372,0.9725642204284668,0.27228713035583496,0.39851465821266174
5232_P07451_DB00909,5232,DB00909,P07451,-0.8677787780761719,0.9519484043121338,-0.7616065740585327,0.999180018901825,-0.9739510416984558,0.9047167897224426,0.9825302362442017,0.9854097962379456,0.9815194606781006,0.9815194606781006,0.0,0.9827829599380493,0.9754965901374817,0.2797258198261261,0.4020944833755493
5234_P22748_DB00909,5234,DB00909,P22748,-0.44403237104415894,0.9348810911178589,-0.001491304486989975,0.9769957661628723,-0.8865734338760376,0.8927664756774902,0.9213313460350037,0.9720029234886169,0.9874988198280334,0.9874988198280334,0.0,0.9047894477844238,0.9315816760063171,0.284341037273407,0.3885204493999481
5235_P23280_DB00909,5235,DB00909,P23280,-0.5579274892807007,0.9508447647094727,-0.3668711185455322,0.9958914518356323,-0.7489838004112244,0.9057980179786682,0.9273029565811157,0.9470599889755249,0.9681450128555298,0.9681450128555298,0.0,0.9170924425125122,0.9326910972595215,0.35878387093544006,0.6060147285461426
5236_P35218_DB00909,5236,DB00909,P35218,-0.7245504856109619,0.9718858599662781,-0.38744115829467773,0.9976072311401367,-1.061659812927246,0.9461644887924194,0.8710764050483704,0.8390399813652039,0.9654105305671692,0.9654105305671692,0.0,0.8474928736686707,0.8776522874832153,0.9572924971580505,1.2344231605529785
5237_P35219_DB00909,5237,DB00909,P35219,-0.26794755458831787,0.8274515271186829,-0.3309296667575836,0.9497423768043518,-0.20496542751789093,0.7051606774330139,0.9114367365837097,0.9206384420394897,0.9761224389076233,0.9761224389076233,0.0,0.8952652812004089,0.898296594619751,0.3847910165786743,0.538356602191925
5239_P43166_DB00909,5239,DB00909,P43166,-1.4541946649551392,0.9848173260688782,-1.4555861949920654,0.9999847412109375,-1.452803134918213,0.9696499109268188,0.9801457524299622,0.9855579137802124,0.9837850332260132,0.9837850332260132,0.0,0.9792358875274658,0.9694902300834656,0.3033715784549713,0.3975084722042084
5243_Q16790_DB00909,5243,DB00909,Q16790,-1.805604100227356,0.9848516583442688,-1.8299957513809204,0.9999353885650635,-1.7812124490737915,0.9697679281234741,0.7786816954612732,0.7424997091293335,0.9837561845779419,0.9837561845779419,0.0,0.7274129986763,0.8160905241966248,1.2951300144195557,1.2688621282577515
5245_Q8N1Q1_DB00909,5245,DB00909,Q8N1Q1,-1.157972812652588,0.9726674556732178,-1.1920063495635986,0.9999158382415771,-1.1239393949508667,0.9454190731048584,0.9764513969421387,0.985544741153717,0.9815743565559387,0.9815743565559387,0.0,0.9751706123352051,0.9672138690948486,0.2800721824169159,0.4177978038787842
5247_Q9NS85_DB00909,5247,DB00909,Q9NS85,0.4582233726978302,0.5919923186302185,-0.24810759723186493,0.8182371258735657,1.1645543575286865,0.36574751138687134,0.885351836681366,0.9150245785713196,0.9647032618522644,0.9647032618522644,0.0,0.8655140399932861,0.8900661468505859,0.45652851462364197,0.6667903065681458
5252_Q9ULX7_DB00909,5252,DB00909,Q9ULX7,-0.5552491545677185,0.9585457444190979,0.22098872065544128,0.9965035915374756,-1.3314870595932007,0.9205878973007202,0.9331504106521606,0.8467016220092773,0.9822611808776855,0.9822611808776855,0.0,0.920872688293457,0.9159366488456726,0.38966917991638184,0.5566186904907227
5253_Q9Y2D0_DB00909,5253,DB00909,Q9Y2D0,0.03405207395553589,0.9404078722000122,0.7414554953575134,0.989468514919281,-0.6733513474464417,0.8913472294807434,0.8677908778190613,0.9649767279624939,0.9849556088447571,0.9849556088447571,0.0,0.8384996652603149,0.8850295543670654,0.3759382367134094,0.5554975271224976
5261_P11473_DB00910,5261,DB00910,P11473,-2.236302137374878,0.9919952750205994,-3.0033302307128906,0.99842369556427,-1.4692739248275757,0.9855668544769287,0.9151674509048462,0.722614049911499,0.9925124049186707,0.9925124049186707,0.0,0.8958312273025513,0.9540404677391052,0.6288954615592957,0.3697371482849121
5262_Q09428_DB00912,5262,DB00912,Q09428,0.5010252594947815,0.608290433883667,0.164358451962471,0.6635097861289978,0.8376920223236084,0.5530710220336914,0.8097136616706848,0.8142722249031067,0.8130868077278137,0.8130868077278137,0.0,0.8088703155517578,0.8016011714935303,0.8666093349456787,4.869935035705566
5265_P28221_DB00918,5265,DB00918,P28221,-1.3294353485107422,0.8894863128662109,-1.8414143323898315,0.9696720838546753,-0.8174564838409424,0.8093006014823914,0.8181815147399902,0.8762934803962708,0.9766649007797241,0.9766649007797241,0.0,0.7785606384277344,0.8543834090232849,0.7229894399642944,0.8764627575874329
5266_P28222_DB00918,5266,DB00918,P28222,-0.8061301112174988,0.754878044128418,-0.9818665981292725,0.8584920167922974,-0.6303936243057251,0.6512641310691833,0.845919132232666,0.8846448659896851,0.9804648756980896,0.9804648756980896,0.0,0.8122826814651489,0.8653222322463989,0.5423855185508728,0.5292350649833679
5270_Q14432_DB00922,5270,DB00922,Q14432,-1.1318470239639282,0.6890478134155273,-1.3882560729980469,0.8832964301109314,-0.8754379153251648,0.49479925632476807,0.6115350127220154,0.48181667923927307,0.8723622560501099,0.8723622560501099,0.0,0.5463281273841858,0.6469165682792664,3.7840523719787598,6.008784294128418
5272_Q72874_DB00932,5272,DB00932,Q72874,0.14355723559856415,0.7424339056015015,0.34253549575805664,0.7736343145370483,-0.05542101338505745,0.7112334370613098,0.9448930025100708,0.9334337115287781,0.9549156427383423,0.9549156427383423,0.0,0.9423873424530029,0.9352905750274658,0.42643851041793823,0.5644137263298035
5273_P14416_DB00933,5273,DB00933,P14416,-1.4856746196746826,0.6478716731071472,-1.8005555868148804,0.8165132403373718,-1.1707937717437744,0.4792300760746002,0.7449337840080261,0.7775635719299316,0.9889053106307983,0.9889053106307983,0.0,0.6839408874511719,0.8071389198303223,1.1158808469772339,0.46366333961486816
5274_P28223_DB00933,5274,DB00933,P28223,-1.7863062620162964,0.8122137784957886,-1.1861932277679443,0.8298556208610535,-2.3864192962646484,0.7945719361305237,0.7845323085784912,0.7541742324829102,0.9806855320930481,0.9806855320930481,0.0,0.7354940176010132,0.788547933101654,1.1369644403457642,0.6050252318382263
5275_P35367_DB00934,5275,DB00934,P35367,-2.606719970703125,0.9661576747894287,-2.7604708671569824,0.9976615905761719,-2.4529690742492676,0.9346538186073303,0.7088090777397156,0.8143022060394287,0.9858942627906799,0.9858942627906799,0.0,0.6395377516746521,0.777309775352478,1.0871661901474,0.5472506284713745
5276_P23975_DB00934,5276,DB00934,P23975,-1.8376140594482422,0.953324556350708,-1.8482178449630737,0.9552795886993408,-1.827010154724121,0.95136958360672,0.9088032841682434,0.9114335775375366,0.9770169258117676,0.9770169258117676,0.0,0.8917498588562012,0.9207871556282043,0.5924796462059021,0.7639621496200562
5277_P25100_DB00934,5277,DB00934,P25100,-0.9447773098945618,0.6692570447921753,-0.8856792449951172,0.7559519410133362,-1.0038753747940063,0.5825621485710144,0.6533794403076172,0.6865872740745544,0.9401692152023315,0.9401692152023315,0.0,0.581682026386261,0.6713129878044128,2.102877378463745,1.452033281326294
5301_P28222_DB00935,5301,DB00935,P28222,-0.48617199063301086,0.8272707462310791,-0.9108883142471313,0.8736380338668823,-0.061455678194761276,0.7809035181999207,0.8474388122558594,0.8572173714637756,0.9819316864013672,0.9819316864013672,0.0,0.8138155341148376,0.8759337663650513,0.6159880757331848,0.5503247976303101
5302_P11229_DB00940,5302,DB00940,P11229,-1.7885812520980835,0.935672402381897,-2.133906841278076,0.9204004406929016,-1.4432556629180908,0.9509443044662476,0.7431982755661011,0.7324702143669128,0.9687177538871765,0.9687177538871765,0.0,0.6868183612823486,0.772149920463562,1.4529094696044922,0.918696939945221
5304_P08172_DB00940,5304,DB00940,P08172,-0.6966280937194824,0.9068797826766968,-0.6098549365997314,0.8803289532661438,-0.7834011912345886,0.9334306716918945,0.7434858083724976,0.7170317769050598,0.9812201857566833,0.9812201857566833,0.0,0.6840521693229675,0.8001105785369873,1.5173879861831665,0.6019176244735718
5305_P08173_DB00940,5305,DB00940,P08173,-1.2977333068847656,0.9064781069755554,-1.4315205812454224,0.890014111995697,-1.1639461517333984,0.9229421019554138,0.7771871089935303,0.7214608192443848,0.982480525970459,0.982480525970459,0.0,0.7258637547492981,0.8349398970603943,1.5647774934768677,0.7395315766334534
5306_P08912_DB00940,5306,DB00940,P08912,-1.7655646800994873,0.9374065399169922,-2.10908842086792,0.9427220821380615,-1.4220409393310547,0.9320909380912781,0.7291946411132812,0.7110545635223389,0.9767346978187561,0.9767346978187561,0.0,0.6673096418380737,0.7928586602210999,1.667869210243225,0.9257432818412781
5307_P20309_DB00940,5307,DB00940,P20309,-1.7914447784423828,0.9448409080505371,-2.1533899307250977,0.9463912844657898,-1.429499626159668,0.9432905316352844,0.7104483842849731,0.6397188305854797,0.9751084446907043,0.9751084446907043,0.0,0.6442833542823792,0.7606637477874756,2.0699455738067627,1.119673490524292
5308_Q72547_DB00943,5308,DB00943,Q72547,-1.2907733917236328,0.5113803148269653,-1.303931713104248,0.3689407706260681,-1.2776150703430176,0.6538198590278625,0.9362700581550598,0.7784359455108643,0.885762631893158,0.885762631893158,0.0,0.9488968849182129,0.8624637722969055,0.6160614490509033,2.8340351581573486
5309_Q9BQB6_DB00946,5309,DB00946,Q9BQB6,-0.4098586440086365,0.577646017074585,-0.3298192322254181,0.6035324335098267,-0.48989802598953247,0.5517595410346985,0.9546088576316833,0.9308090209960938,0.9704409241676331,0.9704409241676331,0.0,0.9506507515907288,0.9672398567199707,0.3659926950931549,0.40813130140304565
5310_P03372_DB00947,5310,DB00947,P03372,-2.2188878059387207,0.9405567049980164,-2.655020236968994,0.9961812496185303,-1.7827553749084473,0.8849321603775024,0.6220927238464355,0.5898827910423279,0.9264299273490906,0.9264299273490906,0.0,0.5460084080696106,0.6484818458557129,2.678079605102539,1.8533564805984497
5311_Q8XJ01_DB00948,5311,DB00948,Q8XJ01,-0.3679006099700928,0.7714003324508667,-0.08475492894649506,0.838028073310852,-0.6510462760925293,0.7047726511955261,0.9130026698112488,0.7816243171691895,0.9738935828208923,0.9738935828208923,0.0,0.8977800011634827,0.8834134936332703,0.4557603895664215,0.8301847577095032
5313_Q75Y35_DB00948,5313,DB00948,Q75Y35,0.399959534406662,0.6651325225830078,0.31698787212371826,0.7723208069801331,0.4829311966896057,0.5579442977905273,0.925044059753418,0.8946481943130493,0.9661215543746948,0.9661215543746948,0.0,0.9147747159004211,0.8999196887016296,0.4487254023551941,0.9366083145141602
5314_P35367_DB00950,5314,DB00950,P35367,-1.1492879390716553,0.9372292757034302,-1.1855088472366333,0.9585913419723511,-1.1130670309066772,0.915867269039154,0.7069807052612305,0.6982746720314026,0.9650861620903015,0.9650861620903015,0.0,0.6424543261528015,0.7855682969093323,1.5740060806274414,0.856632649898529
5322_P28221_DB00952,5322,DB00952,P28221,-1.5858747959136963,0.9201034307479858,-1.6599185466766357,0.9519516229629517,-1.5118310451507568,0.8882551789283752,0.8220470547676086,0.8796201944351196,0.980094850063324,0.980094850063324,0.0,0.7825350761413574,0.850672721862793,0.6758722066879272,0.7897331118583679
5323_P28222_DB00952,5323,DB00952,P28222,-0.9409147500991821,0.7767385244369507,-0.9839431047439575,0.8189362287521362,-0.897886335849762,0.7345407605171204,0.842072606086731,0.8436210751533508,0.9791852831840515,0.9791852831840515,0.0,0.8077943921089172,0.8523396253585815,0.6814937591552734,0.5941751003265381
5325_P08908_DB00952,5325,DB00952,P08908,-1.339205026626587,0.8455300331115723,-1.5455421209335327,0.8908541798591614,-1.1328679323196411,0.8002059459686279,0.817550778388977,0.867423951625824,0.9779362082481384,0.9779362082481384,0.0,0.7774543762207031,0.852277398109436,0.9137195944786072,1.1070804595947266
5328_P03372_DB00957,5328,DB00957,P03372,-1.4555883407592773,0.7728848457336426,-1.4328657388687134,0.7986481189727783,-1.4783109426498413,0.7471215128898621,0.6416609883308411,0.5525615811347961,0.9721847772598267,0.9721847772598267,0.0,0.5590299963951111,0.693511962890625,2.815481662750244,0.9825681447982788
5330_P08588_DB00960,5330,DB00960,P08588,-2.8557708263397217,0.9963707327842712,-2.6455397605895996,0.999858021736145,-3.0660018920898438,0.9928834438323975,0.7693121433258057,0.7472983002662659,0.9909195303916931,0.9909195303916931,0.0,0.7139102816581726,0.8402289748191833,1.51229727268219,0.5790673494338989
5331_P07550_DB00960,5331,DB00960,P07550,-3.1412582397460938,0.9989413022994995,-2.8717050552368164,0.9999927282333374,-3.410811185836792,0.9978899359703064,0.8370100259780884,0.8513767123222351,0.9901562929153442,0.9901562929153442,0.0,0.7987234592437744,0.8958392143249512,0.8743412494659424,0.48249322175979614
5332_P08908_DB00960,5332,DB00960,P08908,-1.4964501857757568,0.9615939855575562,-1.603647232055664,0.9892171621322632,-1.38925302028656,0.9339708089828491,0.8201123476028442,0.9035714864730835,0.9901590347290039,0.9901590347290039,0.0,0.7776006460189819,0.8593919277191162,0.6701432466506958,0.44646215438842773
5333_P28222_DB00960,5333,DB00960,P28222,-1.1197688579559326,0.9308501482009888,-0.8888970613479614,0.9406524896621704,-1.3506407737731934,0.9210477471351624,0.8487235903739929,0.8384179472923279,0.986258327960968,0.986258327960968,0.0,0.8143398761749268,0.8861991167068481,0.6897076368331909,0.5117440223693848
5334_P13945_DB00960,5334,DB00960,P13945,-2.3934473991394043,0.9930700063705444,-1.9240493774414062,0.9920461177825928,-2.8628451824188232,0.9940938353538513,0.8113641738891602,0.810111403465271,0.988835871219635,0.988835871219635,0.0,0.7669962644577026,0.8667582869529724,1.1839210987091064,0.5896098613739014
5335_P30556_DB00966,5335,DB00966,P30556,-2.8194456100463867,0.9605884552001953,-3.2311582565307617,0.9935261011123657,-2.4077327251434326,0.9276508092880249,0.8513134121894836,0.8773542046546936,0.9772841930389404,0.9772841930389404,0.0,0.8198207020759583,0.8748986721038818,0.6127521395683289,0.6855884194374084
5336_P37231_DB00966,5336,DB00966,P37231,0.918103039264679,0.5556588172912598,1.3309860229492188,0.5550135970115662,0.5052200555801392,0.5563039779663086,0.7123335003852844,0.7321040630340576,0.9224090576171875,0.9224090576171875,0.0,0.6598145961761475,0.6922786235809326,1.6867425441741943,1.551900029182434
5337_P35367_DB00967,5337,DB00967,P35367,-2.7039971351623535,0.9894083738327026,-2.796074390411377,0.9999790191650391,-2.611920118331909,0.9788377285003662,0.7218943238258362,0.7284584641456604,0.9892757534980774,0.9892757534980774,0.0,0.6550489664077759,0.7948236465454102,1.414488673210144,0.5277920365333557
5338_P11388_DB00970,5338,DB00970,P11388,-1.262253761291504,0.6839318871498108,-1.1672017574310303,0.7920344471931458,-1.3573057651519775,0.5758293271064758,0.7333316802978516,0.5692442059516907,0.7690491676330566,0.7690491676330566,0.0,0.7244023084640503,0.6321608424186707,1.682248592376709,7.543026924133301
5339_Q02880_DB00970,5339,DB00970,Q02880,-1.1874808073043823,0.7708718776702881,-1.343153953552246,0.8921481966972351,-1.0318076610565186,0.6495956182479858,0.715861439704895,0.5490076541900635,0.7948776483535767,0.7948776483535767,0.0,0.6961073875427246,0.6114498972892761,2.013859510421753,7.123777866363525
5340_P11387_DB00970,5340,DB00970,P11387,-1.337294101715088,0.6618556380271912,-1.6115237474441528,0.8088177442550659,-1.0630645751953125,0.5148935317993164,0.6767865419387817,0.5923323631286621,0.6903882026672363,0.6903882026672363,0.0,0.6733860969543457,0.4933202266693115,1.8682833909988403,8.66435718536377
5344_P49286_DB00980,5344,DB00980,P49286,-3.0277066230773926,0.9814882278442383,-3.4123897552490234,0.99997878074646,-2.643023729324341,0.9629976749420166,0.859646737575531,0.9297303557395935,0.9898641705513,0.9898641705513,0.0,0.8270923495292664,0.9123298525810242,0.496123731136322,0.35249412059783936
5345_P48039_DB00980,5345,DB00980,P48039,-2.9382994174957275,0.9760986566543579,-3.097602367401123,0.9991723299026489,-2.778996467590332,0.9530249834060669,0.8927474021911621,0.942348301410675,0.9893709421157837,0.9893709421157837,0.0,0.8685914874076843,0.9178704619407654,0.37448811531066895,0.35645461082458496
5349_P07550_DB00983,5349,DB00983,P07550,-1.8046025037765503,0.9859246015548706,-2.3656468391418457,0.9976819753646851,-1.2435581684112549,0.9741672873497009,0.8323341608047485,0.7914475202560425,0.9862143993377686,0.9862143993377686,0.0,0.7938640713691711,0.8993674516677856,1.1392900943756104,0.5285378694534302
5350_P08588_DB00983,5350,DB00983,P08588,-0.6034377217292786,0.9488199949264526,-0.493062287569046,0.9710466861724854,-0.7138131260871887,0.9265933632850647,0.7742795348167419,0.8344107866287231,0.9892477989196777,0.9892477989196777,0.0,0.7205374240875244,0.8488215804100037,0.9584866762161255,0.636255145072937
5351_P13945_DB00983,5351,DB00983,P13945,-1.7783156633377075,0.9725717306137085,-1.811941385269165,0.9739183187484741,-1.74468994140625,0.9712250828742981,0.7902535796165466,0.7897295355796814,0.9811194539070129,0.9811194539070129,0.0,0.7425370812416077,0.8477506041526794,1.268888235092163,0.9414936304092407
5353_P22303_DB00989,5353,DB00989,P22303,0.1779235303401947,0.6086689233779907,0.04929404705762863,0.7381370067596436,0.3065530061721802,0.4792008399963379,0.8588619232177734,0.9205871820449829,0.6404826641082764,0.6404826641082764,0.0,0.9134566783905029,0.8687918782234192,1.1306958198547363,15.400219917297363
5354_P06276_DB00989,5354,DB00989,P06276,-0.06167832016944885,0.7403659820556641,0.2969825565814972,0.807806134223938,-0.4203391969203949,0.6729258298873901,0.8752855658531189,0.9146631956100464,0.7430394291877747,0.7430394291877747,0.0,0.9083470702171326,0.8768762350082397,0.8555365800857544,9.617959022521973
5359_P54289_DB00996,5359,DB00996,P54289,-0.7500982284545898,0.9351006746292114,-1.0312144756317139,0.9796457886695862,-0.46898192167282104,0.8905555009841919,0.8454921841621399,0.8454704284667969,0.9642447829246521,0.9642447829246521,0.0,0.8158040046691895,0.8261967897415161,0.7910235524177551,1.5610153675079346
5360_Q9NY47_DB00996,5360,DB00996,Q9NY47,-0.3786042034626007,0.921210765838623,-0.6198520660400391,0.9861183166503906,-0.13735635578632355,0.8563031554222107,0.817560613155365,0.8223448395729065,0.9647965431213379,0.9647965431213379,0.0,0.780751645565033,0.8011377453804016,0.9919121861457825,1.4650006294250488
5366_P11387_DB00997,5366,DB00997,P11387,0.550578773021698,0.6574941277503967,1.07317316532135,0.8503427505493164,0.027984395623207092,0.46464547514915466,0.6377536058425903,0.6250351667404175,0.4773232340812683,0.4773232340812683,0.0,0.6778611540794373,0.45319896936416626,2.156632423400879,10.899017333984375
5368_P28221_DB00998,5368,DB00998,P28221,-1.4607250690460205,0.7102806568145752,-1.2084814310073853,0.520012378692627,-1.7129685878753662,0.9005489349365234,0.8220018744468689,0.863528847694397,0.9782817959785461,0.9782817959785461,0.0,0.7829318046569824,0.8502874970436096,0.753269612789154,0.8501012325286865
5369_P28222_DB00998,5369,DB00998,P28222,-1.2819645404815674,0.5277179479598999,-1.257769227027893,0.2267235517501831,-1.3061598539352417,0.8287124037742615,0.8438798189163208,0.8636808395385742,0.9867122769355774,0.9867122769355774,0.0,0.8081716895103455,0.8729007840156555,0.5961574912071228,0.477498859167099
5375_P15538_DB01011,5375,DB01011,P15538,-0.9370062351226807,0.8318533897399902,-0.6535096764564514,0.9073216915130615,-1.2205027341842651,0.7563851475715637,0.8989651799201965,0.9241129159927368,0.9236268401145935,0.9236268401145935,0.0,0.8927997350692749,0.8041088581085205,0.5954335927963257,1.5816107988357544
5380_P0A7V8_DB01017,5380,DB01017,P0A7V8,0.9861966371536255,0.6403816938400269,1.086739182472229,0.8036237955093384,0.885654091835022,0.47713956236839294,0.8115708231925964,0.9051030874252319,0.751537561416626,0.751537561416626,0.0,0.8265791535377502,0.5333447456359863,0.658785879611969,2.8207626342773438
5381_P01584_DB01017,5381,DB01017,P01584,0.560447633266449,0.6814186573028564,0.5937412977218628,0.8335065841674805,0.5271539688110352,0.5293306708335876,0.670590341091156,0.6552814245223999,0.8095484972000122,0.8095484972000122,0.0,0.635850727558136,0.3832201659679413,1.500647783279419,6.040304183959961
5382_P09917_DB01017,5382,DB01017,P09917,0.642523467540741,0.6227244138717651,0.9988385438919067,0.7270954251289368,0.2862083911895752,0.5183533430099487,0.9287437796592712,0.9556295275688171,0.8623787760734558,0.8623787760734558,0.0,0.9453350305557251,0.849245548248291,0.49846577644348145,3.545032501220703
5383_P0A7X3_DB01017,5383,DB01017,P0A7X3,0.6498636603355408,0.662277102470398,1.0638445615768433,0.8142823576927185,0.23588278889656067,0.5102719068527222,0.7529687881469727,0.8147574067115784,0.7642279863357544,0.7642279863357544,0.0,0.7501539587974548,0.5067670345306396,0.7828554511070251,2.689639091491699
5384_P14780_DB01017,5384,DB01017,P14780,0.39438754320144653,0.5110772848129272,0.4749143719673157,0.7131732702255249,0.313860684633255,0.308981329202652,0.8167668581008911,0.6341428756713867,0.8834964036941528,0.8834964036941528,0.0,0.8000844717025757,0.7638424634933472,1.253040075302124,4.20332145690918
5393_P35228_DB01017,5393,DB01017,P35228,0.06915019452571869,0.5869553089141846,0.20795218646526337,0.8838444352149963,-0.06965179741382599,0.2900661826133728,0.7541904449462891,0.5206109285354614,0.6128804683685303,0.6128804683685303,0.0,0.7895179390907288,0.7363837361335754,1.3241276741027832,10.650108337402344
5403_P08913_DB01018,5403,DB01018,P08913,-0.021171212196350098,0.8235792517662048,0.2436772584915161,0.8634001016616821,-0.2860196828842163,0.7837584018707275,0.7288565635681152,0.6850111484527588,0.9764100909233093,0.9764100909233093,0.0,0.6669681668281555,0.8056191802024841,1.8960036039352417,0.7729212045669556
5404_P18089_DB01018,5404,DB01018,P18089,0.46456897258758545,0.6972600221633911,0.5783712863922119,0.7830281257629395,0.3507666289806366,0.6114919781684875,0.7438053488731384,0.923339307308197,0.9871205687522888,0.9871205687522888,0.0,0.682976484298706,0.8037907481193542,0.6234459280967712,0.44646894931793213
5406_P02818_DB01022,5406,DB01022,P02818,0.28949546813964844,0.5718435049057007,0.2868581712245941,0.6849367022514343,0.29213279485702515,0.45875024795532227,0.6443939805030823,0.6518564820289612,0.6570914387702942,0.6570914387702942,0.0,0.6412196159362793,0.4256100654602051,0.7898293733596802,2.8617374897003174
5408_P0DP23_DB01023,5408,DB01023,P0DP23,1.9975860118865967,0.5244197845458984,2.5499343872070312,0.6612171530723572,1.4452377557754517,0.3876224160194397,0.7821270823478699,0.7178446054458618,0.7283561825752258,0.7283561825752258,0.0,0.7955697774887085,0.5942842364311218,0.8400070071220398,2.930104970932007
5410_P02585_DB01023,5410,DB01023,P02585,1.923335313796997,0.5471084713935852,2.461911201477051,0.7153424024581909,1.3847594261169434,0.3788745403289795,0.8352951407432556,0.7961253523826599,0.8093959093093872,0.8093959093093872,0.0,0.8417699337005615,0.5264804363250732,0.5897267460823059,2.237827777862549
5413_P63316_DB01023,5413,DB01023,P63316,1.8271071910858154,0.5392165184020996,2.300137519836426,0.6876417398452759,1.3540769815444946,0.3907913267612457,0.8629048466682434,0.7739101052284241,0.9273239970207214,0.9273239970207214,0.0,0.8468000888824463,0.7716497778892517,0.44877561926841736,0.8995979428291321
5416_Q08289_DB01023,5416,DB01023,Q08289,1.207991600036621,0.5520740747451782,1.2601032257080078,0.6095876097679138,1.155880093574524,0.49456050992012024,0.6200144290924072,0.7722254991531372,0.850165605545044,0.850165605545044,0.0,0.562476634979248,0.46432849764823914,1.809168815612793,4.912255764007568
5417_Q13698_DB01023,5417,DB01023,Q13698,0.7388496398925781,0.580880880355835,0.6826112866401672,0.7213690876960754,0.7950880527496338,0.4403926432132721,0.7513172626495361,0.7771221995353699,0.9140231609344482,0.9140231609344482,0.0,0.7106407880783081,0.6953070163726807,1.5546296834945679,2.630427598953247
5418_Q13936_DB01023,5418,DB01023,Q13936,1.034408450126648,0.507921040058136,1.190852403640747,0.5910148024559021,0.8779644966125488,0.4248272478580475,0.695193350315094,0.7111659646034241,0.9212539792060852,0.9212539792060852,0.0,0.6386781930923462,0.6479890942573547,2.131863594055176,2.8202974796295166
5422_P50859_DB01026,5422,DB01026,P50859,0.11925741285085678,0.6999054551124573,0.2391669750213623,0.8250258564949036,-0.0006521455943584442,0.574785053730011,0.9100622534751892,0.9286931157112122,0.886379063129425,0.886379063129425,0.0,0.9159830212593079,0.7822712659835815,0.5423645973205566,1.9375553131103516
5423_P05093_DB01026,5423,DB01026,P05093,-0.6731690168380737,0.6738011837005615,-0.6165614128112793,0.8618527054786682,-0.7297766804695129,0.48574960231781006,0.9119674563407898,0.9426339268684387,0.8643931746482849,0.8643931746482849,0.0,0.9238610863685608,0.7974106669425964,0.7009425759315491,3.0269970893859863
5424_P08686_DB01026,5424,DB01026,P08686,0.5086368322372437,0.6353956460952759,0.7060350775718689,0.8705682158470154,0.3112386167049408,0.40022313594818115,0.9287797808647156,0.9388947486877441,0.9363059401512146,0.9363059401512146,0.0,0.9268982410430908,0.9219967126846313,0.5256557464599609,1.62999427318573
5427_O75469_DB01026,5427,DB01026,O75469,0.43718254566192627,0.5945518016815186,0.6156553030014038,0.8347071409225464,0.25870975852012634,0.3543964624404907,0.8451879620552063,0.7659264206886292,0.9488801956176758,0.9488801956176758,0.0,0.819264829158783,0.7870804071426392,0.8316152095794678,1.0045139789581299
5428_Q14994_DB01026,5428,DB01026,Q14994,0.5348330736160278,0.5154682397842407,0.3929004669189453,0.5894696116447449,0.6767656207084656,0.4414668679237366,0.8763336539268494,0.7369213104248047,0.8858492374420166,0.8858492374420166,0.0,0.873954713344574,0.7968132495880127,0.6773796677589417,1.4496113061904907
5429_P30556_DB01029,5429,DB01029,P30556,-2.4222679138183594,0.9849041700363159,-2.062979221343994,0.9860242009162903,-2.7815566062927246,0.9837841987609863,0.8721899390220642,0.8714601993560791,0.9809650182723999,0.9809650182723999,0.0,0.8449961543083191,0.9027080535888672,0.648568868637085,0.6901702880859375
5433_Q8TCC7_DB01032,5433,DB01032,Q8TCC7,1.5434362888336182,0.5617051124572754,1.3756065368652344,0.5374402403831482,1.711266040802002,0.5859699845314026,0.8802528381347656,0.8877090215682983,0.9718853831291199,0.9718853831291199,0.0,0.8573447465896606,0.8522641062736511,0.5483240485191345,0.7131922841072083
5434_Q9NSA0_DB01032,5434,DB01032,Q9NSA0,1.190351963043213,0.500731348991394,1.2513515949249268,0.49881571531295776,1.129352331161499,0.5026470422744751,0.8867298364639282,0.9139924645423889,0.9670892953872681,0.9670892953872681,0.0,0.8666399717330933,0.8668561577796936,0.5125237107276917,0.8761339783668518
5438_P11229_DB01036,5438,DB01036,P11229,-2.5862104892730713,0.9699798822402954,-2.879754066467285,0.9756941795349121,-2.2926669120788574,0.9642656445503235,0.7382137179374695,0.7300710082054138,0.9833557605743408,0.9833557605743408,0.0,0.6769281625747681,0.7878631949424744,1.4197272062301636,0.7599828243255615
5439_P08172_DB01036,5439,DB01036,P08172,-2.1778838634490967,0.9240888953208923,-2.46284818649292,0.9407082796096802,-1.892919659614563,0.9074695110321045,0.749857485294342,0.7343114018440247,0.9783242344856262,0.9783242344856262,0.0,0.692740797996521,0.8322383761405945,1.412375807762146,0.6120122075080872
5440_P20309_DB01036,5440,DB01036,P20309,-2.09648060798645,0.9294189214706421,-2.44570255279541,0.9416728019714355,-1.7472587823867798,0.9171650409698486,0.7150784730911255,0.6333505511283875,0.9707143306732178,0.9707143306732178,0.0,0.65116947889328,0.7895140647888184,2.1125717163085938,1.191510796546936
5441_P08173_DB01036,5441,DB01036,P08173,-2.0816264152526855,0.9400393962860107,-2.2823548316955566,0.9397739171981812,-1.880897879600525,0.9403049349784851,0.7898135781288147,0.72407466173172,0.97965407371521,0.97965407371521,0.0,0.7423534393310547,0.8507313132286072,1.6272761821746826,0.9551372528076172
5442_P08912_DB01036,5442,DB01036,P08912,-2.2038486003875732,0.9477466344833374,-2.828134536743164,0.9720937013626099,-1.5795626640319824,0.9233996272087097,0.7237831354141235,0.6821486949920654,0.9716016054153442,0.9716016054153442,0.0,0.6618284583091736,0.78947514295578,1.8952358961105347,0.9996954202651978
5447_O14764_DB01043,5447,DB01043,O14764,1.0433071851730347,0.5671072006225586,0.27879056334495544,0.776823103427887,1.8078237771987915,0.35739126801490784,0.7742865681648254,0.7430914044380188,0.9227480292320251,0.9227480292320251,0.0,0.7371711730957031,0.6938222646713257,1.1400854587554932,2.2310678958892822
5452_P18505_DB01043,5452,DB01043,P18505,0.8649107217788696,0.5360423922538757,0.9541937708854675,0.6335688829421997,0.7756277322769165,0.43851587176322937,0.8092648386955261,0.6802093982696533,0.9334381222724915,0.9334381222724915,0.0,0.7782214879989624,0.7951392531394958,1.2698125839233398,2.3775596618652344
5456_P28472_DB01043,5456,DB01043,P28472,0.7256933450698853,0.5475872755050659,0.6727651357650757,0.6733788847923279,0.7786216139793396,0.42179566621780396,0.8289538621902466,0.669663667678833,0.936362624168396,0.936362624168396,0.0,0.8021016716957092,0.8195051550865173,1.2193365097045898,2.1218817234039307
5460_P47870_DB01043,5460,DB01043,P47870,0.8286195993423462,0.5895594358444214,0.8212835192680359,0.7245796322822571,0.8359556198120117,0.45453929901123047,0.7705180644989014,0.6422265768051147,0.9027237296104431,0.9027237296104431,0.0,0.7374666333198547,0.7602906227111816,1.525903582572937,3.302766799926758
5471_Q9UN88_DB01043,5471,DB01043,Q9UN88,0.9881777763366699,0.5226399302482605,0.8175362944602966,0.6374988555908203,1.1588191986083984,0.4077810049057007,0.6873324513435364,0.5775326490402222,0.8941656947135925,0.8941656947135925,0.0,0.6356241106987,0.6903072595596313,2.4131863117218018,4.647675037384033
5473_P04150_DB01047,5473,DB01047,P04150,-1.2600682973861694,0.8879873752593994,-1.1520787477493286,0.8668035864830017,-1.3680578470230103,0.9091711640357971,0.6041930317878723,0.44964471459388733,0.9828541278839111,0.9828541278839111,0.0,0.5095277428627014,0.7141439914703369,3.987980604171753,0.9650625586509705
5498_P11229_DB01062,5498,DB01062,P11229,-2.1361944675445557,0.9311747550964355,-2.7795281410217285,0.975793182849884,-1.4928606748580933,0.8865562677383423,0.7445025444030762,0.7315868735313416,0.9772778153419495,0.9772778153419495,0.0,0.686308741569519,0.8006410598754883,1.4552298784255981,0.7560510635375977
5501_P08588_DB01064,5501,DB01064,P08588,-1.8487894535064697,0.9976673126220703,-1.9480739831924438,0.9995355606079102,-1.7495050430297852,0.9957990050315857,0.7364315986633301,0.8044846653938293,0.9929658770561218,0.9929658770561218,0.0,0.672298014163971,0.7956382036209106,1.1900999546051025,0.4885110855102539
5502_P07550_DB01064,5502,DB01064,P07550,-1.3286398649215698,0.9966912269592285,-1.0302634239196777,0.9962288737297058,-1.627016305923462,0.997153639793396,0.8219056129455566,0.8245450258255005,0.9907263517379761,0.9907263517379761,0.0,0.7797004580497742,0.868127703666687,1.0117641687393188,0.498712420463562
5503_P13945_DB01064,5503,DB01064,P13945,-1.8032963275909424,0.9948873519897461,-2.0065455436706543,0.9952707886695862,-1.600046992301941,0.9945039749145508,0.7996358871459961,0.8044434785842896,0.9905012845993042,0.9905012845993042,0.0,0.7519195079803467,0.8614010810852051,1.2329626083374023,0.5672317743301392
5505_Q8XJ01_DB01066,5505,DB01066,Q8XJ01,-0.7542402744293213,0.8342270255088806,-0.4899156391620636,0.8888090252876282,-1.0185649394989014,0.7796450257301331,0.9043941497802734,0.7786587476730347,0.9674636721611023,0.9674636721611023,0.0,0.8886268138885498,0.8667834997177124,0.4715605676174164,0.9651577472686768
5506_P0A3M6_DB01066,5506,DB01066,P0A3M6,-1.358567237854004,0.9060322046279907,-1.1057323217391968,0.9591962099075317,-1.611402153968811,0.8528681397438049,0.904101550579071,0.844007670879364,0.9597298502922058,0.9597298502922058,0.0,0.8901944756507874,0.8666332960128784,0.47613176703453064,0.94251549243927
5509_P14416_DB01069,5509,DB01069,P14416,-0.7368398308753967,0.7148048877716064,-0.8398886919021606,0.8143189549446106,-0.6337909698486328,0.6152908802032471,0.76133131980896,0.752158522605896,0.973052442073822,0.973052442073822,0.0,0.7084010243415833,0.8021417856216431,1.1452404260635376,0.7926187515258789
5510_P08172_DB01069,5510,DB01069,P08172,-0.9811599254608154,0.81818687915802,-0.8757438063621521,0.8241804838180542,-1.086575984954834,0.8121932744979858,0.7609953284263611,0.7588313817977905,0.9803263545036316,0.9803263545036316,0.0,0.7061625719070435,0.8226725459098816,1.135394811630249,0.600967288017273
5511_P08173_DB01069,5511,DB01069,P08173,-0.8627937436103821,0.8302449584007263,-0.5623233318328857,0.869840681552887,-1.1632641553878784,0.7906492352485657,0.7799354791641235,0.7079894542694092,0.9813038110733032,0.9813038110733032,0.0,0.7295933365821838,0.8203930258750916,1.6598347425460815,0.8140847682952881
5512_P08912_DB01069,5512,DB01069,P08912,-1.1590527296066284,0.824379563331604,-1.1836085319519043,0.89329993724823,-1.1344969272613525,0.755459189414978,0.7295947074890137,0.7592033743858337,0.9774935841560364,0.9774935841560364,0.0,0.6676200032234192,0.7942248582839966,1.4681670665740967,0.7717313170433044
5513_P11229_DB01069,5513,DB01069,P11229,-1.1105543375015259,0.7985700964927673,-1.0342705249786377,0.8274677395820618,-1.186838150024414,0.7696724534034729,0.7462522387504578,0.7445706725120544,0.9780101180076599,0.9780101180076599,0.0,0.6883127093315125,0.8053312301635742,1.3863908052444458,0.7423195838928223
5514_P20309_DB01069,5514,DB01069,P20309,-1.2624459266662598,0.8483031988143921,-0.9690232276916504,0.857162594795227,-1.5558686256408691,0.8394438624382019,0.7236839532852173,0.6676971912384033,0.9663895964622498,0.9663895964622498,0.0,0.6630074977874756,0.7991530895233154,1.8811664581298828,1.2510957717895508
5515_P35367_DB01069,5515,DB01069,P35367,-2.7274906635284424,0.9894253611564636,-2.846583843231201,0.9986295700073242,-2.6083974838256836,0.980221152305603,0.7170565128326416,0.7677866816520691,0.987677276134491,0.987677276134491,0.0,0.6494013071060181,0.7947112917900085,1.2372134923934937,0.5309906601905823
5523_P08913_DB01069,5523,DB01069,P08913,-1.4279067516326904,0.8484964966773987,-1.4053181409835815,0.8675378561019897,-1.4504954814910889,0.8294551372528076,0.7399441599845886,0.6819353699684143,0.9754403233528137,0.9754403233528137,0.0,0.68107008934021,0.809130847454071,1.824267029762268,0.7894105315208435
5527_P18089_DB01069,5527,DB01069,P18089,-0.996588945388794,0.7429386377334595,-1.0255895853042603,0.7810912728309631,-0.9675882458686829,0.704785943031311,0.7421835064888,0.7334979176521301,0.9818080067634583,0.9818080067634583,0.0,0.6822773814201355,0.8117056488990784,1.5908554792404175,0.5387512445449829
5528_P18825_DB01069,5528,DB01069,P18825,-1.704871654510498,0.8562585115432739,-1.1097275018692017,0.8235129117965698,-2.300015687942505,0.889004111289978,0.7738335728645325,0.918377697467804,0.9889481663703918,0.9889481663703918,0.0,0.7200549244880676,0.8387671709060669,0.48146048188209534,0.4235004782676697
5532_P25100_DB01069,5532,DB01069,P25100,-0.5104902982711792,0.7503358721733093,-0.11498434096574783,0.806007981300354,-0.9059962034225464,0.6946637630462646,0.6513873338699341,0.6127591729164124,0.9430760741233826,0.9430760741233826,0.0,0.5784651041030884,0.7070524096488953,2.4475631713867188,1.3468332290649414
5533_P35348_DB01069,5533,DB01069,P35348,-1.2078685760498047,0.7605230212211609,-1.287008285522461,0.7949180006980896,-1.1287287473678589,0.7261280417442322,0.7706462740898132,0.7948896288871765,0.974133312702179,0.974133312702179,0.0,0.7197745442390442,0.8342109322547913,0.9107914566993713,0.8325416445732117
5534_P35368_DB01069,5534,DB01069,P35368,-1.4707224369049072,0.8052994012832642,-1.1635445356369019,0.8104138970375061,-1.7779004573822021,0.800184965133667,0.7126262187957764,0.852729856967926,0.9853909611701965,0.9853909611701965,0.0,0.6444350481033325,0.7697697281837463,0.8417085409164429,0.5720326900482178
5536_P35499_DB01069,5536,DB01069,P35499,0.6829720735549927,0.5009799599647522,0.8110418915748596,0.6680741906166077,0.554902195930481,0.33388572931289673,0.764916718006134,0.7773284912109375,0.8531017303466797,0.8531017303466797,0.0,0.7428704500198364,0.7345971465110779,1.0947747230529785,4.314114570617676
5546_Q01118_DB01069,5546,DB01069,Q01118,0.15485192835330963,0.5736398696899414,0.16712726652622223,0.7350645661354065,0.14257659018039703,0.41221511363983154,0.7826235890388489,0.7843871116638184,0.877797544002533,0.877797544002533,0.0,0.7588300704956055,0.7795135974884033,1.2311218976974487,4.008240699768066
5552_Q14524_DB01069,5552,DB01069,Q14524,0.36382409930229187,0.5119342803955078,0.2718499004840851,0.7403334975242615,0.45579829812049866,0.2835350036621094,0.7126957774162292,0.7409248352050781,0.9020806550979614,0.9020806550979614,0.0,0.665349543094635,0.6638759970664978,1.6418707370758057,3.5999839305877686
5556_Q15858_DB01069,5556,DB01069,Q15858,0.5564681887626648,0.5283122658729553,0.7140638828277588,0.7161957621574402,0.3988724648952484,0.34042876958847046,0.7314447164535522,0.7503626942634583,0.8606839776039124,0.8606839776039124,0.0,0.699134886264801,0.6919527649879456,1.6397743225097656,4.3927788734436035
5586_Q9UI33_DB01069,5586,DB01069,Q9UI33,0.4350976347923279,0.5169004201889038,0.4903838634490967,0.7087855935096741,0.3798113763332367,0.32501524686813354,0.757757842540741,0.7776926755905151,0.9218955636024475,0.9218955636024475,0.0,0.7167234420776367,0.7259907126426697,1.1816952228546143,2.957740545272827
5594_Q9Y5Y9_DB01069,5594,DB01069,Q9Y5Y9,0.6994249224662781,0.5001158714294434,0.5444135069847107,0.7021444439888,0.8544363379478455,0.29808735847473145,0.7240971922874451,0.7502632737159729,0.8620948791503906,0.8620948791503906,0.0,0.6895977854728699,0.6763160824775696,1.6017869710922241,4.699909687042236
5596_Q9Y6J6_DB01069,5596,DB01069,Q9Y6J6,0.46958959102630615,0.5718977451324463,0.6581995487213135,0.6933143138885498,0.28097960352897644,0.4504811763763428,0.7026129961013794,0.5256643891334534,0.792792797088623,0.792792797088623,0.0,0.6800680160522461,0.34480205178260803,0.7098852396011353,2.932100534439087
5597_Q72874_DB01072,5597,DB01072,Q72874,-0.40174829959869385,0.6488639116287231,0.28640100359916687,0.5769227743148804,-1.089897632598877,0.7208051085472107,0.853840172290802,0.9140496850013733,0.8844050765037537,0.8844050765037537,0.0,0.8461989164352417,0.7528088092803955,0.5022354125976562,0.9039264917373657
5601_P35367_DB01075,5601,DB01075,P35367,-2.0268077850341797,0.9505739212036133,-2.1600522994995117,0.9964357614517212,-1.8935632705688477,0.9047120809555054,0.7085162997245789,0.7463499307632446,0.9781326651573181,0.9781326651573181,0.0,0.641112208366394,0.7605421543121338,1.356711983680725,0.6248776316642761
5602_P08172_DB01075,5602,DB01075,P08172,-1.2442864179611206,0.9584128260612488,-0.837062656879425,0.9682852029800415,-1.651510238647461,0.948540449142456,0.748279333114624,0.781489372253418,0.967762291431427,0.967762291431427,0.0,0.6934086084365845,0.8120870590209961,0.9723655581474304,0.7370994687080383
5603_P16233_DB01083,5603,DB01083,P16233,-1.5472463369369507,0.7076703310012817,-1.9773938655853271,0.890866756439209,-1.1170988082885742,0.5244739055633545,0.9241783022880554,0.9411170482635498,0.8997988700866699,0.8997988700866699,0.0,0.9302731156349182,0.8067309856414795,0.4542204439640045,1.2992892265319824
5608_P20309_DB01085,5608,DB01085,P20309,0.46598583459854126,0.5702784061431885,0.6534897685050964,0.7500153183937073,0.2784819006919861,0.3905414342880249,0.7286718487739563,0.6850751638412476,0.9740849733352661,0.9740849733352661,0.0,0.6673185229301453,0.7800595760345459,1.6674836874008179,1.1056654453277588
5611_P43119_DB01088,5611,DB01088,P43119,-1.1786963939666748,0.9594893455505371,-1.4494844675064087,0.9740972518920898,-0.9079082608222961,0.9448814988136292,0.7971900105476379,0.8326876163482666,0.9664759635925293,0.9664759635925293,0.0,0.7548685073852539,0.8317849040031433,0.9042402505874634,0.6511080861091614
5619_Q02127_DB01097,5619,DB01097,Q02127,0.182403564453125,0.5914995074272156,-0.16799969971179962,0.8232722282409668,0.5328068137168884,0.35972675681114197,0.9516292810440063,0.9451191425323486,0.9297382235527039,0.9297382235527039,0.0,0.9571020603179932,0.9221376776695251,0.4732617437839508,1.9037519693374634
5624_P04818_DB01101,5624,DB01101,P04818,0.0347486212849617,0.5732924938201904,-0.181519016623497,0.6132741570472717,0.2510162591934204,0.5333108305931091,0.9290792346000671,0.9459335207939148,0.9140604734420776,0.9140604734420776,0.0,0.9328339695930481,0.8704904913902283,0.4519895017147064,1.541425347328186
5625_O95665_DB01106,5625,DB01106,O95665,-1.220538854598999,0.861968994140625,-1.6146982908248901,0.9191550612449646,-0.8263795375823975,0.8047829270362854,0.8342763781547546,0.9051212668418884,0.9745069742202759,0.9745069742202759,0.0,0.7992187142372131,0.8692304491996765,0.6275394558906555,0.7622767090797424
5626_P35367_DB01106,5626,DB01106,P35367,-0.19487327337265015,0.8069418668746948,-0.14609894156455994,0.8764048218727112,-0.24364760518074036,0.7374789714813232,0.7196341156959534,0.8401774764060974,0.980349063873291,0.980349063873291,0.0,0.6544553637504578,0.7940149903297424,0.8877127766609192,0.759384274482727
5627_Q07343_DB01113,5627,DB01113,Q07343,-1.1111726760864258,0.8798070549964905,-0.9326133131980896,0.916580319404602,-1.2897320985794067,0.8430337905883789,0.6977424025535583,0.6701496839523315,0.9569683074951172,0.9569683074951172,0.0,0.6329358816146851,0.7509090304374695,2.1909046173095703,2.369997501373291
5628_Q9Y233_DB01113,5628,DB01113,Q9Y233,-1.7676688432693481,0.8871158361434937,-1.6208739280700684,0.9128231406211853,-1.914463758468628,0.8614085912704468,0.6940642595291138,0.513710081577301,0.9429936408996582,0.9429936408996582,0.0,0.6318318843841553,0.6674292087554932,2.5789451599121094,3.1683690547943115
5629_O76074_DB01113,5629,DB01113,O76074,-0.7588717937469482,0.7157074213027954,-0.34911268949508667,0.7470078468322754,-1.1686309576034546,0.6844069361686707,0.7873575091362,0.6055980920791626,0.9271736145019531,0.9271736145019531,0.0,0.7524034380912781,0.6904207468032837,0.9485899806022644,2.3579089641571045
5630_Q01064_DB01113,5630,DB01113,Q01064,-0.43942487239837646,0.6707698702812195,-0.10968112200498581,0.6358652710914612,-0.7691686153411865,0.7056744694709778,0.7793828248977661,0.8233550190925598,0.9483516812324524,0.9483516812324524,0.0,0.7371405959129333,0.8074526190757751,0.9342150092124939,2.0574584007263184
5631_Q08499_DB01113,5631,DB01113,Q08499,-0.8629131317138672,0.8194599151611328,-0.8431000709533691,0.8609023690223694,-0.8827261328697205,0.778017520904541,0.6712965369224548,0.6121177077293396,0.9516966938972473,0.9516966938972473,0.0,0.6011964678764343,0.730285108089447,2.814119338989258,2.450387716293335
5632_Q13370_DB01113,5632,DB01113,Q13370,-0.5602427124977112,0.7515836954116821,-0.6415188312530518,0.8553809523582458,-0.4789665937423706,0.6477864384651184,0.6448132395744324,0.5763528347015381,0.939018964767456,0.939018964767456,0.0,0.5712617635726929,0.6586257219314575,2.8333518505096436,3.2194931507110596
5633_Q9GZZ6_DB01116,5633,DB01116,Q9GZZ6,0.2708999216556549,0.5826520323753357,0.05943867564201355,0.9241456985473633,0.48236116766929626,0.24115833640098572,0.8375223278999329,0.7303286194801331,0.9209170341491699,0.9209170341491699,0.0,0.8166735768318176,0.8079342246055603,0.7409387826919556,1.6615262031555176
5641_O60840_DB01118,5641,DB01118,O60840,-0.4364405572414398,0.5867629647254944,-0.7595983147621155,0.7602320909500122,-0.11328279972076416,0.4132938086986542,0.7234315872192383,0.7402398586273193,0.9085832238197327,0.9085832238197327,0.0,0.6771436929702759,0.6670819520950317,1.8287822008132935,2.9415769577026367
5642_P54284_DB01118,5642,DB01118,P54284,0.10250990092754364,0.5616808533668518,0.1448785662651062,0.7813422083854675,0.06014123558998108,0.3420194983482361,0.6623827219009399,0.7417247295379639,0.7498582601547241,0.7498582601547241,0.0,0.6405138373374939,0.4893496036529541,1.688246726989746,6.267032146453857
5643_Q01668_DB01118,5643,DB01118,Q01668,-0.47570347785949707,0.6030706167221069,-0.9192541837692261,0.784068763256073,-0.03215278312563896,0.42207252979278564,0.7130711674690247,0.7123584151268005,0.8916856050491333,0.8916856050491333,0.0,0.6684175729751587,0.6744937896728516,2.2021307945251465,3.6188087463378906
5646_Q13698_DB01118,5646,DB01118,Q13698,-0.1753215193748474,0.5703626275062561,-0.40341562032699585,0.7139456868171692,0.05277257040143013,0.42677953839302063,0.7496417760848999,0.7665515542030334,0.9144840240478516,0.9144840240478516,0.0,0.7084311842918396,0.7279569506645203,1.5631214380264282,2.7079145908355713
5647_Q13936_DB01118,5647,DB01118,Q13936,-0.24090629816055298,0.5954281687736511,-0.5487867593765259,0.7703244686126709,0.06697416305541992,0.42053189873695374,0.6801097393035889,0.7023389935493469,0.8691105246543884,0.8691105246543884,0.0,0.6328595280647278,0.6493772268295288,2.2308573722839355,4.209051609039307
5649_P10827_DB01118,5649,DB01118,P10827,0.2474709153175354,0.6645551323890686,0.37066882848739624,0.8313001394271851,0.12427298724651337,0.49781009554862976,0.7283997535705566,0.6451250910758972,0.9255913496017456,0.9255913496017456,0.0,0.6791018843650818,0.6998621821403503,1.5999642610549927,1.872833013534546
5650_P10828_DB01118,5650,DB01118,P10828,-0.06440640985965729,0.6201797723770142,-0.48618316650390625,0.8138812184333801,0.3573703467845917,0.42647838592529297,0.7702519297599792,0.6526997089385986,0.8825761675834656,0.8825761675834656,0.0,0.7421708106994629,0.7426202297210693,1.5145262479782104,1.7897932529449463
5657_P31213_DB01126,5657,DB01126,P31213,-1.5804553031921387,0.6947087049484253,-1.8615652322769165,0.9580533504486084,-1.2993452548980713,0.4313640892505646,0.932074248790741,0.9471003413200378,0.9595468044281006,0.9595468044281006,0.0,0.9252061247825623,0.9224256277084351,0.43785059452056885,0.830824077129364
5659_P04150_DB01130,5659,DB01130,P04150,-1.1874669790267944,0.9075418710708618,-0.767484724521637,0.9385365843772888,-1.6074491739273071,0.8765471577644348,0.6017818450927734,0.4428943693637848,0.973881185054779,0.973881185054779,0.0,0.5087569952011108,0.7186391353607178,4.163625240325928,1.2236857414245605
5660_P37231_DB01132,5660,DB01132,P37231,0.5279068350791931,0.531965434551239,0.6240088939666748,0.5258157253265381,0.43180474638938904,0.5381151437759399,0.7309232354164124,0.6817930340766907,0.9868901371955872,0.9868901371955872,0.0,0.6669315099716187,0.7786943912506104,1.7313816547393799,0.7340701818466187
5662_P35348_DB01136,5662,DB01136,P35348,-1.822808027267456,0.8961019515991211,-2.0250532627105713,0.9396361112594604,-1.6205626726150513,0.8525677919387817,0.7940854430198669,0.8800638914108276,0.9821540117263794,0.9821540117263794,0.0,0.7470682263374329,0.8564730286598206,0.604120135307312,0.6453008651733398
5663_P08588_DB01136,5663,DB01136,P08588,-2.6307952404022217,0.9726044535636902,-2.8051161766052246,0.9952405691146851,-2.4564743041992188,0.9499683380126953,0.7634117603302002,0.742027759552002,0.9792478680610657,0.9792478680610657,0.0,0.709452748298645,0.8367796540260315,1.4165265560150146,0.8188162446022034
5664_O95298_DB01136,5664,DB01136,O95298,-0.1295844316482544,0.5209572315216064,-0.41481560468673706,0.6509957909584045,0.15564675629138947,0.39091870188713074,0.8267704844474792,0.7695510387420654,0.738730251789093,0.738730251789093,0.0,0.8487805128097534,0.6790164113044739,0.6368427872657776,2.0575642585754395
5665_P07550_DB01136,5665,DB01136,P07550,-3.0091309547424316,0.9903281927108765,-3.0259461402893066,0.9985041618347168,-2.9923155307769775,0.9821521639823914,0.8180616497993469,0.7891979813575745,0.9779393076896667,0.9779393076896667,0.0,0.7780922055244446,0.8710620999336243,1.1443837881088257,0.7059850692749023
5671_P08913_DB01136,5671,DB01136,P08913,-1.6492700576782227,0.8595302104949951,-2.2339348793029785,0.9331021308898926,-1.0646052360534668,0.7859582901000977,0.727982223033905,0.6909404993057251,0.9441938400268555,0.9441938400268555,0.0,0.6739293336868286,0.7804405689239502,1.7961889505386353,1.2623265981674194
5673_P18089_DB01136,5673,DB01136,P18089,-1.4196209907531738,0.807327151298523,-1.379729986190796,0.8973840475082397,-1.4595118761062622,0.7172702550888062,0.732761025428772,0.7457153797149658,0.9690620303153992,0.9690620303153992,0.0,0.6736857295036316,0.7926366925239563,1.5021471977233887,0.7302896976470947
5674_P18825_DB01136,5674,DB01136,P18825,-1.532832384109497,0.7453736066818237,-1.5199353694915771,0.7615681290626526,-1.5457292795181274,0.7291791439056396,0.7550074458122253,0.8701802492141724,0.9767981171607971,0.9767981171607971,0.0,0.69955974817276,0.7972924709320068,0.7533131241798401,0.6153128147125244
5675_P25100_DB01136,5675,DB01136,P25100,-1.6698966026306152,0.8391474485397339,-1.5145926475524902,0.8615484833717346,-1.8252006769180298,0.8167464137077332,0.6653731465339661,0.6364713907241821,0.9702688455581665,0.9702688455581665,0.0,0.5891491770744324,0.7450327277183533,2.31009578704834,1.051244854927063
5676_P35368_DB01136,5676,DB01136,P35368,-2.045815944671631,0.9050649404525757,-1.9654452800750732,0.9218751192092896,-2.1261866092681885,0.888254702091217,0.7045505046844482,0.8983398675918579,0.9859108924865723,0.9859108924865723,0.0,0.6342104077339172,0.7642098069190979,0.6977340579032898,0.5272941589355469
5678_P48050_DB01136,5678,DB01136,P48050,0.19918975234031677,0.5388919115066528,-7.163360714912415e-05,0.5934550166130066,0.39845114946365356,0.4843288064002991,0.6940353512763977,0.5525398254394531,0.7813911437988281,0.7813911437988281,0.0,0.6721963882446289,0.533379852771759,1.675411343574524,6.707291126251221
5679_P63252_DB01136,5679,DB01136,P63252,0.0740344226360321,0.5052547454833984,-0.589138388633728,0.5748520493507385,0.7372072339057922,0.43565747141838074,0.7317690253257751,0.557166337966919,0.7890710234642029,0.7890710234642029,0.0,0.7174435257911682,0.7197185754776001,1.6239204406738281,5.308986663818359
5682_A2QLK4_DB01141,5682,DB01141,A2QLK4,-1.7177969217300415,0.6486612558364868,-2.3597183227539062,0.8441876173019409,-1.0758755207061768,0.45313483476638794,0.775086522102356,0.8805597424507141,0.9336420297622681,0.9336420297622681,0.0,0.7354475855827332,0.6399818062782288,1.1972941160202026,2.6385250091552734
5683_P31645_DB01142,5683,DB01142,P31645,-1.575645923614502,0.9628961086273193,-1.3762295246124268,0.9649838209152222,-1.7750622034072876,0.9608084559440613,0.8999541401863098,0.9703330993652344,0.9874609112739563,0.9874609112739563,0.0,0.8780774474143982,0.9221757650375366,0.33987629413604736,0.5446255803108215
5684_P23975_DB01142,5684,DB01142,P23975,-1.674919843673706,0.9576154947280884,-1.7962201833724976,0.97066730260849,-1.553619384765625,0.9445636868476868,0.9163148999214172,0.9071618914604187,0.9803640246391296,0.9803640246391296,0.0,0.9003025889396667,0.9288777112960815,0.6016324758529663,0.7003253102302551
5685_P35367_DB01142,5685,DB01142,P35367,-3.289146900177002,0.9896886348724365,-3.6043105125427246,0.999998927116394,-2.9739830493927,0.9793784022331238,0.7097772359848022,0.7411888241767883,0.9841054081916809,0.9841054081916809,0.0,0.6411951780319214,0.7804887294769287,1.3391709327697754,0.5701286792755127
5686_P25021_DB01142,5686,DB01142,P25021,-0.6073658466339111,0.7265981435775757,-0.6008257269859314,0.7592829465866089,-0.6139059662818909,0.6939133405685425,0.8581106066703796,0.880754828453064,0.9770835638046265,0.9770835638046265,0.0,0.8283673524856567,0.8878676891326904,0.6686359643936157,0.5762865543365479
5687_P08172_DB01142,5687,DB01142,P08172,-1.7746293544769287,0.9674553871154785,-1.1199785470962524,0.9661045074462891,-2.4292800426483154,0.9688063263893127,0.7483863234519958,0.7905285954475403,0.9801251888275146,0.9801251888275146,0.0,0.6904516220092773,0.819691002368927,1.214839220046997,0.5818046927452087
5688_P08173_DB01142,5688,DB01142,P08173,-1.469562292098999,0.9578608870506287,-0.9787663817405701,0.9738675951957703,-1.9603581428527832,0.9418541789054871,0.7804026007652283,0.7338651418685913,0.9837843775749207,0.9837843775749207,0.0,0.7295570969581604,0.8297620415687561,1.4927014112472534,0.73932284116745
5689_P08908_DB01142,5689,DB01142,P08908,-0.22244486212730408,0.7104126214981079,0.14948226511478424,0.8078791499137878,-0.5943719744682312,0.6129460334777832,0.7865884304046631,0.7727255821228027,0.9667150378227234,0.9667150378227234,0.0,0.7415567636489868,0.8149656057357788,1.3047690391540527,1.0078853368759155
5690_P08912_DB01142,5690,DB01142,P08912,-1.2182273864746094,0.9434370994567871,-0.6246559023857117,0.9704205393791199,-1.8117989301681519,0.9164537191390991,0.7301771640777588,0.6650635004043579,0.9641276001930237,0.9641276001930237,0.0,0.6716895699501038,0.7968345284461975,2.047102928161621,1.0775972604751587
5691_P11229_DB01142,5691,DB01142,P11229,-1.4471027851104736,0.9521265029907227,-0.9971303939819336,0.9717258214950562,-1.8970752954483032,0.9325271844863892,0.7425032258033752,0.7296591997146606,0.9736220240592957,0.9736220240592957,0.0,0.6847234964370728,0.7814213037490845,1.4432768821716309,0.7800055742263794
5692_P20309_DB01142,5692,DB01142,P20309,-1.3990905284881592,0.9608213305473328,-0.6190477013587952,0.9758749008178711,-2.179133415222168,0.9457677602767944,0.7286659479141235,0.6430569291114807,0.9792676568031311,0.9792676568031311,0.0,0.6660155057907104,0.7996484041213989,1.9635708332061768,0.9324259757995605
5693_P28223_DB01142,5693,DB01142,P28223,-1.6694327592849731,0.8703997135162354,-1.426753044128418,0.9092996716499329,-1.9121124744415283,0.8314997553825378,0.7968230843544006,0.8779211044311523,0.9836171269416809,0.9836171269416809,0.0,0.7501245737075806,0.8474249839782715,0.6612807512283325,0.49627670645713806
5694_P35348_DB01142,5694,DB01142,P35348,-1.0389368534088135,0.8556946516036987,-0.9297193288803101,0.9239069819450378,-1.1481542587280273,0.7874823808670044,0.7586609721183777,0.8536972403526306,0.9681201577186584,0.9681201577186584,0.0,0.7062961459159851,0.8121427893638611,0.7899153828620911,0.8644581437110901
5695_P25100_DB01142,5695,DB01142,P25100,-1.161963701248169,0.8582063913345337,-0.7250348329544067,0.9322982430458069,-1.5988924503326416,0.7841145396232605,0.6602239012718201,0.6110749244689941,0.9654561877250671,0.9654561877250671,0.0,0.5839157700538635,0.7286403179168701,2.4341959953308105,1.0406566858291626
5696_P28335_DB01142,5696,DB01142,P28335,-1.7483805418014526,0.8481425046920776,-1.6853435039520264,0.9308954477310181,-1.811417579650879,0.765389621257782,0.7774051427841187,0.794819176197052,0.9720582365989685,0.9720582365989685,0.0,0.7287418246269226,0.8179855346679688,1.1410787105560303,0.6572443246841431
5697_P35368_DB01142,5697,DB01142,P35368,-1.0145847797393799,0.8612421154975891,-0.941192626953125,0.9265069961547852,-1.0879770517349243,0.7959772348403931,0.7015613317489624,0.8026074767112732,0.9585052132606506,0.9585052132606506,0.0,0.6373253464698792,0.7583134174346924,1.1796964406967163,0.9533652067184448
5699_P50406_DB01142,5699,DB01142,P50406,-1.1691316366195679,0.8457319140434265,-1.2752348184585571,0.9077584147453308,-1.0630284547805786,0.7837054133415222,0.7622429132461548,0.7347562909126282,0.9741082787513733,0.9741082787513733,0.0,0.709276556968689,0.8291134834289551,1.5632339715957642,0.6966249346733093
5701_Q9H3N8_DB01142,5701,DB01142,Q9H3N8,-1.0133466720581055,0.8110719919204712,-0.7891852855682373,0.8958633542060852,-1.237507939338684,0.726280689239502,0.783812403678894,0.8624042868614197,0.9087522029876709,0.9087522029876709,0.0,0.7525774240493774,0.7340037822723389,0.6416752934455872,1.3295432329177856
5703_P00915_DB01144,5703,DB01144,P00915,-0.17793399095535278,0.8617401123046875,-0.13421863317489624,0.984536349773407,-0.22164934873580933,0.7389438152313232,0.9767317175865173,0.9829509258270264,0.9642845392227173,0.9642845392227173,0.0,0.9798434376716614,0.9585675001144409,0.3027491569519043,0.5736203193664551
5704_P00918_DB01144,5704,DB01144,P00918,-1.0839611291885376,0.9408034682273865,-1.0898981094360352,0.999967098236084,-1.07802414894104,0.881639838218689,0.9739224314689636,0.9912899732589722,0.9749965667724609,0.9749965667724609,0.0,0.9736539125442505,0.9500155448913574,0.2824726998806,0.48402878642082214
5705_P22748_DB01144,5705,DB01144,P22748,-0.74034583568573,0.8797347545623779,-0.7851055264472961,0.993094801902771,-0.695586085319519,0.7663746476173401,0.910783588886261,0.9534856081008911,0.9792623519897461,0.9792623519897461,0.0,0.8936639428138733,0.9001224637031555,0.31348395347595215,0.45807406306266785
5706_P43166_DB01144,5706,DB01144,P43166,-0.9147694110870361,0.9144055843353271,-0.8872848153114319,0.9994803071022034,-0.9422540068626404,0.8293308019638062,0.9659929275512695,0.9852496385574341,0.970160961151123,0.970160961151123,0.0,0.9649508595466614,0.9378039836883545,0.30801817774772644,0.5214403867721558
5707_P07451_DB01144,5707,DB01144,P07451,-0.3461151719093323,0.8773282766342163,-0.2854265570640564,0.9987657070159912,-0.40680378675460815,0.7558909058570862,0.9688901901245117,0.9799551367759705,0.9553969502449036,0.9553969502449036,0.0,0.972263514995575,0.9339426159858704,0.30736616253852844,0.5876883268356323
5708_P35367_DB01146,5708,DB01146,P35367,-2.4921247959136963,0.9905630350112915,-2.5312724113464355,0.9975372552871704,-2.452977180480957,0.9835888147354126,0.7075347900390625,0.7663043141365051,0.9808806777000427,0.9808806777000427,0.0,0.6391983032226562,0.766584038734436,1.267458200454712,0.6067037582397461
5709_Q01959_DB01146,5709,DB01146,Q01959,-0.38911646604537964,0.947787880897522,-0.4903000295162201,0.9481595158576965,-0.2879328727722168,0.9474162459373474,0.8774279952049255,0.8804270029067993,0.9559763073921204,0.9559763073921204,0.0,0.8577908277511597,0.8803297281265259,0.7311334609985352,1.0256389379501343
5710_P11229_DB01151,5710,DB01151,P11229,-1.3007068634033203,0.9222913980484009,-0.5345694422721863,0.9345860481262207,-2.0668442249298096,0.9099968075752258,0.7354956269264221,0.7628476023674011,0.9828316569328308,0.9828316569328308,0.0,0.6736615896224976,0.7802573442459106,1.316487431526184,0.7299180030822754
5711_P07550_DB01151,5711,DB01151,P07550,-1.5592892169952393,0.8799642324447632,-0.8596841096878052,0.867007315158844,-2.258894443511963,0.8929210901260376,0.8383428454399109,0.8613702654838562,0.9689343571662903,0.9689343571662903,0.0,0.8056949377059937,0.8722985982894897,0.789860725402832,0.8149605393409729
5712_P08172_DB01151,5712,DB01151,P08172,-1.1728016138076782,0.9071443676948547,-0.1870986968278885,0.8847747445106506,-2.1585044860839844,0.9295139908790588,0.7637841701507568,0.7928075194358826,0.9807171821594238,0.9807171821594238,0.0,0.7095509171485901,0.8291178941726685,1.1636369228363037,0.5958651900291443
5713_P08588_DB01151,5713,DB01151,P08588,-1.8343952894210815,0.8775627613067627,-1.343379020690918,0.8498616814613342,-2.325411558151245,0.9052637815475464,0.774384081363678,0.8537338376045227,0.9678857922554016,0.9678857922554016,0.0,0.7260086536407471,0.8094565272331238,0.8369783163070679,0.9047431349754333
5714_P23975_DB01151,5714,DB01151,P23975,-2.1423208713531494,0.9746950268745422,-1.9706292152404785,0.9705057144165039,-2.3140125274658203,0.9788843393325806,0.9073354005813599,0.9100654125213623,0.9739764332771301,0.9739764332771301,0.0,0.8906751275062561,0.9175328612327576,0.5919021964073181,0.7910721898078918
5715_P31645_DB01151,5715,DB01151,P31645,-1.9368326663970947,0.9736811518669128,-1.6118541955947876,0.9687470197677612,-2.2618110179901123,0.9786152839660645,0.9021938443183899,0.9769046902656555,0.9812390208244324,0.9812390208244324,0.0,0.8824325799942017,0.9251256585121155,0.32808685302734375,0.6960928440093994
5716_P35367_DB01151,5716,DB01151,P35367,-2.4727959632873535,0.9908952713012695,-1.9780727624893188,0.9967350363731384,-2.9675190448760986,0.9850555658340454,0.708756148815155,0.7821246385574341,0.9722904562950134,0.9722904562950134,0.0,0.6428725719451904,0.7593166828155518,1.1827125549316406,0.6823828816413879
5717_P08173_DB01151,5717,DB01151,P08173,-1.0996586084365845,0.9279652833938599,-0.29925623536109924,0.9377747774124146,-1.900061011314392,0.91815584897995,0.7923455834388733,0.8269128799438477,0.9834011197090149,0.9834011197090149,0.0,0.7445816993713379,0.8312790989875793,0.9422661662101746,0.704922080039978
5718_P08912_DB01151,5718,DB01151,P08912,-1.0269103050231934,0.9127910137176514,-0.1344229131937027,0.9267560839653015,-1.9193975925445557,0.8988258838653564,0.7194924354553223,0.7529764771461487,0.9656776785850525,0.9656776785850525,0.0,0.6579461097717285,0.7874958515167236,1.449910044670105,1.049635410308838
5719_P20309_DB01151,5719,DB01151,P20309,-1.3203333616256714,0.9343305230140686,-0.2859151065349579,0.9231053590774536,-2.3547515869140625,0.9455556869506836,0.7280802726745605,0.6443787217140198,0.9704852104187012,0.9704852104187012,0.0,0.6674790382385254,0.7951560020446777,1.9411680698394775,1.0645313262939453
5720_P25100_DB01151,5720,DB01151,P25100,-1.581723928451538,0.8781877756118774,-0.9911500215530396,0.8707078099250793,-2.172297716140747,0.8856677412986755,0.6589250564575195,0.6692128777503967,0.9708293080329895,0.9708293080329895,0.0,0.5809490084648132,0.712129533290863,2.084890842437744,0.9015138149261475
5721_P28223_DB01151,5721,DB01151,P28223,-2.1828932762145996,0.9138739109039307,-1.6057618856430054,0.8804216384887695,-2.7600247859954834,0.9473262429237366,0.803466260433197,0.8336330652236938,0.9855284690856934,0.9855284690856934,0.0,0.7579506039619446,0.8412868976593018,0.7728354930877686,0.48541590571403503
5722_P35348_DB01151,5722,DB01151,P35348,-1.7090723514556885,0.8970111608505249,-1.1486166715621948,0.8800504207611084,-2.2695279121398926,0.9139718413352966,0.7727923393249512,0.8968125581741333,0.9725669026374817,0.9725669026374817,0.0,0.7228487133979797,0.8247125744819641,0.5696260333061218,0.822408139705658
5723_P35368_DB01151,5723,DB01151,P35368,-2.014835834503174,0.9186424016952515,-1.5244438648223877,0.8981308937072754,-2.50522780418396,0.9391539692878723,0.7159722447395325,0.839665412902832,0.9842925071716309,0.9842925071716309,0.0,0.6488921642303467,0.7678273916244507,0.8944209218025208,0.6162183880805969
5725_P08908_DB01151,5725,DB01151,P08908,-0.9125643968582153,0.7546370029449463,-0.17910318076610565,0.7361646294593811,-1.6460256576538086,0.7731093168258667,0.8230695128440857,0.817148745059967,0.9713128209114075,0.9713128209114075,0.0,0.7860085964202881,0.8402817845344543,0.8007578253746033,0.9908210039138794
5726_P08913_DB01151,5726,DB01151,P08913,-1.9581780433654785,0.9244563579559326,-1.5612810850143433,0.9002943634986877,-2.355074882507324,0.9486182928085327,0.7477428317070007,0.6851704716682434,0.9588487148284912,0.9588487148284912,0.0,0.6949663758277893,0.8166110515594482,1.856911301612854,0.9550836086273193
5727_P14416_DB01151,5727,DB01151,P14416,-0.4982832074165344,0.7263808250427246,-0.13537418842315674,0.8426638841629028,-0.8611922264099121,0.6100977063179016,0.7755086421966553,0.7426031231880188,0.9660438895225525,0.9660438895225525,0.0,0.7278748154640198,0.8165085911750793,1.1683568954467773,0.9438685178756714
5728_P18089_DB01151,5728,DB01151,P18089,-1.6538569927215576,0.8844273090362549,-1.4691565036773682,0.896235466003418,-1.8385576009750366,0.8726192116737366,0.7299653887748718,0.6970113515853882,0.9615269899368286,0.9615269899368286,0.0,0.6720749735832214,0.7795907258987427,1.744267225265503,0.77898770570755
5729_P18825_DB01151,5729,DB01151,P18825,-1.942439079284668,0.8984347581863403,-1.3713308572769165,0.8477667570114136,-2.513547420501709,0.9491028189659119,0.7607057690620422,0.8443050384521484,0.9814173579216003,0.9814173579216003,0.0,0.7055278420448303,0.8208579421043396,0.822752833366394,0.525208592414856
5730_P28335_DB01151,5730,DB01151,P28335,-2.297064781188965,0.9308925867080688,-1.826278805732727,0.9166839718818665,-2.767850637435913,0.945101261138916,0.768794596195221,0.7896067500114441,0.9767653346061707,0.9767653346061707,0.0,0.7168018817901611,0.8115589618682861,1.0893750190734863,0.6377936005592346
5734_P00374_DB01157,5734,DB01157,P00374,-2.310476303100586,0.9834416508674622,-2.4503817558288574,0.9983843564987183,-2.1705706119537354,0.968498945236206,0.9785143136978149,0.9838568568229675,0.9720804691314697,0.9720804691314697,0.0,0.9801227450370789,0.9678871035575867,0.29675161838531494,0.40402817726135254
5736_Q01959_DB01161,5736,DB01161,Q01959,0.6221336722373962,0.7076458930969238,1.1394052505493164,0.552208423614502,0.10486212372779846,0.8630834221839905,0.873927116394043,0.8802661299705505,0.9636297225952148,0.9636297225952148,0.0,0.85150146484375,0.8792220950126648,0.746832013130188,0.9468051791191101
5747_P50859_DB01167,5747,DB01167,P50859,0.11422950029373169,0.5544691681861877,0.5180092453956604,0.7504197955131531,-0.289550244808197,0.3585185706615448,0.9324600100517273,0.9417191743850708,0.9467575550079346,0.9467575550079346,0.0,0.9288856387138367,0.8622128963470459,0.45551663637161255,1.240082859992981
5748_Q16850_DB01167,5748,DB01167,Q16850,-0.5046485662460327,0.583122730255127,-0.10209116339683533,0.7086076736450195,-0.9072059392929077,0.457637757062912,0.9174305200576782,0.8924753069877625,0.9179155826568604,0.9179155826568604,0.0,0.9173091650009155,0.913803219795227,0.6971513628959656,2.242013931274414
5749_P21397_DB01168,5749,DB01168,P21397,2.198826313018799,0.5932976603507996,1.4615297317504883,0.6271710991859436,2.9361228942871094,0.5594242215156555,0.9492940306663513,0.9560495018959045,0.9450268745422363,0.9450268745422363,0.0,0.9503607749938965,0.9325283765792847,0.3758409321308136,1.5266433954238892
5760_Q13547_DB01169,5760,DB01169,Q13547,0.12058572471141815,0.6331159472465515,0.4251459836959839,0.47728416323661804,-0.18397453427314758,0.7889477014541626,0.8446666598320007,0.8132960796356201,0.8607847094535828,0.8607847094535828,0.0,0.84063720703125,0.8691357970237732,1.2246298789978027,3.003120183944702
5762_P27338_DB01171,5762,DB01171,P27338,1.8982582092285156,0.5050400495529175,2.1505260467529297,0.6685802340507507,1.6459903717041016,0.34149980545043945,0.9712400436401367,0.9728786945343018,0.9343494176864624,0.9343494176864624,0.0,0.9804627299308777,0.9603586792945862,0.38052135705947876,2.351926565170288
5777_P08588_DB01193,5777,DB01193,P08588,-0.6268575191497803,0.9243433475494385,-1.2888902425765991,0.9620864987373352,0.03517526015639305,0.886600136756897,0.7773191928863525,0.7408313155174255,0.9904331564903259,0.9904331564903259,0.0,0.724040687084198,0.8489008545875549,1.4672154188156128,0.5665422677993774
5778_P07550_DB01193,5778,DB01193,P07550,-0.14985278248786926,0.9757621884346008,-0.2825995683670044,0.9936888217926025,-0.017105985432863235,0.9578355550765991,0.8188599944114685,0.7968965172767639,0.9827790856361389,0.9827790856361389,0.0,0.7778801918029785,0.8898642659187317,1.1093593835830688,0.6304616332054138
5783_P9WGY7_DB01201,5783,DB01201,P9WGY7,-1.506493091583252,0.5084819793701172,-0.8643621206283569,0.27559366822242737,-2.1486241817474365,0.7413703203201294,0.7148163914680481,0.8290955424308777,0.5202103853225708,0.5202103853225708,0.0,0.7634679079055786,0.5531265735626221,0.8201784491539001,11.557546615600586
5784_P11388_DB01204,5784,DB01204,P11388,0.17355835437774658,0.5113387107849121,-0.2031363695859909,0.6631952524185181,0.5502530932426453,0.35948213934898376,0.7428080439567566,0.5658192038536072,0.8080247044563293,0.8080247044563293,0.0,0.7265039086341858,0.7320021390914917,1.7273017168045044,6.229884624481201
5786_P35372_DB01209,5786,DB01209,P35372,-1.1016865968704224,0.9054555892944336,-1.1183130741119385,0.9384646415710449,-1.0850601196289062,0.8724464774131775,0.8144993185997009,0.9530690908432007,0.9891371130943298,0.9891371130943298,0.0,0.7708398103713989,0.8295237421989441,0.37322378158569336,0.45365625619888306
5787_P41145_DB01209,5787,DB01209,P41145,-1.1187613010406494,0.9245919585227966,-1.1118171215057373,0.9274616837501526,-1.125705361366272,0.9217222332954407,0.8082436919212341,0.9067919850349426,0.9886859059333801,0.9886859059333801,0.0,0.7631330490112305,0.8152728080749512,0.7649403214454651,1.3964569568634033
5790_P0A8V2_DB01220,5790,DB01220,P0A8V2,-1.3089048862457275,0.8212566375732422,-1.4530667066574097,0.8537781834602356,-1.1647430658340454,0.7887350916862488,0.915787398815155,0.926624596118927,0.9894182085990906,0.9894182085990906,0.0,0.8973796963691711,0.9064420461654663,0.3922344148159027,0.631783127784729
5792_Q72874_DB01232,5792,DB01232,Q72874,0.3221265971660614,0.6458500623703003,-0.22313292324543,0.6815010905265808,0.8673861026763916,0.610198974609375,0.9031505584716797,0.9340295791625977,0.9517872333526611,0.9517872333526611,0.0,0.8909913301467896,0.8597291111946106,0.42332375049591064,0.5859178900718689
5793_P11229_DB01233,5793,DB01233,P11229,0.10625549405813217,0.5365712642669678,-0.07829301059246063,0.6086452603340149,0.290803998708725,0.4644972085952759,0.7243943214416504,0.710232138633728,0.9641651511192322,0.9641651511192322,0.0,0.6644515991210938,0.7333669066429138,1.5992918014526367,1.0708086490631104
5794_P14416_DB01233,5794,DB01233,P14416,-0.2777734398841858,0.7333594560623169,-1.1566206216812134,0.8289377689361572,0.6010737419128418,0.6377810835838318,0.768849790096283,0.7656264901161194,0.9827321171760559,0.9827321171760559,0.0,0.7153792381286621,0.7893683910369873,1.0760248899459839,0.5547385811805725
5795_Q13639_DB01233,5795,DB01233,Q13639,-0.09980384260416031,0.6944488883018494,-0.32594019174575806,0.8034381866455078,0.12633250653743744,0.5854595899581909,0.8935298919677734,0.8800523281097412,0.9832636713981628,0.9832636713981628,0.0,0.8710964322090149,0.9154680967330933,0.7417747974395752,0.5954076051712036
5801_P18089_DB01238,5801,DB01238,P18089,-1.7436480522155762,0.9679843187332153,-1.4729470014572144,0.9863340258598328,-2.0143489837646484,0.9496345520019531,0.7398300170898438,0.7585940957069397,0.9664463400840759,0.9664463400840759,0.0,0.6831759214401245,0.7957102060317993,1.4264918565750122,0.7988150715827942
5802_P18825_DB01238,5802,DB01238,P18825,-1.8311872482299805,0.9512616395950317,-2.041518211364746,0.9970657229423523,-1.6208562850952148,0.9054575562477112,0.7717055678367615,0.8328920602798462,0.9689655900001526,0.9689655900001526,0.0,0.7223905324935913,0.8287187814712524,0.8929488062858582,0.6817490458488464
5803_P21728_DB01238,5803,DB01238,P21728,-0.9051493406295776,0.8898290395736694,-1.1236153841018677,0.9091697335243225,-0.6866833567619324,0.8704884052276611,0.7621597051620483,0.9455165266990662,0.9764826893806458,0.9764826893806458,0.0,0.7085789442062378,0.767776608467102,0.45437976717948914,0.6559543013572693
5804_P21917_DB01238,5804,DB01238,P21917,-1.1210905313491821,0.9117405414581299,-0.8987931609153748,0.9529464840888977,-1.3433879613876343,0.8705346584320068,0.7841925621032715,0.8186625242233276,0.9525154829025269,0.9525154829025269,0.0,0.74211186170578,0.8723613619804382,0.9159052968025208,0.9626744985580444
5805_P21918_DB01238,5805,DB01238,P21918,-1.2790346145629883,0.875045657157898,-1.6693201065063477,0.922581672668457,-0.8887490034103394,0.8275095820426941,0.7321115136146545,0.8534173965454102,0.9589498043060303,0.9589498043060303,0.0,0.6754019260406494,0.7516841888427734,0.8694688081741333,1.1255794763565063
5806_P28221_DB01238,5806,DB01238,P28221,-1.283587098121643,0.9475351572036743,-1.3676129579544067,0.9625641703605652,-1.1995612382888794,0.9325061440467834,0.8118406534194946,0.8349880576133728,0.9342134594917297,0.9342134594917297,0.0,0.7812473773956299,0.8159913420677185,0.7554246187210083,1.3422688245773315
5807_P28222_DB01238,5807,DB01238,P28222,-1.4261983633041382,0.9485169649124146,-1.319993257522583,0.9845401644706726,-1.5324034690856934,0.9124938249588013,0.8521214723587036,0.8424040079116821,0.9547227025032043,0.9547227025032043,0.0,0.8264710903167725,0.8570846319198608,0.6924596428871155,0.838418185710907
5808_P28335_DB01238,5808,DB01238,P28335,-1.956805944442749,0.9640926122665405,-1.9952590465545654,0.9951388835906982,-1.9183529615402222,0.9330463409423828,0.7652134299278259,0.7544624209403992,0.9556609988212585,0.9556609988212585,0.0,0.717601478099823,0.7616838812828064,1.3527544736862183,0.8963939547538757
5809_P28566_DB01238,5809,DB01238,P28566,-1.2809345722198486,0.9557672142982483,-1.3300046920776367,0.980874240398407,-1.231864333152771,0.9306601881980896,0.8203166127204895,0.9033988118171692,0.9053439497947693,0.9053439497947693,0.0,0.7990597486495972,0.8526161909103394,0.6536714434623718,1.3337069749832153
5810_P34969_DB01238,5810,DB01238,P34969,-1.7797958850860596,0.9141035079956055,-2.163086414337158,0.9692782759666443,-1.3965054750442505,0.8589287996292114,0.8072476387023926,0.8482752442359924,0.960521399974823,0.960521399974823,0.0,0.7689291834831238,0.8325791358947754,0.7183405756950378,0.861961305141449
5811_P35348_DB01238,5811,DB01238,P35348,-1.4961490631103516,0.9329392313957214,-1.8301150798797607,0.9878886342048645,-1.162183165550232,0.8779898285865784,0.7615205645561218,0.708647608757019,0.9445359110832214,0.9445359110832214,0.0,0.7157667279243469,0.8176100254058838,1.4240602254867554,1.3235446214675903
5812_P35367_DB01238,5812,DB01238,P35367,-1.411349892616272,0.9567316174507141,-1.4222646951675415,0.9799659848213196,-1.4004350900650024,0.9334972500801086,0.7126684784889221,0.8419467806816101,0.9679006934165955,0.9679006934165955,0.0,0.6488603949546814,0.7847315669059753,0.9120159149169922,0.8040188550949097
5813_P35368_DB01238,5813,DB01238,P35368,-0.9338667988777161,0.9073879718780518,-0.9451444149017334,0.9598720669746399,-0.9225891828536987,0.8549039363861084,0.6912758946418762,0.698862612247467,0.9603995680809021,0.9603995680809021,0.0,0.6239949464797974,0.7304560542106628,1.8081047534942627,0.9879564046859741
5814_P35462_DB01238,5814,DB01238,P35462,-2.2877800464630127,0.9782625436782837,-2.1920571327209473,0.9977056384086609,-2.383502960205078,0.9588193893432617,0.8954570889472961,0.8598312735557556,0.9842684864997864,0.9842684864997864,0.0,0.8732541799545288,0.9120938181877136,0.5185390710830688,0.45361095666885376
5816_P50406_DB01238,5816,DB01238,P50406,-1.2337477207183838,0.9104821681976318,-1.2177760601043701,0.9602393507957458,-1.2497193813323975,0.8607250452041626,0.7657001614570618,0.7975897192955017,0.9634004831314087,0.9634004831314087,0.0,0.7162750363349915,0.8235601782798767,1.2340794801712036,0.9769383668899536
5819_P07550_DB01238,5819,DB01238,P07550,-1.210634708404541,0.9575217962265015,-1.547892689704895,0.9919396042823792,-0.8733767867088318,0.9231039881706238,0.8235454559326172,0.8337059020996094,0.9406065344810486,0.9406065344810486,0.0,0.7942802309989929,0.8509554862976074,0.95619136095047,1.0507607460021973
5820_P08172_DB01238,5820,DB01238,P08172,-0.5750516057014465,0.8244116306304932,-0.5993916988372803,0.8544095754623413,-0.5507115125656128,0.7944136261940002,0.734505295753479,0.718921959400177,0.9331763982772827,0.9331763982772827,0.0,0.6848375201225281,0.7926551699638367,1.5387883186340332,1.2907508611679077
5821_P08173_DB01238,5821,DB01238,P08173,-0.4010562300682068,0.8009628057479858,-0.15238061547279358,0.79483962059021,-0.6497318148612976,0.8070859909057617,0.7753227353096008,0.7151471972465515,0.94129478931427,0.94129478931427,0.0,0.7338297367095947,0.8157661557197571,1.644324541091919,1.6541517972946167
5822_P08588_DB01238,5822,DB01238,P08588,-1.8100887537002563,0.940369725227356,-2.1980223655700684,0.9951122403144836,-1.4221551418304443,0.8856272101402283,0.7749571800231934,0.7602428793907166,0.9477208256721497,0.9477208256721497,0.0,0.7317662835121155,0.8358211517333984,1.359615445137024,1.2568422555923462
5823_P08912_DB01238,5823,DB01238,P08912,-0.5633696913719177,0.7480134963989258,-0.4190249741077423,0.763617992401123,-0.7077144384384155,0.7324090003967285,0.713026225566864,0.6591330170631409,0.9326856136322021,0.9326856136322021,0.0,0.6581113338470459,0.7564070820808411,2.071596145629883,1.7138375043869019
5824_P11229_DB01238,5824,DB01238,P11229,-0.2003670632839203,0.7724225521087646,-0.0655456930398941,0.7562888264656067,-0.33518844842910767,0.7885563373565674,0.7292128801345825,0.7139793038368225,0.9453030824661255,0.9453030824661255,0.0,0.6751903295516968,0.7232649922370911,1.5074070692062378,1.3838024139404297
5825_P20309_DB01238,5825,DB01238,P20309,-0.9924893379211426,0.7917309999465942,-1.0206241607666016,0.8047606945037842,-0.9643544554710388,0.7787013053894043,0.666199803352356,0.6809482574462891,0.8568627238273621,0.8568627238273621,0.0,0.6185340285301208,0.6190670728683472,1.8421857357025146,2.5503745079040527
5826_P25021_DB01238,5826,DB01238,P25021,-0.6696287989616394,0.7205913066864014,-0.856327474117279,0.7967450022697449,-0.48293012380599976,0.6444376111030579,0.859256386756897,0.8469809293746948,0.9458283185958862,0.9458283185958862,0.0,0.8376134037971497,0.8902125358581543,0.8554812073707581,1.0200554132461548
5827_P31645_DB01238,5827,DB01238,P31645,-1.1186047792434692,0.8955511450767517,-1.2775659561157227,0.947615385055542,-0.9596436023712158,0.8434869050979614,0.8893165588378906,0.9574382305145264,0.9284483194351196,0.9284483194351196,0.0,0.879533588886261,0.9198406338691711,0.4822593629360199,1.6523804664611816
5828_P35372_DB01238,5828,DB01238,P35372,-0.3876383304595947,0.5116387009620667,-0.4288720190525055,0.4868844449520111,-0.3464046120643616,0.5363929867744446,0.826705276966095,0.9464736580848694,0.9792330265045166,0.9792330265045166,0.0,0.7885733246803284,0.8166215419769287,0.423899382352829,0.5484980344772339
5829_P41143_DB01238,5829,DB01238,P41143,0.036632005125284195,0.5898492336273193,-0.10052628070116043,0.6191728115081787,0.17379029095172882,0.56052565574646,0.8651686906814575,0.8974486589431763,0.966356098651886,0.966356098651886,0.0,0.8398718237876892,0.8551241755485535,0.7063632011413574,0.9922323226928711
5830_P41145_DB01238,5830,DB01238,P41145,-0.7252261638641357,0.7895338535308838,-0.7604920268058777,0.8454434275627136,-0.6899603009223938,0.733624279499054,0.8445741534233093,0.9453821778297424,0.9695656299591064,0.9695656299591064,0.0,0.813326358795166,0.8545767664909363,0.4661671221256256,0.7383559942245483
5833_Q01959_DB01238,5833,DB01238,Q01959,0.20663830637931824,0.69633948802948,0.5307531952857971,0.7323908805847168,-0.11747656762599945,0.6602880358695984,0.8730196356773376,0.882037341594696,0.9202191829681396,0.9202191829681396,0.0,0.8612197637557983,0.8666268587112427,0.7665737271308899,1.5193967819213867
5839_Q9H3N8_DB01238,5839,DB01238,Q9H3N8,-1.1276180744171143,0.7883175015449524,-1.21555757522583,0.8972187638282776,-1.0396785736083984,0.6794162392616272,0.7924208045005798,0.9077256917953491,0.9264951348304749,0.9264951348304749,0.0,0.7589021921157837,0.7902536988258362,0.5683157444000244,1.2075175046920776
5840_Q9Y5N1_DB01238,5840,DB01238,Q9Y5N1,-1.6891868114471436,0.8669334053993225,-1.5034096240997314,0.870352566242218,-1.8749638795852661,0.863514244556427,0.7997692227363586,0.9174018502235413,0.9678691625595093,0.9678691625595093,0.0,0.7577442526817322,0.8502840995788574,0.6247636079788208,0.9201048016548157
5842_Q9H4B7_DB01248,5842,DB01248,Q9H4B7,-0.524452269077301,0.6031148433685303,-0.6702306270599365,0.6622024178504944,-0.3786739110946655,0.5440272092819214,0.8492245674133301,0.9297971725463867,0.8248630166053772,0.8248630166053772,0.0,0.8553149700164795,0.5621959567070007,0.6209061145782471,3.470247983932495
5846_O75469_DB01248,5846,DB01248,O75469,0.16074857115745544,0.5505445599555969,0.19262254238128662,0.6281428933143616,0.12887458503246307,0.47294625639915466,0.8055049777030945,0.744174599647522,0.9242663979530334,0.9242663979530334,0.0,0.7758145928382874,0.6711743474006653,0.8880739212036133,1.2933194637298584
5847_Q09428_DB01251,5847,DB01251,Q09428,0.44232261180877686,0.5583778023719788,0.3783245086669922,0.7176510095596313,0.5063207149505615,0.3991045653820038,0.8103081583976746,0.8157616257667542,0.8483227491378784,0.8483227491378784,0.0,0.8008044958114624,0.766041100025177,0.8633425235748291,4.320887565612793
5849_P00519_DB01254,5849,DB01254,P00519,-2.948601722717285,0.9803235530853271,-2.783339500427246,0.9879733324050903,-3.113863706588745,0.972673773765564,0.633712112903595,0.5187761783599854,0.9800384044647217,0.9800384044647217,0.0,0.5471305251121521,0.6611860394477844,4.057108402252197,1.9702476263046265
5850_P06239_DB01254,5850,DB01254,P06239,-3.4545369148254395,0.9954606294631958,-3.2997236251831055,0.9968538880348206,-3.6093502044677734,0.9940673112869263,0.8825780749320984,0.829179048538208,0.9861060976982117,0.9861060976982117,0.0,0.8566961288452148,0.9107340574264526,0.8457083702087402,0.5490837693214417
5851_P06241_DB01254,5851,DB01254,P06241,-3.0088791847229004,0.9762535095214844,-2.734588623046875,0.9722461700439453,-3.283169746398926,0.9802607893943787,0.8604464530944824,0.8233327865600586,0.9849488139152527,0.9849488139152527,0.0,0.8293208479881287,0.8871089220046997,1.0850920677185059,0.6961670517921448
5852_P07947_DB01254,5852,DB01254,P07947,-3.311089038848877,0.9901100397109985,-3.0727882385253906,0.9900645613670349,-3.549389600753784,0.9901555776596069,0.8133813738822937,0.8410015106201172,0.9826474189758301,0.9826474189758301,0.0,0.771064817905426,0.8317501544952393,1.2333625555038452,0.8771942853927612
5853_P09619_DB01254,5853,DB01254,P09619,-1.9379113912582397,0.9212514162063599,-1.6123216152191162,0.9382874369621277,-2.2635011672973633,0.9042153358459473,0.7461707592010498,0.5393314361572266,0.9729044437408447,0.9729044437408447,0.0,0.6894873380661011,0.7402471899986267,1.6917351484298706,1.6653823852539062
5854_P10721_DB01254,5854,DB01254,P10721,-2.193199634552002,0.9294410347938538,-2.031108856201172,0.9481425881385803,-2.355290412902832,0.9107394814491272,0.809249997138977,0.4921960234642029,0.979819655418396,0.979819655418396,0.0,0.7666075825691223,0.8225564956665039,1.36713445186615,0.9794278144836426
5856_P29317_DB01254,5856,DB01254,P29317,-3.074882984161377,0.9812034368515015,-3.0017499923706055,0.9858858585357666,-3.1480157375335693,0.9765209555625916,0.8483603596687317,0.5561662316322327,0.9788113236427307,0.9788113236427307,0.0,0.8157476186752319,0.85780268907547,0.9083841443061829,1.0363224744796753
5857_P42684_DB01254,5857,DB01254,P42684,-2.805706024169922,0.9799067974090576,-2.399651527404785,0.9780575633049011,-3.2117602825164795,0.9817560911178589,0.6190149188041687,0.5476623773574829,0.9766955375671387,0.9766955375671387,0.0,0.5295947790145874,0.6659990549087524,4.014340877532959,1.9097164869308472
5858_P51692_DB01254,5858,DB01254,P51692,0.31613317131996155,0.5686370730400085,0.0776795744895935,0.7526839971542358,0.5545867681503296,0.38459014892578125,0.7456102967262268,0.7390581965446472,0.600119411945343,0.600119411945343,0.0,0.7819830179214478,0.5625062584877014,1.3320242166519165,9.921655654907227
5862_P11274_DB01254,5862,DB01254,P11274,-0.2988964319229126,0.5825579166412354,-1.2077444791793823,0.7898977398872375,0.6099516153335571,0.37521812319755554,0.615001380443573,0.4447687864303589,0.6564222574234009,0.6564222574234009,0.0,0.6046462059020996,0.5970271229743958,3.673931121826172,11.96963119506836
5863_P41240_DB01254,5863,DB01254,P41240,-2.721189498901367,0.9769373536109924,-2.399087429046631,0.9711017608642578,-3.0432913303375244,0.982772946357727,0.9374208450317383,0.9127562642097473,0.984419047832489,0.984419047832489,0.0,0.9256713390350342,0.9271706342697144,0.4077865183353424,0.4714699387550354
5864_P42685_DB01254,5864,DB01254,P42685,-3.229830741882324,0.9847811460494995,-3.009768009185791,0.984671413898468,-3.4498937129974365,0.984890878200531,0.8661118745803833,0.8533545136451721,0.9776623845100403,0.9776623845100403,0.0,0.8382241725921631,0.8585357069969177,0.7512428164482117,0.6607805490493774
5865_P54756_DB01254,5865,DB01254,P54756,-2.748805284500122,0.964508056640625,-2.5445823669433594,0.9654436111450195,-2.9530282020568848,0.9635725021362305,0.7868165373802185,0.4659484922885895,0.9734322428703308,0.9734322428703308,0.0,0.7401625514030457,0.7994877099990845,1.265984058380127,1.362107515335083
5866_P54760_DB01254,5866,DB01254,P54760,-2.826817512512207,0.972909688949585,-2.601804256439209,0.9759992361068726,-3.051831007003784,0.9698200821876526,0.8401609659194946,0.4399794042110443,0.973659873008728,0.973659873008728,0.0,0.8067862391471863,0.8350729942321777,1.031180500984192,1.1682713031768799
5867_Q06187_DB01254,5867,DB01254,Q06187,-2.620692491531372,0.9272010326385498,-2.4880824089050293,0.9391611218452454,-2.753302574157715,0.9152409434318542,0.9100519418716431,0.7920519709587097,0.9864600300788879,0.9864600300788879,0.0,0.8909499049186707,0.9075403809547424,0.7171277403831482,0.8571751117706299
5869_Q16539_DB01254,5869,DB01254,Q16539,-1.7220940589904785,0.7665790319442749,-1.3545373678207397,0.7418195009231567,-2.089650869369507,0.7913385629653931,0.9484415054321289,0.9587768912315369,0.9742624759674072,0.9742624759674072,0.0,0.9419862627983093,0.9143748879432678,0.36838820576667786,0.49895328283309937
5871_Q9NYL2_DB01254,5871,DB01254,Q9NYL2,-2.239246368408203,0.9043469429016113,-1.721848964691162,0.8860843777656555,-2.756643772125244,0.9226094484329224,0.7041386365890503,0.573837399482727,0.979124128818512,0.979124128818512,0.0,0.6353922486305237,0.730499267578125,2.5325071811676025,1.1348025798797607
5873_P00533_DB01259,5873,DB01259,P00533,-1.8768744468688965,0.8142777681350708,-1.8501718044281006,0.8908064961433411,-1.9035769701004028,0.7377490997314453,0.7624372839927673,0.4273107349872589,0.948051929473877,0.948051929473877,0.0,0.7160335779190063,0.7453904151916504,1.995369791984558,2.1093902587890625
5874_P04626_DB01259,5874,DB01259,P04626,-2.0644285678863525,0.7175371050834656,-1.9831405878067017,0.8041659593582153,-2.145716667175293,0.6309082508087158,0.7441794276237488,0.5594810247421265,0.9419477581977844,0.9419477581977844,0.0,0.6947373747825623,0.6791804432868958,1.8306177854537964,2.247251272201538
5892_P07333_DB01268,5892,DB01268,P07333,-0.43311014771461487,0.6730043888092041,0.005116716027259827,0.8383822441101074,-0.8713369965553284,0.5076265335083008,0.799197256565094,0.5520110726356506,0.9687917828559875,0.9687917828559875,0.0,0.7567986249923706,0.7727347612380981,1.1665382385253906,1.1350109577178955
5893_P09619_DB01268,5893,DB01268,P09619,-1.16145920753479,0.8086996078491211,-1.1824177503585815,0.9100837707519531,-1.140500545501709,0.7073154449462891,0.7578663229942322,0.5784767270088196,0.9727157354354858,0.9727157354354858,0.0,0.7041538953781128,0.7166687250137329,1.5721856355667114,1.6822394132614136
5894_P10721_DB01268,5894,DB01268,P10721,-0.9230984449386597,0.7862317562103271,-0.5916758179664612,0.901728093624115,-1.2545210123062134,0.6707353591918945,0.8118306398391724,0.4847874343395233,0.9708959460258484,0.9708959460258484,0.0,0.7720643281936646,0.8114012479782104,1.3840596675872803,1.0760619640350342
5895_P16234_DB01268,5895,DB01268,P16234,-1.3182802200317383,0.7821429967880249,-1.3225678205490112,0.8640919327735901,-1.3139927387237549,0.7001940608024597,0.7698161005973816,0.5055762529373169,0.9679511189460754,0.9679511189460754,0.0,0.7202823162078857,0.7644595503807068,1.4903786182403564,1.303888201713562
5896_P17948_DB01268,5896,DB01268,P17948,-0.04738869518041611,0.6679655909538269,-0.14848314225673676,0.8080810904502869,0.05370575189590454,0.5278500914573669,0.764998733997345,0.40466856956481934,0.9492596387863159,0.9492596387863159,0.0,0.7189334630966187,0.7446368336677551,1.8337600231170654,2.3334851264953613
5897_P35916_DB01268,5897,DB01268,P35916,-0.36406823992729187,0.6815973520278931,-0.8340662121772766,0.8245668411254883,0.10592974722385406,0.5386278629302979,0.745973527431488,0.556965172290802,0.9594732522964478,0.9594732522964478,0.0,0.6925985813140869,0.7347015738487244,1.3478741645812988,1.8440489768981934
5899_P36888_DB01268,5899,DB01268,P36888,-1.070584774017334,0.8507706522941589,-1.027883529663086,0.9431344270706177,-1.113286018371582,0.7584068775177002,0.7778811454772949,0.4657756984233856,0.965254545211792,0.965254545211792,0.0,0.7310377955436707,0.7791232466697693,1.3112115859985352,1.0193977355957031
5901_P43681_DB01273,5901,DB01273,P43681,0.7778365612030029,0.5493857264518738,1.6481775045394897,0.7283727526664734,-0.09250436723232269,0.3703986704349518,0.7012805342674255,0.5956148505210876,0.8713768124580383,0.8713768124580383,0.0,0.6587564945220947,0.6847108006477356,2.1317732334136963,3.0679147243499756
5902_P36544_DB01273,5902,DB01273,P36544,0.8317421674728394,0.574012041091919,1.1790860891342163,0.8343943953514099,0.48439821600914,0.31362971663475037,0.81695157289505,0.7532888650894165,0.9429698586463928,0.9429698586463928,0.0,0.7854469418525696,0.7895845174789429,0.9373288750648499,1.5184168815612793
5903_P32297_DB01273,5903,DB01273,P32297,0.2903885245323181,0.507307767868042,0.3879077732563019,0.6583688259124756,0.19286930561065674,0.3562466502189636,0.8039676547050476,0.6953080296516418,0.9063861966133118,0.9063861966133118,0.0,0.7783629894256592,0.7884750962257385,0.9071755409240723,1.6758447885513306
5904_Q15825_DB01273,5904,DB01273,Q15825,0.21639397740364075,0.6442083120346069,0.6995860934257507,0.8762305378913879,-0.26679813861846924,0.4121861159801483,0.7636513113975525,0.7031056880950928,0.8852872848510742,0.8852872848510742,0.0,0.7332422733306885,0.7396770119667053,0.978787362575531,2.1897151470184326
5906_P07550_DB01274,5906,DB01274,P07550,-2.2158608436584473,0.9917892217636108,-2.807253837585449,0.9995348453521729,-1.6244676113128662,0.9840436577796936,0.8272032141685486,0.7846733927726746,0.9817212224006653,0.9817212224006653,0.0,0.788573682308197,0.8912443518638611,1.126746416091919,0.6051058173179626
5915_P30559_DB01282,5915,DB01282,P30559,-2.1909167766571045,0.5949330925941467,-1.3114631175994873,0.37177422642707825,-3.0703704357147217,0.8180919289588928,0.8066244125366211,0.7984666228294373,0.8748328685760498,0.8748328685760498,0.0,0.7895723581314087,0.7073656320571899,0.9847951531410217,2.500471591949463
5918_P07550_DB01288,5918,DB01288,P07550,-0.6112306118011475,0.9594707489013672,-0.7458249926567078,0.9716602563858032,-0.47663629055023193,0.9472811818122864,0.827528178691864,0.8004387617111206,0.9806434512138367,0.9806434512138367,0.0,0.7892494201660156,0.8957832455635071,1.0988235473632812,0.6326728463172913
5919_P08588_DB01288,5919,DB01288,P08588,0.5039929151535034,0.8468348979949951,0.6094499230384827,0.8809118270874023,0.3985358774662018,0.8127579689025879,0.7758530974388123,0.7928140163421631,0.9886335730552673,0.9886335730552673,0.0,0.7226579785346985,0.8531904220581055,1.2032099962234497,0.6622220873832703
5920_P13945_DB01288,5920,DB01288,P13945,-0.5431666374206543,0.9018442034721375,-0.7553842067718506,0.9120040535926819,-0.3309490382671356,0.891684353351593,0.7996399998664856,0.7867955565452576,0.9796476364135742,0.9796476364135742,0.0,0.7546380758285522,0.8563397526741028,1.2587224245071411,0.8245404362678528
5926_P02918_DB01328,5926,DB01328,P02918,0.7010432481765747,0.5688991546630859,0.6347138285636902,0.7422112822532654,0.7673726677894592,0.3955870270729065,0.897800624370575,0.8571316599845886,0.9675406217575073,0.9675406217575073,0.0,0.8803656697273254,0.8613881468772888,0.5314273238182068,1.079085111618042
5927_P02919_DB01328,5927,DB01328,P02919,-0.13236957788467407,0.6644142270088196,-0.08468746393918991,0.7462691068649292,-0.18005168437957764,0.58255934715271,0.8666418194770813,0.848887026309967,0.9702847003936768,0.9702847003936768,0.0,0.8407310843467712,0.8681654930114746,0.8829456567764282,1.322767734527588
5928_P0AD65_DB01328,5928,DB01328,P0AD65,0.3942963182926178,0.6190121173858643,0.7380483150482178,0.7257425785064697,0.050544336438179016,0.5122817158699036,0.8989056944847107,0.8617115020751953,0.9515787363052368,0.9515787363052368,0.0,0.885737419128418,0.73788982629776,0.5174937844276428,1.6579642295837402
5929_P0AD68_DB01328,5929,DB01328,P0AD68,0.02242176979780197,0.6365082263946533,0.19283427298069,0.7995805144309998,-0.14799073338508606,0.4734359383583069,0.9156090021133423,0.8553645014762878,0.9772579669952393,0.9772579669952393,0.0,0.9001966714859009,0.8578405976295471,0.4726851284503937,0.6496773362159729
5930_P24228_DB01328,5930,DB01328,P24228,0.9450743198394775,0.5882969498634338,1.4667106866836548,0.7523607015609741,0.4234379529953003,0.42423322796821594,0.938524067401886,0.9626052379608154,0.9457046389579773,0.9457046389579773,0.0,0.9367288947105408,0.8662391901016235,0.3773269057273865,1.0748095512390137
5931_P02918_DB01329,5931,DB01329,P02918,-0.917011559009552,0.9148271083831787,-0.8594505190849304,0.9660522937774658,-0.9745725989341736,0.8636018633842468,0.8974336981773376,0.8467082381248474,0.9758449196815491,0.9758449196815491,0.0,0.8778308033943176,0.8700412511825562,0.5709259510040283,0.9442271590232849
5932_P02919_DB01329,5932,DB01329,P02919,-1.750138521194458,0.9496325254440308,-2.005859375,0.9893380403518677,-1.494417667388916,0.9099270105361938,0.8706926703453064,0.8591259121894836,0.9798458218574524,0.9798458218574524,0.0,0.8434043526649475,0.8749967217445374,0.8097139596939087,1.077586054801941
5933_P08506_DB01329,5933,DB01329,P08506,0.08010493218898773,0.6077244281768799,-0.4116058051586151,0.8111035227775574,0.5718156695365906,0.40434539318084717,0.896246612071991,0.8815137147903442,0.9320079684257507,0.9320079684257507,0.0,0.8873063325881958,0.7144759893417358,0.5288856625556946,1.3666430711746216
5934_P0AD65_DB01329,5934,DB01329,P0AD65,-0.7877968549728394,0.7541061639785767,-0.8384274244308472,0.8172876834869385,-0.7371662259101868,0.6909247040748596,0.9033088684082031,0.8604824542999268,0.9705414175987244,0.9705414175987244,0.0,0.8865007758140564,0.7662267088890076,0.4936692416667938,1.2833853960037231
5935_P0AD68_DB01329,5935,DB01329,P0AD68,-1.8217451572418213,0.9527463316917419,-2.080256938934326,0.9942027926445007,-1.563233494758606,0.9112898707389832,0.9264084100723267,0.8605678677558899,0.9880445003509521,0.9880445003509521,0.0,0.9109994173049927,0.9106300473213196,0.43862783908843994,0.5107400417327881
5936_P0AEB2_DB01329,5936,DB01329,P0AEB2,0.21342675387859344,0.5674831867218018,-0.480977863073349,0.7755386233329773,0.9078313708305359,0.3594277501106262,0.8980615735054016,0.8902426958084106,0.9470113515853882,0.9470113515853882,0.0,0.8858240842819214,0.6547223329544067,0.45655950903892517,1.1251481771469116
5937_P24228_DB01329,5937,DB01329,P24228,-0.5913664698600769,0.6766868233680725,-0.7989330291748047,0.8741806745529175,-0.3837999403476715,0.47919294238090515,0.9405931830406189,0.957840621471405,0.9519066214561462,0.9519066214561462,0.0,0.9377648234367371,0.8918691873550415,0.39648669958114624,1.0210168361663818
5938_Q07806_DB01329,5938,DB01329,Q07806,-0.8872247338294983,0.8989934921264648,-0.8366756439208984,0.9022796750068665,-0.9377738237380981,0.8957073092460632,0.8971123695373535,0.8309249877929688,0.9826858639717102,0.9826858639717102,0.0,0.8757189512252808,0.8946635723114014,0.6355796456336975,0.7994866371154785
5939_Q9X6W0_DB01329,5939,DB01329,Q9X6W0,-1.6876258850097656,0.933374285697937,-1.9523465633392334,0.9831181764602661,-1.4229053258895874,0.8836303949356079,0.9018921852111816,0.8791754841804504,0.970298707485199,0.970298707485199,0.0,0.8847905397415161,0.8717952370643616,0.4815444052219391,0.9886729717254639
5942_P07550_DB01359,5942,DB01359,P07550,-3.6382217407226562,0.9989633560180664,-3.798830509185791,0.9999984502792358,-3.4776127338409424,0.997928261756897,0.8169963955879211,0.7957497835159302,0.9881220459938049,0.9881220459938049,0.0,0.7742149829864502,0.8837289214134216,1.1502728462219238,0.6225182414054871
5943_P08588_DB01359,5943,DB01359,P08588,-3.042052984237671,0.9966375827789307,-3.189636707305908,0.9995777010917664,-2.8944692611694336,0.993697464466095,0.7611635327339172,0.7971401214599609,0.9909805059432983,0.9909805059432983,0.0,0.7037092447280884,0.8252294659614563,1.201650857925415,0.6254777908325195
5944_P08908_DB01359,5944,DB01359,P08908,-1.374456524848938,0.9213553667068481,-0.9951475262641907,0.908735990524292,-1.75376558303833,0.9339747428894043,0.7914985418319702,0.8446241021156311,0.985541045665741,0.985541045665741,0.0,0.742987871170044,0.8524834513664246,0.8692379593849182,0.9213671684265137
5945_P28222_DB01359,5945,DB01359,P28222,-1.6527729034423828,0.9577109813690186,-1.554573893547058,0.9642267823219299,-1.750972032546997,0.9511951208114624,0.845410943031311,0.8503714799880981,0.9871565699577332,0.9871565699577332,0.0,0.8099745512008667,0.8795970678329468,0.6346474289894104,0.4781312048435211
5946_P07550_DB01366,5946,DB01366,P07550,-0.4127691984176636,0.9167641401290894,-0.812838613986969,0.9260445833206177,-0.01269979402422905,0.9074836373329163,0.8320415616035461,0.7953270673751831,0.9838161468505859,0.9838161468505859,0.0,0.7940978407859802,0.8928529620170593,1.1346476078033447,0.6772595047950745
5955_Q07869_DB01393,5955,DB01393,Q07869,1.5153675079345703,0.8678625226020813,1.8041259050369263,0.9042168855667114,1.2266091108322144,0.8315081596374512,0.766653835773468,0.650716245174408,0.9770480394363403,0.9770480394363403,0.0,0.7140552401542664,0.8222947716712952,1.7844372987747192,0.9440258145332336
5957_Q03181_DB01393,5957,DB01393,Q03181,1.4695323705673218,0.8620939254760742,1.569259762763977,0.9480648636817932,1.3698049783706665,0.7761229276657104,0.8730406165122986,0.8801059126853943,0.9878278970718384,0.9878278970718384,0.0,0.8443437814712524,0.8940901756286621,0.6228427290916443,0.44542643427848816
5963_P08172_DB01403,5963,DB01403,P08172,-1.9068012237548828,0.9468544721603394,-1.8553181886672974,0.9762969613075256,-1.9582841396331787,0.9174119830131531,0.7520354390144348,0.8064506649971008,0.9709144234657288,0.9709144234657288,0.0,0.6973156929016113,0.8164564371109009,0.885646402835846,0.7357271909713745
5964_P08173_DB01403,5964,DB01403,P08173,-1.9133411645889282,0.941259503364563,-1.7822928428649902,0.9737165570259094,-2.044389486312866,0.9088023900985718,0.8010153770446777,0.7484424710273743,0.9856613278388977,0.9856613278388977,0.0,0.7548539042472839,0.8604474067687988,1.4434016942977905,0.7617228031158447
5965_P08912_DB01403,5965,DB01403,P08912,-1.7029128074645996,0.9341195225715637,-1.7181674242019653,0.9671900868415833,-1.6876580715179443,0.9010489583015442,0.7445660829544067,0.6988794803619385,0.977995753288269,0.977995753288269,0.0,0.6862086057662964,0.8056376576423645,1.3207272291183472,0.7809715270996094
5966_P11229_DB01403,5966,DB01403,P11229,-1.9223682880401611,0.9423545598983765,-1.8898491859436035,0.9702212810516357,-1.9548875093460083,0.9144878387451172,0.7502763867378235,0.77988201379776,0.9778240919113159,0.9778240919113159,0.0,0.6933894753456116,0.7863057851791382,1.1884652376174927,0.6686000823974609
5967_P20309_DB01403,5967,DB01403,P20309,-2.018265962600708,0.9590410590171814,-1.9981354475021362,0.9877705574035645,-2.0383963584899902,0.9303115606307983,0.7292909026145935,0.6836503744125366,0.980094850063324,0.980094850063324,0.0,0.6665899157524109,0.8019174933433533,1.793317437171936,0.8129029273986816
5968_P25100_DB01403,5968,DB01403,P25100,-1.3761365413665771,0.7997337579727173,-1.3711416721343994,0.8594428896903992,-1.3811314105987549,0.7400245666503906,0.6561421155929565,0.5991830229759216,0.9422830939292908,0.9422830939292908,0.0,0.5846068263053894,0.7028201222419739,2.5022470951080322,1.3413797616958618
5969_P35348_DB01403,5969,DB01403,P35348,-1.6035573482513428,0.8229665756225586,-1.7034717798233032,0.8561940789222717,-1.5036429166793823,0.7897390127182007,0.770656406879425,0.8258744478225708,0.9563392400741577,0.9563392400741577,0.0,0.7242357134819031,0.8225292563438416,0.9019542336463928,1.0673151016235352
5970_P35367_DB01403,5970,DB01403,P35367,-2.7161240577697754,0.9889705181121826,-2.3882031440734863,0.9935944676399231,-3.0440449714660645,0.9843466281890869,0.7080079317092896,0.8545405268669128,0.9897622466087341,0.9897622466087341,0.0,0.6375693082809448,0.7902994751930237,0.8699249029159546,0.46239688992500305
5971_P35368_DB01403,5971,DB01403,P35368,-1.3140408992767334,0.7419472932815552,-1.3180409669876099,0.8037643432617188,-1.3100407123565674,0.6801301836967468,0.7127062082290649,0.681000828742981,0.9720227122306824,0.9720227122306824,0.0,0.647877037525177,0.7660633325576782,1.927460789680481,0.8533684611320496
5972_P35462_DB01403,5972,DB01403,P35462,-1.4294469356536865,0.6044700145721436,-1.47203528881073,0.4981565773487091,-1.386858582496643,0.7107834219932556,0.9011287093162537,0.8675916790962219,0.9802621006965637,0.9802621006965637,0.0,0.8813453316688538,0.9201087355613708,0.49128732085227966,0.5146325826644897
5973_P08913_DB01403,5973,DB01403,P08913,-1.2572081089019775,0.7428491115570068,-1.2934964895248413,0.7299214601516724,-1.2209198474884033,0.7557767033576965,0.719709575176239,0.6743632555007935,0.9546650052070618,0.9546650052070618,0.0,0.6609707474708557,0.7741885781288147,1.8544131517410278,1.0442910194396973
5974_P14416_DB01403,5974,DB01403,P14416,-1.308495044708252,0.6780400276184082,-1.3764959573745728,0.6860545873641968,-1.2404942512512207,0.6700254678726196,0.7596957087516785,0.762226402759552,0.9636375904083252,0.9636375904083252,0.0,0.7087101936340332,0.8205066323280334,1.1050411462783813,0.949581503868103
5975_P18089_DB01403,5975,DB01403,P18089,-1.1469411849975586,0.7370790243148804,-1.544267177581787,0.8119639754295349,-0.7496152520179749,0.662194013595581,0.7338516116142273,0.8802211284637451,0.9677211046218872,0.9677211046218872,0.0,0.6753842830657959,0.7853994369506836,0.8311235308647156,0.6732600927352905
5976_P18825_DB01403,5976,DB01403,P18825,-1.4503591060638428,0.7701375484466553,-1.2031385898590088,0.7418017983436584,-1.6975797414779663,0.7984732389450073,0.7675742506980896,0.8617629408836365,0.978233277797699,0.978233277797699,0.0,0.7149094343185425,0.8406265377998352,0.805898904800415,0.6226975321769714
5977_P21728_DB01403,5977,DB01403,P21728,-0.584108829498291,0.5188084244728088,-0.7596569061279297,0.5066008567810059,-0.40856072306632996,0.5310159921646118,0.7612741589546204,0.8874200582504272,0.9741432666778564,0.9741432666778564,0.0,0.7080568671226501,0.8121486306190491,0.7026196122169495,0.6444441676139832
5978_P21917_DB01403,5978,DB01403,P21917,-1.208927869796753,0.6382659673690796,-1.2471789121627808,0.5969322323799133,-1.1706767082214355,0.6795996427536011,0.7890005707740784,0.7795835733413696,0.9659401774406433,0.9659401774406433,0.0,0.7447656393051147,0.8271916508674622,1.025010347366333,0.7221207022666931
5980_P28223_DB01403,5980,DB01403,P28223,-1.9161713123321533,0.8240164518356323,-1.5637693405151367,0.7962313890457153,-2.26857328414917,0.8518015146255493,0.8036778569221497,0.8458606600761414,0.9717746376991272,0.9717746376991272,0.0,0.7616536617279053,0.8316690325737,0.703294575214386,0.6643719673156738
5981_P28335_DB01403,5981,DB01403,P28335,-1.9579105377197266,0.8278826475143433,-1.8485363721847534,0.8532045483589172,-2.0672848224639893,0.8025606870651245,0.7814914584159851,0.7322478890419006,0.9644663333892822,0.9644663333892822,0.0,0.7357476949691772,0.8499407768249512,1.4707353115081787,0.7706347703933716
5982_P04150_DB01410,5982,DB01410,P04150,-1.1915273666381836,0.7975617051124573,-1.263981580734253,0.8580095171928406,-1.1190732717514038,0.737113893032074,0.6033545136451721,0.45190897583961487,0.9708936810493469,0.9708936810493469,0.0,0.5114697217941284,0.7058905959129333,4.097402095794678,1.2862461805343628
5983_P0AD65_DB01413,5983,DB01413,P0AD65,0.09161052107810974,0.6275198459625244,0.15616975724697113,0.5787733793258667,0.027051284909248352,0.6762663722038269,0.9081676602363586,0.8730360269546509,0.9777548313140869,0.9777548313140869,0.0,0.8907709121704102,0.8070620894432068,0.4484296143054962,1.0367616415023804
5984_P0AD68_DB01413,5984,DB01413,P0AD68,-0.8012986183166504,0.9114090800285339,-0.2641049027442932,0.9041165113449097,-1.3384923934936523,0.9187016487121582,0.9259921312332153,0.8514077663421631,0.988354504108429,0.988354504108429,0.0,0.910401463508606,0.9133507013320923,0.46806472539901733,0.5146822929382324
5985_Q51504_DB01413,5985,DB01413,Q51504,-0.4891377091407776,0.8095808029174805,-0.049668751657009125,0.7615174055099487,-0.9286066889762878,0.857644259929657,0.9306784868240356,0.8660317063331604,0.9866459965705872,0.9866459965705872,0.0,0.9166865348815918,0.9386571049690247,0.41624715924263,0.6200474500656128
5986_Q9X6V3_DB01413,5986,DB01413,Q9X6V3,0.21384966373443604,0.6754655838012695,0.5996274948120117,0.6483295559883118,-0.17192815244197845,0.7026016116142273,0.882610023021698,0.85123610496521,0.9491215348243713,0.9491215348243713,0.0,0.865982174873352,0.791560173034668,0.6067631244659424,1.4284776449203491
5987_P02918_DB01413,5987,DB01413,P02918,0.8026662468910217,0.6169531345367432,1.3510921001434326,0.5999545454978943,0.2542404234409332,0.633951723575592,0.9011473059654236,0.8530613780021667,0.9776151180267334,0.9776151180267334,0.0,0.8820302486419678,0.8828296661376953,0.5678324699401855,1.0068501234054565
5988_P02919_DB01413,5988,DB01413,P02919,0.18580229580402374,0.617110550403595,0.4056122303009033,0.5685940384864807,-0.03400764986872673,0.6656270623207092,0.8713089823722839,0.8690747022628784,0.981391429901123,0.981391429901123,0.0,0.8437883853912354,0.8877116441726685,0.7846136093139648,1.1424192190170288
5990_P02918_DB01415,5990,DB01415,P02918,-0.32644063234329224,0.7547651529312134,-0.17509828507900238,0.6899991631507874,-0.4777829647064209,0.8195310831069946,0.9049264788627625,0.8627542853355408,0.9845451712608337,0.9845451712608337,0.0,0.8850218653678894,0.8960992097854614,0.5050197243690491,0.7501410841941833
5991_P02919_DB01415,5991,DB01415,P02919,-0.5686919689178467,0.8424056768417358,-0.5254228711128235,0.8342918157577515,-0.6119610667228699,0.8505195379257202,0.863540768623352,0.8693771958351135,0.9802252650260925,0.9802252650260925,0.0,0.8343696594238281,0.8767379522323608,0.8119590282440186,1.3377540111541748
5992_P0AD65_DB01415,5992,DB01415,P0AD65,-0.0990925133228302,0.6273126006126404,-0.7812106609344482,0.8415640592575073,0.5830256342887878,0.4130611717700958,0.8967517018318176,0.8754841089248657,0.9520216584205627,0.9520216584205627,0.0,0.8829342126846313,0.7929840087890625,0.48786506056785583,1.6669032573699951
5993_P0AD68_DB01415,5993,DB01415,P0AD68,-2.172375440597534,0.9945151805877686,-1.6890960931777954,0.9977756142616272,-2.6556546688079834,0.9912546873092651,0.9232540130615234,0.8469148874282837,0.9906071424484253,0.9906071424484253,0.0,0.9064157605171204,0.9214103817939758,0.4724350869655609,0.48092588782310486
5994_Q9BQB6_DB01418,5994,DB01418,Q9BQB6,0.3589630722999573,0.576805591583252,0.4271344244480133,0.6224105358123779,0.29079172015190125,0.5312007069587708,0.9581136703491211,0.9304943084716797,0.9735506772994995,0.9735506772994995,0.0,0.9542544484138489,0.9660436511039734,0.3615180552005768,0.39638274908065796
6005_Q96RI1_DB01586,6005,DB01586,Q96RI1,1.2405755519866943,0.5817500352859497,1.4098451137542725,0.6753059029579163,1.0713059902191162,0.48819422721862793,0.6918619275093079,0.610810399055481,0.9499941468238831,0.9499941468238831,0.0,0.6273288726806641,0.7025031447410583,1.9822072982788086,1.0982284545898438
6006_O14556_DB01593,6006,DB01593,O14556,-3.916372776031494,0.501183271408081,-3.7609825134277344,0.0023669954389333725,-4.071763038635254,0.9999995231628418,0.8983393907546997,0.8229147791862488,0.9527319669723511,0.9527319669723511,0.0,0.8847412467002869,0.9021243453025818,0.7257223725318909,2.761770486831665
6007_O14618_DB01593,6007,DB01593,O14618,-4.689026832580566,0.9989862442016602,-4.797589302062988,0.9979724287986755,-4.580464839935303,1.0,0.908509373664856,0.912595808506012,0.9923070073127747,0.9923070073127747,0.0,0.8875599503517151,0.9216083288192749,0.44035932421684265,0.44515854120254517
6008_O15304_DB01593,6008,DB01593,O15304,-4.767513275146484,0.9999961256980896,-5.963836669921875,1.0,-3.5711894035339355,0.9999922513961792,0.6942096948623657,0.35466238856315613,0.9243274331092834,0.9243274331092834,0.0,0.6366802453994751,0.702129065990448,1.6784042119979858,1.8671176433563232
6009_P00441_DB01593,6009,DB01593,P00441,-4.323191165924072,0.9752999544143677,-3.9804553985595703,0.9505999088287354,-4.665926933288574,1.0,0.9757053256034851,0.9765019416809082,0.9931375980377197,0.9931375980377197,0.0,0.9713473320007324,0.9756020307540894,0.2871590852737427,0.32453393936157227
6010_P02795_DB01593,6010,DB01593,P02795,-2.5516953468322754,0.9940997362136841,-3.354759693145752,0.9882644414901733,-1.7486307621002197,0.9999350309371948,0.8493136763572693,0.49519628286361694,0.7741639018058777,0.7741639018058777,0.0,0.8681010603904724,0.8771156072616577,1.0693436861038208,1.3244953155517578
6011_P03372_DB01593,6011,DB01593,P03372,-4.325266361236572,0.9994232654571533,-5.1819868087768555,0.9988486766815186,-3.468546152114868,0.9999978542327881,0.6244397759437561,0.5073126554489136,0.958463728427887,0.958463728427887,0.0,0.5409337878227234,0.5921225547790527,3.376948595046997,2.419534683227539
6014_P06733_DB01593,6014,DB01593,P06733,-3.8773512840270996,0.500215470790863,-4.162987232208252,0.00043329494656063616,-3.5917155742645264,0.999997615814209,0.9565003514289856,0.9681458473205566,0.9274133443832397,0.9274133443832397,0.0,0.9637721180915833,0.9496385455131531,0.3147999346256256,2.0613832473754883
6018_P16455_DB01593,6018,DB01593,P16455,-4.645319938659668,0.9499301910400391,-5.238296031951904,0.8998605608940125,-4.05234432220459,0.9999998807907104,0.8086803555488586,0.8087695837020874,0.9903802871704102,0.9903802871704102,0.0,0.7632554173469543,0.7994865775108337,0.9905052185058594,0.618588924407959
6024_P56524_DB01593,6024,DB01593,P56524,-3.4025914669036865,0.5060480237007141,-3.440857410430908,0.012096790596842766,-3.364325523376465,0.9999992847442627,0.6485283970832825,0.47518518567085266,0.940092921257019,0.940092921257019,0.0,0.5756372213363647,0.6041667461395264,3.7895405292510986,3.3805177211761475
6027_P78330_DB01593,6027,DB01593,P78330,-2.882460832595825,0.5000410676002502,-1.8485254049301147,8.270747639471665e-05,-3.916396379470825,0.9999994039535522,0.9376708269119263,0.9544681906700134,0.9901635646820068,0.9901635646820068,0.0,0.9245476126670837,0.9344695210456848,0.34381213784217834,0.4288172125816345
6029_Q13547_DB01593,6029,DB01593,Q13547,-4.241456985473633,0.5000331997871399,-3.528135299682617,6.64488979964517e-05,-4.95477819442749,1.0,0.8707335591316223,0.804126501083374,0.9925018548965454,0.9925018548965454,0.0,0.840291440486908,0.8723059296607971,1.2339622974395752,0.7636195421218872
6030_Q9BY41_DB01593,6030,DB01593,Q9BY41,-4.247917175292969,0.5008984208106995,-3.8809752464294434,0.0017968041356652975,-4.614858627319336,1.0,0.9544999003410339,0.957093358039856,0.9923972487449646,0.9923972487449646,0.0,0.9450255632400513,0.9526985287666321,0.3626026511192322,0.45984771847724915
6033_O75340_DB01593,6033,DB01593,O75340,-1.58152174949646,0.9301596879959106,-0.4948837459087372,0.8603599071502686,-2.6681597232818604,0.9999594688415527,0.8895341753959656,0.8961285948753357,0.9587005972862244,0.9587005972862244,0.0,0.8722426295280457,0.9016783237457275,0.6376766562461853,1.429856538772583
6035_P00450_DB01593,6035,DB01593,P00450,-3.865724563598633,0.5000303983688354,-3.4283275604248047,6.0963775467826054e-05,-4.303121566772461,0.9999998807907104,0.8968853950500488,0.9453455805778503,0.8360880613327026,0.8360880613327026,0.0,0.912084698677063,0.9152085185050964,0.4152891933917999,5.689920425415039
6037_P00736_DB01593,6037,DB01593,P00736,-3.005112648010254,0.8997067213058472,-2.9823856353759766,0.7994186282157898,-3.0278396606445312,0.9999947547912598,0.813835620880127,0.5998951196670532,0.7768703103065491,0.7768703103065491,0.0,0.8230769038200378,0.8190972208976746,0.623358964920044,9.153767585754395
6041_P01009_DB01593,6041,DB01593,P01009,-2.5728116035461426,0.5015631318092346,-4.120624542236328,0.0050899977795779705,-1.0249987840652466,0.9980363249778748,0.7805265784263611,0.8870523571968079,0.7121150493621826,0.7121150493621826,0.0,0.7976294159889221,0.7253814935684204,0.9390190839767456,5.67967414855957
6105_P25713_DB01593,6105,DB01593,P25713,-2.7868266105651855,0.9993406534194946,-3.530992031097412,0.9987218976020813,-2.042661190032959,0.9999594688415527,0.7213454246520996,0.4777262210845947,0.802201509475708,0.802201509475708,0.0,0.7011314034461975,0.7543156147003174,1.2873250246047974,1.325887680053711
6113_P45381_DB01593,6113,DB01593,P45381,-4.337338447570801,0.5020708441734314,-3.412810802459717,0.004141679964959621,-5.261866569519043,1.0,0.9499150514602661,0.9674346446990967,0.9953033328056335,0.9953033328056335,0.0,0.9385679364204407,0.9453104734420776,0.3122307360172272,0.32686880230903625
6114_P46736_DB01593,6114,DB01593,P46736,-4.134407997131348,0.501269519329071,-3.852336883544922,0.002538984641432762,-4.416478633880615,1.0,0.8884485363960266,0.8625621199607849,0.9918858408927917,0.9918858408927917,0.0,0.8625891804695129,0.883969783782959,0.4635254144668579,0.6871311664581299
6123_Q06033_DB01593,6123,DB01593,Q06033,-2.7451183795928955,0.5000069737434387,-2.0578088760375977,1.92202533071395e-05,-3.4324278831481934,0.9999947547912598,0.7954487204551697,0.651846706867218,0.6503809094429016,0.6503809094429016,0.0,0.8317156434059143,0.8360571265220642,1.2519887685775757,12.40390396118164
6124_Q06481_DB01593,6124,DB01593,Q06481,-2.9926578998565674,0.5988340377807617,-3.8410611152648926,0.19792449474334717,-2.144254684448242,0.9997435212135315,0.6324266791343689,0.4525936245918274,0.850307047367096,0.850307047367096,0.0,0.5779566168785095,0.5736283659934998,3.126664161682129,10.297407150268555
6129_Q96PD5_DB01593,6129,DB01593,Q96PD5,-4.301412582397461,0.7641960382461548,-3.5223331451416016,0.5283921360969543,-5.0804924964904785,1.0,0.8333951830863953,0.8331447839736938,0.9938985705375671,0.9938985705375671,0.0,0.7932693958282471,0.830837607383728,1.1727213859558105,1.8448925018310547
6130_P16444_DB01597,6130,DB01597,P16444,-0.09401971101760864,0.804494321346283,0.2441188395023346,0.8636505007743835,-0.4321582615375519,0.7453381419181824,0.9417089819908142,0.9153953790664673,0.9331862926483154,0.9331862926483154,0.0,0.9438396692276001,0.9328511357307434,0.39123964309692383,1.1923820972442627
6005_Q96RI1_DB01586,6005,DB01586,Q96RI1,1.2405755519866943,0.5817500352859497,1.4098451137542725,0.6753059029579163,1.0713059902191162,0.48819422721862793,0.6918619275093079,0.610810399055481,0.9499941468238831,0.9499941468238831,0.0,0.6273288726806641,0.7025031447410583,1.9822072982788086,1.0982284545898438
6006_O14556_DB01593,6006,DB01593,O14556,-3.916372776031494,0.501183271408081,-3.7609825134277344,0.0023669954389333725,-4.071763038635254,0.9999995231628418,0.8983393907546997,0.8229147791862488,0.9527319669723511,0.9527319669723511,0.0,0.8847412467002869,0.9021243453025818,0.7257223725318909,2.761770486831665
6007_O14618_DB01593,6007,DB01593,O14618,-4.689026832580566,0.9989862442016602,-4.797589302062988,0.9979724287986755,-4.580464839935303,1.0,0.908509373664856,0.912595808506012,0.9923070073127747,0.9923070073127747,0.0,0.8875599503517151,0.9216083288192749,0.44035932421684265,0.44515854120254517
6008_O15304_DB01593,6008,DB01593,O15304,-4.767513275146484,0.9999961256980896,-5.963836669921875,1.0,-3.5711894035339355,0.9999922513961792,0.6942096948623657,0.35466238856315613,0.9243274331092834,0.9243274331092834,0.0,0.6366802453994751,0.702129065990448,1.6784042119979858,1.8671176433563232
6009_P00441_DB01593,6009,DB01593,P00441,-4.323191165924072,0.9752999544143677,-3.9804553985595703,0.9505999088287354,-4.665926933288574,1.0,0.9757053256034851,0.9765019416809082,0.9931375980377197,0.9931375980377197,0.0,0.9713473320007324,0.9756020307540894,0.2871590852737427,0.32453393936157227
6010_P02795_DB01593,6010,DB01593,P02795,-2.5516953468322754,0.9940997362136841,-3.354759693145752,0.9882644414901733,-1.7486307621002197,0.9999350309371948,0.8493136763572693,0.49519628286361694,0.7741639018058777,0.7741639018058777,0.0,0.8681010603904724,0.8771156072616577,1.0693436861038208,1.3244953155517578
6011_P03372_DB01593,6011,DB01593,P03372,-4.325266361236572,0.9994232654571533,-5.1819868087768555,0.9988486766815186,-3.468546152114868,0.9999978542327881,0.6244397759437561,0.5073126554489136,0.958463728427887,0.958463728427887,0.0,0.5409337878227234,0.5921225547790527,3.376948595046997,2.419534683227539
6014_P06733_DB01593,6014,DB01593,P06733,-3.8773512840270996,0.500215470790863,-4.162987232208252,0.00043329494656063616,-3.5917155742645264,0.999997615814209,0.9565003514289856,0.9681458473205566,0.9274133443832397,0.9274133443832397,0.0,0.9637721180915833,0.9496385455131531,0.3147999346256256,2.0613832473754883
6018_P16455_DB01593,6018,DB01593,P16455,-4.645319938659668,0.9499301910400391,-5.238296031951904,0.8998605608940125,-4.05234432220459,0.9999998807907104,0.8086803555488586,0.8087695837020874,0.9903802871704102,0.9903802871704102,0.0,0.7632554173469543,0.7994865775108337,0.9905052185058594,0.618588924407959
6024_P56524_DB01593,6024,DB01593,P56524,-3.4025914669036865,0.5060480237007141,-3.440857410430908,0.012096790596842766,-3.364325523376465,0.9999992847442627,0.6485283970832825,0.47518518567085266,0.940092921257019,0.940092921257019,0.0,0.5756372213363647,0.6041667461395264,3.7895405292510986,3.3805177211761475
6027_P78330_DB01593,6027,DB01593,P78330,-2.882460832595825,0.5000410676002502,-1.8485254049301147,8.270747639471665e-05,-3.916396379470825,0.9999994039535522,0.9376708269119263,0.9544681906700134,0.9901635646820068,0.9901635646820068,0.0,0.9245476126670837,0.9344695210456848,0.34381213784217834,0.4288172125816345
6029_Q13547_DB01593,6029,DB01593,Q13547,-4.241456985473633,0.5000331997871399,-3.528135299682617,6.64488979964517e-05,-4.95477819442749,1.0,0.8707335591316223,0.804126501083374,0.9925018548965454,0.9925018548965454,0.0,0.840291440486908,0.8723059296607971,1.2339622974395752,0.7636195421218872
6030_Q9BY41_DB01593,6030,DB01593,Q9BY41,-4.247917175292969,0.5008984208106995,-3.8809752464294434,0.0017968041356652975,-4.614858627319336,1.0,0.9544999003410339,0.957093358039856,0.9923972487449646,0.9923972487449646,0.0,0.9450255632400513,0.9526985287666321,0.3626026511192322,0.45984771847724915
6033_O75340_DB01593,6033,DB01593,O75340,-1.58152174949646,0.9301596879959106,-0.4948837459087372,0.8603599071502686,-2.6681597232818604,0.9999594688415527,0.8895341753959656,0.8961285948753357,0.9587005972862244,0.9587005972862244,0.0,0.8722426295280457,0.9016783237457275,0.6376766562461853,1.429856538772583
6035_P00450_DB01593,6035,DB01593,P00450,-3.865724563598633,0.5000303983688354,-3.4283275604248047,6.0963775467826054e-05,-4.303121566772461,0.9999998807907104,0.8968853950500488,0.9453455805778503,0.8360880613327026,0.8360880613327026,0.0,0.912084698677063,0.9152085185050964,0.4152891933917999,5.689920425415039
6037_P00736_DB01593,6037,DB01593,P00736,-3.005112648010254,0.8997067213058472,-2.9823856353759766,0.7994186282157898,-3.0278396606445312,0.9999947547912598,0.813835620880127,0.5998951196670532,0.7768703103065491,0.7768703103065491,0.0,0.8230769038200378,0.8190972208976746,0.623358964920044,9.153767585754395
6041_P01009_DB01593,6041,DB01593,P01009,-2.5728116035461426,0.5015631318092346,-4.120624542236328,0.0050899977795779705,-1.0249987840652466,0.9980363249778748,0.7805265784263611,0.8870523571968079,0.7121150493621826,0.7121150493621826,0.0,0.7976294159889221,0.7253814935684204,0.9390190839767456,5.67967414855957
6105_P25713_DB01593,6105,DB01593,P25713,-2.7868266105651855,0.9993406534194946,-3.530992031097412,0.9987218976020813,-2.042661190032959,0.9999594688415527,0.7213454246520996,0.4777262210845947,0.802201509475708,0.802201509475708,0.0,0.7011314034461975,0.7543156147003174,1.2873250246047974,1.325887680053711
6113_P45381_DB01593,6113,DB01593,P45381,-4.337338447570801,0.5020708441734314,-3.412810802459717,0.004141679964959621,-5.261866569519043,1.0,0.9499150514602661,0.9674346446990967,0.9953033328056335,0.9953033328056335,0.0,0.9385679364204407,0.9453104734420776,0.3122307360172272,0.32686880230903625
6114_P46736_DB01593,6114,DB01593,P46736,-4.134407997131348,0.501269519329071,-3.852336883544922,0.002538984641432762,-4.416478633880615,1.0,0.8884485363960266,0.8625621199607849,0.9918858408927917,0.9918858408927917,0.0,0.8625891804695129,0.883969783782959,0.4635254144668579,0.6871311664581299
6123_Q06033_DB01593,6123,DB01593,Q06033,-2.7451183795928955,0.5000069737434387,-2.0578088760375977,1.92202533071395e-05,-3.4324278831481934,0.9999947547912598,0.7954487204551697,0.651846706867218,0.6503809094429016,0.6503809094429016,0.0,0.8317156434059143,0.8360571265220642,1.2519887685775757,12.40390396118164
6124_Q06481_DB01593,6124,DB01593,Q06481,-2.9926578998565674,0.5988340377807617,-3.8410611152648926,0.19792449474334717,-2.144254684448242,0.9997435212135315,0.6324266791343689,0.4525936245918274,0.850307047367096,0.850307047367096,0.0,0.5779566168785095,0.5736283659934998,3.126664161682129,10.297407150268555
6129_Q96PD5_DB01593,6129,DB01593,Q96PD5,-4.301412582397461,0.7641960382461548,-3.5223331451416016,0.5283921360969543,-5.0804924964904785,1.0,0.8333951830863953,0.8331447839736938,0.9938985705375671,0.9938985705375671,0.0,0.7932693958282471,0.830837607383728,1.1727213859558105,1.8448925018310547
6130_P16444_DB01597,6130,DB01597,P16444,-0.09401971101760864,0.804494321346283,0.2441188395023346,0.8636505007743835,-0.4321582615375519,0.7453381419181824,0.9417089819908142,0.9153953790664673,0.9331862926483154,0.9331862926483154,0.0,0.9438396692276001,0.9328511357307434,0.39123964309692383,1.1923820972442627
6140_Q53707_DB01603,6140,DB01603,Q53707,1.3208906650543213,0.5122683644294739,1.3943873643875122,0.5308667421340942,1.24739408493042,0.49366995692253113,0.92885822057724,0.8789935111999512,0.9675120711326599,0.9675120711326599,0.0,0.919194757938385,0.851997971534729,0.404727578163147,0.8281397819519043
6141_P0A3M6_DB01603,6141,DB01603,P0A3M6,0.4494149088859558,0.6704843044281006,0.38185346126556396,0.6186511516571045,0.5169763565063477,0.7223173975944519,0.9063262343406677,0.8459445238113403,0.9782077670097351,0.9782077670097351,0.0,0.8883557915687561,0.8759862184524536,0.45036396384239197,0.7393131256103516
6142_Q75Y35_DB01603,6142,DB01603,Q75Y35,1.2181955575942993,0.6321390867233276,1.8356391191482544,0.5325925946235657,0.6007519960403442,0.7316855788230896,0.9291669726371765,0.8914764523506165,0.970986545085907,0.970986545085907,0.0,0.9187120795249939,0.910785973072052,0.42777106165885925,0.7494223117828369
6202_P08172_DB03128,6202,DB03128,P08172,-1.4874120950698853,0.9974184036254883,-1.8257560729980469,0.997147262096405,-1.1490681171417236,0.9976894855499268,0.7467346787452698,0.8141555190086365,0.9820146560668945,0.9820146560668945,0.0,0.6879146695137024,0.7920100688934326,1.0881966352462769,0.6059013605117798
6203_P08173_DB03128,6203,DB03128,P08173,-1.057398796081543,0.9867827892303467,-1.384691596031189,0.9773897528648376,-0.7301061153411865,0.9961757659912109,0.7861959934234619,0.7631801962852478,0.9865930676460266,0.9865930676460266,0.0,0.7360967397689819,0.8114889860153198,1.1653977632522583,0.5858696699142456
6204_P11229_DB03128,6204,DB03128,P11229,-0.8358539342880249,0.9837925434112549,-1.336459994316101,0.9736036658287048,-0.33524784445762634,0.9939814209938049,0.7336093783378601,0.7027973532676697,0.9854318499565125,0.9854318499565125,0.0,0.670653760433197,0.756497859954834,1.7064133882522583,0.6518107056617737
6205_P20309_DB03128,6205,DB03128,P20309,-1.3638089895248413,0.9848852157592773,-1.3044880628585815,0.9722400903701782,-1.423129916191101,0.9975304007530212,0.7408798336982727,0.6677271723747253,0.9808342456817627,0.9808342456817627,0.0,0.680891215801239,0.7815127372741699,1.8174324035644531,0.7967584133148193
6206_P36544_DB03128,6206,DB03128,P36544,0.09552158415317535,0.5879830121994019,0.2901419997215271,0.7609824538230896,-0.09909883141517639,0.4149835705757141,0.8195995688438416,0.7325631380081177,0.8886523246765137,0.8886523246765137,0.0,0.8023363351821899,0.7970191836357117,1.034322738647461,2.085196018218994
6207_P0A7E1_DB03247,6207,DB03247,P0A7E1,-1.6441853046417236,0.982835590839386,-1.2588053941726685,0.99015873670578,-2.0295653343200684,0.9755124449729919,0.975989818572998,0.9787658452987671,0.9915255308151245,0.9915255308151245,0.0,0.9721059203147888,0.9764207005500793,0.29793286323547363,0.3450576066970825
6208_P17117_DB03247,6208,DB03247,P17117,-1.1495814323425293,0.9136442542076111,-0.9043638706207275,0.9118248224258423,-1.3947991132736206,0.9154636859893799,0.9787120223045349,0.9778256416320801,0.9875033497810364,0.9875033497810364,0.0,0.9765141010284424,0.9682404398918152,0.2832232713699341,0.37860605120658875
6209_P29475_DB03247,6209,DB03247,P29475,-1.3346399068832397,0.9322645664215088,-0.5786347389221191,0.9130532145500183,-2.0906450748443604,0.9514758586883545,0.7961055040359497,0.5966779589653015,0.9145514965057373,0.9145514965057373,0.0,0.7664939761161804,0.779101550579071,1.6814717054367065,4.074540138244629
6210_P30043_DB03247,6210,DB03247,P30043,1.4208097457885742,0.628014087677002,1.2098058462142944,0.697446882724762,1.6318135261535645,0.5585813522338867,0.8998474478721619,0.9716609120368958,0.8789527416229248,0.8789527416229248,0.0,0.9050710201263428,0.6865074634552002,0.42600080370903015,1.1871545314788818
6211_P46072_DB03247,6211,DB03247,P46072,-1.614668607711792,0.9521347284317017,-1.3899635076522827,0.9450609087944031,-1.8393738269805908,0.9592084884643555,0.9791245460510254,0.9774600863456726,0.9780436158180237,0.9780436158180237,0.0,0.9793947339057922,0.9809362292289734,0.2993207275867462,0.5343796610832214
6212_Q02127_DB03247,6212,DB03247,Q02127,-1.5668246746063232,0.9825503826141357,-1.0994409322738647,0.9943684935569763,-2.034208297729492,0.9707322716712952,0.9682137370109558,0.9562020897865295,0.9915205836296082,0.9915205836296082,0.0,0.9623870253562927,0.9708652496337891,0.34329408407211304,0.42450767755508423
6213_Q12882_DB03247,6213,DB03247,Q12882,-1.7849599123001099,0.9684101343154907,-1.7980443239212036,0.9897676110267639,-1.7718755006790161,0.9470526576042175,0.9533144235610962,0.9484706521034241,0.9809293150901794,0.9809293150901794,0.0,0.9464107155799866,0.9542639255523682,0.4021516442298889,0.858467698097229
6214_Q969G6_DB03247,6214,DB03247,Q969G6,-1.741865873336792,0.9363681077957153,-1.6354570388793945,0.9539856910705566,-1.848274827003479,0.9187505841255188,0.9003106355667114,0.9675936698913574,0.9816153645515442,0.9816153645515442,0.0,0.8799843788146973,0.8458153009414673,0.3309333026409149,0.3816819190979004
6215_Q9NVS9_DB03247,6215,DB03247,Q9NVS9,-1.5965826511383057,0.9482033252716064,-1.6207877397537231,0.9730220437049866,-1.5723774433135986,0.9233845472335815,0.9031288027763367,0.8850992321968079,0.9848237037658691,0.9848237037658691,0.0,0.8827051520347595,0.9336010217666626,0.45086413621902466,0.5494322180747986
6216_Q9UJM8_DB03247,6216,DB03247,Q9UJM8,-2.1697211265563965,0.9919624328613281,-1.6831481456756592,0.997718095779419,-2.656294107437134,0.9862067103385925,0.9796728491783142,0.9750388860702515,0.9915270805358887,0.9915270805358887,0.0,0.976709246635437,0.982003390789032,0.3235819935798645,0.38220980763435364
6217_P00322_DB03247,6217,DB03247,P00322,-1.4026793241500854,0.9768779873847961,-1.447016954421997,0.9943874478340149,-1.3583416938781738,0.9593685269355774,0.9841764569282532,0.9812535643577576,0.9817923307418823,0.9817923307418823,0.0,0.9847724437713623,0.983976423740387,0.28851139545440674,0.3347345292568207
6218_P0A2Y7_DB03247,6218,DB03247,P0A2Y7,0.47152116894721985,0.6183042526245117,0.8271183371543884,0.7405090928077698,0.11592401564121246,0.49609944224357605,0.9457429051399231,0.9707300662994385,0.9619578719139099,0.9619578719139099,0.0,0.941689133644104,0.8932971954345703,0.4230135977268219,1.2424510717391968
6219_P38489_DB03247,6219,DB03247,P38489,-2.1591906547546387,0.9901250600814819,-1.7497813701629639,0.9834502339363098,-2.5686001777648926,0.9967999458312988,0.975541889667511,0.977963924407959,0.9784258604049683,0.9784258604049683,0.0,0.9748209118843079,0.9528924822807312,0.30233243107795715,0.5544557571411133
6220_P42593_DB03247,6220,DB03247,P42593,-0.8605710864067078,0.9054770469665527,-1.367202639579773,0.9283663630485535,-0.3539395332336426,0.8825877904891968,0.9731019139289856,0.9652189612388611,0.9895340204238892,0.9895340204238892,0.0,0.9689939022064209,0.9712080359458923,0.3147076666355133,0.4972488582134247
6221_P0AFI7_DB03247,6221,DB03247,P0AFI7,-1.6043771505355835,0.9115225076675415,-1.4432456493377686,0.9241999387741089,-1.7655086517333984,0.8988451361656189,0.9520522356033325,0.9453609585762024,0.9847809672355652,0.9847809672355652,0.0,0.9438700675964355,0.9648525714874268,0.33262932300567627,0.48248711228370667
6222_Q53ZE5_DB03247,6222,DB03247,Q53ZE5,-1.0560994148254395,0.9573352932929993,-0.5040607452392578,0.9640286564826965,-1.6081379652023315,0.950641930103302,0.9824795722961426,0.9787161350250244,0.9898582696914673,0.9898582696914673,0.0,0.9806349277496338,0.9775097966194153,0.3098241984844208,0.37757426500320435
6224_O07529_DB03247,6224,DB03247,O07529,-0.208560973405838,0.7472104430198669,-0.06194169819355011,0.7950637340545654,-0.3551802635192871,0.6993571519851685,0.9640613794326782,0.9705429673194885,0.9803335070610046,0.9803335070610046,0.0,0.9599933624267578,0.9620513319969177,0.32157498598098755,0.4286876618862152
6225_O34974_DB03247,6225,DB03247,O34974,-0.7370469570159912,0.8614211082458496,-0.7714725136756897,0.8982163071632385,-0.702621340751648,0.8246259689331055,0.9561886787414551,0.9457154870033264,0.9839546084403992,0.9839546084403992,0.0,0.9492472410202026,0.9278765916824341,0.4216518700122833,1.2219595909118652
6226_O69755_DB03247,6226,DB03247,O69755,-1.162487506866455,0.8412561416625977,-0.5522634983062744,0.8024095296859741,-1.7727116346359253,0.8801027536392212,0.9542153477668762,0.9495811462402344,0.9828237295150757,0.9828237295150757,0.0,0.9470632672309875,0.9693043828010559,0.3371778428554535,0.4953935742378235
6228_P00323_DB03247,6228,DB03247,P00323,-1.7580589056015015,0.9924128651618958,-1.451110601425171,0.9983716607093811,-2.065007209777832,0.9864540696144104,0.9743465781211853,0.9824022650718689,0.9856431484222412,0.9856431484222412,0.0,0.9715223908424377,0.9566525816917419,0.28251513838768005,0.3192325532436371
6229_P0A3D9_DB03247,6229,DB03247,P0A3D9,-2.2918286323547363,0.9964174032211304,-1.986228346824646,0.9991015195846558,-2.597428798675537,0.9937333464622498,0.970848560333252,0.9805464148521423,0.9854274392127991,0.9854274392127991,0.0,0.9672037959098816,0.9781259298324585,0.29379773139953613,0.3280750513076782
6230_P10340_DB03247,6230,DB03247,P10340,-2.0734572410583496,0.9887144565582275,-2.033539295196533,0.9983032941818237,-2.113374948501587,0.9791256189346313,0.9792888760566711,0.9865120053291321,0.987660825252533,0.987660825252533,0.0,0.9771958589553833,0.974702000617981,0.27539321780204773,0.306723415851593
6231_P16099_DB03247,6231,DB03247,P16099,-2.0590615272521973,0.9783121347427368,-2.082095146179199,0.9932923316955566,-2.0360279083251953,0.9633318781852722,0.9637210965156555,0.9684448838233948,0.9391841292381287,0.9391841292381287,0.0,0.9698553681373596,0.9664299488067627,0.425536185503006,2.0390560626983643
6232_P16435_DB03247,6232,DB03247,P16435,-1.4320590496063232,0.9577542543411255,-0.6285156011581421,0.9537981748580933,-2.235602378845215,0.9617103338241577,0.9170275926589966,0.829594075679779,0.9792249798774719,0.9792249798774719,0.0,0.9014782309532166,0.8973405361175537,0.771935224533081,1.6923295259475708
6233_P20932_DB03247,6233,DB03247,P20932,-2.274376153945923,0.988805890083313,-2.1316065788269043,0.999371349811554,-2.4171457290649414,0.9782404899597168,0.9402392506599426,0.9494971632957458,0.9894024729728699,0.9894024729728699,0.0,0.9279484152793884,0.9601447582244873,0.3870130777359009,0.4500354826450348
6234_P30197_DB03247,6234,DB03247,P30197,-1.251197099685669,0.8762409687042236,-1.139509677886963,0.8963344693183899,-1.3628846406936646,0.8561475276947021,0.9660629630088806,0.9534950256347656,0.9868959784507751,0.9868959784507751,0.0,0.960854709148407,0.9685506820678711,0.35654112696647644,0.47880375385284424
6235_P41407_DB03247,6235,DB03247,P41407,-1.2351047992706299,0.8571709990501404,-1.1095026731491089,0.8784142136573792,-1.3607068061828613,0.8359277844429016,0.9796277284622192,0.9802070260047913,0.9880873560905457,0.9880873560905457,0.0,0.977512776851654,0.9696570038795471,0.28326907753944397,0.3485151529312134
6236_P50618_DB03247,6236,DB03247,P50618,-1.6700679063796997,0.9840499758720398,-1.1498470306396484,0.9848302602767944,-2.190288782119751,0.9832696914672852,0.9554483294487,0.9524662494659424,0.9845700263977051,0.9845700263977051,0.0,0.9481679797172546,0.9705460071563721,0.3230973482131958,0.3286789655685425
6237_P50740_DB03247,6237,DB03247,P50740,-0.3963502049446106,0.8439967632293701,-0.7167897820472717,0.9278669953346252,-0.07591064274311066,0.7601264715194702,0.9614338278770447,0.9721540212631226,0.9839943647384644,0.9839943647384644,0.0,0.9557936787605286,0.9451164603233337,0.34527453780174255,0.5661247968673706
6238_P55038_DB03247,6238,DB03247,P55038,-1.1808751821517944,0.9430117607116699,-1.159006953239441,0.9398239254951477,-1.202743411064148,0.9461996555328369,0.9264218211174011,0.9461952447891235,0.983284056186676,0.983284056186676,0.0,0.9122062921524048,0.9194040298461914,0.48324376344680786,0.9577898979187012
6239_P56122_DB03247,6239,DB03247,P56122,-0.9098435640335083,0.7581683397293091,-1.3367202281951904,0.8768839836120605,-0.48296689987182617,0.6394526362419128,0.9055847525596619,0.9663746953010559,0.9548890590667725,0.9548890590667725,0.0,0.8932586908340454,0.8325591683387756,0.46645644307136536,1.3395321369171143
6240_P61949_DB03247,6240,DB03247,P61949,-2.4165382385253906,0.9930881261825562,-2.469726085662842,0.9996901750564575,-2.3633501529693604,0.9864860773086548,0.982212245464325,0.9858846664428711,0.9917088150978088,0.9917088150978088,0.0,0.9798381328582764,0.9828154444694519,0.26946672797203064,0.2846723198890686
6241_P63462_DB03247,6241,DB03247,P63462,-1.0832529067993164,0.8438796997070312,-0.7788416147232056,0.8605794906616211,-1.3876643180847168,0.8271798491477966,0.9735750555992126,0.9688563346862793,0.9849905371665955,0.9849905371665955,0.0,0.9707211256027222,0.9712158441543579,0.30607718229293823,0.3996516466140747
6242_P69772_DB03247,6242,DB03247,P69772,-1.1177488565444946,0.8492609262466431,-1.0534167289733887,0.8490831851959229,-1.1820809841156006,0.8494386076927185,0.9427288174629211,0.9553698301315308,0.9839562773704529,0.9839562773704529,0.0,0.9324219226837158,0.9611614942550659,0.32534658908843994,0.39259961247444153
6243_P71278_DB03247,6243,DB03247,P71278,-2.2426724433898926,0.9902448058128357,-2.368283748626709,0.9989017248153687,-2.1170613765716553,0.9815878868103027,0.981185257434845,0.9866323471069336,0.9932682514190674,0.9932682514190674,0.0,0.9781644940376282,0.974376916885376,0.2930224537849426,0.40297046303749084
6244_Q01234_DB03247,6244,DB03247,Q01234,-2.064502716064453,0.9842901229858398,-1.603693962097168,0.9724516272544861,-2.5253117084503174,0.9961286783218384,0.974138081073761,0.9769968390464783,0.9748510718345642,0.9748510718345642,0.0,0.9739598631858826,0.9460176825523376,0.31265464425086975,0.635696291923523
6245_Q46604_DB03247,6245,DB03247,Q46604,-1.1268681287765503,0.9509124755859375,-1.0638850927352905,0.9488702416419983,-1.18985116481781,0.9529546499252319,0.9817262887954712,0.9790710210800171,0.9881389737129211,0.9881389737129211,0.0,0.9801231026649475,0.9802873134613037,0.2727118134498596,0.29087796807289124
6246_Q51793_DB03247,6246,DB03247,Q51793,-1.105913519859314,0.8687180280685425,-0.7483240962028503,0.8738728761672974,-1.4635028839111328,0.8635631203651428,0.9518967866897583,0.9447104334831238,0.9858546257019043,0.9858546257019043,0.0,0.9434072971343994,0.9676812887191772,0.3497856855392456,0.4570816159248352
6247_Q51990_DB03247,6247,DB03247,Q51990,-2.8309240341186523,0.9976669549942017,-2.683781147003174,0.9998985528945923,-2.97806715965271,0.9954354166984558,0.9507317543029785,0.97088223695755,0.9928184747695923,0.9928184747695923,0.0,0.9402101039886475,0.9474142789840698,0.3473062217235565,0.41876864433288574
6248_Q56691_DB03247,6248,DB03247,Q56691,-0.8665353655815125,0.8816182017326355,-0.603534460067749,0.8783434629440308,-1.1295362710952759,0.8848929405212402,0.9785799980163574,0.9697098731994629,0.9831122159957886,0.9831122159957886,0.0,0.977446973323822,0.9686537981033325,0.3003268539905548,0.4504590928554535
6307_P35398_DB04540,6307,DB04540,P35398,-1.5309823751449585,0.9162396192550659,-1.565924048423767,0.9445953965187073,-1.49604070186615,0.8878837823867798,0.7378513813018799,0.6163687109947205,0.9914224743843079,0.9914224743843079,0.0,0.6744586229324341,0.8236454725265503,1.734961986541748,0.5008715987205505
6308_P11473_DB04540,6308,DB04540,P11473,-0.6777231693267822,0.6303268671035767,-0.8697843551635742,0.7043896913528442,-0.485662043094635,0.5562640428543091,0.9062183499336243,0.7130895853042603,0.9749274253845215,0.9749274253845215,0.0,0.8890410661697388,0.9390976428985596,0.6956003308296204,0.6206300854682922
6314_P42971_DB04570,6314,DB04570,P42971,-0.018105871975421906,0.5597158670425415,-0.14850598573684692,0.6612124443054199,0.11229424178600311,0.4582192599773407,0.9361724257469177,0.8788414597511292,0.9656656980514526,0.9656656980514526,0.0,0.9287990927696228,0.894536018371582,0.4609278738498688,0.9080749750137329
6316_P20813_DB04794,6316,DB04794,P20813,0.579792320728302,0.5860021114349365,0.39824768900871277,0.6178976893424988,0.7613369226455688,0.5541064739227295,0.9175929427146912,0.938854992389679,0.9114204049110413,0.9114204049110413,0.0,0.9191359877586365,0.8010924458503723,0.4888978898525238,2.4278860092163086
6317_P10613_DB04794,6317,DB04794,P10613,0.5960469841957092,0.6183929443359375,0.7677860260009766,0.5970621705055237,0.4243079423904419,0.6397237181663513,0.9123377203941345,0.9371904134750366,0.9283146858215332,0.9283146858215332,0.0,0.9083433747291565,0.8169439435005188,0.44903647899627686,1.4531763792037964
6318_P51681_DB04835,6318,DB04835,P51681,-2.420308828353882,0.904857337474823,-2.497927665710449,0.9333409667015076,-2.3426899909973145,0.8763737082481384,0.8919111490249634,0.9259949326515198,0.9789112210273743,0.9789112210273743,0.0,0.8701610565185547,0.9306777119636536,0.561922013759613,0.9686185121536255
6321_P23975_DB04840,6321,DB04840,P23975,-0.20215657353401184,0.8720908164978027,-0.5064057111740112,0.9693231582641602,0.10209256410598755,0.7748584151268005,0.9160465598106384,0.9214471578598022,0.9832159280776978,0.9832159280776978,0.0,0.8992542028427124,0.9253668189048767,0.5489583611488342,0.6221358776092529
6325_Q05940_DB04844,6325,DB04844,Q05940,-0.924452543258667,0.5477584004402161,-1.074527382850647,0.6283295750617981,-0.774377703666687,0.4671872556209564,0.7631532549858093,0.7731984853744507,0.8856011629104614,0.8856011629104614,0.0,0.7325412631034851,0.6147556304931641,1.0513278245925903,1.9326010942459106
6327_Q13509_DB04845,6327,DB04845,Q13509,-0.9268980026245117,0.849730372428894,-0.2630540132522583,0.7794830799102783,-1.5907419919967651,0.919977605342865,0.9460436105728149,0.9660598039627075,0.9812686443328857,0.9812686443328857,0.0,0.9372373819351196,0.8841413855552673,0.3480267822742462,0.584726095199585
6328_P08588_DB04846,6328,DB04846,P08588,-0.313221275806427,0.9524924159049988,-0.19917038083076477,0.9640379548072815,-0.4272722005844116,0.9409468770027161,0.760118842124939,0.7645126581192017,0.9885780215263367,0.9885780215263367,0.0,0.703004002571106,0.8191232681274414,1.2560778856277466,0.5907313823699951
6329_P07550_DB04846,6329,DB04846,P07550,-0.24102872610092163,0.9743365049362183,-0.04934154450893402,0.9710285663604736,-0.43271592259407043,0.9776443839073181,0.8316354155540466,0.8795684576034546,0.9844620823860168,0.9844620823860168,0.0,0.7934287190437317,0.8888880014419556,0.6969963908195496,0.5968589186668396
6331_P13945_DB04846,6331,DB04846,P13945,-0.141571506857872,0.9491701126098633,0.0822620764374733,0.9322430491447449,-0.3654050827026367,0.9660972356796265,0.7932173609733582,0.8118219375610352,0.9820693731307983,0.9820693731307983,0.0,0.7460043430328369,0.8422476053237915,1.0865739583969116,0.7314992547035217
6334_Q96KS0_DB04847,6334,DB04847,Q96KS0,-0.6723290085792542,0.9082173705101013,-0.6760905385017395,0.9416543245315552,-0.6685674786567688,0.8747804164886475,0.6692903637886047,0.7799558639526367,0.9656019806861877,0.9656019806861877,0.0,0.595212459564209,0.6756429076194763,1.5505855083465576,1.7808723449707031
6335_Q9GZT9_DB04847,6335,DB04847,Q9GZT9,-0.4248925447463989,0.9169087409973145,-0.3134077489376068,0.9493764042854309,-0.5363773107528687,0.884441077709198,0.7057710886001587,0.6249191761016846,0.955053985118866,0.955053985118866,0.0,0.6434503197669983,0.72123783826828,2.48945951461792,2.831021547317505
6336_Q9H6Z9_DB04847,6336,DB04847,Q9H6Z9,-0.6575419902801514,0.9313564896583557,-0.2942586839199066,0.9373459815979004,-1.0208252668380737,0.925366997718811,0.9139480590820312,0.9203006625175476,0.97196364402771,0.97196364402771,0.0,0.8994441628456116,0.8789412379264832,0.46962571144104004,0.7327829599380493
6410_Q03181_DB05187,6410,DB05187,Q03181,-0.47614485025405884,0.9256080389022827,-0.7356359958648682,0.9523050785064697,-0.2166537046432495,0.8989109396934509,0.8636040687561035,0.8281586766242981,0.9814481735229492,0.9814481735229492,0.0,0.8341430425643921,0.899478018283844,0.8485749959945679,0.5550232529640198
6416_Q02750_DB05239,6416,DB05239,Q02750,-1.2745554447174072,0.8586537837982178,-1.4650260210037231,0.9600508809089661,-1.0840849876403809,0.7572566270828247,0.9046548008918762,0.8973326086997986,0.979363203048706,0.979363203048706,0.0,0.8859776854515076,0.9008480906486511,0.6941701173782349,0.6214290261268616
6424_P20648_DB05351,6424,DB05351,P20648,0.1915625035762787,0.5308376550674438,-0.2344902902841568,0.7878928780555725,0.617615282535553,0.27378249168395996,0.8202900290489197,0.8201192021369934,0.7525108456611633,0.7525108456611633,0.0,0.8372347950935364,0.7950865626335144,0.762853741645813,4.80742073059082
6425_P51164_DB05351,6425,DB05351,P51164,-0.5107004642486572,0.6265286803245544,-1.4755648374557495,0.8566688895225525,0.45416396856307983,0.3963885009288788,0.7954556345939636,0.745934247970581,0.8210015296936035,0.8210015296936035,0.0,0.7890691757202148,0.46377864480018616,0.6459071636199951,4.931544780731201
6428_P25021_DB05381,6428,DB05381,P25021,-0.5531925559043884,0.9322984218597412,-0.5312515497207642,0.9753354787826538,-0.5751335620880127,0.8892613053321838,0.8800230026245117,0.8816362023353577,0.9851503372192383,0.9851503372192383,0.0,0.8537411093711853,0.9106586575508118,0.6494041681289673,0.4518525004386902
6429_Q9Y5N1_DB05381,6429,DB05381,Q9Y5N1,-2.2638607025146484,0.9837445616722107,-2.1192798614501953,0.9908203482627869,-2.4084413051605225,0.9766687750816345,0.7891358733177185,0.9541604518890381,0.9726056456565857,0.9726056456565857,0.0,0.7432684302330017,0.8050649762153625,0.38103997707366943,0.6907821297645569
6430_Q9H3N8_DB05381,6430,DB05381,Q9H3N8,-2.206001043319702,0.9908758401870728,-1.87790846824646,0.9998273849487305,-2.5340936183929443,0.9819242358207703,0.8186088800430298,0.9050906300544739,0.9790307283401489,0.9790307283401489,0.0,0.7785033583641052,0.8204048871994019,0.40571191906929016,0.5325605869293213
6435_P13631_DB05467,6435,DB05467,P13631,-0.7640659213066101,0.9568980932235718,-0.051827363669872284,0.9595770239830017,-1.476304531097412,0.9542192220687866,0.7874945998191833,0.6530332565307617,0.9853649139404297,0.9853649139404297,0.0,0.738027036190033,0.8641457557678223,1.3573447465896606,0.606469452381134
6437_P61073_DB05501,6437,DB05501,P61073,-0.5294436812400818,0.5951619744300842,-1.1295461654663086,0.8140249252319336,0.07065877318382263,0.3762989938259125,0.8309540152549744,0.9516359567642212,0.9568062424659729,0.9568062424659729,0.0,0.7994909286499023,0.7388442158699036,0.40282994508743286,0.8131998181343079
6502_P48637_DB06151,6502,DB06151,P48637,2.040834903717041,0.5524454116821289,2.085240364074707,0.7256462574005127,1.9964295625686646,0.37924453616142273,0.9247509837150574,0.9561567306518555,0.8910576701164246,0.8910576701164246,0.0,0.9331743717193604,0.8272561430931091,0.4481123983860016,2.7676656246185303
6503_Q03154_DB06151,6503,DB06151,Q03154,1.166387915611267,0.5664239525794983,0.8126828074455261,0.767342209815979,1.5200930833816528,0.36550572514533997,0.941436231136322,0.9534776210784912,0.9106680750846863,0.9106680750846863,0.0,0.9491282105445862,0.8870105147361755,0.3489023745059967,1.943091869354248
6509_P21554_DB06155,6509,DB06155,P21554,-1.8290772438049316,0.9478517770767212,-1.9193172454833984,0.9880984425544739,-1.7388373613357544,0.9076051712036133,0.6882529854774475,0.8451966643333435,0.8731274604797363,0.8731274604797363,0.0,0.6420343518257141,0.6437241435050964,0.9069490432739258,1.6646728515625
6510_Q9Y2T6_DB06155,6510,DB06155,Q9Y2T6,-1.4010729789733887,0.6546752452850342,-1.4655479192733765,0.7964392304420471,-1.3365980386734009,0.512911319732666,0.8895252346992493,0.9260785579681396,0.9008978009223938,0.9008978009223938,0.0,0.8866820335388184,0.7968531250953674,0.5726314187049866,1.6043157577514648
6526_P34972_DB06202,6526,DB06202,P34972,-0.773133397102356,0.7498757839202881,-1.0988554954528809,0.8784217238426208,-0.44741129875183105,0.6213297843933105,0.886203944683075,0.8760144710540771,0.9654462337493896,0.9654462337493896,0.0,0.8663934469223022,0.9080283641815186,0.7081242799758911,0.6369964480400085
6532_P29274_DB06213,6532,DB06213,P29274,0.042097751051187515,0.6816807985305786,-0.035634852945804596,0.8629283905029297,0.11983035504817963,0.5004331469535828,0.808835506439209,0.7860195636749268,0.9827731847763062,0.9827731847763062,0.0,0.7653510570526123,0.861297070980072,1.3108177185058594,0.49275168776512146
6540_P00439_DB06262,6540,DB06262,P00439,1.3588130474090576,0.5274257063865662,1.0826416015625,0.5808534026145935,1.6349844932556152,0.4739980399608612,0.8116186261177063,0.7519816756248474,0.9623329639434814,0.9623329639434814,0.0,0.7739400863647461,0.7829027771949768,1.1113624572753906,1.5460995435714722
6550_O76074_DB06267,6550,DB06267,O76074,-2.686180353164673,0.9531434178352356,-2.9559073448181152,0.9995641112327576,-2.4164533615112305,0.9067227244377136,0.802186906337738,0.5697399377822876,0.9472507238388062,0.9472507238388062,0.0,0.765920877456665,0.8058485984802246,1.0603817701339722,1.5151207447052002
6551_P35372_DB06274,6551,DB06274,P35372,-2.1092910766601562,0.9705475568771362,-2.4314799308776855,0.9936161041259766,-1.7871019840240479,0.9474790096282959,0.8270223736763,0.9603177905082703,0.9834985733032227,0.9834985733032227,0.0,0.7879033088684082,0.855275571346283,0.3481656312942505,0.45052796602249146
6552_P41143_DB06274,6552,DB06274,P41143,-1.8687735795974731,0.9400892853736877,-2.2076492309570312,0.9642871618270874,-1.529897928237915,0.9158914089202881,0.8455861210823059,0.8704122304916382,0.9720100164413452,0.9720100164413452,0.0,0.8139801621437073,0.8456681966781616,0.858292281627655,1.314009189605713
6564_P24530_DB06403,6564,DB06403,P24530,0.11869090795516968,0.6829747557640076,-0.3184414505958557,0.7090294361114502,0.5558232665061951,0.6569200754165649,0.7971043586730957,0.8353924751281738,0.946865439414978,0.946865439414978,0.0,0.7596640586853027,0.8314206004142761,0.9916502833366394,1.2801119089126587
6565_P25101_DB06403,6565,DB06403,P25101,-0.0729423239827156,0.61769700050354,-0.26962876319885254,0.6173397302627563,0.12374411523342133,0.6180542707443237,0.7824632525444031,0.7975256443023682,0.9621012210845947,0.9621012210845947,0.0,0.7375537157058716,0.8243021965026855,1.2187851667404175,1.7260687351226807
6568_P49356_DB06448,6568,DB06448,P49356,-0.6468077898025513,0.6653286814689636,-0.5375531911849976,0.8311297297477722,-0.7560624480247498,0.49952760338783264,0.9540098309516907,0.961853563785553,0.9634786248207092,0.9634786248207092,0.0,0.951642632484436,0.932822048664093,0.37580522894859314,0.8033509850502014
6570_P48039_DB06594,6570,DB06594,P48039,-3.512570858001709,0.9949344992637634,-3.5128912925720215,0.9999767541885376,-3.5122506618499756,0.9898922443389893,0.8940133452415466,0.9462512731552124,0.9903346300125122,0.9903346300125122,0.0,0.8699329495429993,0.9204519987106323,0.35833773016929626,0.34403279423713684
6571_P49286_DB06594,6571,DB06594,P49286,-3.7815470695495605,0.9975624084472656,-3.7684168815612793,0.9999991655349731,-3.7946770191192627,0.9951257109642029,0.8664907813072205,0.9612753391265869,0.9930533170700073,0.9930533170700073,0.0,0.8348501324653625,0.9162991046905518,0.35166215896606445,0.3167361617088318
6577_P36888_DB06595,6577,DB06595,P36888,-0.28841152787208557,0.5767762660980225,-0.16165287792682648,0.5960648655891418,-0.41517016291618347,0.5574876666069031,0.7803096175193787,0.5414904952049255,0.9645701050758362,0.9645701050758362,0.0,0.7342444658279419,0.8033928871154785,1.1822113990783691,1.450390100479126
6613_P08912_DB06709,6613,DB06709,P08912,0.9363381266593933,0.9065994024276733,1.3612666130065918,0.8699242472648621,0.5114096403121948,0.9432746171951294,0.7452808618545532,0.8593672513961792,0.9583901762962341,0.9583901762962341,0.0,0.6920034885406494,0.7493957877159119,0.6627630591392517,0.999251663684845
6631_P02768_DB06713,6631,DB06713,P02768,-0.11036057770252228,0.519977331161499,-0.3970507085323334,0.7263363003730774,0.17632955312728882,0.31361836194992065,0.8432676196098328,0.9100794792175293,0.7505650520324707,0.7505650520324707,0.0,0.8664433360099792,0.6679069399833679,0.7152591347694397,4.379205226898193
6639_O00555_DB06751,6639,DB06751,O00555,-0.29961615800857544,0.521507203578949,-0.6808931231498718,0.6642152667045593,0.08166079968214035,0.37879911065101624,0.6089658141136169,0.611366868019104,0.7070455551147461,0.7070455551147461,0.0,0.5844458937644958,0.5505468845367432,3.067275047302246,7.9169230461120605
6651_P00374_DB06813,6651,DB06813,P00374,-1.336662769317627,0.9932518005371094,-0.8121327757835388,0.9955737590789795,-1.8611927032470703,0.9909297823905945,0.9778105020523071,0.9788774847984314,0.9776016473770142,0.9776016473770142,0.0,0.9778626561164856,0.9705847501754761,0.3146932125091553,0.3880561888217926
6652_P04818_DB06813,6652,DB06813,P04818,-0.49561378359794617,0.6256752014160156,-0.5279684066772461,0.7844719290733337,-0.46325916051864624,0.4668785035610199,0.9205732345581055,0.9491638541221619,0.9576465487480164,0.9576465487480164,0.0,0.9113048911094666,0.7909558415412903,0.3625161647796631,0.7601479887962341
6653_Q05932_DB06813,6653,DB06813,Q05932,0.6355462074279785,0.6235252618789673,0.5038397312164307,0.8112136125564575,0.7672526836395264,0.4358369708061218,0.8040525317192078,0.8446172475814819,0.8951971530914307,0.8951971530914307,0.0,0.781266450881958,0.6364648342132568,1.04332435131073,2.398738145828247
6666_A0A6L8PBX8_DB08604,6666,DB08604,A0A6L8PBX8,0.7541455030441284,0.5214558243751526,0.31526362895965576,0.6825511455535889,1.193027377128601,0.3603605329990387,0.9482173323631287,0.9629930257797241,0.9278449416160583,0.9278449416160583,0.0,0.9533103704452515,0.9236955046653748,0.45646557211875916,1.5188610553741455
6667_O24990_DB08604,6667,DB08604,O24990,0.852814793586731,0.5309637784957886,0.597036600112915,0.6741708517074585,1.1085929870605469,0.38775673508644104,0.894417941570282,0.9435322284698486,0.9340899586677551,0.9340899586677551,0.0,0.8844999670982361,0.8305432200431824,0.5043386816978455,1.7265362739562988
6670_Q6GI75_DB08604,6670,DB08604,Q6GI75,0.8549820184707642,0.5775986909866333,0.5337878465652466,0.765491247177124,1.1761761903762817,0.38970619440078735,0.962958812713623,0.9781371355056763,0.9519678354263306,0.9519678354263306,0.0,0.9657065272331238,0.9478874206542969,0.40407857298851013,1.2624469995498657
6672_P07202_DB08604,6672,DB08604,P07202,0.7723411321640015,0.5790124535560608,0.7926155924797058,0.6153257489204407,0.7520667314529419,0.5426991581916809,0.8524284362792969,0.8620454668998718,0.9656718969345093,0.9656718969345093,0.0,0.8241176009178162,0.8639041781425476,0.8439443111419678,1.4882824420928955
6678_Q15118_DB08809,6678,DB08809,Q15118,2.207716703414917,0.8208343386650085,2.9143004417419434,0.9994944334030151,1.501132845878601,0.642174243927002,0.8633964657783508,0.899513840675354,0.9690683484077454,0.9690683484077454,0.0,0.8369784951210022,0.8667267560958862,0.7200231552124023,0.8852662444114685
6690_P30556_DB08822,6690,DB08822,P30556,-1.2730515003204346,0.8287584185600281,-1.142701506614685,0.860724151134491,-1.403401494026184,0.7967926859855652,0.8747491836547852,0.8942524194717407,0.9750490784645081,0.9750490784645081,0.0,0.8496742248535156,0.881328821182251,0.6159592866897583,0.7287797927856445
6702_Q99500_DB08868,6702,DB08868,Q99500,-0.033606696873903275,0.575312614440918,-0.13157430291175842,0.738506019115448,0.06436090916395187,0.4121192395687103,0.8482407927513123,0.8020999431610107,0.9637026786804199,0.9637026786804199,0.0,0.8193752765655518,0.888559103012085,0.9898505210876465,0.70525062084198
6707_P07949_DB08875,6707,DB08875,P07949,-1.385931372642517,0.7198350429534912,-1.3305665254592896,0.7468396425247192,-1.4412962198257446,0.6928304433822632,0.7989373207092285,0.5205396413803101,0.9766000509262085,0.9766000509262085,0.0,0.7545216083526611,0.7970314621925354,1.3137506246566772,1.412590742111206
6711_P28062_DB08889,6711,DB08889,P28062,-1.622840166091919,0.8960931301116943,-1.7217578887939453,0.9747570157051086,-1.5239225625991821,0.8174291849136353,0.7851890921592712,0.7788523435592651,0.9152995347976685,0.9152995347976685,0.0,0.752661406993866,0.6972858905792236,1.2281653881072998,2.220553159713745
6712_P28065_DB08889,6712,DB08889,P28065,-1.2010538578033447,0.8177120685577393,-1.7137407064437866,0.9634042978286743,-0.6883670091629028,0.6720198392868042,0.8872641921043396,0.9058568477630615,0.9282817840576172,0.9282817840576172,0.0,0.8770097494125366,0.8103480935096741,0.664743185043335,1.0481107234954834
6713_P28074_DB08889,6713,DB08889,P28074,-1.4257235527038574,0.863592267036438,-1.6773144006729126,0.9421852827072144,-1.1741328239440918,0.7849991917610168,0.8090872764587402,0.8619505167007446,0.9405547976493835,0.9405547976493835,0.0,0.776220440864563,0.7284005284309387,0.8643041849136353,1.328019380569458
6714_P40306_DB08889,6714,DB08889,P40306,-0.785051703453064,0.7519044876098633,-1.4331377744674683,0.909200131893158,-0.13696564733982086,0.5946088433265686,0.8527387976646423,0.7809550762176514,0.9208716154098511,0.9208716154098511,0.0,0.835705578327179,0.7342948317527771,0.8213618993759155,1.982335090637207
6716_P29597_DB08895,6716,DB08895,P29597,-1.9759751558303833,0.8932116031646729,-2.158134937286377,0.9748257994651794,-1.7938153743743896,0.811597466468811,0.8189095854759216,0.7331363558769226,0.9145371317863464,0.9145371317863464,0.0,0.7950026392936707,0.8187947273254395,0.9642304182052612,3.5672082901000977
6717_O60674_DB08895,6717,DB08895,O60674,-1.856252670288086,0.8454906940460205,-2.197357177734375,0.9558607339859009,-1.5151481628417969,0.7351207137107849,0.8646711707115173,0.7896153926849365,0.9144847989082336,0.9144847989082336,0.0,0.8522176742553711,0.8509646058082581,0.8468756079673767,3.453031063079834
6718_P23458_DB08895,6718,DB08895,P23458,-2.7092933654785156,0.9821043610572815,-2.3776912689208984,0.9964272379875183,-3.0408952236175537,0.9677814841270447,0.865179181098938,0.7745093107223511,0.9247914552688599,0.9247914552688599,0.0,0.8502760529518127,0.8730558753013611,0.7605246901512146,3.146589994430542
6719_P52333_DB08895,6719,DB08895,P52333,-2.565425395965576,0.966978132724762,-2.5515217781066895,0.9998261332511902,-2.579329013824463,0.9341301321983337,0.8608193397521973,0.8274280428886414,0.9097700715065002,0.9097700715065002,0.0,0.8485816121101379,0.8638278245925903,0.7761945724487305,3.241668701171875
6721_P06239_DB08901,6721,DB08901,P06239,-2.3244287967681885,0.921375572681427,-2.2073984146118164,0.8910091519355774,-2.4414591789245605,0.9517419934272766,0.8798880577087402,0.8431836366653442,0.9915817379951477,0.9915817379951477,0.0,0.8519645929336548,0.8983925580978394,0.769972026348114,0.5162502527236938
6722_P07948_DB08901,6722,DB08901,P07948,-2.293731451034546,0.9279088973999023,-2.1234359741210938,0.908271074295044,-2.464026927947998,0.9475467801094055,0.8917497992515564,0.8600331544876099,0.9705379009246826,0.9705379009246826,0.0,0.8720527291297913,0.8888968229293823,0.8105952739715576,0.8146233558654785
6726_P11362_DB08901,6726,DB08901,P11362,-2.5125017166137695,0.9604229927062988,-2.7325439453125,0.9827604293823242,-2.292459726333618,0.9380854964256287,0.7562441229820251,0.5164369344711304,0.9887880086898804,0.9887880086898804,0.0,0.6981080770492554,0.8020346164703369,1.7416268587112427,0.8147409558296204
6729_P21802_DB08901,6729,DB08901,P21802,-2.0472891330718994,0.9357705116271973,-2.228322982788086,0.9460576176643372,-1.8662554025650024,0.9254833459854126,0.7536115050315857,0.5208833813667297,0.9878537058830261,0.9878537058830261,0.0,0.6950508952140808,0.7809457182884216,1.8495874404907227,0.9218603372573853
6730_P22455_DB08901,6730,DB08901,P22455,-1.492983341217041,0.896020770072937,-1.8419972658157349,0.9366213083267212,-1.1439695358276367,0.8554201722145081,0.7318687438964844,0.6554455757141113,0.9927078485488892,0.9927078485488892,0.0,0.6666589975357056,0.7690830826759338,1.4451366662979126,0.6980912685394287
6731_P22607_DB08901,6731,DB08901,P22607,-2.2698113918304443,0.9587666988372803,-2.3891286849975586,0.9568452835083008,-2.15049409866333,0.960688054561615,0.7312695384025574,0.4876326024532318,0.9872279167175293,0.9872279167175293,0.0,0.6672799587249756,0.7670380473136902,2.0515732765197754,0.9722504019737244
6734_Q02763_DB08901,6734,DB08901,Q02763,-2.348759174346924,0.925514817237854,-2.2716193199157715,0.9032391905784607,-2.425898790359497,0.9477904438972473,0.8793234825134277,0.547577440738678,0.9843905568122864,0.9843905568122864,0.0,0.8530567288398743,0.8788731098175049,0.749565601348877,0.9792546629905701
6737_P04049_DB08912,6737,DB08912,P04049,-2.6543071269989014,0.9701863527297974,-2.519458770751953,0.9962357878684998,-2.7891554832458496,0.9441368579864502,0.7046661376953125,0.6414863467216492,0.9818602204322815,0.9818602204322815,0.0,0.6353676319122314,0.7372099161148071,2.030007839202881,1.075740098953247
6738_P15056_DB08912,6738,DB08912,P15056,-2.5380587577819824,0.9503902196884155,-2.439728260040283,0.9968454241752625,-2.6363892555236816,0.9039350152015686,0.6730573177337646,0.4834389388561249,0.9809065461158752,0.9809065461158752,0.0,0.5960950255393982,0.7179117202758789,2.8670573234558105,1.4680253267288208
6739_P53667_DB08912,6739,DB08912,P53667,-2.208963632583618,0.9265982508659363,-2.0747313499450684,0.9645791053771973,-2.343195915222168,0.8886173963546753,0.8149406313896179,0.8747565746307373,0.9798403978347778,0.9798403978347778,0.0,0.7737157344818115,0.7812610864639282,0.6971206665039062,0.7915530204772949
6741_Q8NG66_DB08912,6741,DB08912,Q8NG66,-1.699139952659607,0.7935357689857483,-1.5324499607086182,0.8757157325744629,-1.8658299446105957,0.7113558053970337,0.703662097454071,0.6362735033035278,0.9735000729560852,0.9735000729560852,0.0,0.6362025737762451,0.7328235507011414,1.8118897676467896,1.0707014799118042
6745_P00797_DB09026,6745,DB09026,P00797,-1.5341986417770386,0.985260009765625,-1.8875603675842285,0.9983829259872437,-1.1808369159698486,0.9721370935440063,0.9153528213500977,0.9176390171051025,0.9880073070526123,0.9880073070526123,0.0,0.8971891403198242,0.9056276082992554,0.43625256419181824,0.4875652492046356
6747_O43613_DB09034,6747,DB09034,O43613,-2.3963863849639893,0.9950336217880249,-2.3665060997009277,0.9992396831512451,-2.426266670227051,0.9908276200294495,0.8089510202407837,0.8442937135696411,0.9825775623321533,0.9825775623321533,0.0,0.7655444145202637,0.7567251920700073,0.7184573411941528,0.7347680926322937
6748_O43614_DB09034,6748,DB09034,O43614,-1.667715311050415,0.983505129814148,-1.6823070049285889,0.9933527708053589,-1.6531237363815308,0.9736574292182922,0.8287562727928162,0.8901618719100952,0.9852996468544006,0.9852996468544006,0.0,0.7896203398704529,0.8754514455795288,0.6116621494293213,0.5553919076919556
6749_Q16739_DB09039,6749,DB09039,Q16739,-1.001643419265747,0.567024827003479,-1.109984040260315,0.6777268052101135,-0.8933026790618896,0.45632290840148926,0.916606605052948,0.9473938941955566,0.8815469145774841,0.8815469145774841,0.0,0.9253715872764587,0.8045743107795715,0.49610984325408936,1.824044942855835
6802_P10635_DB09061,6802,DB09061,P10635,0.27253276109695435,0.6671067476272583,0.8138810396194458,0.7828295230865479,-0.2688154876232147,0.5513840317726135,0.9375031590461731,0.9517768025398254,0.9649448394775391,0.9649448394775391,0.0,0.9306427240371704,0.9086771011352539,0.3940120339393616,1.154998779296875
6803_P14902_DB09061,6803,DB09061,P14902,-0.05303476005792618,0.520271897315979,0.10403919219970703,0.6108705997467041,-0.2101087123155594,0.4296731948852539,0.9130736589431763,0.9635906219482422,0.9496904015541077,0.9496904015541077,0.0,0.9039193987846375,0.8170408010482788,0.40553581714630127,0.8274514675140381
6805_P20815_DB09061,6805,DB09061,P20815,0.05855362117290497,0.6683968901634216,0.5687490105628967,0.8114794492721558,-0.4516417682170868,0.5253143310546875,0.8820884823799133,0.9450790286064148,0.9147799611091614,0.9147799611091614,0.0,0.8739155530929565,0.7682133913040161,0.4482632279396057,1.5840286016464233
6807_P24462_DB09061,6807,DB09061,P24462,0.21517734229564667,0.7036845088005066,0.833526611328125,0.8197067975997925,-0.40317192673683167,0.5876622200012207,0.8863155245780945,0.941622257232666,0.8779662847518921,0.8779662847518921,0.0,0.8884028792381287,0.7784037590026855,0.5301778316497803,2.3846206665039062
6810_Q02083_DB09061,6810,DB09061,Q02083,0.720454216003418,0.5276212692260742,0.7251911759376526,0.7296324968338013,0.7157173156738281,0.32561010122299194,0.880675733089447,0.9204521775245667,0.9465237855911255,0.9465237855911255,0.0,0.8642137050628662,0.7281011939048767,0.48365721106529236,0.9782271385192871
6811_Q16678_DB09061,6811,DB09061,Q16678,0.006487958133220673,0.6176091432571411,0.1730547398328781,0.7566236257553101,-0.16007882356643677,0.4785946011543274,0.8753070831298828,0.8884280920028687,0.9119012355804443,0.9119012355804443,0.0,0.8661586046218872,0.7839059829711914,0.5422208905220032,1.8155107498168945
6816_P28222_DB09068,6816,DB09068,P28222,-0.589920699596405,0.8605462908744812,-0.8918282985687256,0.9209397435188293,-0.28801313042640686,0.8001528382301331,0.8515974879264832,0.8843554854393005,0.9845965504646301,0.9845965504646301,0.0,0.818347692489624,0.8638489842414856,0.5150779485702515,0.5140817761421204
6824_P11802_DB09073,6824,DB09073,P11802,-0.537797212600708,0.5036845207214355,-0.38589900732040405,0.5697142481803894,-0.6896953582763672,0.4376548230648041,0.9312761425971985,0.9373387694358826,0.9735293388366699,0.9735293388366699,0.0,0.9207128882408142,0.9254468679428101,0.4475240409374237,0.5373934507369995
6839_P30872_DB09099,6839,DB09099,P30872,-1.133188247680664,0.6000195741653442,-0.14233055710792542,0.47868242859840393,-2.1240458488464355,0.7213567495346069,0.746501624584198,0.8200971484184265,0.8857429027557373,0.8857429027557373,0.0,0.7116912603378296,0.5727564096450806,0.967697262763977,1.9169871807098389
6840_P30874_DB09099,6840,DB09099,P30874,-1.343991756439209,0.5242906808853149,-0.7444233894348145,0.3686726689338684,-1.943560004234314,0.6799086332321167,0.8050993084907532,0.8436559438705444,0.8712322115898132,0.8712322115898132,0.0,0.7885661125183105,0.7288569808006287,0.9506390690803528,2.045879602432251
6841_P31391_DB09099,6841,DB09099,P31391,-1.406914234161377,0.6653918623924255,-0.6588445901870728,0.6064498424530029,-2.1549837589263916,0.7243338823318481,0.8141684532165527,0.8870387077331543,0.9538464546203613,0.9538464546203613,0.0,0.7792489528656006,0.7433692216873169,0.6530432105064392,1.0766721963882446
6842_P32745_DB09099,6842,DB09099,P32745,-0.7567580938339233,0.5431362986564636,0.25699174404144287,0.4502754509449005,-1.7705079317092896,0.6359971165657043,0.756607711315155,0.8262525796890259,0.9228296279907227,0.9228296279907227,0.0,0.7150522470474243,0.6758376359939575,0.9856380820274353,1.855682611465454
6843_P35346_DB09099,6843,DB09099,P35346,-1.364640712738037,0.5488266348838806,-0.7483643293380737,0.3630027770996094,-1.980916976928711,0.7346504926681519,0.7809197902679443,0.8620736598968506,0.8931436538696289,0.8931436538696289,0.0,0.7528638243675232,0.654051661491394,0.8929203152656555,1.812599539756775
7111_P14679_DB09526,7111,DB09526,P14679,1.7826611995697021,0.5954782366752625,1.8849608898162842,0.7670915126800537,1.6803615093231201,0.4238649606704712,0.8790461421012878,0.8401522040367126,0.8850396871566772,0.8850396871566772,0.0,0.8775478005409241,0.8390868902206421,0.8008611798286438,3.394981861114502
7153_Q96S37_DB11560,7153,DB11560,Q96S37,0.34257519245147705,0.5156000852584839,-0.31153324246406555,0.7612268924713135,0.996683657169342,0.2699733376502991,0.867435097694397,0.8884208798408508,0.9455632567405701,0.9455632567405701,0.0,0.8479030728340149,0.8316994309425354,0.5477160811424255,1.0107531547546387
7154_Q9NSA0_DB11560,7154,DB11560,Q9NSA0,0.9099476337432861,0.5465645790100098,0.7171748280525208,0.579930305480957,1.1027203798294067,0.5131988525390625,0.8534318208694458,0.9084100723266602,0.9172741174697876,0.9172741174697876,0.0,0.8374712467193604,0.7223979234695435,0.5533384084701538,1.451826810836792
7165_P21964_DB11632,7165,DB11632,P21964,-0.5928597450256348,0.5116981267929077,-0.9113014340400696,0.7089182138442993,-0.27441805601119995,0.3144780993461609,0.8473396301269531,0.8917375802993774,0.8424276113510132,0.8424276113510132,0.0,0.8485676646232605,0.5981591939926147,0.5317820906639099,2.038123607635498
7203_P32245_DB11700,7203,DB11700,P32245,-2.117135763168335,0.5629780292510986,-1.33511221408844,0.3795531094074249,-2.8991594314575195,0.7464029788970947,0.8298318982124329,0.9228353500366211,0.9496505260467529,0.9496505260467529,0.0,0.7998772859573364,0.7062495350837708,0.5485844612121582,1.1452800035476685
7204_Q06187_DB11703,7204,DB11703,Q06187,-1.6463472843170166,0.9018826484680176,-1.955631971359253,0.9622385501861572,-1.3370627164840698,0.8415267467498779,0.9153203964233398,0.8321899175643921,0.9895565509796143,0.9895565509796143,0.0,0.896761417388916,0.928679883480072,0.6037687659263611,0.5085805058479309
7209_P45983_DB11718,7209,DB11718,P45983,-1.0459253787994385,0.6498626470565796,-1.0677162408828735,0.618774950504303,-1.0241343975067139,0.6809502840042114,0.8712829947471619,0.8841845393180847,0.9832040071487427,0.9832040071487427,0.0,0.8433027267456055,0.8456844091415405,0.8659653663635254,0.8923383355140686
7324_O00329_DB11952,7324,DB11952,O00329,-2.499295711517334,0.9876933097839355,-2.8379430770874023,0.9998761415481567,-2.1606485843658447,0.9755104184150696,0.9215051531791687,0.9465548992156982,0.9958656430244446,0.9958656430244446,0.0,0.9029150605201721,0.929655134677887,0.4099196195602417,0.3912753760814667
7325_P48736_DB11952,7325,DB11952,P48736,-2.462934970855713,0.993703305721283,-2.5134921073913574,0.9997193217277527,-2.4123778343200684,0.9876872897148132,0.8991366624832153,0.9324528574943542,0.993953287601471,0.993953287601471,0.0,0.8754324316978455,0.9005983471870422,0.5595873594284058,0.6655264496803284
7716_P80342_DB12245,7716,DB12245,P80342,-0.09089738130569458,0.5487221479415894,-0.4566054940223694,0.5363399982452393,0.2748107314109802,0.5611043572425842,0.6334642171859741,0.761235237121582,0.7320990562438965,0.7320990562438965,0.0,0.6088054776191711,0.5759990215301514,0.3652843236923218,0.5922771692276001
7717_P80529_DB12245,7717,DB12245,P80529,0.5600369572639465,0.6664217710494995,0.22258666157722473,0.8183392882347107,0.897487223148346,0.5145041942596436,0.6150115132331848,0.8389725685119629,0.8280866742134094,0.8280866742134094,0.0,0.5617427229881287,0.48299142718315125,0.3502177894115448,0.6158868074417114
7721_Q34522_DB12245,7721,DB12245,Q34522,0.9116604924201965,0.6435935497283936,1.8106011152267456,0.7144317626953125,0.012719843536615372,0.5727552771568298,0.6378293037414551,0.9316595196723938,0.9300507307052612,0.9300507307052612,0.0,0.5647739768028259,0.3716251850128174,0.37634992599487305,0.7356384992599487
7732_P08069_DB12267,7732,DB12267,P08069,-0.9352176785469055,0.7338646054267883,-1.0427294969558716,0.7760044932365417,-0.8277058601379395,0.6917247176170349,0.7645359635353088,0.3946172297000885,0.9247412085533142,0.9247412085533142,0.0,0.7244846224784851,0.7342942357063293,1.6086184978485107,2.681788921356201
7832_P13866_DB12713,7832,DB12713,P13866,-2.228078603744507,0.9829935431480408,-1.8534899950027466,0.9817485213279724,-2.6026673316955566,0.9842385649681091,0.8679928183555603,0.905451774597168,0.9689587354660034,0.9689587354660034,0.0,0.8427513241767883,0.8823868036270142,0.6274234056472778,1.0452340841293335
7834_P20711_DB12783,7834,DB12783,P20711,1.616818904876709,0.5650993585586548,1.4282867908477783,0.7302578687667847,1.8053511381149292,0.3999409079551697,0.9391512870788574,0.9600251317024231,0.8858562111854553,0.8858562111854553,0.0,0.9524750113487244,0.9183924198150635,0.4147800803184509,2.2248404026031494
7836_P10276_DB12808,7836,DB12808,P10276,-1.1202014684677124,0.9174896478652954,-0.9098661541938782,0.9351913928985596,-1.3305368423461914,0.8997878432273865,0.7779514193534851,0.6201539635658264,0.9782332181930542,0.9782332181930542,0.0,0.7278809547424316,0.8365442156791687,1.6401853561401367,0.9609934091567993
7837_P10826_DB12808,7837,DB12808,P10826,-1.295075535774231,0.9082050323486328,-1.4965583086013794,0.9457630515098572,-1.0935927629470825,0.8706470727920532,0.7749264240264893,0.6156457662582397,0.9746503233909607,0.9746503233909607,0.0,0.7249954342842102,0.8508906960487366,1.6239643096923828,0.8183963298797607
8061_P00738_DB14533,8061,DB14533,P00738,-0.03393285721540451,0.9858709573745728,0.17255805432796478,0.9996408224105835,-0.2404237687587738,0.9721011519432068,0.7601128816604614,0.755059003829956,0.40784236788749695,0.40784236788749695,0.0,0.8481804728507996,0.7617863416671753,0.87785404920578,13.57226276397705
